3.270801E+03 1.518370E+06 3.947844E+01 2.311350E-04 2.085718E+02 4.398200E+00 3.698241E+00 2.480502E+02
3.270806E+03 1.518380E+06 3.947844E+01 2.318076E-04 2.085718E+02 4.398161E+00 3.698208E+00 2.480502E+02
3.270812E+03 1.518390E+06 3.947844E+01 2.325429E-04 2.085718E+02 4.398130E+00 3.698183E+00 2.480502E+02
3.270819E+03 1.518400E+06 3.947844E+01 2.333520E-04 2.085718E+02 4.398105E+00 3.698162E+00 2.480502E+02
3.270827E+03 1.518410E+06 3.947844E+01 2.341655E-04 2.085718E+02 4.398084E+00 3.698144E+00 2.480502E+02
3.270835E+03 1.518420E+06 3.947844E+01 2.349744E-04 2.085718E+02 4.398067E+00 3.698130E+00 2.480502E+02
3.270843E+03 1.518430E+06 3.947844E+01 2.357622E-04 2.085718E+02 4.398052E+00 3.698117E+00 2.480502E+02
3.270851E+03 1.518440E+06 3.947844E+01 2.365424E-04 2.085718E+02 4.398038E+00 3.698106E+00 2.480502E+02
3.270859E+03 1.518450E+06 3.947843E+01 2.373148E-04 2.085718E+02 4.398026E+00 3.698096E+00 2.480502E+02
3.270867E+03 1.518460E+06 3.947843E+01 2.380891E-04 2.085718E+02 4.398016E+00 3.698087E+00 2.480502E+02
3.270875E+03 1.518470E+06 3.947843E+01 2.388602E-04 2.085718E+02 4.398006E+00 3.698079E+00 2.480502E+02
3.270883E+03 1.518480E+06 3.947843E+01 2.396189E-04 2.085718E+02 4.397997E+00 3.698072E+00 2.480502E+02
3.270891E+03 1.518490E+06 3.947843E+01 2.403592E-04 2.085718E+02 4.397989E+00 3.698065E+00 2.480502E+02
3.270899E+03 1.518500E+06 3.947843E+01 2.411089E-04 2.085718E+02 4.397982E+00 3.698059E+00 2.480502E+02
3.270907E+03 1.518510E+06 3.947843E+01 2.418499E-04 2.085718E+02 4.397975E+00 3.698053E+00 2.480502E+02
3.270915E+03 1.518520E+06 3.947843E+01 2.425910E-04 2.085718E+02 4.397968E+00 3.698048E+00 2.480502E+02
3.270923E+03 1.518530E+06 3.947843E+01 2.433449E-04 2.085718E+02 4.397962E+00 3.698043E+00 2.480502E+02
3.270932E+03 1.518540E+06 3.947843E+01 2.440898E-04 2.085718E+02 4.397957E+00 3.698039E+00 2.480502E+02
3.270940E+03 1.518550E+06 3.947843E+01 2.448288E-04 2.085718E+02 4.397952E+00 3.698035E+00 2.480502E+02
3.270948E+03 1.518560E+06 3.947843E+01 2.455658E-04 2.085718E+02 4.397947E+00 3.698031E+00 2.480502E+02
3.270956E+03 1.518570E+06 3.947843E+01 2.463052E-04 2.085718E+02 4.397943E+00 3.698028E+00 2.480502E+02
3.270964E+03 1.518580E+06 3.947843E+01 2.470493E-04 2.085718E+02 4.397939E+00 3.698024E+00 2.480502E+02
3.270972E+03 1.518590E+06 3.947843E+01 2.477892E-04 2.085718E+02 4.397935E+00 3.698021E+00 2.480502E+02
3.270981E+03 1.518600E+06 3.947843E+01 2.485239E-04 2.085718E+02 4.397931E+00 3.698018E+00 2.480502E+02
3.270989E+03 1.518610E+06 3.947843E+01 2.492640E-04 2.085718E+02 4.397927E+00 3.698015E+00 2.480502E+02
3.270997E+03 1.518620E+06 3.947843E+01 2.500088E-04 2.085718E+02 4.397924E+00 3.698012E+00 2.480502E+02
3.271005E+03 1.518630E+06 3.947843E+01 2.507484E-04 2.085718E+02 4.397921E+00 3.698010E+00 2.480502E+02
3.271013E+03 1.518640E+06 3.947843E+01 2.514953E-04 2.085718E+02 4.397918E+00 3.698007E+00 2.480502E+02
3.271022E+03 1.518650E+06 3.947843E+01 2.522380E-04 2.085718E+02 4.397915E+00 3.698005E+00 2.480502E+02
3.271030E+03 1.518660E+06 3.947843E+01 2.529903E-04 2.085718E+02 4.397913E+00 3.698003E+00 2.480502E+02
3.271038E+03 1.518670E+06 3.947843E+01 2.537385E-04 2.085718E+02 4.397910E+00 3.698001E+00 2.480502E+02
3.271047E+03 1.518680E+06 3.947843E+01 2.544868E-04 2.085718E+02 4.397907E+00 3.697999E+00 2.480502E+02
3.271055E+03 1.518690E+06 3.947843E+01 2.552305E-04 2.085718E+02 4.397905E+00 3.697997E+00 2.480502E+02
3.271064E+03 1.518700E+06 3.947843E+01 2.560016E-04 2.085718E+02 4.397903E+00 3.697995E+00 2.480502E+02
3.271072E+03 1.518710E+06 3.947843E+01 2.567725E-04 2.085718E+02 4.397901E+00 3.697994E+00 2.480502E+02
3.271081E+03 1.518720E+06 3.947843E+01 2.575286E-04 2.085718E+02 4.397899E+00 3.697992E+00 2.480502E+02
3.271089E+03 1.518730E+06 3.947843E+01 2.582597E-04 2.085718E+02 4.397897E+00 3.697991E+00 2.480502E+02
3.271097E+03 1.518740E+06 3.947843E+01 2.589860E-04 2.085718E+02 4.397895E+00 3.697990E+00 2.480502E+02
3.271105E+03 1.518750E+06 3.947843E+01 2.597157E-04 2.085718E+02 4.397894E+00 3.697989E+00 2.480502E+02
3.271113E+03 1.518760E+06 3.947843E+01 2.604375E-04 2.085718E+02 4.397893E+00 3.697988E+00 2.480502E+02
3.271121E+03 1.518770E+06 3.947843E+01 2.611519E-04 2.085718E+02 4.397891E+00 3.697987E+00 2.480502E+02
3.271129E+03 1.518780E+06 3.947843E+01 2.618711E-04 2.085718E+02 4.397890E+00 3.697986E+00 2.480502E+02
3.271137E+03 1.518790E+06 3.947843E+01 2.625877E-04 2.085718E+02 4.397889E+00 3.697985E+00 2.480502E+02
3.271145E+03 1.518800E+06 3.947843E+01 2.633052E-04 2.085718E+02 4.397888E+00 3.697984E+00 2.480502E+02
3.271153E+03 1.518810E+06 3.947843E+01 2.640280E-04 2.085718E+02 4.397888E+00 3.697984E+00 2.480502E+02
3.271162E+03 1.518820E+06 3.947843E+01 2.647829E-04 2.085718E+02 4.397887E+00 3.697984E+00 2.480502E+02
3.271170E+03 1.518830E+06 3.947843E+01 2.655614E-04 2.085718E+02 4.397887E+00 3.697983E+00 2.480502E+02
3.271179E+03 1.518840E+06 3.947843E+01 2.663220E-04 2.085718E+02 4.397886E+00 3.697983E+00 2.480502E+02
3.271187E+03 1.518850E+06 3.947843E+01 2.670601E-04 2.085718E+02 4.397886E+00 3.697983E+00 2.480502E+02
3.271195E+03 1.518860E+06 3.947843E+01 2.677940E-04 2.085718E+02 4.397885E+00 3.697982E+00 2.480502E+02
3.271203E+03 1.518870E+06 3.947843E+01 2.685238E-04 2.085718E+02 4.397885E+00 3.697982E+00 2.480502E+02
3.271211E+03 1.518880E+06 3.947843E+01 2.692627E-04 2.085718E+02 4.397884E+00 3.697982E+00 2.480502E+02
3.271220E+03 1.518890E+06 3.947843E+01 2.699908E-04 2.085718E+02 4.397884E+00 3.697982E+00 2.480502E+02
3.271228E+03 1.518900E+06 3.947843E+01 2.707227E-04 2.085718E+02 4.397884E+00 3.697982E+00 2.480502E+02
3.271235E+03 1.518910E+06 3.947843E+01 2.714059E-04 2.085718E+02 4.397884E+00 3.697982E+00 2.480502E+02
3.271243E+03 1.518920E+06 3.947843E+01 2.720688E-04 2.085718E+02 4.397884E+00 3.697982E+00 2.480502E+02
3.271250E+03 1.518930E+06 3.947843E+01 2.727321E-04 2.085718E+02 4.397884E+00 3.697982E+00 2.480502E+02
3.271257E+03 1.518940E+06 3.947843E+01 2.733890E-04 2.085718E+02 4.397884E+00 3.697982E+00 2.480502E+02
3.271265E+03 1.518950E+06 3.947843E+01 2.740448E-04 2.085718E+02 4.397884E+00 3.697982E+00 2.480502E+02
3.271272E+03 1.518960E+06 3.947843E+01 2.747024E-04 2.085718E+02 4.397884E+00 3.697983E+00 2.480502E+02
3.271279E+03 1.518970E+06 3.947843E+01 2.753674E-04 2.085718E+02 4.397885E+00 3.697983E+00 2.480502E+02
3.271287E+03 1.518980E+06 3.947843E+01 2.760268E-04 2.085718E+02 4.397885E+00 3.697983E+00 2.480502E+02
3.271294E+03 1.518990E+06 3.947843E+01 2.766862E-04 2.085718E+02 4.397885E+00 3.697984E+00 2.480502E+02
3.271301E+03 1.519000E+06 3.947843E+01 2.773430E-04 2.085718E+02 4.397885E+00 3.697984E+00 2.480502E+02
3.271309E+03 1.519010E+06 3.947843E+01 2.780195E-04 2.085718E+02 4.397885E+00 3.697984E+00 2.480502E+02
3.271317E+03 1.519020E+06 3.947843E+01 2.787098E-04 2.085718E+02 4.397885E+00 3.697984E+00 2.480502E+02
3.271324E+03 1.519030E+06 3.947843E+01 2.794008E-04 2.085718E+02 4.397886E+00 3.697985E+00 2.480502E+02
3.271332E+03 1.519040E+06 3.947843E+01 2.800880E-04 2.085718E+02 4.397886E+00 3.697985E+00 2.480502E+02
3.271340E+03 1.519050E+06 3.947843E+01 2.807742E-04 2.085718E+02 4.397887E+00 3.697986E+00 2.480502E+02
3.271347E+03 1.519060E+06 3.947843E+01 2.814568E-04 2.085718E+02 4.397887E+00 3.697986E+00 2.480502E+02
3.271355E+03 1.519070E+06 3.947843E+01 2.821575E-04 2.085718E+02 4.397887E+00 3.697987E+00 2.480502E+02
3.271363E+03 1.519080E+06 3.947843E+01 2.828759E-04 2.085718E+02 4.397888E+00 3.697987E+00 2.480502E+02
3.271371E+03 1.519090E+06 3.947843E+01 2.835957E-04 2.085718E+02 4.397888E+00 3.697987E+00 2.480502E+02
3.271379E+03 1.519100E+06 3.947843E+01 2.843188E-04 2.085718E+02 4.397889E+00 3.697988E+00 2.480502E+02
3.271387E+03 1.519110E+06 3.947843E+01 2.850272E-04 2.085718E+02 4.397889E+00 3.697989E+00 2.480502E+02
3.271395E+03 1.519120E+06 3.947843E+01 2.857473E-04 2.085718E+02 4.397889E+00 3.697989E+00 2.480502E+02
3.271404E+03 1.519130E+06 3.947843E+01 2.864620E-04 2.085718E+02 4.397890E+00 3.697989E+00 2.480502E+02
3.271412E+03 1.519140E+06 3.947843E+01 2.871739E-04 2.085718E+02 4.397889E+00 3.697989E+00 2.480502E+02
3.271419E+03 1.519150E+06 3.947843E+01 2.878784E-04 2.085718E+02 4.397890E+00 3.697989E+00 2.480502E+02
3.271427E+03 1.519160E+06 3.947843E+01 2.885784E-04 2.085718E+02 4.397890E+00 3.697990E+00 2.480502E+02
3.271435E+03 1.519170E+06 3.947843E+01 2.892786E-04 2.085718E+02 4.397891E+00 3.697991E+00 2.480502E+02
3.271443E+03 1.519180E+06 3.947843E+01 2.899806E-04 2.085718E+02 4.397891E+00 3.697991E+00 2.480502E+02
3.271451E+03 1.519190E+06 3.947843E+01 2.906856E-04 2.085718E+02 4.397891E+00 3.697991E+00 2.480502E+02
3.271459E+03 1.519200E+06 3.947843E+01 2.914103E-04 2.085718E+02 4.397891E+00 3.697991E+00 2.480502E+02
3.271467E+03 1.519210E+06 3.947843E+01 2.921404E-04 2.085718E+02 4.397891E+00 3.697991E+00 2.480502E+02
3.271476E+03 1.519220E+06 3.947843E+01 2.928767E-04 2.085718E+02 4.397891E+00 3.697991E+00 2.480502E+02
3.271484E+03 1.519230E+06 3.947843E+01 2.936073E-04 2.085718E+02 4.397891E+00 3.697992E+00 2.480502E+02
3.271492E+03 1.519240E+06 3.947843E+01 2.943352E-04 2.085718E+02 4.397891E+00 3.697992E+00 2.480502E+02
3.271500E+03 1.519250E+06 3.947843E+01 2.950716E-04 2.085718E+02 4.397891E+00 3.697992E+00 2.480502E+02
3.271509E+03 1.519260E+06 3.947843E+01 2.958265E-04 2.085718E+02 4.397891E+00 3.697992E+00 2.480502E+02
3.271517E+03 1.519270E+06 3.947843E+01 2.965899E-04 2.085718E+02 4.397891E+00 3.697992E+00 2.480502E+02
3.271526E+03 1.519280E+06 3.947843E+01 2.973491E-04 2.085718E+02 4.397890E+00 3.697992E+00 2.480502E+02
3.271534E+03 1.519290E+06 3.947843E+01 2.981088E-04 2.085718E+02 4.397890E+00 3.697992E+00 2.480502E+02
3.271542E+03 1.519300E+06 3.947843E+01 2.988723E-04 2.085718E+02 4.397890E+00 3.697991E+00 2.480502E+02
3.271551E+03 1.519310E+06 3.947843E+01 2.996408E-04 2.085718E+02 4.397890E+00 3.697991E+00 2.480502E+02
3.271560E+03 1.519320E+06 3.947843E+01 3.004247E-04 2.085718E+02 4.397890E+00 3.697992E+00 2.480502E+02
3.271569E+03 1.519330E+06 3.947843E+01 3.012082E-04 2.085718E+02 4.397890E+00 3.697992E+00 2.480502E+02
3.271577E+03 1.519340E+06 3.947843E+01 3.019747E-04 2.085718E+02 4.397890E+00 3.697992E+00 2.480502E+02
3.271585E+03 1.519350E+06 3.947843E+01 3.026956E-04 2.085718E+02 4.397891E+00 3.697993E+00 2.480502E+02
3.271593E+03 1.519360E+06 3.947843E+01 3.034128E-04 2.085718E+02 4.397891E+00 3.697993E+00 2.480502E+02
3.271601E+03 1.519370E+06 3.947843E+01 3.041299E-04 2.085718E+02 4.397892E+00 3.697994E+00 2.480502E+02
3.271610E+03 1.519380E+06 3.947843E+01 3.048449E-04 2.085718E+02 4.397893E+00 3.697995E+00 2.480502E+02
3.271618E+03 1.519390E+06 3.947843E+01 3.055616E-04 2.085718E+02 4.397894E+00 3.697996E+00 2.480502E+02
3.271626E+03 1.519400E+06 3.947843E+01 3.062677E-04 2.085718E+02 4.397894E+00 3.697996E+00 2.480502E+02
3.271634E+03 1.519410E+06 3.947843E+01 3.069724E-04 2.085718E+02 4.397895E+00 3.697997E+00 2.480502E+02
3.271642E+03 1.519420E+06 3.947843E+01 3.076785E-04 2.085718E+02 4.397896E+00 3.697998E+00 2.480502E+02
3.271650E+03 1.519430E+06 3.947843E+01 3.083943E-04 2.085718E+02 4.397897E+00 3.697999E+00 2.480502E+02
3.271658E+03 1.519440E+06 3.947843E+01 3.091146E-04 2.085718E+02 4.397898E+00 3.698000E+00 2.480502E+02
3.271666E+03 1.519450E+06 3.947843E+01 3.098328E-04 2.085718E+02 4.397899E+00 3.698001E+00 2.480502E+02
3.271674E+03 1.519460E+06 3.947843E+01 3.105561E-04 2.085718E+02 4.397900E+00 3.698002E+00 2.480502E+02
3.271683E+03 1.519470E+06 3.947843E+01 3.112727E-04 2.085718E+02 4.397901E+00 3.698003E+00 2.480502E+02
3.271691E+03 1.519480E+06 3.947843E+01 3.119909E-04 2.085718E+02 4.397903E+00 3.698004E+00 2.480502E+02
3.271699E+03 1.519490E+06 3.947843E+01 3.127162E-04 2.085718E+02 4.397904E+00 3.698006E+00 2.480502E+02
3.271707E+03 1.519500E+06 3.947843E+01 3.134415E-04 2.085718E+02 4.397906E+00 3.698007E+00 2.480502E+02
3.271716E+03 1.519510E+06 3.947843E+01 3.141677E-04 2.085718E+02 4.397907E+00 3.698008E+00 2.480502E+02
3.271724E+03 1.519520E+06 3.947843E+01 3.148910E-04 2.085718E+02 4.397909E+00 3.698010E+00 2.480502E+02
3.271732E+03 1.519530E+06 3.947843E+01 3.156198E-04 2.085718E+02 4.397910E+00 3.698011E+00 2.480502E+02
3.271741E+03 1.519540E+06 3.947842E+01 3.163468E-04 2.085718E+02 4.397912E+00 3.698013E+00 2.480502E+02
3.271749E+03 1.519550E+06 3.947842E+01 3.170762E-04 2.085718E+02 4.397914E+00 3.698015E+00 2.480502E+02
3.271757E+03 1.519560E+06 3.947842E+01 3.177973E-04 2.085718E+02 4.397916E+00 3.698016E+00 2.480502E+02
3.271765E+03 1.519570E+06 3.947842E+01 3.185163E-04 2.085718E+02 4.397917E+00 3.698018E+00 2.480502E+02
3.271774E+03 1.519580E+06 3.947842E+01 3.192253E-04 2.085718E+02 4.397919E+00 3.698019E+00 2.480502E+02
3.271782E+03 1.519590E+06 3.947842E+01 3.199338E-04 2.085718E+02 4.397921E+00 3.698021E+00 2.480502E+02
3.271790E+03 1.519600E+06 3.947842E+01 3.206223E-04 2.085718E+02 4.397923E+00 3.698023E+00 2.480502E+02
3.271797E+03 1.519610E+06 3.947842E+01 3.212737E-04 2.085718E+02 4.397925E+00 3.698024E+00 2.480502E+02
3.271805E+03 1.519620E+06 3.947842E+01 3.219587E-04 2.085718E+02 4.397927E+00 3.698026E+00 2.480502E+02
3.271813E+03 1.519630E+06 3.947842E+01 3.226402E-04 2.085718E+02 4.397929E+00 3.698028E+00 2.480502E+02
3.271820E+03 1.519640E+06 3.947842E+01 3.233111E-04 2.085718E+02 4.397930E+00 3.698029E+00 2.480502E+02
3.271828E+03 1.519650E+06 3.947842E+01 3.239635E-04 2.085718E+02 4.397932E+00 3.698031E+00 2.480502E+02
3.271835E+03 1.519660E+06 3.947842E+01 3.246214E-04 2.085718E+02 4.397934E+00 3.698032E+00 2.480502E+02
3.271843E+03 1.519670E+06 3.947842E+01 3.252773E-04 2.085718E+02 4.397936E+00 3.698034E+00 2.480502E+02
3.271851E+03 1.519680E+06 3.947842E+01 3.259439E-04 2.085718E+02 4.397938E+00 3.698036E+00 2.480502E+02
3.271858E+03 1.519690E+06 3.947842E+01 3.266019E-04 2.085718E+02 4.397939E+00 3.698037E+00 2.480502E+02
3.271866E+03 1.519700E+06 3.947842E+01 3.272561E-04 2.085718E+02 4.397940E+00 3.698038E+00 2.480502E+02
3.271873E+03 1.519710E+06 3.947842E+01 3.279178E-04 2.085718E+02 4.397942E+00 3.698040E+00 2.480502E+02
3.271881E+03 1.519720E+06 3.947842E+01 3.285706E-04 2.085718E+02 4.397943E+00 3.698041E+00 2.480502E+02
3.271888E+03 1.519730E+06 3.947842E+01 3.292253E-04 2.085718E+02 4.397945E+00 3.698042E+00 2.480502E+02
3.271896E+03 1.519740E+06 3.947842E+01 3.298884E-04 2.085718E+02 4.397946E+00 3.698044E+00 2.480502E+02
3.271903E+03 1.519750E+06 3.947842E+01 3.305553E-04 2.085718E+02 4.397947E+00 3.698044E+00 2.480502E+02
3.271911E+03 1.519760E+06 3.947842E+01 3.312187E-04 2.085718E+02 4.397948E+00 3.698045E+00 2.480502E+02
3.271918E+03 1.519770E+06 3.947842E+01 3.318767E-04 2.085718E+02 4.397948E+00 3.698046E+00 2.480502E+02
3.271926E+03 1.519780E+06 3.947842E+01 3.325367E-04 2.085718E+02 4.397949E+00 3.698047E+00 2.480502E+02
3.271933E+03 1.519790E+06 3.947842E+01 3.332029E-04 2.085718E+02 4.397950E+00 3.698048E+00 2.480502E+02
3.271941E+03 1.519800E+06 3.947842E+01 3.338727E-04 2.085718E+02 4.397951E+00 3.698048E+00 2.480502E+02
3.271949E+03 1.519810E+06 3.947842E+01 3.345518E-04 2.085718E+02 4.397951E+00 3.698049E+00 2.480502E+02
3.271956E+03 1.519820E+06 3.947842E+01 3.352281E-04 2.085718E+02 4.397952E+00 3.698050E+00 2.480502E+02
3.271964E+03 1.519830E+06 3.947842E+01 3.359046E-04 2.085718E+02 4.397952E+00 3.698050E+00 2.480502E+02
3.271972E+03 1.519840E+06 3.947842E+01 3.365790E-04 2.085718E+02 4.397953E+00 3.698050E+00 2.480502E+02
3.271979E+03 1.519850E+06 3.947842E+01 3.372556E-04 2.085718E+02 4.397953E+00 3.698051E+00 2.480502E+02
3.271987E+03 1.519860E+06 3.947842E+01 3.379358E-04 2.085718E+02 4.397954E+00 3.698051E+00 2.480502E+02
3.271995E+03 1.519870E+06 3.947842E+01 3.386260E-04 2.085718E+02 4.397954E+00 3.698052E+00 2.480502E+02
3.272003E+03 1.519880E+06 3.947842E+01 3.393222E-04 2.085718E+02 4.397955E+00 3.698052E+00 2.480502E+02
3.272011E+03 1.519890E+06 3.947842E+01 3.400191E-04 2.085718E+02 4.397955E+00 3.698053E+00 2.480502E+02
3.272019E+03 1.519900E+06 3.947842E+01 3.407122E-04 2.085718E+02 4.397956E+00 3.698054E+00 2.480502E+02
3.272027E+03 1.519910E+06 3.947842E+01 3.414051E-04 2.085718E+02 4.397956E+00 3.698054E+00 2.480502E+02
3.272034E+03 1.519920E+06 3.947842E+01 3.420754E-04 2.085718E+02 4.397957E+00 3.698055E+00 2.480502E+02
3.272042E+03 1.519930E+06 3.947842E+01 3.427129E-04 2.085718E+02 4.397958E+00 3.698055E+00 2.480502E+02
3.272049E+03 1.519940E+06 3.947842E+01 3.433932E-04 2.085718E+02 4.397959E+00 3.698056E+00 2.480502E+02
3.272057E+03 1.519950E+06 3.947842E+01 3.440608E-04 2.085718E+02 4.397960E+00 3.698057E+00 2.480502E+02
3.272065E+03 1.519960E+06 3.947842E+01 3.447218E-04 2.085718E+02 4.397961E+00 3.698058E+00 2.480502E+02
3.272072E+03 1.519970E+06 3.947842E+01 3.453830E-04 2.085718E+02 4.397962E+00 3.698060E+00 2.480502E+02
3.272080E+03 1.519980E+06 3.947842E+01 3.460388E-04 2.085718E+02 4.397964E+00 3.698061E+00 2.480502E+02
3.272088E+03 1.519990E+06 3.947842E+01 3.466993E-04 2.085718E+02 4.397966E+00 3.698063E+00 2.480502E+02
3.272095E+03 1.520000E+06 3.947842E+01 3.473575E-04 2.085718E+02 4.397968E+00 3.698065E+00 2.480502E+02
3.272103E+03 1.520010E+06 3.947842E+01 3.480113E-04 2.085718E+02 4.397969E+00 3.698066E+00 2.480502E+02
3.272110E+03 1.520020E+06 3.947842E+01 3.486624E-04 2.085718E+02 4.397971E+00 3.698068E+00 2.480502E+02
3.272118E+03 1.520030E+06 3.947842E+01 3.493135E-04 2.085718E+02 4.397973E+00 3.698070E+00 2.480502E+02
3.272125E+03 1.520040E+06 3.947842E+01 3.499630E-04 2.085718E+02 4.397975E+00 3.698072E+00 2.480502E+02
3.272133E+03 1.520050E+06 3.947842E+01 3.506157E-04 2.085718E+02 4.397978E+00 3.698074E+00 2.480502E+02
3.272140E+03 1.520060E+06 3.947842E+01 3.512617E-04 2.085718E+02 4.397980E+00 3.698076E+00 2.480502E+02
3.272148E+03 1.520070E+06 3.947842E+01 3.519092E-04 2.085718E+02 4.397983E+00 3.698078E+00 2.480502E+02
3.272155E+03 1.520080E+06 3.947842E+01 3.525579E-04 2.085718E+02 4.397985E+00 3.698080E+00 2.480502E+02
3.272163E+03 1.520090E+06 3.947842E+01 3.532051E-04 2.085718E+02 4.397988E+00 3.698083E+00 2.480502E+02
3.272171E+03 1.520100E+06 3.947842E+01 3.538536E-04 2.085718E+02 4.397991E+00 3.698085E+00 2.480502E+02
3.272178E+03 1.520110E+06 3.947842E+01 3.544993E-04 2.085718E+02 4.397993E+00 3.698087E+00 2.480502E+02
3.272186E+03 1.520120E+06 3.947842E+01 3.551479E-04 2.085718E+02 4.397996E+00 3.698089E+00 2.480502E+02
3.272193E+03 1.520130E+06 3.947842E+01 3.557965E-04 2.085718E+02 4.397998E+00 3.698091E+00 2.480502E+02
3.272201E+03 1.520140E+06 3.947842E+01 3.564589E-04 2.085718E+02 4.398000E+00 3.698093E+00 2.480502E+02
3.272209E+03 1.520150E+06 3.947842E+01 3.571213E-04 2.085718E+02 4.398003E+00 3.698096E+00 2.480502E+02
3.272216E+03 1.520160E+06 3.947842E+01 3.577893E-04 2.085718E+02 4.398005E+00 3.698098E+00 2.480502E+02
3.272224E+03 1.520170E+06 3.947842E+01 3.584557E-04 2.085718E+02 4.398008E+00 3.698100E+00 2.480502E+02
3.272232E+03 1.520180E+06 3.947842E+01 3.591279E-04 2.085718E+02 4.398010E+00 3.698102E+00 2.480502E+02
3.272239E+03 1.520190E+06 3.947842E+01 3.598012E-04 2.085718E+02 4.398012E+00 3.698104E+00 2.480502E+02
3.272247E+03 1.520200E+06 3.947842E+01 3.604761E-04 2.085718E+02 4.398014E+00 3.698106E+00 2.480502E+02
3.272255E+03 1.520210E+06 3.947842E+01 3.611516E-04 2.085718E+02 4.398016E+00 3.698107E+00 2.480502E+02
3.272263E+03 1.520220E+06 3.947842E+01 3.618255E-04 2.085718E+02 4.398018E+00 3.698109E+00 2.480502E+02
3.272271E+03 1.520230E+06 3.947842E+01 3.625021E-04 2.085718E+02 4.398020E+00 3.698111E+00 2.480502E+02
3.272278E+03 1.520240E+06 3.947842E+01 3.631785E-04 2.085718E+02 4.398022E+00 3.698113E+00 2.480502E+02
3.272286E+03 1.520250E+06 3.947842E+01 3.638609E-04 2.085718E+02 4.398024E+00 3.698114E+00 2.480502E+02
3.272294E+03 1.520260E+06 3.947842E+01 3.645499E-04 2.085718E+02 4.398025E+00 3.698116E+00 2.480502E+02
3.272302E+03 1.520270E+06 3.947842E+01 3.652422E-04 2.085718E+02 4.398026E+00 3.698117E+00 2.480502E+02
3.272310E+03 1.520280E+06 3.947842E+01 3.659349E-04 2.085718E+02 4.398028E+00 3.698118E+00 2.480502E+02
3.272318E+03 1.520290E+06 3.947842E+01 3.666235E-04 2.085718E+02 4.398030E+00 3.698120E+00 2.480502E+02
3.272326E+03 1.520300E+06 3.947842E+01 3.673122E-04 2.085718E+02 4.398031E+00 3.698121E+00 2.480502E+02
3.272334E+03 1.520310E+06 3.947842E+01 3.680054E-04 2.085718E+02 4.398032E+00 3.698122E+00 2.480502E+02
3.272342E+03 1.520320E+06 3.947842E+01 3.687086E-04 2.085718E+02 4.398034E+00 3.698123E+00 2.480502E+02
3.272350E+03 1.520330E+06 3.947842E+01 3.694020E-04 2.085718E+02 4.398035E+00 3.698125E+00 2.480502E+02
3.272358E+03 1.520340E+06 3.947842E+01 3.700890E-04 2.085718E+02 4.398036E+00 3.698126E+00 2.480502E+02
3.272365E+03 1.520350E+06 3.947842E+01 3.707798E-04 2.085718E+02 4.398038E+00 3.698127E+00 2.480502E+02
3.272373E+03 1.520360E+06 3.947842E+01 3.714728E-04 2.085718E+02 4.398039E+00 3.698129E+00 2.480502E+02
3.272381E+03 1.520370E+06 3.947842E+01 3.721673E-04 2.085718E+02 4.398040E+00 3.698130E+00 2.480502E+02
3.272389E+03 1.520380E+06 3.947842E+01 3.728564E-04 2.085718E+02 4.398042E+00 3.698131E+00 2.480502E+02
3.272397E+03 1.520390E+06 3.947842E+01 3.735539E-04 2.085718E+02 4.398043E+00 3.698132E+00 2.480502E+02
3.272405E+03 1.520400E+06 3.947842E+01 3.742520E-04 2.085718E+02 4.398044E+00 3.698133E+00 2.480502E+02
3.272413E+03 1.520410E+06 3.947842E+01 3.749496E-04 2.085718E+02 4.398046E+00 3.698135E+00 2.480502E+02
3.272421E+03 1.520420E+06 3.947842E+01 3.756418E-04 2.085718E+02 4.398047E+00 3.698136E+00 2.480502E+02
3.272429E+03 1.520430E+06 3.947842E+01 3.763388E-04 2.085718E+02 4.398048E+00 3.698137E+00 2.480502E+02
3.272437E+03 1.520440E+06 3.947842E+01 3.770412E-04 2.085718E+02 4.398050E+00 3.698139E+00 2.480502E+02
3.272445E+03 1.520450E+06 3.947842E+01 3.777304E-04 2.085718E+02 4.398052E+00 3.698141E+00 2.480502E+02
3.272453E+03 1.520460E+06 3.947842E+01 3.784223E-04 2.085718E+02 4.398054E+00 3.698142E+00 2.480502E+02
3.272460E+03 1.520470E+06 3.947842E+01 3.791124E-04 2.085718E+02 4.398056E+00 3.698144E+00 2.480502E+02
3.272468E+03 1.520480E+06 3.947842E+01 3.798023E-04 2.085718E+02 4.398057E+00 3.698145E+00 2.480502E+02
3.272476E+03 1.520490E+06 3.947842E+01 3.804975E-04 2.085718E+02 4.398059E+00 3.698147E+00 2.480502E+02
3.272484E+03 1.520500E+06 3.947842E+01 3.811925E-04 2.085718E+02 4.398061E+00 3.698149E+00 2.480502E+02
3.272492E+03 1.520510E+06 3.947842E+01 3.818908E-04 2.085718E+02 4.398063E+00 3.698150E+00 2.480502E+02
3.272500E+03 1.520520E+06 3.947842E+01 3.825801E-04 2.085718E+02 4.398065E+00 3.698153E+00 2.480502E+02
3.272508E+03 1.520530E+06 3.947842E+01 3.832693E-04 2.085718E+02 4.398067E+00 3.698154E+00 2.480502E+02
3.272516E+03 1.520540E+06 3.947842E+01 3.839677E-04 2.085718E+02 4.398069E+00 3.698156E+00 2.480502E+02
3.272524E+03 1.520550E+06 3.947842E+01 3.846701E-04 2.085718E+02 4.398071E+00 3.698157E+00 2.480502E+02
3.272532E+03 1.520560E+06 3.947842E+01 3.853714E-04 2.085718E+02 4.398073E+00 3.698159E+00 2.480502E+02
3.272540E+03 1.520570E+06 3.947842E+01 3.860927E-04 2.085718E+02 4.398075E+00 3.698161E+00 2.480502E+02
3.272548E+03 1.520580E+06 3.947842E+01 3.868136E-04 2.085718E+02 4.398076E+00 3.698162E+00 2.480502E+02
3.272556E+03 1.520590E+06 3.947842E+01 3.875290E-04 2.085718E+02 4.398078E+00 3.698164E+00 2.480502E+02
3.272564E+03 1.520600E+06 3.947842E+01 3.882436E-04 2.085718E+02 4.398080E+00 3.698165E+00 2.480502E+02
3.272573E+03 1.520610E+06 3.947842E+01 3.889579E-04 2.085718E+02 4.398082E+00 3.698167E+00 2.480502E+02
3.272581E+03 1.520620E+06 3.947842E+01 3.896951E-04 2.085718E+02 4.398084E+00 3.698169E+00 2.480502E+02
3.272590E+03 1.520630E+06 3.947842E+01 3.904649E-04 2.085718E+02 4.398086E+00 3.698171E+00 2.480502E+02
3.272599E+03 1.520640E+06 3.947842E+01 3.912496E-04 2.085718E+02 4.398088E+00 3.698173E+00 2.480502E+02
3.272608E+03 1.520650E+06 3.947842E+01 3.920425E-04 2.085718E+02 4.398091E+00 3.698175E+00 2.480502E+02
3.272617E+03 1.520660E+06 3.947842E+01 3.928303E-04 2.085718E+02 4.398093E+00 3.698177E+00 2.480502E+02
3.272626E+03 1.520670E+06 3.947842E+01 3.936172E-04 2.085718E+02 4.398095E+00 3.698179E+00 2.480502E+02
3.272635E+03 1.520680E+06 3.947842E+01 3.944208E-04 2.085718E+02 4.398097E+00 3.698181E+00 2.480502E+02
3.272644E+03 1.520690E+06 3.947842E+01 3.952241E-04 2.085718E+02 4.398100E+00 3.698184E+00 2.480502E+02
3.272653E+03 1.520700E+06 3.947841E+01 3.960435E-04 2.085718E+02 4.398102E+00 3.698186E+00 2.480502E+02
3.272663E+03 1.520710E+06 3.947841E+01 3.968554E-04 2.085718E+02 4.398105E+00 3.698188E+00 2.480502E+02
3.272672E+03 1.520720E+06 3.947841E+01 3.976609E-04 2.085718E+02 4.398107E+00 3.698190E+00 2.480502E+02
3.272681E+03 1.520730E+06 3.947841E+01 3.984837E-04 2.085718E+02 4.398110E+00 3.698192E+00 2.480502E+02
3.272691E+03 1.520740E+06 3.947841E+01 3.993093E-04 2.085718E+02 4.398112E+00 3.698195E+00 2.480502E+02
3.272700E+03 1.520750E+06 3.947841E+01 4.001281E-04 2.085718E+02 4.398115E+00 3.698197E+00 2.480502E+02
3.272709E+03 1.520760E+06 3.947841E+01 4.009212E-04 2.085718E+02 4.398118E+00 3.698199E+00 2.480502E+02
3.272718E+03 1.520770E+06 3.947841E+01 4.017129E-04 2.085718E+02 4.398120E+00 3.698202E+00 2.480502E+02
3.272728E+03 1.520780E+06 3.947841E+01 4.025148E-04 2.085718E+02 4.398123E+00 3.698204E+00 2.480502E+02
3.272737E+03 1.520790E+06 3.947841E+01 4.033263E-04 2.085718E+02 4.398126E+00 3.698207E+00 2.480502E+02
3.272746E+03 1.520800E+06 3.947841E+01 4.041344E-04 2.085718E+02 4.398128E+00 3.698209E+00 2.480502E+02
3.272755E+03 1.520810E+06 3.947841E+01 4.049425E-04 2.085718E+02 4.398131E+00 3.698211E+00 2.480502E+02
3.272765E+03 1.520820E+06 3.947841E+01 4.057552E-04 2.085718E+02 4.398134E+00 3.698214E+00 2.480502E+02
3.272774E+03 1.520830E+06 3.947841E+01 4.065672E-04 2.085718E+02 4.398137E+00 3.698216E+00 2.480502E+02
3.272783E+03 1.520840E+06 3.947841E+01 4.073829E-04 2.085718E+02 4.398139E+00 3.698218E+00 2.480502E+02
3.272792E+03 1.520850E+06 3.947841E+01 4.081999E-04 2.085718E+02 4.398141E+00 3.698220E+00 2.480502E+02
3.272802E+03 1.520860E+06 3.947841E+01 4.090247E-04 2.085718E+02 4.398143E+00 3.698222E+00 2.480502E+02
3.272811E+03 1.520870E+06 3.947841E+01 4.098462E-04 2.085718E+02 4.398146E+00 3.698224E+00 2.480502E+02
3.272820E+03 1.520880E+06 3.947841E+01 4.106660E-04 2.085718E+02 4.398148E+00 3.698226E+00 2.480502E+02
3.272829E+03 1.520890E+06 3.947841E+01 4.114932E-04 2.085718E+02 4.398150E+00 3.698228E+00 2.480502E+02
3.272839E+03 1.520900E+06 3.947841E+01 4.123276E-04 2.085718E+02 4.398152E+00 3.698230E+00 2.480502E+02
3.272848E+03 1.520910E+06 3.947841E+01 4.131643E-04 2.085718E+02 4.398154E+00 3.698232E+00 2.480502E+02
3.272858E+03 1.520920E+06 3.947841E+01 4.139991E-04 2.085718E+02 4.398156E+00 3.698234E+00 2.480502E+02
3.272867E+03 1.520930E+06 3.947841E+01 4.148371E-04 2.085718E+02 4.398159E+00 3.698236E+00 2.480502E+02
3.272877E+03 1.520940E+06 3.947841E+01 4.156820E-04 2.085718E+02 4.398161E+00 3.698238E+00 2.480502E+02
3.272886E+03 1.520950E+06 3.947841E+01 4.165361E-04 2.085718E+02 4.398163E+00 3.698240E+00 2.480502E+02
3.272896E+03 1.520960E+06 3.947841E+01 4.173851E-04 2.085718E+02 4.398165E+00 3.698242E+00 2.480502E+02
3.272906E+03 1.520970E+06 3.947841E+01 4.182400E-04 2.085718E+02 4.398168E+00 3.698244E+00 2.480502E+02
3.272915E+03 1.520980E+06 3.947841E+01 4.190963E-04 2.085718E+02 4.398171E+00 3.698247E+00 2.480502E+02
3.272924E+03 1.520990E+06 3.947841E+01 4.198547E-04 2.085718E+02 4.398174E+00 3.698249E+00 2.480502E+02
3.272933E+03 1.521000E+06 3.947841E+01 4.206531E-04 2.085718E+02 4.398176E+00 3.698252E+00 2.480502E+02
3.272942E+03 1.521010E+06 3.947841E+01 4.214355E-04 2.085718E+02 4.398179E+00 3.698255E+00 2.480502E+02
3.272951E+03 1.521020E+06 3.947841E+01 4.222238E-04 2.085718E+02 4.398182E+00 3.698257E+00 2.480502E+02
3.272960E+03 1.521030E+06 3.947841E+01 4.230124E-04 2.085718E+02 4.398186E+00 3.698260E+00 2.480502E+02
3.272968E+03 1.521040E+06 3.947841E+01 4.237950E-04 2.085718E+02 4.398189E+00 3.698263E+00 2.480502E+02
3.272977E+03 1.521050E+06 3.947841E+01 4.245750E-04 2.085718E+02 4.398192E+00 3.698266E+00 2.480502E+02
3.272986E+03 1.521060E+06 3.947841E+01 4.253595E-04 2.085718E+02 4.398195E+00 3.698268E+00 2.480502E+02
3.272995E+03 1.521070E+06 3.947841E+01 4.261443E-04 2.085718E+02 4.398198E+00 3.698271E+00 2.480502E+02
3.273004E+03 1.521080E+06 3.947841E+01 4.269419E-04 2.085718E+02 4.398200E+00 3.698273E+00 2.480502E+02
3.273013E+03 1.521090E+06 3.947841E+01 4.277350E-04 2.085718E+02 4.398202E+00 3.698275E+00 2.480502E+02
3.273022E+03 1.521100E+06 3.947841E+01 4.285243E-04 2.085718E+02 4.398205E+00 3.698277E+00 2.480502E+02
3.273031E+03 1.521110E+06 3.947841E+01 4.293322E-04 2.085718E+02 4.398207E+00 3.698279E+00 2.480502E+02
3.273040E+03 1.521120E+06 3.947841E+01 4.301359E-04 2.085718E+02 4.398209E+00 3.698281E+00 2.480502E+02
3.273049E+03 1.521130E+06 3.947841E+01 4.309255E-04 2.085718E+02 4.398211E+00 3.698283E+00 2.480502E+02
3.273058E+03 1.521140E+06 3.947841E+01 4.317101E-04 2.085718E+02 4.398213E+00 3.698284E+00 2.480502E+02
3.273067E+03 1.521150E+06 3.947841E+01 4.324984E-04 2.085718E+02 4.398215E+00 3.698286E+00 2.480502E+02
3.273076E+03 1.521160E+06 3.947841E+01 4.333000E-04 2.085718E+02 4.398218E+00 3.698289E+00 2.480502E+02
3.273085E+03 1.521170E+06 3.947841E+01 4.341060E-04 2.085718E+02 4.398220E+00 3.698291E+00 2.480502E+02
3.273094E+03 1.521180E+06 3.947841E+01 4.349101E-04 2.085718E+02 4.398223E+00 3.698293E+00 2.480502E+02
3.273103E+03 1.521190E+06 3.947841E+01 4.357090E-04 2.085718E+02 4.398225E+00 3.698295E+00 2.480502E+02
3.273112E+03 1.521200E+06 3.947841E+01 4.364942E-04 2.085718E+02 4.398228E+00 3.698298E+00 2.480502E+02
3.273120E+03 1.521210E+06 3.947841E+01 4.372331E-04 2.085718E+02 4.398230E+00 3.698300E+00 2.480502E+02
3.273129E+03 1.521220E+06 3.947841E+01 4.380230E-04 2.085718E+02 4.398233E+00 3.698302E+00 2.480502E+02
3.273138E+03 1.521230E+06 3.947841E+01 4.388138E-04 2.085718E+02 4.398235E+00 3.698304E+00 2.480502E+02
3.273147E+03 1.521240E+06 3.947841E+01 4.396056E-04 2.085718E+02 4.398237E+00 3.698306E+00 2.480502E+02
3.273156E+03 1.521250E+06 3.947841E+01 4.404001E-04 2.085718E+02 4.398240E+00 3.698309E+00 2.480502E+02
3.273165E+03 1.521260E+06 3.947841E+01 4.411892E-04 2.085718E+02 4.398243E+00 3.698311E+00 2.480502E+02
3.273174E+03 1.521270E+06 3.947841E+01 4.419858E-04 2.085718E+02 4.398246E+00 3.698314E+00 2.480502E+02
3.273183E+03 1.521280E+06 3.947841E+01 4.427941E-04 2.085718E+02 4.398249E+00 3.698316E+00 2.480502E+02
3.273192E+03 1.521290E+06 3.947841E+01 4.435921E-04 2.085718E+02 4.398251E+00 3.698319E+00 2.480502E+02
3.273201E+03 1.521300E+06 3.947841E+01 4.443772E-04 2.085718E+02 4.398254E+00 3.698321E+00 2.480502E+02
3.273209E+03 1.521310E+06 3.947841E+01 4.451593E-04 2.085718E+02 4.398257E+00 3.698324E+00 2.480502E+02
3.273217E+03 1.521320E+06 3.947841E+01 4.458652E-04 2.085718E+02 4.398260E+00 3.698326E+00 2.480502E+02
3.273226E+03 1.521330E+06 3.947841E+01 4.466238E-04 2.085718E+02 4.398263E+00 3.698329E+00 2.480502E+02
3.273234E+03 1.521340E+06 3.947841E+01 4.473742E-04 2.085718E+02 4.398266E+00 3.698332E+00 2.480502E+02
3.273243E+03 1.521350E+06 3.947841E+01 4.481047E-04 2.085718E+02 4.398269E+00 3.698334E+00 2.480502E+02
3.273251E+03 1.521360E+06 3.947841E+01 4.488230E-04 2.085718E+02 4.398272E+00 3.698337E+00 2.480502E+02
3.273259E+03 1.521370E+06 3.947841E+01 4.495034E-04 2.085718E+02 4.398275E+00 3.698339E+00 2.480502E+02
3.273266E+03 1.521380E+06 3.947841E+01 4.501852E-04 2.085718E+02 4.398278E+00 3.698342E+00 2.480502E+02
3.273274E+03 1.521390E+06 3.947841E+01 4.508797E-04 2.085718E+02 4.398280E+00 3.698344E+00 2.480502E+02
3.273282E+03 1.521400E+06 3.947841E+01 4.515637E-04 2.085718E+02 4.398283E+00 3.698346E+00 2.480502E+02
3.273290E+03 1.521410E+06 3.947841E+01 4.522423E-04 2.085718E+02 4.398285E+00 3.698349E+00 2.480502E+02
3.273297E+03 1.521420E+06 3.947841E+01 4.529088E-04 2.085718E+02 4.398288E+00 3.698351E+00 2.480502E+02
3.273305E+03 1.521430E+06 3.947841E+01 4.535695E-04 2.085718E+02 4.398291E+00 3.698354E+00 2.480502E+02
3.273312E+03 1.521440E+06 3.947841E+01 4.542313E-04 2.085718E+02 4.398295E+00 3.698357E+00 2.480502E+02
3.273320E+03 1.521450E+06 3.947841E+01 4.548962E-04 2.085718E+02 4.398298E+00 3.698360E+00 2.480502E+02
3.273328E+03 1.521460E+06 3.947841E+01 4.555601E-04 2.085718E+02 4.398301E+00 3.698362E+00 2.480502E+02
3.273335E+03 1.521470E+06 3.947841E+01 4.562261E-04 2.085718E+02 4.398304E+00 3.698365E+00 2.480502E+02
3.273343E+03 1.521480E+06 3.947841E+01 4.568849E-04 2.085718E+02 4.398307E+00 3.698368E+00 2.480502E+02
3.273350E+03 1.521490E+06 3.947841E+01 4.575385E-04 2.085718E+02 4.398311E+00 3.698371E+00 2.480502E+02
3.273358E+03 1.521500E+06 3.947841E+01 4.581919E-04 2.085718E+02 4.398314E+00 3.698374E+00 2.480502E+02
3.273365E+03 1.521510E+06 3.947841E+01 4.588579E-04 2.085718E+02 4.398317E+00 3.698377E+00 2.480502E+02
3.273373E+03 1.521520E+06 3.947841E+01 4.595212E-04 2.085718E+02 4.398321E+00 3.698380E+00 2.480502E+02
3.273381E+03 1.521530E+06 3.947841E+01 4.601859E-04 2.085718E+02 4.398325E+00 3.698383E+00 2.480502E+02
3.273388E+03 1.521540E+06 3.947841E+01 4.608563E-04 2.085718E+02 4.398328E+00 3.698386E+00 2.480502E+02
3.273396E+03 1.521550E+06 3.947841E+01 4.615250E-04 2.085718E+02 4.398332E+00 3.698389E+00 2.480502E+02
3.273404E+03 1.521560E+06 3.947841E+01 4.621946E-04 2.085718E+02 4.398335E+00 3.698392E+00 2.480502E+02
3.273411E+03 1.521570E+06 3.947841E+01 4.628646E-04 2.085718E+02 4.398339E+00 3.698395E+00 2.480502E+02
3.273419E+03 1.521580E+06 3.947841E+01 4.635459E-04 2.085718E+02 4.398343E+00 3.698399E+00 2.480502E+02
3.273427E+03 1.521590E+06 3.947841E+01 4.642309E-04 2.085718E+02 4.398347E+00 3.698402E+00 2.480502E+02
3.273435E+03 1.521600E+06 3.947841E+01 4.649236E-04 2.085718E+02 4.398350E+00 3.698405E+00 2.480502E+02
3.273443E+03 1.521610E+06 3.947841E+01 4.656092E-04 2.085718E+02 4.398354E+00 3.698409E+00 2.480502E+02
3.273451E+03 1.521620E+06 3.947841E+01 4.663023E-04 2.085718E+02 4.398358E+00 3.698412E+00 2.480502E+02
3.273459E+03 1.521630E+06 3.947840E+01 4.669925E-04 2.085718E+02 4.398362E+00 3.698415E+00 2.480502E+02
3.273467E+03 1.521640E+06 3.947840E+01 4.676874E-04 2.085718E+02 4.398366E+00 3.698419E+00 2.480502E+02
3.273475E+03 1.521650E+06 3.947840E+01 4.683893E-04 2.085718E+02 4.398371E+00 3.698423E+00 2.480502E+02
3.273483E+03 1.521660E+06 3.947840E+01 4.691091E-04 2.085718E+02 4.398375E+00 3.698426E+00 2.480502E+02
3.273491E+03 1.521670E+06 3.947840E+01 4.698266E-04 2.085718E+02 4.398379E+00 3.698430E+00 2.480502E+02
3.273500E+03 1.521680E+06 3.947840E+01 4.705378E-04 2.085718E+02 4.398383E+00 3.698434E+00 2.480502E+02
3.273508E+03 1.521690E+06 3.947840E+01 4.712486E-04 2.085718E+02 4.398387E+00 3.698437E+00 2.480502E+02
3.273516E+03 1.521700E+06 3.947840E+01 4.719610E-04 2.085718E+02 4.398392E+00 3.698441E+00 2.480502E+02
3.273524E+03 1.521710E+06 3.947840E+01 4.726826E-04 2.085718E+02 4.398396E+00 3.698445E+00 2.480502E+02
3.273533E+03 1.521720E+06 3.947840E+01 4.734085E-04 2.085718E+02 4.398400E+00 3.698449E+00 2.480502E+02
3.273541E+03 1.521730E+06 3.947840E+01 4.741369E-04 2.085718E+02 4.398405E+00 3.698453E+00 2.480502E+02
3.273549E+03 1.521740E+06 3.947840E+01 4.748567E-04 2.085718E+02 4.398410E+00 3.698457E+00 2.480502E+02
3.273558E+03 1.521750E+06 3.947840E+01 4.755797E-04 2.085718E+02 4.398414E+00 3.698461E+00 2.480502E+02
3.273566E+03 1.521760E+06 3.947840E+01 4.763107E-04 2.085718E+02 4.398419E+00 3.698465E+00 2.480502E+02
3.273575E+03 1.521770E+06 3.947840E+01 4.770583E-04 2.085718E+02 4.398424E+00 3.698469E+00 2.480502E+02
3.273583E+03 1.521780E+06 3.947840E+01 4.778062E-04 2.085718E+02 4.398429E+00 3.698473E+00 2.480502E+02
3.273592E+03 1.521790E+06 3.947840E+01 4.785502E-04 2.085718E+02 4.398433E+00 3.698477E+00 2.480502E+02
3.273600E+03 1.521800E+06 3.947840E+01 4.792735E-04 2.085718E+02 4.398439E+00 3.698482E+00 2.480502E+02
3.273608E+03 1.521810E+06 3.947840E+01 4.799644E-04 2.085718E+02 4.398444E+00 3.698486E+00 2.480502E+02
3.273617E+03 1.521820E+06 3.947840E+01 4.807030E-04 2.085718E+02 4.398449E+00 3.698491E+00 2.480502E+02
3.273626E+03 1.521830E+06 3.947840E+01 4.814424E-04 2.085718E+02 4.398454E+00 3.698495E+00 2.480502E+02
3.273634E+03 1.521840E+06 3.947840E+01 4.821782E-04 2.085718E+02 4.398459E+00 3.698499E+00 2.480502E+02
3.273643E+03 1.521850E+06 3.947840E+01 4.829149E-04 2.085718E+02 4.398464E+00 3.698504E+00 2.480502E+02
3.273651E+03 1.521860E+06 3.947840E+01 4.836647E-04 2.085718E+02 4.398470E+00 3.698509E+00 2.480502E+02
3.273659E+03 1.521870E+06 3.947840E+01 4.843462E-04 2.085718E+02 4.398475E+00 3.698513E+00 2.480502E+02
3.273668E+03 1.521880E+06 3.947840E+01 4.851162E-04 2.085718E+02 4.398481E+00 3.698518E+00 2.480502E+02
3.273677E+03 1.521890E+06 3.947840E+01 4.858697E-04 2.085718E+02 4.398486E+00 3.698523E+00 2.480502E+02
3.273686E+03 1.521900E+06 3.947840E+01 4.866113E-04 2.085718E+02 4.398492E+00 3.698528E+00 2.480502E+02
3.273694E+03 1.521910E+06 3.947840E+01 4.873296E-04 2.085718E+02 4.398498E+00 3.698533E+00 2.480502E+02
3.273702E+03 1.521920E+06 3.947840E+01 4.880486E-04 2.085718E+02 4.398504E+00 3.698538E+00 2.480502E+02
3.273711E+03 1.521930E+06 3.947840E+01 4.887771E-04 2.085718E+02 4.398509E+00 3.698543E+00 2.480502E+02
3.273719E+03 1.521940E+06 3.947840E+01 4.895084E-04 2.085718E+02 4.398515E+00 3.698548E+00 2.480502E+02
3.273728E+03 1.521950E+06 3.947840E+01 4.902350E-04 2.085718E+02 4.398521E+00 3.698553E+00 2.480502E+02
3.273736E+03 1.521960E+06 3.947840E+01 4.909570E-04 2.085718E+02 4.398527E+00 3.698558E+00 2.480502E+02
3.273745E+03 1.521970E+06 3.947840E+01 4.916804E-04 2.085718E+02 4.398533E+00 3.698564E+00 2.480502E+02
3.273753E+03 1.521980E+06 3.947840E+01 4.924012E-04 2.085718E+02 4.398540E+00 3.698569E+00 2.480502E+02
3.273762E+03 1.521990E+06 3.947840E+01 4.931222E-04 2.085718E+02 4.398546E+00 3.698574E+00 2.480502E+02
3.273770E+03 1.522000E+06 3.947840E+01 4.938390E-04 2.085718E+02 4.398552E+00 3.698579E+00 2.480502E+02
3.273778E+03 1.522010E+06 3.947840E+01 4.945611E-04 2.085718E+02 4.398558E+00 3.698585E+00 2.480502E+02
3.273787E+03 1.522020E+06 3.947840E+01 4.952789E-04 2.085718E+02 4.398565E+00 3.698590E+00 2.480502E+02
3.273795E+03 1.522030E+06 3.947840E+01 4.960050E-04 2.085718E+02 4.398571E+00 3.698596E+00 2.480502E+02
3.273804E+03 1.522040E+06 3.947840E+01 4.967199E-04 2.085718E+02 4.398578E+00 3.698602E+00 2.480502E+02
3.273812E+03 1.522050E+06 3.947840E+01 4.974419E-04 2.085718E+02 4.398585E+00 3.698608E+00 2.480502E+02
3.273821E+03 1.522060E+06 3.947840E+01 4.981616E-04 2.085718E+02 4.398592E+00 3.698614E+00 2.480502E+02
3.273829E+03 1.522070E+06 3.947840E+01 4.988856E-04 2.085718E+02 4.398598E+00 3.698619E+00 2.480502E+02
3.273838E+03 1.522080E+06 3.947840E+01 4.996012E-04 2.085718E+02 4.398605E+00 3.698625E+00 2.480502E+02
3.273846E+03 1.522090E+06 3.947840E+01 5.003148E-04 2.085718E+02 4.398612E+00 3.698631E+00 2.480502E+02
3.273855E+03 1.522100E+06 3.947840E+01 5.010236E-04 2.085718E+02 4.398619E+00 3.698637E+00 2.480502E+02
3.273863E+03 1.522110E+06 3.947840E+01 5.017487E-04 2.085718E+02 4.398627E+00 3.698644E+00 2.480502E+02
3.273872E+03 1.522120E+06 3.947840E+01 5.024672E-04 2.085718E+02 4.398634E+00 3.698650E+00 2.480502E+02
3.273881E+03 1.522130E+06 3.947840E+01 5.031920E-04 2.085718E+02 4.398641E+00 3.698656E+00 2.480502E+02
3.273889E+03 1.522140E+06 3.947840E+01 5.039116E-04 2.085718E+02 4.398649E+00 3.698663E+00 2.480502E+02
3.273898E+03 1.522150E+06 3.947840E+01 5.046354E-04 2.085718E+02 4.398657E+00 3.698669E+00 2.480502E+02
3.273906E+03 1.522160E+06 3.947840E+01 5.053542E-04 2.085718E+02 4.398664E+00 3.698676E+00 2.480502E+02
3.273915E+03 1.522170E+06 3.947840E+01 5.060936E-04 2.085718E+02 4.398673E+00 3.698683E+00 2.480502E+02
3.273924E+03 1.522180E+06 3.947840E+01 5.068315E-04 2.085718E+02 4.398680E+00 3.698690E+00 2.480502E+02
3.273933E+03 1.522190E+06 3.947840E+01 5.075729E-04 2.085718E+02 4.398688E+00 3.698696E+00 2.480502E+02
3.273942E+03 1.522200E+06 3.947840E+01 5.083165E-04 2.085718E+02 4.398696E+00 3.698703E+00 2.480502E+02
3.273951E+03 1.522210E+06 3.947840E+01 5.090632E-04 2.085718E+02 4.398704E+00 3.698710E+00 2.480502E+02
3.273960E+03 1.522220E+06 3.947840E+01 5.098047E-04 2.085718E+02 4.398712E+00 3.698717E+00 2.480502E+02
3.273969E+03 1.522230E+06 3.947840E+01 5.105408E-04 2.085718E+02 4.398720E+00 3.698724E+00 2.480502E+02
3.273977E+03 1.522240E+06 3.947840E+01 5.112356E-04 2.085718E+02 4.398727E+00 3.698730E+00 2.480502E+02
3.273985E+03 1.522250E+06 3.947840E+01 5.119205E-04 2.085718E+02 4.398735E+00 3.698736E+00 2.480502E+02
3.273994E+03 1.522260E+06 3.947840E+01 5.126002E-04 2.085718E+02 4.398742E+00 3.698742E+00 2.480502E+02
3.274002E+03 1.522270E+06 3.947840E+01 5.132901E-04 2.085718E+02 4.398750E+00 3.698749E+00 2.480502E+02
3.274010E+03 1.522280E+06 3.947840E+01 5.139841E-04 2.085718E+02 4.398757E+00 3.698755E+00 2.480502E+02
3.274019E+03 1.522290E+06 3.947840E+01 5.146753E-04 2.085718E+02 4.398765E+00 3.698762E+00 2.480502E+02
3.274027E+03 1.522300E+06 3.947840E+01 5.153558E-04 2.085718E+02 4.398771E+00 3.698768E+00 2.480502E+02
3.274035E+03 1.522310E+06 3.947840E+01 5.160246E-04 2.085718E+02 4.398778E+00 3.698773E+00 2.480502E+02
3.274043E+03 1.522320E+06 3.947840E+01 5.166687E-04 2.085718E+02 4.398784E+00 3.698779E+00 2.480502E+02
3.274050E+03 1.522330E+06 3.947840E+01 5.173084E-04 2.085718E+02 4.398791E+00 3.698784E+00 2.480502E+02
3.274058E+03 1.522340E+06 3.947840E+01 5.179768E-04 2.085718E+02 4.398798E+00 3.698790E+00 2.480502E+02
3.274066E+03 1.522350E+06 3.947840E+01 5.186388E-04 2.085718E+02 4.398804E+00 3.698796E+00 2.480502E+02
3.274074E+03 1.522360E+06 3.947840E+01 5.193035E-04 2.085718E+02 4.398811E+00 3.698801E+00 2.480502E+02
3.274082E+03 1.522370E+06 3.947840E+01 5.199773E-04 2.085718E+02 4.398818E+00 3.698807E+00 2.480502E+02
3.274090E+03 1.522380E+06 3.947840E+01 5.206454E-04 2.085718E+02 4.398824E+00 3.698812E+00 2.480502E+02
3.274098E+03 1.522390E+06 3.947840E+01 5.213124E-04 2.085718E+02 4.398830E+00 3.698818E+00 2.480502E+02
3.274107E+03 1.522400E+06 3.947840E+01 5.219948E-04 2.085718E+02 4.398836E+00 3.698823E+00 2.480502E+02
3.274115E+03 1.522410E+06 3.947840E+01 5.226779E-04 2.085718E+02 4.398843E+00 3.698829E+00 2.480502E+02
3.274123E+03 1.522420E+06 3.947840E+01 5.233606E-04 2.085718E+02 4.398849E+00 3.698834E+00 2.480502E+02
3.274131E+03 1.522430E+06 3.947840E+01 5.240408E-04 2.085718E+02 4.398855E+00 3.698840E+00 2.480502E+02
3.274139E+03 1.522440E+06 3.947840E+01 5.247148E-04 2.085718E+02 4.398861E+00 3.698845E+00 2.480502E+02
3.274148E+03 1.522450E+06 3.947840E+01 5.253914E-04 2.085718E+02 4.398867E+00 3.698850E+00 2.480502E+02
3.274156E+03 1.522460E+06 3.947840E+01 5.260745E-04 2.085718E+02 4.398873E+00 3.698854E+00 2.480502E+02
3.274164E+03 1.522470E+06 3.947840E+01 5.267632E-04 2.085718E+02 4.398879E+00 3.698860E+00 2.480502E+02
3.274172E+03 1.522480E+06 3.947840E+01 5.274480E-04 2.085718E+02 4.398885E+00 3.698865E+00 2.480502E+02
3.274181E+03 1.522490E+06 3.947840E+01 5.281332E-04 2.085718E+02 4.398891E+00 3.698870E+00 2.480502E+02
3.274189E+03 1.522500E+06 3.947840E+01 5.288260E-04 2.085718E+02 4.398897E+00 3.698875E+00 2.480502E+02
3.274197E+03 1.522510E+06 3.947840E+01 5.295165E-04 2.085718E+02 4.398903E+00 3.698880E+00 2.480502E+02
3.274206E+03 1.522520E+06 3.947840E+01 5.302092E-04 2.085718E+02 4.398909E+00 3.698885E+00 2.480502E+02
3.274214E+03 1.522530E+06 3.947840E+01 5.309033E-04 2.085718E+02 4.398914E+00 3.698890E+00 2.480502E+02
3.274222E+03 1.522540E+06 3.947840E+01 5.315961E-04 2.085718E+02 4.398920E+00 3.698895E+00 2.480502E+02
3.274231E+03 1.522550E+06 3.947840E+01 5.322857E-04 2.085718E+02 4.398926E+00 3.698900E+00 2.480502E+02
3.274239E+03 1.522560E+06 3.947840E+01 5.329727E-04 2.085718E+02 4.398932E+00 3.698905E+00 2.480502E+02
3.274247E+03 1.522570E+06 3.947840E+01 5.336525E-04 2.085718E+02 4.398938E+00 3.698910E+00 2.480502E+02
3.274256E+03 1.522580E+06 3.947840E+01 5.343448E-04 2.085718E+02 4.398944E+00 3.698916E+00 2.480502E+02
3.274264E+03 1.522590E+06 3.947840E+01 5.350368E-04 2.085718E+02 4.398950E+00 3.698921E+00 2.480502E+02
3.274273E+03 1.522600E+06 3.947840E+01 5.357238E-04 2.085718E+02 4.398956E+00 3.698926E+00 2.480502E+02
3.274280E+03 1.522610E+06 3.947840E+01 5.363664E-04 2.085718E+02 4.398962E+00 3.698931E+00 2.480502E+02
3.274288E+03 1.522620E+06 3.947840E+01 5.369649E-04 2.085718E+02 4.398967E+00 3.698936E+00 2.480502E+02
3.274295E+03 1.522630E+06 3.947840E+01 5.375554E-04 2.085718E+02 4.398973E+00 3.698941E+00 2.480502E+02
3.274302E+03 1.522640E+06 3.947840E+01 5.381658E-04 2.085718E+02 4.398978E+00 3.698945E+00 2.480502E+02
3.274310E+03 1.522650E+06 3.947840E+01 5.387935E-04 2.085718E+02 4.398984E+00 3.698950E+00 2.480502E+02
3.274318E+03 1.522660E+06 3.947840E+01 5.394132E-04 2.085718E+02 4.398990E+00 3.698955E+00 2.480502E+02
3.274325E+03 1.522670E+06 3.947840E+01 5.400531E-04 2.085718E+02 4.398996E+00 3.698960E+00 2.480502E+02
3.274333E+03 1.522680E+06 3.947840E+01 5.406974E-04 2.085718E+02 4.399002E+00 3.698966E+00 2.480502E+02
3.274341E+03 1.522690E+06 3.947840E+01 5.413304E-04 2.085718E+02 4.399009E+00 3.698971E+00 2.480502E+02
3.274349E+03 1.522700E+06 3.947840E+01 5.419675E-04 2.085718E+02 4.399014E+00 3.698976E+00 2.480502E+02
3.274357E+03 1.522710E+06 3.947840E+01 5.426314E-04 2.085718E+02 4.399020E+00 3.698981E+00 2.480502E+02
3.274365E+03 1.522720E+06 3.947839E+01 5.433290E-04 2.085718E+02 4.399026E+00 3.698986E+00 2.480502E+02
3.274374E+03 1.522730E+06 3.947839E+01 5.440273E-04 2.085718E+02 4.399033E+00 3.698992E+00 2.480502E+02
3.274383E+03 1.522740E+06 3.947839E+01 5.447267E-04 2.085718E+02 4.399040E+00 3.698998E+00 2.480502E+02
3.274391E+03 1.522750E+06 3.947839E+01 5.454236E-04 2.085718E+02 4.399046E+00 3.699003E+00 2.480502E+02
3.274400E+03 1.522760E+06 3.947839E+01 5.461420E-04 2.085718E+02 4.399051E+00 3.699008E+00 2.480502E+02
3.274409E+03 1.522770E+06 3.947839E+01 5.468814E-04 2.085718E+02 4.399058E+00 3.699013E+00 2.480502E+02
3.274418E+03 1.522780E+06 3.947839E+01 5.476302E-04 2.085718E+02 4.399064E+00 3.699019E+00 2.480502E+02
3.274427E+03 1.522790E+06 3.947839E+01 5.483797E-04 2.085718E+02 4.399071E+00 3.699025E+00 2.480502E+02
3.274436E+03 1.522800E+06 3.947839E+01 5.491241E-04 2.085718E+02 4.399077E+00 3.699030E+00 2.480502E+02
3.274446E+03 1.522810E+06 3.947839E+01 5.498693E-04 2.085718E+02 4.399084E+00 3.699036E+00 2.480502E+02
3.274455E+03 1.522820E+06 3.947839E+01 5.506167E-04 2.085718E+02 4.399090E+00 3.699041E+00 2.480502E+02
3.274463E+03 1.522830E+06 3.947839E+01 5.512781E-04 2.085718E+02 4.399096E+00 3.699046E+00 2.480502E+02
3.274471E+03 1.522840E+06 3.947839E+01 5.519352E-04 2.085718E+02 4.399101E+00 3.699051E+00 2.480502E+02
3.274478E+03 1.522850E+06 3.947839E+01 5.525657E-04 2.085718E+02 4.399107E+00 3.699056E+00 2.480502E+02
3.274486E+03 1.522860E+06 3.947839E+01 5.531952E-04 2.085718E+02 4.399112E+00 3.699060E+00 2.480502E+02
3.274494E+03 1.522870E+06 3.947839E+01 5.538218E-04 2.085718E+02 4.399118E+00 3.699065E+00 2.480502E+02
3.274501E+03 1.522880E+06 3.947839E+01 5.544443E-04 2.085718E+02 4.399123E+00 3.699070E+00 2.480502E+02
3.274509E+03 1.522890E+06 3.947839E+01 5.550693E-04 2.085718E+02 4.399129E+00 3.699075E+00 2.480502E+02
3.274517E+03 1.522900E+06 3.947839E+01 5.556992E-04 2.085718E+02 4.399135E+00 3.699079E+00 2.480502E+02
3.274524E+03 1.522910E+06 3.947839E+01 5.563268E-04 2.085718E+02 4.399140E+00 3.699084E+00 2.480502E+02
3.274532E+03 1.522920E+06 3.947839E+01 5.569534E-04 2.085718E+02 4.399145E+00 3.699089E+00 2.480502E+02
3.274540E+03 1.522930E+06 3.947839E+01 5.575805E-04 2.085718E+02 4.399151E+00 3.699093E+00 2.480502E+02
3.274547E+03 1.522940E+06 3.947839E+01 5.582093E-04 2.085718E+02 4.399156E+00 3.699098E+00 2.480502E+02
3.274555E+03 1.522950E+06 3.947839E+01 5.588347E-04 2.085718E+02 4.399162E+00 3.699103E+00 2.480502E+02
3.274563E+03 1.522960E+06 3.947839E+01 5.594591E-04 2.085718E+02 4.399167E+00 3.699108E+00 2.480502E+02
3.274570E+03 1.522970E+06 3.947839E+01 5.600846E-04 2.085718E+02 4.399172E+00 3.699112E+00 2.480502E+02
3.274578E+03 1.522980E+06 3.947839E+01 5.607126E-04 2.085718E+02 4.399178E+00 3.699116E+00 2.480502E+02
3.274586E+03 1.522990E+06 3.947839E+01 5.613358E-04 2.085718E+02 4.399183E+00 3.699121E+00 2.480502E+02
3.274593E+03 1.523000E+06 3.947839E+01 5.619641E-04 2.085718E+02 4.399188E+00 3.699126E+00 2.480502E+02
3.274601E+03 1.523010E+06 3.947839E+01 5.625958E-04 2.085718E+02 4.399193E+00 3.699130E+00 2.480502E+02
3.274609E+03 1.523020E+06 3.947839E+01 5.632232E-04 2.085718E+02 4.399198E+00 3.699134E+00 2.480502E+02
3.274617E+03 1.523030E+06 3.947839E+01 5.638590E-04 2.085718E+02 4.399203E+00 3.699138E+00 2.480502E+02
3.274624E+03 1.523040E+06 3.947839E+01 5.644934E-04 2.085718E+02 4.399208E+00 3.699143E+00 2.480502E+02
3.274632E+03 1.523050E+06 3.947839E+01 5.651303E-04 2.085718E+02 4.399213E+00 3.699147E+00 2.480502E+02
3.274640E+03 1.523060E+06 3.947839E+01 5.657693E-04 2.085718E+02 4.399218E+00 3.699151E+00 2.480502E+02
3.274648E+03 1.523070E+06 3.947839E+01 5.664319E-04 2.085718E+02 4.399224E+00 3.699156E+00 2.480502E+02
3.274656E+03 1.523080E+06 3.947839E+01 5.670956E-04 2.085718E+02 4.399229E+00 3.699161E+00 2.480502E+02
3.274664E+03 1.523090E+06 3.947839E+01 5.677529E-04 2.085718E+02 4.399233E+00 3.699165E+00 2.480502E+02
3.274672E+03 1.523100E+06 3.947839E+01 5.684150E-04 2.085718E+02 4.399238E+00 3.699169E+00 2.480502E+02
3.274680E+03 1.523110E+06 3.947839E+01 5.690754E-04 2.085718E+02 4.399244E+00 3.699173E+00 2.480502E+02
3.274688E+03 1.523120E+06 3.947839E+01 5.697382E-04 2.085718E+02 4.399248E+00 3.699177E+00 2.480502E+02
3.274697E+03 1.523130E+06 3.947839E+01 5.704245E-04 2.085718E+02 4.399253E+00 3.699182E+00 2.480502E+02
3.274705E+03 1.523140E+06 3.947839E+01 5.711127E-04 2.085718E+02 4.399258E+00 3.699186E+00 2.480502E+02
3.274713E+03 1.523150E+06 3.947839E+01 5.717879E-04 2.085718E+02 4.399263E+00 3.699190E+00 2.480502E+02
3.274721E+03 1.523160E+06 3.947839E+01 5.724661E-04 2.085718E+02 4.399267E+00 3.699194E+00 2.480502E+02
3.274729E+03 1.523170E+06 3.947839E+01 5.731224E-04 2.085718E+02 4.399272E+00 3.699198E+00 2.480502E+02
3.274737E+03 1.523180E+06 3.947839E+01 5.737801E-04 2.085718E+02 4.399277E+00 3.699202E+00 2.480502E+02
3.274746E+03 1.523190E+06 3.947839E+01 5.744443E-04 2.085718E+02 4.399282E+00 3.699206E+00 2.480502E+02
3.274754E+03 1.523200E+06 3.947839E+01 5.751220E-04 2.085718E+02 4.399286E+00 3.699210E+00 2.480502E+02
3.274762E+03 1.523210E+06 3.947839E+01 5.757847E-04 2.085718E+02 4.399290E+00 3.699214E+00 2.480502E+02
3.274770E+03 1.523220E+06 3.947839E+01 5.764492E-04 2.085718E+02 4.399295E+00 3.699217E+00 2.480502E+02
3.274777E+03 1.523230E+06 3.947839E+01 5.770869E-04 2.085718E+02 4.399299E+00 3.699221E+00 2.480502E+02
3.274785E+03 1.523240E+06 3.947839E+01 5.777244E-04 2.085718E+02 4.399303E+00 3.699225E+00 2.480502E+02
3.274793E+03 1.523250E+06 3.947839E+01 5.783681E-04 2.085718E+02 4.399307E+00 3.699228E+00 2.480502E+02
3.274801E+03 1.523260E+06 3.947839E+01 5.790189E-04 2.085718E+02 4.399310E+00 3.699231E+00 2.480502E+02
3.274808E+03 1.523270E+06 3.947839E+01 5.796513E-04 2.085718E+02 4.399314E+00 3.699234E+00 2.480502E+02
3.274816E+03 1.523280E+06 3.947839E+01 5.802819E-04 2.085718E+02 4.399317E+00 3.699237E+00 2.480502E+02
3.274823E+03 1.523290E+06 3.947839E+01 5.809149E-04 2.085718E+02 4.399321E+00 3.699240E+00 2.480502E+02
3.274831E+03 1.523300E+06 3.947839E+01 5.815352E-04 2.085718E+02 4.399324E+00 3.699243E+00 2.480502E+02
3.274838E+03 1.523310E+06 3.947839E+01 5.821229E-04 2.085718E+02 4.399328E+00 3.699246E+00 2.480502E+02
3.274845E+03 1.523320E+06 3.947839E+01 5.827448E-04 2.085718E+02 4.399331E+00 3.699249E+00 2.480502E+02
3.274853E+03 1.523330E+06 3.947839E+01 5.833650E-04 2.085718E+02 4.399334E+00 3.699252E+00 2.480502E+02
3.274860E+03 1.523340E+06 3.947839E+01 5.839838E-04 2.085718E+02 4.399337E+00 3.699254E+00 2.480502E+02
3.274868E+03 1.523350E+06 3.947839E+01 5.846033E-04 2.085718E+02 4.399340E+00 3.699257E+00 2.480502E+02
3.274875E+03 1.523360E+06 3.947839E+01 5.852187E-04 2.085718E+02 4.399344E+00 3.699260E+00 2.480502E+02
3.274882E+03 1.523370E+06 3.947839E+01 5.858043E-04 2.085718E+02 4.399347E+00 3.699263E+00 2.480502E+02
3.274889E+03 1.523380E+06 3.947839E+01 5.864059E-04 2.085718E+02 4.399350E+00 3.699265E+00 2.480502E+02
3.274896E+03 1.523390E+06 3.947839E+01 5.870290E-04 2.085718E+02 4.399353E+00 3.699268E+00 2.480502E+02
3.274904E+03 1.523400E+06 3.947839E+01 5.876445E-04 2.085718E+02 4.399356E+00 3.699271E+00 2.480502E+02
3.274911E+03 1.523410E+06 3.947839E+01 5.882440E-04 2.085718E+02 4.399359E+00 3.699273E+00 2.480502E+02
3.274918E+03 1.523420E+06 3.947839E+01 5.888438E-04 2.085718E+02 4.399362E+00 3.699276E+00 2.480502E+02
3.274925E+03 1.523430E+06 3.947839E+01 5.894384E-04 2.085718E+02 4.399365E+00 3.699279E+00 2.480502E+02
3.274932E+03 1.523440E+06 3.947839E+01 5.900361E-04 2.085718E+02 4.399369E+00 3.699282E+00 2.480502E+02
3.274940E+03 1.523450E+06 3.947839E+01 5.906367E-04 2.085718E+02 4.399372E+00 3.699284E+00 2.480502E+02
3.274947E+03 1.523460E+06 3.947839E+01 5.912413E-04 2.085718E+02 4.399375E+00 3.699287E+00 2.480502E+02
3.274954E+03 1.523470E+06 3.947839E+01 5.918457E-04 2.085718E+02 4.399378E+00 3.699290E+00 2.480502E+02
3.274961E+03 1.523480E+06 3.947839E+01 5.924485E-04 2.085718E+02 4.399382E+00 3.699293E+00 2.480502E+02
3.274969E+03 1.523490E+06 3.947839E+01 5.930533E-04 2.085718E+02 4.399385E+00 3.699296E+00 2.480502E+02
3.274976E+03 1.523500E+06 3.947839E+01 5.936588E-04 2.085718E+02 4.399388E+00 3.699299E+00 2.480502E+02
3.274983E+03 1.523510E+06 3.947839E+01 5.942641E-04 2.085718E+02 4.399392E+00 3.699302E+00 2.480502E+02
3.274990E+03 1.523520E+06 3.947839E+01 5.948661E-04 2.085718E+02 4.399395E+00 3.699305E+00 2.480502E+02
3.274997E+03 1.523530E+06 3.947839E+01 5.954745E-04 2.085718E+02 4.399399E+00 3.699308E+00 2.480502E+02
3.275005E+03 1.523540E+06 3.947839E+01 5.960779E-04 2.085718E+02 4.399403E+00 3.699312E+00 2.480502E+02
3.275012E+03 1.523550E+06 3.947839E+01 5.966835E-04 2.085718E+02 4.399407E+00 3.699315E+00 2.480502E+02
3.275019E+03 1.523560E+06 3.947839E+01 5.972968E-04 2.085718E+02 4.399411E+00 3.699318E+00 2.480502E+02
3.275026E+03 1.523570E+06 3.947839E+01 5.978786E-04 2.085718E+02 4.399415E+00 3.699322E+00 2.480502E+02
3.275033E+03 1.523580E+06 3.947839E+01 5.984384E-04 2.085718E+02 4.399419E+00 3.699325E+00 2.480502E+02
3.275040E+03 1.523590E+06 3.947839E+01 5.990336E-04 2.085718E+02 4.399423E+00 3.699329E+00 2.480502E+02
3.275047E+03 1.523600E+06 3.947839E+01 5.996240E-04 2.085718E+02 4.399427E+00 3.699332E+00 2.480502E+02
3.275054E+03 1.523610E+06 3.947839E+01 6.002138E-04 2.085718E+02 4.399431E+00 3.699336E+00 2.480502E+02
3.275061E+03 1.523620E+06 3.947839E+01 6.007970E-04 2.085718E+02 4.399435E+00 3.699339E+00 2.480502E+02
3.275068E+03 1.523630E+06 3.947839E+01 6.013782E-04 2.085718E+02 4.399439E+00 3.699343E+00 2.480502E+02
3.275075E+03 1.523640E+06 3.947839E+01 6.019298E-04 2.085718E+02 4.399443E+00 3.699347E+00 2.480502E+02
3.275082E+03 1.523650E+06 3.947839E+01 6.024882E-04 2.085718E+02 4.399448E+00 3.699350E+00 2.480502E+02
3.275089E+03 1.523660E+06 3.947839E+01 6.030618E-04 2.085718E+02 4.399452E+00 3.699354E+00 2.480502E+02
3.275096E+03 1.523670E+06 3.947839E+01 6.036403E-04 2.085718E+02 4.399456E+00 3.699358E+00 2.480502E+02
3.275103E+03 1.523680E+06 3.947839E+01 6.042119E-04 2.085718E+02 4.399460E+00 3.699361E+00 2.480502E+02
3.275110E+03 1.523690E+06 3.947839E+01 6.047834E-04 2.085718E+02 4.399465E+00 3.699365E+00 2.480502E+02
3.275117E+03 1.523700E+06 3.947839E+01 6.053619E-04 2.085718E+02 4.399469E+00 3.699369E+00 2.480502E+02
3.275124E+03 1.523710E+06 3.947839E+01 6.059317E-04 2.085718E+02 4.399474E+00 3.699373E+00 2.480502E+02
3.275131E+03 1.523720E+06 3.947839E+01 6.065051E-04 2.085718E+02 4.399478E+00 3.699377E+00 2.480502E+02
3.275138E+03 1.523730E+06 3.947838E+01 6.070806E-04 2.085718E+02 4.399482E+00 3.699380E+00 2.480502E+02
3.275145E+03 1.523740E+06 3.947838E+01 6.076475E-04 2.085718E+02 4.399487E+00 3.699384E+00 2.480502E+02
3.275152E+03 1.523750E+06 3.947838E+01 6.082191E-04 2.085718E+02 4.399491E+00 3.699388E+00 2.480502E+02
3.275159E+03 1.523760E+06 3.947838E+01 6.087899E-04 2.085718E+02 4.399496E+00 3.699392E+00 2.480502E+02
3.275166E+03 1.523770E+06 3.947838E+01 6.093567E-04 2.085718E+02 4.399501E+00 3.699396E+00 2.480502E+02
3.275172E+03 1.523780E+06 3.947838E+01 6.099227E-04 2.085718E+02 4.399505E+00 3.699400E+00 2.480502E+02
3.275179E+03 1.523790E+06 3.947838E+01 6.104901E-04 2.085718E+02 4.399510E+00 3.699404E+00 2.480502E+02
3.275186E+03 1.523800E+06 3.947838E+01 6.110570E-04 2.085718E+02 4.399514E+00 3.699407E+00 2.480502E+02
3.275193E+03 1.523810E+06 3.947838E+01 6.116381E-04 2.085718E+02 4.399518E+00 3.699411E+00 2.480502E+02
3.275200E+03 1.523820E+06 3.947838E+01 6.122120E-04 2.085718E+02 4.399522E+00 3.699415E+00 2.480502E+02
3.275207E+03 1.523830E+06 3.947838E+01 6.127753E-04 2.085718E+02 4.399527E+00 3.699418E+00 2.480502E+02
3.275214E+03 1.523840E+06 3.947838E+01 6.133419E-04 2.085718E+02 4.399531E+00 3.699422E+00 2.480502E+02
3.275220E+03 1.523850E+06 3.947838E+01 6.139014E-04 2.085718E+02 4.399536E+00 3.699426E+00 2.480502E+02
3.275227E+03 1.523860E+06 3.947838E+01 6.144623E-04 2.085718E+02 4.399540E+00 3.699430E+00 2.480502E+02
3.275234E+03 1.523870E+06 3.947838E+01 6.150195E-04 2.085718E+02 4.399544E+00 3.699434E+00 2.480502E+02
3.275241E+03 1.523880E+06 3.947838E+01 6.155774E-04 2.085718E+02 4.399548E+00 3.699437E+00 2.480502E+02
3.275247E+03 1.523890E+06 3.947838E+01 6.161235E-04 2.085718E+02 4.399553E+00 3.699441E+00 2.480502E+02
3.275254E+03 1.523900E+06 3.947838E+01 6.166703E-04 2.085718E+02 4.399557E+00 3.699444E+00 2.480502E+02
3.275261E+03 1.523910E+06 3.947838E+01 6.172229E-04 2.085718E+02 4.399561E+00 3.699448E+00 2.480502E+02
3.275267E+03 1.523920E+06 3.947838E+01 6.177739E-04 2.085718E+02 4.399565E+00 3.699451E+00 2.480502E+02
3.275274E+03 1.523930E+06 3.947838E+01 6.183318E-04 2.085718E+02 4.399569E+00 3.699455E+00 2.480502E+02
3.275281E+03 1.523940E+06 3.947838E+01 6.188959E-04 2.085718E+02 4.399573E+00 3.699458E+00 2.480502E+02
3.275288E+03 1.523950E+06 3.947838E+01 6.194585E-04 2.085718E+02 4.399577E+00 3.699462E+00 2.480502E+02
3.275294E+03 1.523960E+06 3.947838E+01 6.200177E-04 2.085718E+02 4.399581E+00 3.699466E+00 2.480502E+02
3.275301E+03 1.523970E+06 3.947838E+01 6.205778E-04 2.085718E+02 4.399586E+00 3.699469E+00 2.480502E+02
3.275308E+03 1.523980E+06 3.947838E+01 6.211390E-04 2.085718E+02 4.399589E+00 3.699473E+00 2.480502E+02
3.275315E+03 1.523990E+06 3.947838E+01 6.216945E-04 2.085718E+02 4.399594E+00 3.699476E+00 2.480502E+02
3.275321E+03 1.524000E+06 3.947838E+01 6.222595E-04 2.085718E+02 4.399597E+00 3.699479E+00 2.480502E+02
3.275328E+03 1.524010E+06 3.947838E+01 6.228252E-04 2.085718E+02 4.399601E+00 3.699483E+00 2.480502E+02
3.275335E+03 1.524020E+06 3.947838E+01 6.233940E-04 2.085718E+02 4.399605E+00 3.699486E+00 2.480502E+02
3.275342E+03 1.524030E+06 3.947838E+01 6.239630E-04 2.085718E+02 4.399609E+00 3.699489E+00 2.480502E+02
3.275349E+03 1.524040E+06 3.947838E+01 6.245359E-04 2.085718E+02 4.399612E+00 3.699492E+00 2.480502E+02
3.275355E+03 1.524050E+06 3.947838E+01 6.251048E-04 2.085718E+02 4.399616E+00 3.699496E+00 2.480502E+02
3.275362E+03 1.524060E+06 3.947838E+01 6.256755E-04 2.085718E+02 4.399620E+00 3.699499E+00 2.480502E+02
3.275369E+03 1.524070E+06 3.947838E+01 6.262456E-04 2.085718E+02 4.399624E+00 3.699502E+00 2.480502E+02
3.275376E+03 1.524080E+06 3.947838E+01 6.268086E-04 2.085718E+02 4.399628E+00 3.699506E+00 2.480502E+02
3.275383E+03 1.524090E+06 3.947838E+01 6.273890E-04 2.085718E+02 4.399631E+00 3.699509E+00 2.480502E+02
3.275390E+03 1.524100E+06 3.947838E+01 6.279824E-04 2.085718E+02 4.399635E+00 3.699512E+00 2.480502E+02
3.275397E+03 1.524110E+06 3.947838E+01 6.285807E-04 2.085718E+02 4.399639E+00 3.699515E+00 2.480502E+02
3.275404E+03 1.524120E+06 3.947838E+01 6.291907E-04 2.085718E+02 4.399642E+00 3.699518E+00 2.480502E+02
3.275412E+03 1.524130E+06 3.947838E+01 6.297997E-04 2.085718E+02 4.399646E+00 3.699521E+00 2.480502E+02
3.275419E+03 1.524140E+06 3.947838E+01 6.304071E-04 2.085718E+02 4.399650E+00 3.699525E+00 2.480502E+02
3.275426E+03 1.524150E+06 3.947838E+01 6.310143E-04 2.085718E+02 4.399653E+00 3.699528E+00 2.480502E+02
3.275434E+03 1.524160E+06 3.947838E+01 6.316376E-04 2.085718E+02 4.399657E+00 3.699531E+00 2.480502E+02
3.275441E+03 1.524170E+06 3.947838E+01 6.322691E-04 2.085718E+02 4.399661E+00 3.699534E+00 2.480502E+02
3.275449E+03 1.524180E+06 3.947838E+01 6.329054E-04 2.085718E+02 4.399664E+00 3.699537E+00 2.480502E+02
3.275457E+03 1.524190E+06 3.947838E+01 6.335624E-04 2.085718E+02 4.399668E+00 3.699541E+00 2.480502E+02
3.275464E+03 1.524200E+06 3.947838E+01 6.342164E-04 2.085718E+02 4.399672E+00 3.699544E+00 2.480502E+02
3.275472E+03 1.524210E+06 3.947838E+01 6.348648E-04 2.085718E+02 4.399676E+00 3.699547E+00 2.480502E+02
3.275480E+03 1.524220E+06 3.947838E+01 6.355187E-04 2.085718E+02 4.399680E+00 3.699551E+00 2.480502E+02
3.275488E+03 1.524230E+06 3.947838E+01 6.361861E-04 2.085718E+02 4.399684E+00 3.699554E+00 2.480502E+02
3.275496E+03 1.524240E+06 3.947838E+01 6.368536E-04 2.085718E+02 4.399687E+00 3.699557E+00 2.480502E+02
3.275504E+03 1.524250E+06 3.947838E+01 6.375257E-04 2.085718E+02 4.399691E+00 3.699561E+00 2.480502E+02
3.275512E+03 1.524260E+06 3.947838E+01 6.381985E-04 2.085718E+02 4.399695E+00 3.699564E+00 2.480502E+02
3.275519E+03 1.524270E+06 3.947838E+01 6.388342E-04 2.085718E+02 4.399699E+00 3.699567E+00 2.480502E+02
3.275527E+03 1.524280E+06 3.947838E+01 6.394437E-04 2.085718E+02 4.399703E+00 3.699571E+00 2.480502E+02
3.275534E+03 1.524290E+06 3.947838E+01 6.400576E-04 2.085718E+02 4.399707E+00 3.699574E+00 2.480502E+02
3.275541E+03 1.524300E+06 3.947838E+01 6.406694E-04 2.085718E+02 4.399710E+00 3.699577E+00 2.480502E+02
3.275548E+03 1.524310E+06 3.947838E+01 6.412783E-04 2.085718E+02 4.399714E+00 3.699580E+00 2.480502E+02
3.275556E+03 1.524320E+06 3.947838E+01 6.418814E-04 2.085718E+02 4.399717E+00 3.699583E+00 2.480502E+02
3.275563E+03 1.524330E+06 3.947838E+01 6.424847E-04 2.085718E+02 4.399721E+00 3.699586E+00 2.480502E+02
3.275570E+03 1.524340E+06 3.947838E+01 6.430941E-04 2.085718E+02 4.399724E+00 3.699590E+00 2.480502E+02
3.275577E+03 1.524350E+06 3.947838E+01 6.437165E-04 2.085718E+02 4.399728E+00 3.699593E+00 2.480502E+02
3.275584E+03 1.524360E+06 3.947838E+01 6.443240E-04 2.085718E+02 4.399731E+00 3.699595E+00 2.480502E+02
3.275591E+03 1.524370E+06 3.947838E+01 6.449129E-04 2.085718E+02 4.399735E+00 3.699598E+00 2.480502E+02
3.275598E+03 1.524380E+06 3.947838E+01 6.454983E-04 2.085718E+02 4.399738E+00 3.699601E+00 2.480502E+02
3.275605E+03 1.524390E+06 3.947838E+01 6.460889E-04 2.085718E+02 4.399741E+00 3.699604E+00 2.480502E+02
3.275612E+03 1.524400E+06 3.947838E+01 6.466980E-04 2.085718E+02 4.399745E+00 3.699607E+00 2.480502E+02
3.275620E+03 1.524410E+06 3.947838E+01 6.473224E-04 2.085718E+02 4.399748E+00 3.699610E+00 2.480502E+02
3.275627E+03 1.524420E+06 3.947838E+01 6.479480E-04 2.085718E+02 4.399752E+00 3.699613E+00 2.480502E+02
3.275635E+03 1.524430E+06 3.947838E+01 6.485982E-04 2.085718E+02 4.399755E+00 3.699616E+00 2.480502E+02
3.275642E+03 1.524440E+06 3.947838E+01 6.492525E-04 2.085718E+02 4.399759E+00 3.699620E+00 2.480502E+02
3.275650E+03 1.524450E+06 3.947838E+01 6.499270E-04 2.085718E+02 4.399763E+00 3.699623E+00 2.480502E+02
3.275658E+03 1.524460E+06 3.947838E+01 6.505978E-04 2.085718E+02 4.399767E+00 3.699626E+00 2.480502E+02
3.275666E+03 1.524470E+06 3.947838E+01 6.512701E-04 2.085718E+02 4.399770E+00 3.699630E+00 2.480502E+02
3.275674E+03 1.524480E+06 3.947838E+01 6.519379E-04 2.085718E+02 4.399774E+00 3.699633E+00 2.480502E+02
3.275682E+03 1.524490E+06 3.947838E+01 6.526023E-04 2.085718E+02 4.399778E+00 3.699636E+00 2.480502E+02
3.275690E+03 1.524500E+06 3.947838E+01 6.532735E-04 2.085718E+02 4.399782E+00 3.699639E+00 2.480502E+02
3.275698E+03 1.524510E+06 3.947838E+01 6.539427E-04 2.085718E+02 4.399785E+00 3.699642E+00 2.480502E+02
3.275706E+03 1.524520E+06 3.947838E+01 6.546147E-04 2.085718E+02 4.399788E+00 3.699645E+00 2.480502E+02
3.275714E+03 1.524530E+06 3.947838E+01 6.552810E-04 2.085718E+02 4.399792E+00 3.699648E+00 2.480502E+02
3.275722E+03 1.524540E+06 3.947838E+01 6.559555E-04 2.085718E+02 4.399796E+00 3.699651E+00 2.480502E+02
3.275730E+03 1.524550E+06 3.947838E+01 6.566478E-04 2.085718E+02 4.399799E+00 3.699654E+00 2.480502E+02
3.275738E+03 1.524560E+06 3.947838E+01 6.573473E-04 2.085718E+02 4.399803E+00 3.699658E+00 2.480502E+02
3.275746E+03 1.524570E+06 3.947838E+01 6.580436E-04 2.085718E+02 4.399807E+00 3.699661E+00 2.480502E+02
3.275754E+03 1.524580E+06 3.947838E+01 6.587400E-04 2.085718E+02 4.399811E+00 3.699665E+00 2.480502E+02
3.275763E+03 1.524590E+06 3.947838E+01 6.594371E-04 2.085718E+02 4.399815E+00 3.699668E+00 2.480502E+02
3.275771E+03 1.524600E+06 3.947838E+01 6.601285E-04 2.085718E+02 4.399819E+00 3.699672E+00 2.480502E+02
3.275779E+03 1.524610E+06 3.947838E+01 6.608173E-04 2.085718E+02 4.399823E+00 3.699676E+00 2.480502E+02
3.275787E+03 1.524620E+06 3.947838E+01 6.614977E-04 2.085718E+02 4.399828E+00 3.699679E+00 2.480502E+02
3.275795E+03 1.524630E+06 3.947838E+01 6.621749E-04 2.085718E+02 4.399832E+00 3.699683E+00 2.480502E+02
3.275803E+03 1.524640E+06 3.947838E+01 6.628477E-04 2.085718E+02 4.399836E+00 3.699686E+00 2.480502E+02
3.275811E+03 1.524650E+06 3.947838E+01 6.635082E-04 2.085718E+02 4.399840E+00 3.699690E+00 2.480502E+02
3.275818E+03 1.524660E+06 3.947838E+01 6.641562E-04 2.085718E+02 4.399844E+00 3.699693E+00 2.480502E+02
3.275826E+03 1.524670E+06 3.947838E+01 6.648401E-04 2.085718E+02 4.399848E+00 3.699697E+00 2.480502E+02
3.275834E+03 1.524680E+06 3.947838E+01 6.655143E-04 2.085718E+02 4.399852E+00 3.699700E+00 2.480502E+02
3.275842E+03 1.524690E+06 3.947838E+01 6.661827E-04 2.085718E+02 4.399856E+00 3.699703E+00 2.480502E+02
3.275850E+03 1.524700E+06 3.947838E+01 6.668484E-04 2.085718E+02 4.399860E+00 3.699707E+00 2.480502E+02
3.275857E+03 1.524710E+06 3.947838E+01 6.675006E-04 2.085718E+02 4.399863E+00 3.699710E+00 2.480502E+02
3.275865E+03 1.524720E+06 3.947838E+01 6.681475E-04 2.085718E+02 4.399867E+00 3.699713E+00 2.480502E+02
3.275873E+03 1.524730E+06 3.947838E+01 6.688167E-04 2.085718E+02 4.399871E+00 3.699717E+00 2.480502E+02
3.275881E+03 1.524740E+06 3.947838E+01 6.694972E-04 2.085718E+02 4.399875E+00 3.699720E+00 2.480502E+02
3.275889E+03 1.524750E+06 3.947838E+01 6.701769E-04 2.085718E+02 4.399878E+00 3.699723E+00 2.480502E+02
3.275897E+03 1.524760E+06 3.947838E+01 6.708586E-04 2.085718E+02 4.399882E+00 3.699727E+00 2.480502E+02
3.275904E+03 1.524770E+06 3.947838E+01 6.715360E-04 2.085718E+02 4.399886E+00 3.699730E+00 2.480502E+02
3.275912E+03 1.524780E+06 3.947838E+01 6.722216E-04 2.085718E+02 4.399890E+00 3.699733E+00 2.480502E+02
3.275920E+03 1.524790E+06 3.947838E+01 6.728968E-04 2.085718E+02 4.399893E+00 3.699737E+00 2.480502E+02
3.275928E+03 1.524800E+06 3.947838E+01 6.735727E-04 2.085718E+02 4.399897E+00 3.699740E+00 2.480502E+02
3.275936E+03 1.524810E+06 3.947838E+01 6.742485E-04 2.085718E+02 4.399901E+00 3.699743E+00 2.480502E+02
3.275944E+03 1.524820E+06 3.947838E+01 6.749356E-04 2.085718E+02 4.399905E+00 3.699746E+00 2.480502E+02
3.275952E+03 1.524830E+06 3.947838E+01 6.756108E-04 2.085718E+02 4.399908E+00 3.699749E+00 2.480502E+02
3.275960E+03 1.524840E+06 3.947838E+01 6.762880E-04 2.085718E+02 4.399912E+00 3.699753E+00 2.480502E+02
3.275968E+03 1.524850E+06 3.947838E+01 6.769705E-04 2.085718E+02 4.399916E+00 3.699756E+00 2.480502E+02
3.275976E+03 1.524860E+06 3.947838E+01 6.776577E-04 2.085718E+02 4.399920E+00 3.699759E+00 2.480502E+02
3.275984E+03 1.524870E+06 3.947838E+01 6.783536E-04 2.085718E+02 4.399923E+00 3.699762E+00 2.480502E+02
3.275992E+03 1.524880E+06 3.947838E+01 6.790462E-04 2.085718E+02 4.399927E+00 3.699766E+00 2.480502E+02
3.276000E+03 1.524890E+06 3.947838E+01 6.797284E-04 2.085718E+02 4.399931E+00 3.699769E+00 2.480502E+02
3.276008E+03 1.524900E+06 3.947838E+01 6.804173E-04 2.085718E+02 4.399936E+00 3.699773E+00 2.480502E+02
3.276016E+03 1.524910E+06 3.947838E+01 6.811071E-04 2.085718E+02 4.399940E+00 3.699777E+00 2.480502E+02
3.276024E+03 1.524920E+06 3.947838E+01 6.818021E-04 2.085718E+02 4.399944E+00 3.699780E+00 2.480502E+02
3.276033E+03 1.524930E+06 3.947837E+01 6.824982E-04 2.085718E+02 4.399948E+00 3.699784E+00 2.480502E+02
3.276041E+03 1.524940E+06 3.947837E+01 6.831904E-04 2.085718E+02 4.399953E+00 3.699788E+00 2.480502E+02
3.276049E+03 1.524950E+06 3.947837E+01 6.838878E-04 2.085718E+02 4.399956E+00 3.699791E+00 2.480502E+02
3.276057E+03 1.524960E+06 3.947837E+01 6.845823E-04 2.085718E+02 4.399961E+00 3.699795E+00 2.480502E+02
3.276065E+03 1.524970E+06 3.947837E+01 6.852792E-04 2.085718E+02 4.399965E+00 3.699799E+00 2.480502E+02
3.276074E+03 1.524980E+06 3.947837E+01 6.859829E-04 2.085718E+02 4.399969E+00 3.699802E+00 2.480502E+02
3.276082E+03 1.524990E+06 3.947837E+01 6.866761E-04 2.085718E+02 4.399973E+00 3.699806E+00 2.480502E+02
3.276090E+03 1.525000E+06 3.947837E+01 6.873602E-04 2.085718E+02 4.399977E+00 3.699809E+00 2.480502E+02
3.276098E+03 1.525010E+06 3.947837E+01 6.880534E-04 2.085718E+02 4.399982E+00 3.699813E+00 2.480502E+02
3.276106E+03 1.525020E+06 3.947837E+01 6.887461E-04 2.085718E+02 4.399985E+00 3.699816E+00 2.480502E+02
3.276114E+03 1.525030E+06 3.947837E+01 6.894352E-04 2.085718E+02 4.399990E+00 3.699820E+00 2.480502E+02
3.276123E+03 1.525040E+06 3.947837E+01 6.901230E-04 2.085718E+02 4.399994E+00 3.699824E+00 2.480502E+02
3.276131E+03 1.525050E+06 3.947837E+01 6.908168E-04 2.085718E+02 4.399998E+00 3.699827E+00 2.480502E+02
3.276139E+03 1.525060E+06 3.947837E+01 6.915070E-04 2.085718E+02 4.400002E+00 3.699831E+00 2.480502E+02
3.276147E+03 1.525070E+06 3.947837E+01 6.922009E-04 2.085718E+02 4.400005E+00 3.699834E+00 2.480502E+02
3.276155E+03 1.525080E+06 3.947837E+01 6.928910E-04 2.085718E+02 4.400010E+00 3.699837E+00 2.480502E+02
3.276163E+03 1.525090E+06 3.947837E+01 6.935884E-04 2.085718E+02 4.400014E+00 3.699841E+00 2.480502E+02
3.276172E+03 1.525100E+06 3.947837E+01 6.942955E-04 2.085718E+02 4.400017E+00 3.699844E+00 2.480502E+02
3.276180E+03 1.525110E+06 3.947837E+01 6.949942E-04 2.085718E+02 4.400021E+00 3.699847E+00 2.480502E+02
3.276188E+03 1.525120E+06 3.947837E+01 6.956883E-04 2.085718E+02 4.400024E+00 3.699850E+00 2.480502E+02
3.276196E+03 1.525130E+06 3.947837E+01 6.963846E-04 2.085718E+02 4.400027E+00 3.699852E+00 2.480502E+02
3.276204E+03 1.525140E+06 3.947837E+01 6.970799E-04 2.085718E+02 4.400030E+00 3.699855E+00 2.480502E+02
3.276212E+03 1.525150E+06 3.947837E+01 6.977755E-04 2.085718E+02 4.400033E+00 3.699858E+00 2.480502E+02
3.276221E+03 1.525160E+06 3.947837E+01 6.984640E-04 2.085718E+02 4.400035E+00 3.699860E+00 2.480502E+02
3.276229E+03 1.525170E+06 3.947837E+01 6.991460E-04 2.085718E+02 4.400038E+00 3.699863E+00 2.480502E+02
3.276237E+03 1.525180E+06 3.947837E+01 6.998297E-04 2.085718E+02 4.400041E+00 3.699865E+00 2.480502E+02
3.276245E+03 1.525190E+06 3.947837E+01 7.005132E-04 2.085718E+02 4.400044E+00 3.699868E+00 2.480502E+02
3.276252E+03 1.525200E+06 3.947837E+01 7.011716E-04 2.085718E+02 4.400047E+00 3.699870E+00 2.480502E+02
3.276260E+03 1.525210E+06 3.947837E+01 7.018268E-04 2.085718E+02 4.400049E+00 3.699872E+00 2.480502E+02
3.276268E+03 1.525220E+06 3.947837E+01 7.024911E-04 2.085718E+02 4.400051E+00 3.699874E+00 2.480502E+02
3.276276E+03 1.525230E+06 3.947837E+01 7.031606E-04 2.085718E+02 4.400054E+00 3.699876E+00 2.480502E+02
3.276283E+03 1.525240E+06 3.947837E+01 7.038272E-04 2.085718E+02 4.400057E+00 3.699879E+00 2.480502E+02
3.276291E+03 1.525250E+06 3.947837E+01 7.044958E-04 2.085718E+02 4.400059E+00 3.699881E+00 2.480502E+02
3.276299E+03 1.525260E+06 3.947837E+01 7.051603E-04 2.085718E+02 4.400062E+00 3.699883E+00 2.480502E+02
3.276307E+03 1.525270E+06 3.947837E+01 7.058235E-04 2.085718E+02 4.400065E+00 3.699886E+00 2.480502E+02
3.276314E+03 1.525280E+06 3.947837E+01 7.064902E-04 2.085718E+02 4.400068E+00 3.699888E+00 2.480502E+02
3.276322E+03 1.525290E+06 3.947837E+01 7.071400E-04 2.085718E+02 4.400071E+00 3.699891E+00 2.480502E+02
3.276330E+03 1.525300E+06 3.947837E+01 7.077783E-04 2.085718E+02 4.400073E+00 3.699893E+00 2.480502E+02
3.276337E+03 1.525310E+06 3.947837E+01 7.084254E-04 2.085718E+02 4.400076E+00 3.699896E+00 2.480502E+02
3.276344E+03 1.525320E+06 3.947837E+01 7.090463E-04 2.085718E+02 4.400079E+00 3.699898E+00 2.480502E+02
3.276352E+03 1.525330E+06 3.947837E+01 7.096645E-04 2.085718E+02 4.400082E+00 3.699901E+00 2.480502E+02
3.276359E+03 1.525340E+06 3.947837E+01 7.102796E-04 2.085718E+02 4.400084E+00 3.699903E+00 2.480502E+02
3.276366E+03 1.525350E+06 3.947837E+01 7.109108E-04 2.085718E+02 4.400087E+00 3.699906E+00 2.480502E+02
3.276374E+03 1.525360E+06 3.947837E+01 7.115429E-04 2.085718E+02 4.400090E+00 3.699908E+00 2.480502E+02
3.276381E+03 1.525370E+06 3.947837E+01 7.121694E-04 2.085718E+02 4.400092E+00 3.699910E+00 2.480502E+02
3.276389E+03 1.525380E+06 3.947837E+01 7.128046E-04 2.085718E+02 4.400095E+00 3.699912E+00 2.480502E+02
3.276396E+03 1.525390E+06 3.947837E+01 7.134347E-04 2.085718E+02 4.400098E+00 3.699915E+00 2.480502E+02
3.276403E+03 1.525400E+06 3.947837E+01 7.140629E-04 2.085718E+02 4.400101E+00 3.699918E+00 2.480502E+02
3.276411E+03 1.525410E+06 3.947837E+01 7.147004E-04 2.085718E+02 4.400104E+00 3.699921E+00 2.480502E+02
3.276419E+03 1.525420E+06 3.947837E+01 7.153409E-04 2.085718E+02 4.400108E+00 3.699923E+00 2.480502E+02
3.276426E+03 1.525430E+06 3.947837E+01 7.159855E-04 2.085718E+02 4.400111E+00 3.699926E+00 2.480502E+02
3.276434E+03 1.525440E+06 3.947837E+01 7.166220E-04 2.085718E+02 4.400114E+00 3.699929E+00 2.480502E+02
3.276441E+03 1.525450E+06 3.947837E+01 7.172613E-04 2.085718E+02 4.400117E+00 3.699932E+00 2.480502E+02
3.276449E+03 1.525460E+06 3.947837E+01 7.179014E-04 2.085718E+02 4.400120E+00 3.699934E+00 2.480502E+02
3.276456E+03 1.525470E+06 3.947837E+01 7.185473E-04 2.085718E+02 4.400124E+00 3.699937E+00 2.480502E+02
3.276464E+03 1.525480E+06 3.947837E+01 7.192111E-04 2.085718E+02 4.400127E+00 3.699941E+00 2.480502E+02
3.276472E+03 1.525490E+06 3.947837E+01 7.198627E-04 2.085718E+02 4.400131E+00 3.699944E+00 2.480502E+02
3.276480E+03 1.525500E+06 3.947837E+01 7.205147E-04 2.085718E+02 4.400135E+00 3.699948E+00 2.480502E+02
3.276487E+03 1.525510E+06 3.947837E+01 7.211775E-04 2.085718E+02 4.400139E+00 3.699951E+00 2.480502E+02
3.276495E+03 1.525520E+06 3.947837E+01 7.218439E-04 2.085718E+02 4.400144E+00 3.699955E+00 2.480502E+02
3.276503E+03 1.525530E+06 3.947837E+01 7.225061E-04 2.085718E+02 4.400148E+00 3.699958E+00 2.480502E+02
3.276511E+03 1.525540E+06 3.947837E+01 7.231659E-04 2.085718E+02 4.400152E+00 3.699962E+00 2.480502E+02
3.276519E+03 1.525550E+06 3.947837E+01 7.238360E-04 2.085718E+02 4.400156E+00 3.699966E+00 2.480502E+02
3.276527E+03 1.525560E+06 3.947837E+01 7.245007E-04 2.085718E+02 4.400161E+00 3.699970E+00 2.480502E+02
3.276535E+03 1.525570E+06 3.947837E+01 7.251663E-04 2.085718E+02 4.400166E+00 3.699974E+00 2.480502E+02
3.276543E+03 1.525580E+06 3.947837E+01 7.258269E-04 2.085718E+02 4.400171E+00 3.699978E+00 2.480502E+02
3.276551E+03 1.525590E+06 3.947837E+01 7.264916E-04 2.085718E+02 4.400176E+00 3.699983E+00 2.480502E+02
3.276558E+03 1.525600E+06 3.947837E+01 7.271632E-04 2.085718E+02 4.400181E+00 3.699987E+00 2.480502E+02
3.276566E+03 1.525610E+06 3.947837E+01 7.278222E-04 2.085718E+02 4.400187E+00 3.699992E+00 2.480502E+02
3.276574E+03 1.525620E+06 3.947837E+01 7.284877E-04 2.085718E+02 4.400192E+00 3.699996E+00 2.480502E+02
3.276582E+03 1.525630E+06 3.947837E+01 7.291475E-04 2.085718E+02 4.400197E+00 3.700001E+00 2.480502E+02
3.276590E+03 1.525640E+06 3.947837E+01 7.298013E-04 2.085718E+02 4.400202E+00 3.700005E+00 2.480502E+02
3.276598E+03 1.525650E+06 3.947837E+01 7.304238E-04 2.085718E+02 4.400207E+00 3.700010E+00 2.480502E+02
3.276605E+03 1.525660E+06 3.947837E+01 7.310501E-04 2.085718E+02 4.400213E+00 3.700014E+00 2.480502E+02
3.276613E+03 1.525670E+06 3.947837E+01 7.316989E-04 2.085718E+02 4.400218E+00 3.700019E+00 2.480502E+02
3.276621E+03 1.525680E+06 3.947837E+01 7.323422E-04 2.085718E+02 4.400223E+00 3.700023E+00 2.480502E+02
3.276628E+03 1.525690E+06 3.947837E+01 7.329910E-04 2.085718E+02 4.400228E+00 3.700027E+00 2.480502E+02
3.276636E+03 1.525700E+06 3.947837E+01 7.336129E-04 2.085718E+02 4.400232E+00 3.700031E+00 2.480502E+02
3.276643E+03 1.525710E+06 3.947837E+01 7.342304E-04 2.085718E+02 4.400236E+00 3.700035E+00 2.480502E+02
3.276650E+03 1.525720E+06 3.947837E+01 7.348120E-04 2.085718E+02 4.400240E+00 3.700038E+00 2.480502E+02
3.276657E+03 1.525730E+06 3.947837E+01 7.354006E-04 2.085718E+02 4.400243E+00 3.700041E+00 2.480502E+02
3.276664E+03 1.525740E+06 3.947837E+01 7.360127E-04 2.085718E+02 4.400247E+00 3.700044E+00 2.480502E+02
3.276671E+03 1.525750E+06 3.947837E+01 7.366267E-04 2.085718E+02 4.400251E+00 3.700048E+00 2.480502E+02
3.276679E+03 1.525760E+06 3.947837E+01 7.372397E-04 2.085718E+02 4.400255E+00 3.700051E+00 2.480502E+02
3.276686E+03 1.525770E+06 3.947837E+01 7.378378E-04 2.085718E+02 4.400258E+00 3.700053E+00 2.480502E+02
3.276693E+03 1.525780E+06 3.947837E+01 7.384208E-04 2.085718E+02 4.400261E+00 3.700056E+00 2.480502E+02
3.276700E+03 1.525790E+06 3.947837E+01 7.390097E-04 2.085718E+02 4.400263E+00 3.700058E+00 2.480502E+02
3.276707E+03 1.525800E+06 3.947837E+01 7.396004E-04 2.085718E+02 4.400266E+00 3.700061E+00 2.480502E+02
3.276713E+03 1.525810E+06 3.947837E+01 7.401905E-04 2.085718E+02 4.400268E+00 3.700062E+00 2.480502E+02
3.276720E+03 1.525820E+06 3.947837E+01 7.407811E-04 2.085718E+02 4.400271E+00 3.700065E+00 2.480502E+02
3.276727E+03 1.525830E+06 3.947837E+01 7.413700E-04 2.085718E+02 4.400273E+00 3.700067E+00 2.480502E+02
3.276734E+03 1.525840E+06 3.947837E+01 7.419540E-04 2.085718E+02 4.400276E+00 3.700069E+00 2.480502E+02
3.276741E+03 1.525850E+06 3.947837E+01 7.425442E-04 2.085718E+02 4.400278E+00 3.700071E+00 2.480502E+02
3.276748E+03 1.525860E+06 3.947836E+01 7.431373E-04 2.085718E+02 4.400281E+00 3.700073E+00 2.480502E+02
3.276755E+03 1.525870E+06 3.947836E+01 7.437414E-04 2.085718E+02 4.400282E+00 3.700075E+00 2.480502E+02
3.276762E+03 1.525880E+06 3.947836E+01 7.443588E-04 2.085718E+02 4.400284E+00 3.700077E+00 2.480502E+02
3.276769E+03 1.525890E+06 3.947836E+01 7.449713E-04 2.085718E+02 4.400286E+00 3.700079E+00 2.480502E+02
3.276777E+03 1.525900E+06 3.947836E+01 7.455770E-04 2.085718E+02 4.400288E+00 3.700080E+00 2.480502E+02
3.276784E+03 1.525910E+06 3.947836E+01 7.461899E-04 2.085718E+02 4.400291E+00 3.700082E+00 2.480502E+02
3.276791E+03 1.525920E+06 3.947836E+01 7.467995E-04 2.085718E+02 4.400293E+00 3.700084E+00 2.480502E+02
3.276798E+03 1.525930E+06 3.947836E+01 7.474087E-04 2.085718E+02 4.400295E+00 3.700086E+00 2.480502E+02
3.276805E+03 1.525940E+06 3.947836E+01 7.480145E-04 2.085718E+02 4.400297E+00 3.700088E+00 2.480502E+02
3.276812E+03 1.525950E+06 3.947836E+01 7.486342E-04 2.085718E+02 4.400299E+00 3.700090E+00 2.480502E+02
3.276819E+03 1.525960E+06 3.947836E+01 7.492504E-04 2.085718E+02 4.400301E+00 3.700092E+00 2.480502E+02
3.276826E+03 1.525970E+06 3.947836E+01 7.498551E-04 2.085718E+02 4.400303E+00 3.700094E+00 2.480502E+02
3.276833E+03 1.525980E+06 3.947836E+01 7.504661E-04 2.085718E+02 4.400306E+00 3.700096E+00 2.480502E+02
3.276840E+03 1.525990E+06 3.947836E+01 7.510765E-04 2.085718E+02 4.400308E+00 3.700098E+00 2.480502E+02
3.276848E+03 1.526000E+06 3.947836E+01 7.516879E-04 2.085718E+02 4.400310E+00 3.700100E+00 2.480502E+02
3.276855E+03 1.526010E+06 3.947836E+01 7.523321E-04 2.085718E+02 4.400313E+00 3.700102E+00 2.480502E+02
3.276863E+03 1.526020E+06 3.947836E+01 7.529856E-04 2.085718E+02 4.400315E+00 3.700104E+00 2.480502E+02
3.276870E+03 1.526030E+06 3.947836E+01 7.536370E-04 2.085719E+02 4.400318E+00 3.700107E+00 2.480502E+02
3.276878E+03 1.526040E+06 3.947836E+01 7.542840E-04 2.085719E+02 4.400321E+00 3.700109E+00 2.480502E+02
3.276886E+03 1.526050E+06 3.947836E+01 7.549285E-04 2.085719E+02 4.400323E+00 3.700111E+00 2.480502E+02
3.276893E+03 1.526060E+06 3.947836E+01 7.555809E-04 2.085719E+02 4.400326E+00 3.700114E+00 2.480502E+02
3.276901E+03 1.526070E+06 3.947836E+01 7.562373E-04 2.085719E+02 4.400329E+00 3.700116E+00 2.480502E+02
3.276909E+03 1.526080E+06 3.947836E+01 7.568997E-04 2.085719E+02 4.400331E+00 3.700118E+00 2.480502E+02
3.276917E+03 1.526090E+06 3.947836E+01 7.575652E-04 2.085719E+02 4.400334E+00 3.700120E+00 2.480502E+02
3.276925E+03 1.526100E+06 3.947836E+01 7.582308E-04 2.085719E+02 4.400336E+00 3.700123E+00 2.480502E+02
3.276932E+03 1.526110E+06 3.947836E+01 7.588898E-04 2.085719E+02 4.400339E+00 3.700125E+00 2.480502E+02
3.276940E+03 1.526120E+06 3.947836E+01 7.595495E-04 2.085719E+02 4.400342E+00 3.700127E+00 2.480502E+02
3.276948E+03 1.526130E+06 3.947836E+01 7.602281E-04 2.085719E+02 4.400344E+00 3.700130E+00 2.480502E+02
3.276956E+03 1.526140E+06 3.947836E+01 7.609019E-04 2.085719E+02 4.400347E+00 3.700132E+00 2.480502E+02
3.276964E+03 1.526150E+06 3.947836E+01 7.615787E-04 2.085719E+02 4.400350E+00 3.700134E+00 2.480502E+02
3.276972E+03 1.526160E+06 3.947836E+01 7.622501E-04 2.085719E+02 4.400352E+00 3.700137E+00 2.480502E+02
3.276979E+03 1.526170E+06 3.947836E+01 7.629096E-04 2.085719E+02 4.400355E+00 3.700139E+00 2.480502E+02
3.276987E+03 1.526180E+06 3.947836E+01 7.635629E-04 2.085719E+02 4.400357E+00 3.700141E+00 2.480502E+02
3.276995E+03 1.526190E+06 3.947836E+01 7.642190E-04 2.085719E+02 4.400361E+00 3.700144E+00 2.480502E+02
3.277002E+03 1.526200E+06 3.947836E+01 7.648810E-04 2.085719E+02 4.400363E+00 3.700146E+00 2.480502E+02
3.277010E+03 1.526210E+06 3.947836E+01 7.655468E-04 2.085719E+02 4.400366E+00 3.700149E+00 2.480502E+02
3.277018E+03 1.526220E+06 3.947836E+01 7.661977E-04 2.085719E+02 4.400369E+00 3.700151E+00 2.480502E+02
3.277026E+03 1.526230E+06 3.947836E+01 7.668498E-04 2.085719E+02 4.400371E+00 3.700153E+00 2.480502E+02
3.277033E+03 1.526240E+06 3.947836E+01 7.674830E-04 2.085719E+02 4.400374E+00 3.700155E+00 2.480502E+02
3.277040E+03 1.526250E+06 3.947836E+01 7.680983E-04 2.085719E+02 4.400376E+00 3.700157E+00 2.480502E+02
3.277048E+03 1.526260E+06 3.947836E+01 7.687184E-04 2.085719E+02 4.400378E+00 3.700159E+00 2.480502E+02
3.277055E+03 1.526270E+06 3.947836E+01 7.693379E-04 2.085719E+02 4.400380E+00 3.700161E+00 2.480502E+02
3.277062E+03 1.526280E+06 3.947836E+01 7.699557E-04 2.085719E+02 4.400382E+00 3.700163E+00 2.480502E+02
3.277069E+03 1.526290E+06 3.947836E+01 7.705736E-04 2.085719E+02 4.400384E+00 3.700165E+00 2.480502E+02
3.277076E+03 1.526300E+06 3.947836E+01 7.711954E-04 2.085719E+02 4.400386E+00 3.700167E+00 2.480502E+02
3.277084E+03 1.526310E+06 3.947836E+01 7.718180E-04 2.085719E+02 4.400388E+00 3.700169E+00 2.480502E+02
3.277091E+03 1.526320E+06 3.947836E+01 7.724518E-04 2.085719E+02 4.400390E+00 3.700170E+00 2.480502E+02
3.277098E+03 1.526330E+06 3.947836E+01 7.730857E-04 2.085719E+02 4.400392E+00 3.700172E+00 2.480502E+02
3.277105E+03 1.526340E+06 3.947836E+01 7.737230E-04 2.085719E+02 4.400393E+00 3.700173E+00 2.480502E+02
3.277113E+03 1.526350E+06 3.947836E+01 7.743613E-04 2.085719E+02 4.400395E+00 3.700174E+00 2.480502E+02
3.277120E+03 1.526360E+06 3.947836E+01 7.750003E-04 2.085719E+02 4.400396E+00 3.700176E+00 2.480502E+02
3.277127E+03 1.526370E+06 3.947836E+01 7.756339E-04 2.085719E+02 4.400398E+00 3.700177E+00 2.480502E+02
3.277135E+03 1.526380E+06 3.947836E+01 7.762734E-04 2.085719E+02 4.400399E+00 3.700178E+00 2.480502E+02
3.277142E+03 1.526390E+06 3.947836E+01 7.769113E-04 2.085719E+02 4.400400E+00 3.700179E+00 2.480502E+02
3.277150E+03 1.526400E+06 3.947836E+01 7.775639E-04 2.085719E+02 4.400401E+00 3.700180E+00 2.480502E+02
3.277157E+03 1.526410E+06 3.947836E+01 7.782232E-04 2.085719E+02 4.400401E+00 3.700180E+00 2.480502E+02
3.277165E+03 1.526420E+06 3.947836E+01 7.788811E-04 2.085719E+02 4.400401E+00 3.700181E+00 2.480502E+02
3.277172E+03 1.526430E+06 3.947836E+01 7.795397E-04 2.085719E+02 4.400402E+00 3.700181E+00 2.480502E+02
3.277179E+03 1.526440E+06 3.947836E+01 7.801907E-04 2.085719E+02 4.400402E+00 3.700181E+00 2.480502E+02
3.277187E+03 1.526450E+06 3.947836E+01 7.808292E-04 2.085719E+02 4.400402E+00 3.700182E+00 2.480502E+02
3.277193E+03 1.526460E+06 3.947836E+01 7.814167E-04 2.085719E+02 4.400403E+00 3.700182E+00 2.480502E+02
3.277201E+03 1.526470E+06 3.947836E+01 7.820515E-04 2.085719E+02 4.400403E+00 3.700183E+00 2.480502E+02
3.277208E+03 1.526480E+06 3.947836E+01 7.826867E-04 2.085719E+02 4.400403E+00 3.700183E+00 2.480502E+02
3.277215E+03 1.526490E+06 3.947836E+01 7.833158E-04 2.085719E+02 4.400404E+00 3.700183E+00 2.480502E+02
3.277222E+03 1.526500E+06 3.947836E+01 7.839298E-04 2.085719E+02 4.400404E+00 3.700184E+00 2.480502E+02
3.277229E+03 1.526510E+06 3.947836E+01 7.845470E-04 2.085719E+02 4.400405E+00 3.700184E+00 2.480502E+02
3.277236E+03 1.526520E+06 3.947836E+01 7.851711E-04 2.085719E+02 4.400405E+00 3.700185E+00 2.480502E+02
3.277243E+03 1.526530E+06 3.947836E+01 7.857925E-04 2.085719E+02 4.400405E+00 3.700185E+00 2.480502E+02
3.277250E+03 1.526540E+06 3.947836E+01 7.864005E-04 2.085719E+02 4.400406E+00 3.700186E+00 2.480502E+02
3.277257E+03 1.526550E+06 3.947836E+01 7.870087E-04 2.085719E+02 4.400406E+00 3.700186E+00 2.480502E+02
3.277264E+03 1.526560E+06 3.947836E+01 7.876093E-04 2.085719E+02 4.400406E+00 3.700186E+00 2.480502E+02
3.277271E+03 1.526570E+06 3.947836E+01 7.882069E-04 2.085719E+02 4.400406E+00 3.700186E+00 2.480502E+02
3.277278E+03 1.526580E+06 3.947836E+01 7.888060E-04 2.085719E+02 4.400407E+00 3.700187E+00 2.480502E+02
3.277285E+03 1.526590E+06 3.947836E+01 7.894092E-04 2.085719E+02 4.400407E+00 3.700187E+00 2.480502E+02
3.277291E+03 1.526600E+06 3.947836E+01 7.900201E-04 2.085719E+02 4.400408E+00 3.700188E+00 2.480502E+02
3.277298E+03 1.526610E+06 3.947836E+01 7.906245E-04 2.085719E+02 4.400408E+00 3.700188E+00 2.480502E+02
3.277305E+03 1.526620E+06 3.947836E+01 7.912203E-04 2.085719E+02 4.400408E+00 3.700189E+00 2.480502E+02
3.277312E+03 1.526630E+06 3.947836E+01 7.918072E-04 2.085719E+02 4.400409E+00 3.700189E+00 2.480502E+02
3.277318E+03 1.526640E+06 3.947836E+01 7.923933E-04 2.085719E+02 4.400409E+00 3.700189E+00 2.480502E+02
3.277325E+03 1.526650E+06 3.947836E+01 7.929812E-04 2.085719E+02 4.400410E+00 3.700190E+00 2.480502E+02
3.277332E+03 1.526660E+06 3.947836E+01 7.935689E-04 2.085719E+02 4.400410E+00 3.700191E+00 2.480502E+02
3.277339E+03 1.526670E+06 3.947836E+01 7.941541E-04 2.085719E+02 4.400411E+00 3.700191E+00 2.480502E+02
3.277345E+03 1.526680E+06 3.947836E+01 7.947324E-04 2.085719E+02 4.400411E+00 3.700191E+00 2.480502E+02
3.277352E+03 1.526690E+06 3.947836E+01 7.953142E-04 2.085719E+02 4.400411E+00 3.700191E+00 2.480502E+02
3.277358E+03 1.526700E+06 3.947836E+01 7.958970E-04 2.085719E+02 4.400411E+00 3.700191E+00 2.480502E+02
3.277365E+03 1.526710E+06 3.947836E+01 7.964864E-04 2.085719E+02 4.400411E+00 3.700192E+00 2.480502E+02
3.277372E+03 1.526720E+06 3.947836E+01 7.970791E-04 2.085719E+02 4.400412E+00 3.700192E+00 2.480502E+02
3.277378E+03 1.526730E+06 3.947836E+01 7.976685E-04 2.085719E+02 4.400412E+00 3.700192E+00 2.480502E+02
3.277385E+03 1.526740E+06 3.947836E+01 7.982546E-04 2.085719E+02 4.400412E+00 3.700192E+00 2.480502E+02
3.277392E+03 1.526750E+06 3.947836E+01 7.988404E-04 2.085719E+02 4.400411E+00 3.700192E+00 2.480502E+02
3.277398E+03 1.526760E+06 3.947836E+01 7.994318E-04 2.085719E+02 4.400411E+00 3.700192E+00 2.480502E+02
3.277405E+03 1.526770E+06 3.947836E+01 8.000251E-04 2.085719E+02 4.400411E+00 3.700192E+00 2.480502E+02
3.277412E+03 1.526780E+06 3.947836E+01 8.006194E-04 2.085719E+02 4.400411E+00 3.700192E+00 2.480502E+02
3.277419E+03 1.526790E+06 3.947836E+01 8.012154E-04 2.085719E+02 4.400411E+00 3.700192E+00 2.480502E+02
3.277425E+03 1.526800E+06 3.947836E+01 8.018104E-04 2.085719E+02 4.400410E+00 3.700192E+00 2.480502E+02
3.277432E+03 1.526810E+06 3.947836E+01 8.024038E-04 2.085719E+02 4.400410E+00 3.700191E+00 2.480502E+02
3.277439E+03 1.526820E+06 3.947836E+01 8.030050E-04 2.085719E+02 4.400409E+00 3.700191E+00 2.480502E+02
3.277446E+03 1.526830E+06 3.947836E+01 8.036211E-04 2.085719E+02 4.400408E+00 3.700191E+00 2.480502E+02
3.277452E+03 1.526840E+06 3.947836E+01 8.042236E-04 2.085719E+02 4.400407E+00 3.700190E+00 2.480502E+02
3.277459E+03 1.526850E+06 3.947836E+01 8.048271E-04 2.085719E+02 4.400406E+00 3.700189E+00 2.480502E+02
3.277466E+03 1.526860E+06 3.947836E+01 8.054309E-04 2.085719E+02 4.400405E+00 3.700188E+00 2.480502E+02
3.277473E+03 1.526870E+06 3.947836E+01 8.060325E-04 2.085719E+02 4.400404E+00 3.700187E+00 2.480502E+02
3.277480E+03 1.526880E+06 3.947836E+01 8.066329E-04 2.085719E+02 4.400402E+00 3.700186E+00 2.480502E+02
3.277486E+03 1.526890E+06 3.947836E+01 8.072359E-04 2.085719E+02 4.400400E+00 3.700184E+00 2.480502E+02
3.277493E+03 1.526900E+06 3.947836E+01 8.078427E-04 2.085719E+02 4.400399E+00 3.700183E+00 2.480502E+02
3.277500E+03 1.526910E+06 3.947836E+01 8.084540E-04 2.085719E+02 4.400397E+00 3.700182E+00 2.480502E+02
3.277507E+03 1.526920E+06 3.947836E+01 8.090622E-04 2.085719E+02 4.400396E+00 3.700181E+00 2.480502E+02
3.277514E+03 1.526930E+06 3.947836E+01 8.096695E-04 2.085719E+02 4.400393E+00 3.700179E+00 2.480502E+02
3.277521E+03 1.526940E+06 3.947836E+01 8.102846E-04 2.085719E+02 4.400392E+00 3.700178E+00 2.480502E+02
3.277527E+03 1.526950E+06 3.947836E+01 8.109001E-04 2.085719E+02 4.400390E+00 3.700176E+00 2.480502E+02
3.277534E+03 1.526960E+06 3.947836E+01 8.115077E-04 2.085719E+02 4.400388E+00 3.700174E+00 2.480502E+02
3.277541E+03 1.526970E+06 3.947836E+01 8.121198E-04 2.085719E+02 4.400386E+00 3.700173E+00 2.480502E+02
3.277548E+03 1.526980E+06 3.947836E+01 8.127372E-04 2.085719E+02 4.400384E+00 3.700171E+00 2.480502E+02
3.277555E+03 1.526990E+06 3.947836E+01 8.133485E-04 2.085719E+02 4.400381E+00 3.700169E+00 2.480502E+02
3.277562E+03 1.527000E+06 3.947836E+01 8.139660E-04 2.085719E+02 4.400379E+00 3.700168E+00 2.480502E+02
3.277569E+03 1.527010E+06 3.947836E+01 8.145803E-04 2.085719E+02 4.400377E+00 3.700166E+00 2.480502E+02
3.277576E+03 1.527020E+06 3.947836E+01 8.151921E-04 2.085719E+02 4.400374E+00 3.700164E+00 2.480502E+02
3.277583E+03 1.527030E+06 3.947836E+01 8.158062E-04 2.085719E+02 4.400372E+00 3.700162E+00 2.480502E+02
3.277590E+03 1.527040E+06 3.947836E+01 8.164310E-04 2.085719E+02 4.400370E+00 3.700160E+00 2.480502E+02
3.277597E+03 1.527050E+06 3.947836E+01 8.170648E-04 2.085719E+02 4.400367E+00 3.700158E+00 2.480502E+02
3.277604E+03 1.527060E+06 3.947836E+01 8.176985E-04 2.085719E+02 4.400364E+00 3.700156E+00 2.480502E+02
3.277611E+03 1.527070E+06 3.947835E+01 8.183263E-04 2.085719E+02 4.400362E+00 3.700154E+00 2.480502E+02
3.277618E+03 1.527080E+06 3.947835E+01 8.189560E-04 2.085719E+02 4.400360E+00 3.700152E+00 2.480502E+02
3.277625E+03 1.527090E+06 3.947835E+01 8.195898E-04 2.085719E+02 4.400358E+00 3.700151E+00 2.480502E+02
3.277632E+03 1.527100E+06 3.947835E+01 8.202220E-04 2.085719E+02 4.400355E+00 3.700148E+00 2.480502E+02
3.277640E+03 1.527110E+06 3.947835E+01 8.208672E-04 2.085719E+02 4.400352E+00 3.700146E+00 2.480502E+02
3.277647E+03 1.527120E+06 3.947835E+01 8.215193E-04 2.085719E+02 4.400350E+00 3.700144E+00 2.480502E+02
3.277654E+03 1.527130E+06 3.947835E+01 8.221849E-04 2.085719E+02 4.400348E+00 3.700143E+00 2.480502E+02
3.277662E+03 1.527140E+06 3.947835E+01 8.228522E-04 2.085719E+02 4.400346E+00 3.700141E+00 2.480502E+02
3.277669E+03 1.527150E+06 3.947835E+01 8.235108E-04 2.085719E+02 4.400344E+00 3.700139E+00 2.480502E+02
3.277677E+03 1.527160E+06 3.947835E+01 8.241752E-04 2.085719E+02 4.400341E+00 3.700137E+00 2.480502E+02
3.277684E+03 1.527170E+06 3.947835E+01 8.248409E-04 2.085719E+02 4.400339E+00 3.700136E+00 2.480502E+02
3.277692E+03 1.527180E+06 3.947835E+01 8.255075E-04 2.085719E+02 4.400337E+00 3.700134E+00 2.480502E+02
3.277699E+03 1.527190E+06 3.947835E+01 8.261756E-04 2.085719E+02 4.400335E+00 3.700133E+00 2.480502E+02
3.277707E+03 1.527200E+06 3.947835E+01 8.268417E-04 2.085719E+02 4.400333E+00 3.700131E+00 2.480502E+02
3.277714E+03 1.527210E+06 3.947835E+01 8.275124E-04 2.085719E+02 4.400332E+00 3.700130E+00 2.480502E+02
3.277722E+03 1.527220E+06 3.947835E+01 8.281825E-04 2.085719E+02 4.400330E+00 3.700129E+00 2.480502E+02
3.277730E+03 1.527230E+06 3.947835E+01 8.288486E-04 2.085719E+02 4.400328E+00 3.700127E+00 2.480502E+02
3.277737E+03 1.527240E+06 3.947835E+01 8.295217E-04 2.085719E+02 4.400327E+00 3.700126E+00 2.480502E+02
3.277745E+03 1.527250E+06 3.947835E+01 8.301877E-04 2.085719E+02 4.400326E+00 3.700125E+00 2.480502E+02
3.277752E+03 1.527260E+06 3.947835E+01 8.308479E-04 2.085719E+02 4.400324E+00 3.700124E+00 2.480502E+02
3.277759E+03 1.527270E+06 3.947835E+01 8.315077E-04 2.085719E+02 4.400323E+00 3.700123E+00 2.480502E+02
3.277767E+03 1.527280E+06 3.947835E+01 8.321583E-04 2.085719E+02 4.400322E+00 3.700123E+00 2.480502E+02
3.277774E+03 1.527290E+06 3.947835E+01 8.327898E-04 2.085719E+02 4.400321E+00 3.700122E+00 2.480502E+02
3.277781E+03 1.527300E+06 3.947835E+01 8.334180E-04 2.085719E+02 4.400320E+00 3.700121E+00 2.480502E+02
3.277788E+03 1.527310E+06 3.947835E+01 8.340661E-04 2.085719E+02 4.400319E+00 3.700121E+00 2.480502E+02
3.277796E+03 1.527320E+06 3.947835E+01 8.347089E-04 2.085719E+02 4.400318E+00 3.700120E+00 2.480502E+02
3.277803E+03 1.527330E+06 3.947835E+01 8.353548E-04 2.085719E+02 4.400318E+00 3.700119E+00 2.480502E+02
3.277810E+03 1.527340E+06 3.947835E+01 8.359906E-04 2.085719E+02 4.400317E+00 3.700119E+00 2.480502E+02
3.277817E+03 1.527350E+06 3.947835E+01 8.366112E-04 2.085719E+02 4.400317E+00 3.700119E+00 2.480502E+02
3.277824E+03 1.527360E+06 3.947835E+01 8.372410E-04 2.085719E+02 4.400316E+00 3.700118E+00 2.480502E+02
3.277831E+03 1.527370E+06 3.947835E+01 8.378675E-04 2.085719E+02 4.400315E+00 3.700117E+00 2.480502E+02
3.277839E+03 1.527380E+06 3.947835E+01 8.385101E-04 2.085719E+02 4.400314E+00 3.700117E+00 2.480502E+02
3.277846E+03 1.527390E+06 3.947835E+01 8.391546E-04 2.085719E+02 4.400313E+00 3.700117E+00 2.480502E+02
3.277853E+03 1.527400E+06 3.947835E+01 8.397941E-04 2.085719E+02 4.400313E+00 3.700117E+00 2.480502E+02
3.277860E+03 1.527410E+06 3.947835E+01 8.404303E-04 2.085719E+02 4.400313E+00 3.700116E+00 2.480502E+02
3.277868E+03 1.527420E+06 3.947835E+01 8.410655E-04 2.085719E+02 4.400312E+00 3.700116E+00 2.480502E+02
3.277875E+03 1.527430E+06 3.947835E+01 8.417024E-04 2.085719E+02 4.400312E+00 3.700116E+00 2.480502E+02
3.277882E+03 1.527440E+06 3.947835E+01 8.423521E-04 2.085719E+02 4.400311E+00 3.700115E+00 2.480502E+02
3.277890E+03 1.527450E+06 3.947835E+01 8.430090E-04 2.085719E+02 4.400311E+00 3.700115E+00 2.480502E+02
3.277897E+03 1.527460E+06 3.947835E+01 8.436654E-04 2.085719E+02 4.400310E+00 3.700114E+00 2.480502E+02
3.277904E+03 1.527470E+06 3.947835E+01 8.443246E-04 2.085719E+02 4.400310E+00 3.700114E+00 2.480502E+02
3.277912E+03 1.527480E+06 3.947835E+01 8.449748E-04 2.085719E+02 4.400309E+00 3.700113E+00 2.480502E+02
3.277919E+03 1.527490E+06 3.947835E+01 8.456076E-04 2.085719E+02 4.400308E+00 3.700113E+00 2.480502E+02
3.277926E+03 1.527500E+06 3.947835E+01 8.462393E-04 2.085719E+02 4.400307E+00 3.700112E+00 2.480502E+02
3.277933E+03 1.527510E+06 3.947835E+01 8.468765E-04 2.085719E+02 4.400306E+00 3.700112E+00 2.480502E+02
3.277941E+03 1.527520E+06 3.947835E+01 8.475242E-04 2.085719E+02 4.400306E+00 3.700111E+00 2.480502E+02
3.277948E+03 1.527530E+06 3.947835E+01 8.481753E-04 2.085719E+02 4.400304E+00 3.700110E+00 2.480502E+02
3.277955E+03 1.527540E+06 3.947835E+01 8.488230E-04 2.085719E+02 4.400304E+00 3.700110E+00 2.480502E+02
3.277963E+03 1.527550E+06 3.947835E+01 8.494862E-04 2.085719E+02 4.400303E+00 3.700109E+00 2.480502E+02
3.277970E+03 1.527560E+06 3.947835E+01 8.501576E-04 2.085719E+02 4.400302E+00 3.700109E+00 2.480502E+02
3.277978E+03 1.527570E+06 3.947835E+01 8.508282E-04 2.085719E+02 4.400301E+00 3.700108E+00 2.480502E+02
3.277986E+03 1.527580E+06 3.947835E+01 8.515380E-04 2.085719E+02 4.400300E+00 3.700107E+00 2.480502E+02
3.277994E+03 1.527590E+06 3.947835E+01 8.522518E-04 2.085719E+02 4.400299E+00 3.700106E+00 2.480502E+02
3.278002E+03 1.527600E+06 3.947835E+01 8.529617E-04 2.085719E+02 4.400298E+00 3.700106E+00 2.480502E+02
3.278010E+03 1.527610E+06 3.947835E+01 8.536716E-04 2.085719E+02 4.400297E+00 3.700105E+00 2.480502E+02
3.278018E+03 1.527620E+06 3.947835E+01 8.543909E-04 2.085719E+02 4.400297E+00 3.700105E+00 2.480502E+02
3.278026E+03 1.527630E+06 3.947835E+01 8.551052E-04 2.085719E+02 4.400296E+00 3.700104E+00 2.480502E+02
3.278034E+03 1.527640E+06 3.947835E+01 8.558302E-04 2.085719E+02 4.400295E+00 3.700104E+00 2.480502E+02
3.278043E+03 1.527650E+06 3.947835E+01 8.565540E-04 2.085719E+02 4.400295E+00 3.700104E+00 2.480502E+02
3.278051E+03 1.527660E+06 3.947835E+01 8.572780E-04 2.085719E+02 4.400295E+00 3.700104E+00 2.480502E+02
3.278059E+03 1.527670E+06 3.947835E+01 8.580016E-04 2.085719E+02 4.400294E+00 3.700103E+00 2.480502E+02
3.278067E+03 1.527680E+06 3.947835E+01 8.587202E-04 2.085719E+02 4.400294E+00 3.700103E+00 2.480502E+02
3.278075E+03 1.527690E+06 3.947835E+01 8.594395E-04 2.085719E+02 4.400293E+00 3.700103E+00 2.480502E+02
3.278083E+03 1.527700E+06 3.947835E+01 8.601467E-04 2.085719E+02 4.400293E+00 3.700103E+00 2.480502E+02
3.278091E+03 1.527710E+06 3.947835E+01 8.607958E-04 2.085719E+02 4.400294E+00 3.700103E+00 2.480502E+02
3.278098E+03 1.527720E+06 3.947835E+01 8.614201E-04 2.085719E+02 4.400294E+00 3.700104E+00 2.480502E+02
3.278105E+03 1.527730E+06 3.947835E+01 8.620399E-04 2.085719E+02 4.400294E+00 3.700104E+00 2.480502E+02
3.278112E+03 1.527740E+06 3.947835E+01 8.626606E-04 2.085719E+02 4.400294E+00 3.700104E+00 2.480502E+02
3.278119E+03 1.527750E+06 3.947835E+01 8.632799E-04 2.085719E+02 4.400294E+00 3.700104E+00 2.480502E+02
3.278126E+03 1.527760E+06 3.947835E+01 8.638997E-04 2.085719E+02 4.400294E+00 3.700104E+00 2.480502E+02
3.278133E+03 1.527770E+06 3.947835E+01 8.645273E-04 2.085719E+02 4.400293E+00 3.700103E+00 2.480502E+02
3.278140E+03 1.527780E+06 3.947835E+01 8.651540E-04 2.085719E+02 4.400293E+00 3.700104E+00 2.480502E+02
3.278147E+03 1.527790E+06 3.947835E+01 8.657708E-04 2.085719E+02 4.400293E+00 3.700104E+00 2.480502E+02
3.278154E+03 1.527800E+06 3.947835E+01 8.663988E-04 2.085719E+02 4.400293E+00 3.700104E+00 2.480502E+02
3.278162E+03 1.527810E+06 3.947835E+01 8.670259E-04 2.085719E+02 4.400293E+00 3.700104E+00 2.480502E+02
3.278169E+03 1.527820E+06 3.947835E+01 8.676530E-04 2.085719E+02 4.400293E+00 3.700104E+00 2.480502E+02
3.278176E+03 1.527830E+06 3.947835E+01 8.682871E-04 2.085719E+02 4.400293E+00 3.700104E+00 2.480502E+02
3.278183E+03 1.527840E+06 3.947835E+01 8.689310E-04 2.085719E+02 4.400293E+00 3.700104E+00 2.480502E+02
3.278190E+03 1.527850E+06 3.947835E+01 8.695806E-04 2.085719E+02 4.400293E+00 3.700104E+00 2.480502E+02
3.278198E+03 1.527860E+06 3.947835E+01 8.702225E-04 2.085719E+02 4.400293E+00 3.700104E+00 2.480502E+02
3.278205E+03 1.527870E+06 3.947835E+01 8.708645E-04 2.085719E+02 4.400293E+00 3.700104E+00 2.480502E+02
3.278212E+03 1.527880E+06 3.947835E+01 8.715027E-04 2.085719E+02 4.400293E+00 3.700104E+00 2.480502E+02
3.278220E+03 1.527890E+06 3.947835E+01 8.721393E-04 2.085719E+02 4.400292E+00 3.700104E+00 2.480502E+02
3.278227E+03 1.527900E+06 3.947835E+01 8.727870E-04 2.085719E+02 4.400292E+00 3.700104E+00 2.480502E+02
3.278235E+03 1.527910E+06 3.947835E+01 8.734409E-04 2.085719E+02 4.400292E+00 3.700104E+00 2.480502E+02
3.278242E+03 1.527920E+06 3.947835E+01 8.740942E-04 2.085719E+02 4.400292E+00 3.700104E+00 2.480502E+02
3.278249E+03 1.527930E+06 3.947835E+01 8.747444E-04 2.085719E+02 4.400292E+00 3.700104E+00 2.480502E+02
3.278257E+03 1.527940E+06 3.947835E+01 8.754012E-04 2.085719E+02 4.400292E+00 3.700104E+00 2.480502E+02
3.278264E+03 1.527950E+06 3.947835E+01 8.760532E-04 2.085719E+02 4.400292E+00 3.700104E+00 2.480502E+02
3.278272E+03 1.527960E+06 3.947834E+01 8.767032E-04 2.085719E+02 4.400292E+00 3.700104E+00 2.480502E+02
3.278279E+03 1.527970E+06 3.947834E+01 8.773726E-04 2.085719E+02 4.400292E+00 3.700104E+00 2.480502E+02
3.278287E+03 1.527980E+06 3.947834E+01 8.780460E-04 2.085719E+02 4.400292E+00 3.700105E+00 2.480502E+02
3.278295E+03 1.527990E+06 3.947834E+01 8.787124E-04 2.085719E+02 4.400292E+00 3.700105E+00 2.480502E+02
3.278303E+03 1.528000E+06 3.947834E+01 8.794012E-04 2.085719E+02 4.400292E+00 3.700105E+00 2.480502E+02
3.278311E+03 1.528010E+06 3.947834E+01 8.800947E-04 2.085719E+02 4.400292E+00 3.700105E+00 2.480502E+02
3.278318E+03 1.528020E+06 3.947834E+01 8.807856E-04 2.085719E+02 4.400292E+00 3.700105E+00 2.480502E+02
3.278326E+03 1.528030E+06 3.947834E+01 8.814786E-04 2.085719E+02 4.400293E+00 3.700106E+00 2.480502E+02
3.278334E+03 1.528040E+06 3.947834E+01 8.821683E-04 2.085719E+02 4.400293E+00 3.700106E+00 2.480502E+02
3.278342E+03 1.528050E+06 3.947834E+01 8.828534E-04 2.085719E+02 4.400293E+00 3.700107E+00 2.480502E+02
3.278350E+03 1.528060E+06 3.947834E+01 8.835433E-04 2.085719E+02 4.400294E+00 3.700107E+00 2.480502E+02
3.278358E+03 1.528070E+06 3.947834E+01 8.842302E-04 2.085719E+02 4.400295E+00 3.700108E+00 2.480502E+02
3.278366E+03 1.528080E+06 3.947834E+01 8.849193E-04 2.085719E+02 4.400295E+00 3.700109E+00 2.480502E+02
3.278374E+03 1.528090E+06 3.947834E+01 8.856192E-04 2.085719E+02 4.400296E+00 3.700109E+00 2.480502E+02
3.278382E+03 1.528100E+06 3.947834E+01 8.863243E-04 2.085719E+02 4.400296E+00 3.700110E+00 2.480502E+02
3.278390E+03 1.528110E+06 3.947834E+01 8.870043E-04 2.085719E+02 4.400297E+00 3.700111E+00 2.480502E+02
3.278398E+03 1.528120E+06 3.947834E+01 8.876724E-04 2.085719E+02 4.400298E+00 3.700111E+00 2.480502E+02
3.278405E+03 1.528130E+06 3.947834E+01 8.883417E-04 2.085719E+02 4.400299E+00 3.700112E+00 2.480502E+02
3.278413E+03 1.528140E+06 3.947834E+01 8.890204E-04 2.085719E+02 4.400300E+00 3.700113E+00 2.480502E+02
3.278421E+03 1.528150E+06 3.947834E+01 8.896909E-04 2.085719E+02 4.400300E+00 3.700114E+00 2.480502E+02
3.278428E+03 1.528160E+06 3.947834E+01 8.903612E-04 2.085719E+02 4.400301E+00 3.700114E+00 2.480502E+02
3.278436E+03 1.528170E+06 3.947834E+01 8.910285E-04 2.085719E+02 4.400302E+00 3.700115E+00 2.480502E+02
3.278444E+03 1.528180E+06 3.947834E+01 8.916976E-04 2.085719E+02 4.400303E+00 3.700116E+00 2.480502E+02
3.278451E+03 1.528190E+06 3.947834E+01 8.923657E-04 2.085719E+02 4.400304E+00 3.700117E+00 2.480502E+02
3.278459E+03 1.528200E+06 3.947834E+01 8.930384E-04 2.085719E+02 4.400305E+00 3.700118E+00 2.480502E+02
3.278467E+03 1.528210E+06 3.947834E+01 8.937073E-04 2.085719E+02 4.400306E+00 3.700119E+00 2.480502E+02
3.278474E+03 1.528220E+06 3.947834E+01 8.943910E-04 2.085719E+02 4.400307E+00 3.700120E+00 2.480502E+02
3.278482E+03 1.528230E+06 3.947834E+01 8.950847E-04 2.085719E+02 4.400308E+00 3.700121E+00 2.480502E+02
3.278490E+03 1.528240E+06 3.947834E+01 8.957678E-04 2.085719E+02 4.400309E+00 3.700122E+00 2.480502E+02
3.278498E+03 1.528250E+06 3.947834E+01 8.964557E-04 2.085719E+02 4.400311E+00 3.700124E+00 2.480502E+02
3.278506E+03 1.528260E+06 3.947834E+01 8.971426E-04 2.085719E+02 4.400312E+00 3.700125E+00 2.480502E+02
3.278514E+03 1.528270E+06 3.947834E+01 8.978323E-04 2.085719E+02 4.400314E+00 3.700126E+00 2.480502E+02
3.278522E+03 1.528280E+06 3.947834E+01 8.985226E-04 2.085719E+02 4.400316E+00 3.700128E+00 2.480502E+02
3.278530E+03 1.528290E+06 3.947834E+01 8.992348E-04 2.085719E+02 4.400317E+00 3.700129E+00 2.480502E+02
3.278538E+03 1.528300E+06 3.947834E+01 8.999447E-04 2.085719E+02 4.400318E+00 3.700131E+00 2.480502E+02
3.278547E+03 1.528310E+06 3.947834E+01 9.006596E-04 2.085719E+02 4.400320E+00 3.700132E+00 2.480502E+02
3.278555E+03 1.528320E+06 3.947834E+01 9.013753E-04 2.085719E+02 4.400322E+00 3.700134E+00 2.480502E+02
3.278563E+03 1.528330E+06 3.947834E+01 9.020461E-04 2.085719E+02 4.400325E+00 3.700136E+00 2.480502E+02
3.278570E+03 1.528340E+06 3.947834E+01 9.027101E-04 2.085719E+02 4.400327E+00 3.700138E+00 2.480502E+02
3.278578E+03 1.528350E+06 3.947834E+01 9.033820E-04 2.085719E+02 4.400328E+00 3.700140E+00 2.480502E+02
3.278586E+03 1.528360E+06 3.947834E+01 9.040453E-04 2.085719E+02 4.400330E+00 3.700141E+00 2.480502E+02
3.278593E+03 1.528370E+06 3.947834E+01 9.047029E-04 2.085719E+02 4.400332E+00 3.700142E+00 2.480502E+02
3.278601E+03 1.528380E+06 3.947834E+01 9.053476E-04 2.085719E+02 4.400333E+00 3.700144E+00 2.480502E+02
3.278608E+03 1.528390E+06 3.947834E+01 9.059896E-04 2.085719E+02 4.400336E+00 3.700146E+00 2.480502E+02
3.278615E+03 1.528400E+06 3.947834E+01 9.066278E-04 2.085719E+02 4.400338E+00 3.700148E+00 2.480502E+02
3.278623E+03 1.528410E+06 3.947834E+01 9.072723E-04 2.085719E+02 4.400340E+00 3.700150E+00 2.480502E+02
3.278630E+03 1.528420E+06 3.947834E+01 9.079207E-04 2.085719E+02 4.400341E+00 3.700151E+00 2.480502E+02
3.278638E+03 1.528430E+06 3.947834E+01 9.085679E-04 2.085719E+02 4.400343E+00 3.700152E+00 2.480502E+02
3.278645E+03 1.528440E+06 3.947834E+01 9.092171E-04 2.085719E+02 4.400344E+00 3.700154E+00 2.480502E+02
3.278653E+03 1.528450E+06 3.947834E+01 9.098702E-04 2.085719E+02 4.400346E+00 3.700155E+00 2.480502E+02
3.278660E+03 1.528460E+06 3.947834E+01 9.105126E-04 2.085719E+02 4.400347E+00 3.700156E+00 2.480502E+02
3.278667E+03 1.528470E+06 3.947834E+01 9.111018E-04 2.085719E+02 4.400348E+00 3.700157E+00 2.480502E+02
3.278674E+03 1.528480E+06 3.947834E+01 9.117431E-04 2.085719E+02 4.400349E+00 3.700158E+00 2.480502E+02
3.278681E+03 1.528490E+06 3.947834E+01 9.123865E-04 2.085719E+02 4.400350E+00 3.700159E+00 2.480502E+02
3.278688E+03 1.528500E+06 3.947834E+01 9.130162E-04 2.085719E+02 4.400351E+00 3.700160E+00 2.480502E+02
3.278696E+03 1.528510E+06 3.947834E+01 9.136475E-04 2.085719E+02 4.400352E+00 3.700161E+00 2.480502E+02
3.278703E+03 1.528520E+06 3.947834E+01 9.142733E-04 2.085719E+02 4.400352E+00 3.700161E+00 2.480502E+02
3.278710E+03 1.528530E+06 3.947834E+01 9.149071E-04 2.085719E+02 4.400352E+00 3.700161E+00 2.480502E+02
3.278717E+03 1.528540E+06 3.947834E+01 9.155417E-04 2.085719E+02 4.400352E+00 3.700162E+00 2.480502E+02
3.278724E+03 1.528550E+06 3.947834E+01 9.161733E-04 2.085719E+02 4.400352E+00 3.700162E+00 2.480502E+02
3.278732E+03 1.528560E+06 3.947834E+01 9.168016E-04 2.085719E+02 4.400352E+00 3.700162E+00 2.480502E+02
3.278739E+03 1.528570E+06 3.947834E+01 9.174363E-04 2.085719E+02 4.400352E+00 3.700162E+00 2.480502E+02
3.278746E+03 1.528580E+06 3.947834E+01 9.180752E-04 2.085719E+02 4.400353E+00 3.700162E+00 2.480502E+02
3.278753E+03 1.528590E+06 3.947834E+01 9.187173E-04 2.085719E+02 4.400353E+00 3.700162E+00 2.480502E+02
3.278761E+03 1.528600E+06 3.947834E+01 9.193555E-04 2.085719E+02 4.400352E+00 3.700162E+00 2.480502E+02
3.278768E+03 1.528610E+06 3.947834E+01 9.199902E-04 2.085719E+02 4.400352E+00 3.700162E+00 2.480502E+02
3.278775E+03 1.528620E+06 3.947834E+01 9.206311E-04 2.085719E+02 4.400353E+00 3.700163E+00 2.480502E+02
3.278782E+03 1.528630E+06 3.947834E+01 9.212650E-04 2.085719E+02 4.400353E+00 3.700163E+00 2.480502E+02
3.278789E+03 1.528640E+06 3.947834E+01 9.218975E-04 2.085719E+02 4.400354E+00 3.700164E+00 2.480502E+02
3.278797E+03 1.528650E+06 3.947834E+01 9.225304E-04 2.085719E+02 4.400354E+00 3.700164E+00 2.480502E+02
3.278804E+03 1.528660E+06 3.947834E+01 9.231665E-04 2.085719E+02 4.400354E+00 3.700165E+00 2.480502E+02
3.278811E+03 1.528670E+06 3.947834E+01 9.238085E-04 2.085719E+02 4.400354E+00 3.700165E+00 2.480502E+02
3.278819E+03 1.528680E+06 3.947834E+01 9.244811E-04 2.085719E+02 4.400355E+00 3.700165E+00 2.480502E+02
3.278826E+03 1.528690E+06 3.947834E+01 9.251546E-04 2.085719E+02 4.400356E+00 3.700166E+00 2.480502E+02
3.278834E+03 1.528700E+06 3.947834E+01 9.258301E-04 2.085719E+02 4.400357E+00 3.700167E+00 2.480502E+02
3.278842E+03 1.528710E+06 3.947834E+01 9.265085E-04 2.085719E+02 4.400357E+00 3.700167E+00 2.480502E+02
3.278849E+03 1.528720E+06 3.947834E+01 9.271805E-04 2.085719E+02 4.400358E+00 3.700168E+00 2.480502E+02
3.278857E+03 1.528730E+06 3.947834E+01 9.278537E-04 2.085719E+02 4.400359E+00 3.700169E+00 2.480502E+02
3.278865E+03 1.528740E+06 3.947834E+01 9.285303E-04 2.085719E+02 4.400359E+00 3.700169E+00 2.480502E+02
3.278873E+03 1.528750E+06 3.947834E+01 9.292244E-04 2.085719E+02 4.400359E+00 3.700170E+00 2.480502E+02
3.278881E+03 1.528760E+06 3.947834E+01 9.299206E-04 2.085719E+02 4.400361E+00 3.700171E+00 2.480502E+02
3.278888E+03 1.528770E+06 3.947834E+01 9.306121E-04 2.085719E+02 4.400362E+00 3.700172E+00 2.480502E+02
3.278896E+03 1.528780E+06 3.947834E+01 9.313045E-04 2.085719E+02 4.400363E+00 3.700173E+00 2.480502E+02
3.278904E+03 1.528790E+06 3.947834E+01 9.320040E-04 2.085719E+02 4.400364E+00 3.700174E+00 2.480502E+02
3.278912E+03 1.528800E+06 3.947834E+01 9.327086E-04 2.085719E+02 4.400364E+00 3.700175E+00 2.480502E+02
3.278920E+03 1.528810E+06 3.947834E+01 9.334268E-04 2.085719E+02 4.400365E+00 3.700175E+00 2.480502E+02
3.278929E+03 1.528820E+06 3.947834E+01 9.341453E-04 2.085719E+02 4.400366E+00 3.700176E+00 2.480502E+02
3.278937E+03 1.528830E+06 3.947834E+01 9.348576E-04 2.085719E+02 4.400368E+00 3.700178E+00 2.480502E+02
3.278945E+03 1.528840E+06 3.947834E+01 9.355569E-04 2.085719E+02 4.400368E+00 3.700178E+00 2.480502E+02
3.278953E+03 1.528850E+06 3.947834E+01 9.362529E-04 2.085719E+02 4.400369E+00 3.700179E+00 2.480502E+02
3.278961E+03 1.528860E+06 3.947834E+01 9.369519E-04 2.085719E+02 4.400370E+00 3.700180E+00 2.480502E+02
3.278968E+03 1.528870E+06 3.947834E+01 9.376435E-04 2.085719E+02 4.400371E+00 3.700181E+00 2.480502E+02
3.278976E+03 1.528880E+06 3.947834E+01 9.382936E-04 2.085719E+02 4.400371E+00 3.700181E+00 2.480502E+02
3.278983E+03 1.528890E+06 3.947834E+01 9.389200E-04 2.085719E+02 4.400372E+00 3.700182E+00 2.480502E+02
3.278990E+03 1.528900E+06 3.947834E+01 9.395456E-04 2.085719E+02 4.400372E+00 3.700182E+00 2.480502E+02
3.278997E+03 1.528910E+06 3.947834E+01 9.401585E-04 2.085719E+02 4.400372E+00 3.700182E+00 2.480502E+02
3.279004E+03 1.528920E+06 3.947834E+01 9.407655E-04 2.085719E+02 4.400373E+00 3.700183E+00 2.480502E+02
3.279011E+03 1.528930E+06 3.947834E+01 9.413769E-04 2.085719E+02 4.400374E+00 3.700184E+00 2.480502E+02
3.279018E+03 1.528940E+06 3.947834E+01 9.420028E-04 2.085719E+02 4.400375E+00 3.700185E+00 2.480502E+02
3.279025E+03 1.528950E+06 3.947834E+01 9.426330E-04 2.085719E+02 4.400375E+00 3.700185E+00 2.480502E+02
3.279032E+03 1.528960E+06 3.947834E+01 9.432636E-04 2.085719E+02 4.400376E+00 3.700186E+00 2.480502E+02
3.279039E+03 1.528970E+06 3.947834E+01 9.438888E-04 2.085719E+02 4.400376E+00 3.700186E+00 2.480502E+02
3.279047E+03 1.528980E+06 3.947834E+01 9.445139E-04 2.085719E+02 4.400376E+00 3.700187E+00 2.480502E+02
3.279054E+03 1.528990E+06 3.947834E+01 9.451429E-04 2.085719E+02 4.400377E+00 3.700187E+00 2.480502E+02
3.279061E+03 1.529000E+06 3.947834E+01 9.457698E-04 2.085719E+02 4.400378E+00 3.700188E+00 2.480502E+02
3.279068E+03 1.529010E+06 3.947834E+01 9.464060E-04 2.085719E+02 4.400378E+00 3.700188E+00 2.480502E+02
3.279075E+03 1.529020E+06 3.947834E+01 9.470286E-04 2.085719E+02 4.400379E+00 3.700189E+00 2.480502E+02
3.279082E+03 1.529030E+06 3.947834E+01 9.476541E-04 2.085719E+02 4.400379E+00 3.700190E+00 2.480502E+02
3.279089E+03 1.529040E+06 3.947834E+01 9.482872E-04 2.085719E+02 4.400380E+00 3.700190E+00 2.480502E+02
3.279096E+03 1.529050E+06 3.947834E+01 9.489141E-04 2.085719E+02 4.400380E+00 3.700190E+00 2.480502E+02
3.279103E+03 1.529060E+06 3.947834E+01 9.495435E-04 2.085719E+02 4.400380E+00 3.700191E+00 2.480502E+02
3.279111E+03 1.529070E+06 3.947833E+01 9.501780E-04 2.085719E+02 4.400381E+00 3.700191E+00 2.480502E+02
3.279118E+03 1.529080E+06 3.947833E+01 9.508130E-04 2.085719E+02 4.400381E+00 3.700192E+00 2.480502E+02
3.279125E+03 1.529090E+06 3.947833E+01 9.514456E-04 2.085719E+02 4.400381E+00 3.700192E+00 2.480502E+02
3.279132E+03 1.529100E+06 3.947833E+01 9.520864E-04 2.085719E+02 4.400382E+00 3.700192E+00 2.480502E+02
3.279139E+03 1.529110E+06 3.947833E+01 9.527196E-04 2.085719E+02 4.400381E+00 3.700192E+00 2.480502E+02
3.279147E+03 1.529120E+06 3.947833E+01 9.533547E-04 2.085719E+02 4.400381E+00 3.700192E+00 2.480502E+02
3.279154E+03 1.529130E+06 3.947833E+01 9.539868E-04 2.085719E+02 4.400382E+00 3.700192E+00 2.480502E+02
3.279161E+03 1.529140E+06 3.947833E+01 9.546278E-04 2.085719E+02 4.400381E+00 3.700192E+00 2.480502E+02
3.279169E+03 1.529150E+06 3.947833E+01 9.552722E-04 2.085719E+02 4.400381E+00 3.700192E+00 2.480502E+02
3.279176E+03 1.529160E+06 3.947833E+01 9.559185E-04 2.085719E+02 4.400381E+00 3.700193E+00 2.480502E+02
3.279183E+03 1.529170E+06 3.947833E+01 9.565618E-04 2.085719E+02 4.400381E+00 3.700192E+00 2.480502E+02
3.279191E+03 1.529180E+06 3.947833E+01 9.571979E-04 2.085719E+02 4.400380E+00 3.700192E+00 2.480502E+02
3.279198E+03 1.529190E+06 3.947833E+01 9.578429E-04 2.085719E+02 4.400380E+00 3.700192E+00 2.480502E+02
3.279205E+03 1.529200E+06 3.947833E+01 9.584970E-04 2.085719E+02 4.400379E+00 3.700191E+00 2.480502E+02
3.279213E+03 1.529210E+06 3.947833E+01 9.591591E-04 2.085719E+02 4.400378E+00 3.700191E+00 2.480502E+02
3.279220E+03 1.529220E+06 3.947833E+01 9.598126E-04 2.085719E+02 4.400377E+00 3.700190E+00 2.480502E+02
3.279228E+03 1.529230E+06 3.947833E+01 9.604725E-04 2.085719E+02 4.400377E+00 3.700189E+00 2.480502E+02
3.279235E+03 1.529240E+06 3.947833E+01 9.611299E-04 2.085719E+02 4.400376E+00 3.700189E+00 2.480502E+02
3.279242E+03 1.529250E+06 3.947833E+01 9.617855E-04 2.085719E+02 4.400375E+00 3.700188E+00 2.480502E+02
3.279250E+03 1.529260E+06 3.947833E+01 9.624445E-04 2.085719E+02 4.400374E+00 3.700188E+00 2.480502E+02
3.279257E+03 1.529270E+06 3.947833E+01 9.631085E-04 2.085719E+02 4.400373E+00 3.700187E+00 2.480502E+02
3.279265E+03 1.529280E+06 3.947833E+01 9.637920E-04 2.085719E+02 4.400372E+00 3.700186E+00 2.480502E+02
3.279273E+03 1.529290E+06 3.947833E+01 9.644716E-04 2.085719E+02 4.400371E+00 3.700185E+00 2.480502E+02
3.279280E+03 1.529300E+06 3.947833E+01 9.651541E-04 2.085719E+02 4.400370E+00 3.700185E+00 2.480502E+02
3.279288E+03 1.529310E+06 3.947833E+01 9.658320E-04 2.085719E+02 4.400370E+00 3.700184E+00 2.480502E+02
3.279296E+03 1.529320E+06 3.947833E+01 9.665139E-04 2.085719E+02 4.400369E+00 3.700184E+00 2.480502E+02
3.279303E+03 1.529330E+06 3.947833E+01 9.671945E-04 2.085719E+02 4.400368E+00 3.700183E+00 2.480502E+02
3.279311E+03 1.529340E+06 3.947833E+01 9.678950E-04 2.085719E+02 4.400367E+00 3.700183E+00 2.480502E+02
3.279319E+03 1.529350E+06 3.947833E+01 9.685965E-04 2.085719E+02 4.400366E+00 3.700182E+00 2.480502E+02
3.279327E+03 1.529360E+06 3.947833E+01 9.693097E-04 2.085719E+02 4.400366E+00 3.700182E+00 2.480502E+02
3.279335E+03 1.529370E+06 3.947833E+01 9.700275E-04 2.085719E+02 4.400365E+00 3.700181E+00 2.480502E+02
3.279344E+03 1.529380E+06 3.947833E+01 9.707412E-04 2.085719E+02 4.400364E+00 3.700181E+00 2.480502E+02
3.279352E+03 1.529390E+06 3.947833E+01 9.714614E-04 2.085719E+02 4.400364E+00 3.700180E+00 2.480502E+02
3.279360E+03 1.529400E+06 3.947833E+01 9.721806E-04 2.085719E+02 4.400364E+00 3.700180E+00 2.480502E+02
3.279368E+03 1.529410E+06 3.947833E+01 9.729003E-04 2.085719E+02 4.400364E+00 3.700180E+00 2.480502E+02
3.279376E+03 1.529420E+06 3.947833E+01 9.736177E-04 2.085719E+02 4.400364E+00 3.700181E+00 2.480502E+02
3.279384E+03 1.529430E+06 3.947833E+01 9.743141E-04 2.085719E+02 4.400365E+00 3.700182E+00 2.480502E+02
3.279392E+03 1.529440E+06 3.947833E+01 9.749769E-04 2.085719E+02 4.400365E+00 3.700182E+00 2.480502E+02
3.279399E+03 1.529450E+06 3.947833E+01 9.755903E-04 2.085719E+02 4.400366E+00 3.700183E+00 2.480502E+02
3.279406E+03 1.529460E+06 3.947833E+01 9.762252E-04 2.085719E+02 4.400367E+00 3.700183E+00 2.480502E+02
3.279413E+03 1.529470E+06 3.947833E+01 9.768743E-04 2.085719E+02 4.400367E+00 3.700184E+00 2.480502E+02
3.279421E+03 1.529480E+06 3.947833E+01 9.775190E-04 2.085719E+02 4.400368E+00 3.700185E+00 2.480502E+02
3.279428E+03 1.529490E+06 3.947833E+01 9.781689E-04 2.085719E+02 4.400369E+00 3.700186E+00 2.480502E+02
3.279436E+03 1.529500E+06 3.947833E+01 9.788021E-04 2.085719E+02 4.400370E+00 3.700186E+00 2.480502E+02
3.279443E+03 1.529510E+06 3.947833E+01 9.794299E-04 2.085719E+02 4.400371E+00 3.700187E+00 2.480502E+02
3.279450E+03 1.529520E+06 3.947833E+01 9.800628E-04 2.085719E+02 4.400372E+00 3.700188E+00 2.480502E+02
3.279457E+03 1.529530E+06 3.947833E+01 9.806941E-04 2.085719E+02 4.400373E+00 3.700190E+00 2.480502E+02
3.279464E+03 1.529540E+06 3.947833E+01 9.813238E-04 2.085719E+02 4.400374E+00 3.700190E+00 2.480502E+02
3.279471E+03 1.529550E+06 3.947833E+01 9.819440E-04 2.085719E+02 4.400375E+00 3.700191E+00 2.480502E+02
3.279478E+03 1.529560E+06 3.947833E+01 9.825580E-04 2.085719E+02 4.400376E+00 3.700193E+00 2.480502E+02
3.279486E+03 1.529570E+06 3.947833E+01 9.831670E-04 2.085719E+02 4.400377E+00 3.700194E+00 2.480502E+02
3.279493E+03 1.529580E+06 3.947833E+01 9.837785E-04 2.085719E+02 4.400379E+00 3.700195E+00 2.480502E+02
3.279500E+03 1.529590E+06 3.947833E+01 9.843923E-04 2.085719E+02 4.400380E+00 3.700196E+00 2.480502E+02
3.279507E+03 1.529600E+06 3.947833E+01 9.850149E-04 2.085719E+02 4.400381E+00 3.700197E+00 2.480502E+02
3.279514E+03 1.529610E+06 3.947833E+01 9.856325E-04 2.085719E+02 4.400383E+00 3.700199E+00 2.480502E+02
3.279521E+03 1.529620E+06 3.947833E+01 9.862509E-04 2.085719E+02 4.400384E+00 3.700200E+00 2.480502E+02
3.279528E+03 1.529630E+06 3.947833E+01 9.868735E-04 2.085719E+02 4.400385E+00 3.700201E+00 2.480502E+02
3.279535E+03 1.529640E+06 3.947833E+01 9.874966E-04 2.085719E+02 4.400387E+00 3.700202E+00 2.480502E+02
3.279542E+03 1.529650E+06 3.947833E+01 9.881136E-04 2.085719E+02 4.400388E+00 3.700203E+00 2.480502E+02
3.279550E+03 1.529660E+06 3.947833E+01 9.887348E-04 2.085719E+02 4.400388E+00 3.700204E+00 2.480502E+02
3.279557E+03 1.529670E+06 3.947833E+01 9.893557E-04 2.085719E+02 4.400390E+00 3.700205E+00 2.480502E+02
3.279564E+03 1.529680E+06 3.947833E+01 9.899818E-04 2.085719E+02 4.400391E+00 3.700206E+00 2.480502E+02
3.279571E+03 1.529690E+06 3.947833E+01 9.906021E-04 2.085719E+02 4.400392E+00 3.700207E+00 2.480502E+02
3.279578E+03 1.529700E+06 3.947833E+01 9.912245E-04 2.085719E+02 4.400394E+00 3.700209E+00 2.480502E+02
3.279585E+03 1.529710E+06 3.947833E+01 9.918454E-04 2.085719E+02 4.400395E+00 3.700210E+00 2.480502E+02
3.279592E+03 1.529720E+06 3.947833E+01 9.924649E-04 2.085719E+02 4.400397E+00 3.700211E+00 2.480502E+02
3.279599E+03 1.529730E+06 3.947833E+01 9.930814E-04 2.085719E+02 4.400398E+00 3.700212E+00 2.480502E+02
3.279607E+03 1.529740E+06 3.947833E+01 9.937114E-04 2.085719E+02 4.400399E+00 3.700213E+00 2.480502E+02
3.279614E+03 1.529750E+06 3.947833E+01 9.943456E-04 2.085719E+02 4.400400E+00 3.700214E+00 2.480502E+02
3.279621E+03 1.529760E+06 3.947833E+01 9.949772E-04 2.085719E+02 4.400401E+00 3.700216E+00 2.480502E+02
3.279627E+03 1.529770E+06 3.947833E+01 9.954930E-04 2.085719E+02 4.400403E+00 3.700217E+00 2.480502E+02
3.279631E+03 1.529780E+06 3.947833E+01 9.958275E-04 2.085719E+02 4.400403E+00 3.700217E+00 2.480502E+02
3.279637E+03 1.529790E+06 3.947833E+01 9.963367E-04 2.085719E+02 4.400404E+00 3.700218E+00 2.480502E+02
3.279643E+03 1.529800E+06 3.947833E+01 9.968928E-04 2.085719E+02 4.400406E+00 3.700220E+00 2.480502E+02
3.279650E+03 1.529810E+06 3.947833E+01 9.974772E-04 2.085719E+02 4.400406E+00 3.700220E+00 2.480502E+02
3.279657E+03 1.529820E+06 3.947833E+01 9.981079E-04 2.085719E+02 4.400407E+00 3.700221E+00 2.480502E+02
3.279664E+03 1.529830E+06 3.947833E+01 9.987453E-04 2.085719E+02 4.400408E+00 3.700222E+00 2.480502E+02
3.279672E+03 1.529840E+06 3.947833E+01 9.993899E-04 2.085719E+02 4.400409E+00 3.700223E+00 2.480502E+02
3.279679E+03 1.529850E+06 3.947833E+01 1.000035E-03 2.085719E+02 4.400410E+00 3.700224E+00 2.480502E+02
3.279686E+03 1.529860E+06 3.947833E+01 1.000681E-03 2.085719E+02 4.400411E+00 3.700225E+00 2.480502E+02
3.279694E+03 1.529870E+06 3.947833E+01 1.001332E-03 2.085719E+02 4.400412E+00 3.700226E+00 2.480502E+02
3.279701E+03 1.529880E+06 3.947833E+01 1.001992E-03 2.085719E+02 4.400413E+00 3.700226E+00 2.480502E+02
3.279709E+03 1.529890E+06 3.947833E+01 1.002647E-03 2.085719E+02 4.400413E+00 3.700227E+00 2.480502E+02
3.279716E+03 1.529900E+06 3.947833E+01 1.003292E-03 2.085719E+02 4.400414E+00 3.700228E+00 2.480502E+02
3.279724E+03 1.529910E+06 3.947833E+01 1.003950E-03 2.085719E+02 4.400415E+00 3.700229E+00 2.480502E+02
3.279731E+03 1.529920E+06 3.947833E+01 1.004613E-03 2.085719E+02 4.400417E+00 3.700230E+00 2.480502E+02
3.279739E+03 1.529930E+06 3.947833E+01 1.005265E-03 2.085719E+02 4.400418E+00 3.700231E+00 2.480502E+02
3.279747E+03 1.529940E+06 3.947833E+01 1.005924E-03 2.085719E+02 4.400419E+00 3.700232E+00 2.480502E+02
3.279754E+03 1.529950E+06 3.947833E+01 1.006590E-03 2.085719E+02 4.400420E+00 3.700233E+00 2.480502E+02
3.279762E+03 1.529960E+06 3.947833E+01 1.007272E-03 2.085719E+02 4.400421E+00 3.700234E+00 2.480502E+02
3.279770E+03 1.529970E+06 3.947833E+01 1.007956E-03 2.085719E+02 4.400422E+00 3.700235E+00 2.480502E+02
3.279778E+03 1.529980E+06 3.947833E+01 1.008634E-03 2.085719E+02 4.400424E+00 3.700237E+00 2.480502E+02
3.279786E+03 1.529990E+06 3.947833E+01 1.009317E-03 2.085719E+02 4.400426E+00 3.700238E+00 2.480502E+02
3.279793E+03 1.530000E+06 3.947833E+01 1.010000E-03 2.085719E+02 4.400427E+00 3.700240E+00 2.480502E+02
3.279801E+03 1.530010E+06 3.947833E+01 1.010678E-03 2.085719E+02 4.400429E+00 3.700241E+00 2.480502E+02
3.279809E+03 1.530020E+06 3.947833E+01 1.011356E-03 2.085719E+02 4.400430E+00 3.700243E+00 2.480502E+02
3.279817E+03 1.530030E+06 3.947833E+01 1.012035E-03 2.085719E+02 4.400432E+00 3.700244E+00 2.480502E+02
3.279825E+03 1.530040E+06 3.947833E+01 1.012718E-03 2.085719E+02 4.400434E+00 3.700246E+00 2.480502E+02
3.279832E+03 1.530050E+06 3.947833E+01 1.013398E-03 2.085719E+02 4.400437E+00 3.700248E+00 2.480502E+02
3.279840E+03 1.530060E+06 3.947833E+01 1.014073E-03 2.085719E+02 4.400439E+00 3.700251E+00 2.480502E+02
3.279848E+03 1.530070E+06 3.947833E+01 1.014741E-03 2.085719E+02 4.400441E+00 3.700253E+00 2.480502E+02
3.279856E+03 1.530080E+06 3.947833E+01 1.015416E-03 2.085719E+02 4.400444E+00 3.700255E+00 2.480502E+02
3.279864E+03 1.530090E+06 3.947833E+01 1.016089E-03 2.085719E+02 4.400447E+00 3.700258E+00 2.480502E+02
3.279871E+03 1.530100E+06 3.947833E+01 1.016761E-03 2.085719E+02 4.400450E+00 3.700260E+00 2.480502E+02
3.279879E+03 1.530110E+06 3.947833E+01 1.017431E-03 2.085719E+02 4.400453E+00 3.700263E+00 2.480502E+02
3.279887E+03 1.530120E+06 3.947832E+01 1.018097E-03 2.085719E+02 4.400456E+00 3.700266E+00 2.480502E+02
3.279895E+03 1.530130E+06 3.947832E+01 1.018767E-03 2.085719E+02 4.400460E+00 3.700269E+00 2.480502E+02
3.279903E+03 1.530140E+06 3.947832E+01 1.019453E-03 2.085719E+02 4.400464E+00 3.700272E+00 2.480502E+02
3.279911E+03 1.530150E+06 3.947832E+01 1.020155E-03 2.085719E+02 4.400468E+00 3.700275E+00 2.480502E+02
3.279919E+03 1.530160E+06 3.947832E+01 1.020850E-03 2.085719E+02 4.400472E+00 3.700279E+00 2.480502E+02
3.279928E+03 1.530170E+06 3.947832E+01 1.021548E-03 2.085719E+02 4.400476E+00 3.700282E+00 2.480502E+02
3.279936E+03 1.530180E+06 3.947832E+01 1.022246E-03 2.085719E+02 4.400480E+00 3.700286E+00 2.480502E+02
3.279944E+03 1.530190E+06 3.947832E+01 1.022946E-03 2.085719E+02 4.400484E+00 3.700290E+00 2.480502E+02
3.279952E+03 1.530200E+06 3.947832E+01 1.023649E-03 2.085719E+02 4.400488E+00 3.700293E+00 2.480502E+02
3.279961E+03 1.530210E+06 3.947832E+01 1.024351E-03 2.085719E+02 4.400493E+00 3.700297E+00 2.480502E+02
3.279969E+03 1.530220E+06 3.947832E+01 1.025052E-03 2.085719E+02 4.400497E+00 3.700301E+00 2.480502E+02
3.279977E+03 1.530230E+06 3.947832E+01 1.025755E-03 2.085719E+02 4.400501E+00 3.700304E+00 2.480502E+02
3.279986E+03 1.530240E+06 3.947832E+01 1.026464E-03 2.085719E+02 4.400505E+00 3.700308E+00 2.480502E+02
3.279994E+03 1.530250E+06 3.947832E+01 1.027179E-03 2.085719E+02 4.400509E+00 3.700312E+00 2.480502E+02
3.280003E+03 1.530260E+06 3.947832E+01 1.027913E-03 2.085719E+02 4.400514E+00 3.700316E+00 2.480502E+02
3.280011E+03 1.530270E+06 3.947832E+01 1.028662E-03 2.085719E+02 4.400519E+00 3.700320E+00 2.480502E+02
3.280020E+03 1.530280E+06 3.947832E+01 1.029415E-03 2.085719E+02 4.400524E+00 3.700324E+00 2.480502E+02
3.280029E+03 1.530290E+06 3.947832E+01 1.030168E-03 2.085719E+02 4.400528E+00 3.700328E+00 2.480502E+02
3.280038E+03 1.530300E+06 3.947832E+01 1.030918E-03 2.085719E+02 4.400532E+00 3.700332E+00 2.480502E+02
3.280047E+03 1.530310E+06 3.947832E+01 1.031696E-03 2.085719E+02 4.400536E+00 3.700335E+00 2.480502E+02
3.280056E+03 1.530320E+06 3.947832E+01 1.032487E-03 2.085719E+02 4.400541E+00 3.700340E+00 2.480502E+02
3.280066E+03 1.530330E+06 3.947832E+01 1.033275E-03 2.085719E+02 4.400546E+00 3.700344E+00 2.480502E+02
3.280075E+03 1.530340E+06 3.947832E+01 1.034072E-03 2.085719E+02 4.400551E+00 3.700348E+00 2.480502E+02
3.280084E+03 1.530350E+06 3.947832E+01 1.034863E-03 2.085719E+02 4.400555E+00 3.700351E+00 2.480502E+02
3.280093E+03 1.530360E+06 3.947832E+01 1.035660E-03 2.085719E+02 4.400559E+00 3.700355E+00 2.480502E+02
3.280103E+03 1.530370E+06 3.947832E+01 1.036471E-03 2.085719E+02 4.400564E+00 3.700359E+00 2.480502E+02
3.280112E+03 1.530380E+06 3.947832E+01 1.037274E-03 2.085719E+02 4.400568E+00 3.700363E+00 2.480502E+02
3.280122E+03 1.530390E+06 3.947832E+01 1.038080E-03 2.085719E+02 4.400573E+00 3.700367E+00 2.480502E+02
3.280131E+03 1.530400E+06 3.947832E+01 1.038880E-03 2.085719E+02 4.400577E+00 3.700370E+00 2.480502E+02
3.280140E+03 1.530410E+06 3.947832E+01 1.039603E-03 2.085719E+02 4.400581E+00 3.700374E+00 2.480502E+02
3.280149E+03 1.530420E+06 3.947832E+01 1.040393E-03 2.085719E+02 4.400585E+00 3.700377E+00 2.480502E+02
3.280158E+03 1.530430E+06 3.947832E+01 1.041174E-03 2.085719E+02 4.400589E+00 3.700381E+00 2.480502E+02
3.280167E+03 1.530440E+06 3.947832E+01 1.041955E-03 2.085719E+02 4.400593E+00 3.700385E+00 2.480502E+02
3.280176E+03 1.530450E+06 3.947832E+01 1.042712E-03 2.085719E+02 4.400597E+00 3.700388E+00 2.480502E+02
3.280185E+03 1.530460E+06 3.947832E+01 1.043444E-03 2.085719E+02 4.400601E+00 3.700392E+00 2.480502E+02
3.280193E+03 1.530470E+06 3.947832E+01 1.044105E-03 2.085719E+02 4.400605E+00 3.700394E+00 2.480502E+02
3.280201E+03 1.530480E+06 3.947832E+01 1.044800E-03 2.085719E+02 4.400608E+00 3.700397E+00 2.480502E+02
3.280209E+03 1.530490E+06 3.947832E+01 1.045494E-03 2.085719E+02 4.400612E+00 3.700401E+00 2.480502E+02
3.280217E+03 1.530500E+06 3.947832E+01 1.046184E-03 2.085719E+02 4.400616E+00 3.700404E+00 2.480502E+02
3.280225E+03 1.530510E+06 3.947832E+01 1.046881E-03 2.085719E+02 4.400620E+00 3.700408E+00 2.480502E+02
3.280234E+03 1.530520E+06 3.947832E+01 1.047581E-03 2.085719E+02 4.400624E+00 3.700412E+00 2.480502E+02
3.280242E+03 1.530530E+06 3.947832E+01 1.048286E-03 2.085719E+02 4.400628E+00 3.700415E+00 2.480502E+02
3.280250E+03 1.530540E+06 3.947832E+01 1.049003E-03 2.085719E+02 4.400632E+00 3.700418E+00 2.480502E+02
3.280259E+03 1.530550E+06 3.947832E+01 1.049722E-03 2.085719E+02 4.400636E+00 3.700422E+00 2.480502E+02
3.280267E+03 1.530560E+06 3.947832E+01 1.050438E-03 2.085719E+02 4.400641E+00 3.700426E+00 2.480502E+02
3.280276E+03 1.530570E+06 3.947832E+01 1.051156E-03 2.085719E+02 4.400646E+00 3.700430E+00 2.480502E+02
3.280284E+03 1.530580E+06 3.947832E+01 1.051878E-03 2.085719E+02 4.400651E+00 3.700435E+00 2.480502E+02
3.280293E+03 1.530590E+06 3.947832E+01 1.052618E-03 2.085719E+02 4.400656E+00 3.700439E+00 2.480502E+02
3.280302E+03 1.530600E+06 3.947832E+01 1.053351E-03 2.085719E+02 4.400660E+00 3.700443E+00 2.480502E+02
3.280310E+03 1.530610E+06 3.947832E+01 1.054071E-03 2.085719E+02 4.400665E+00 3.700447E+00 2.480502E+02
3.280318E+03 1.530620E+06 3.947832E+01 1.054777E-03 2.085719E+02 4.400670E+00 3.700451E+00 2.480502E+02
3.280327E+03 1.530630E+06 3.947832E+01 1.055477E-03 2.085719E+02 4.400675E+00 3.700455E+00 2.480502E+02
3.280335E+03 1.530640E+06 3.947832E+01 1.056180E-03 2.085719E+02 4.400679E+00 3.700459E+00 2.480502E+02
3.280344E+03 1.530650E+06 3.947832E+01 1.056902E-03 2.085719E+02 4.400684E+00 3.700463E+00 2.480502E+02
3.280352E+03 1.530660E+06 3.947832E+01 1.057619E-03 2.085719E+02 4.400689E+00 3.700468E+00 2.480502E+02
3.280361E+03 1.530670E+06 3.947832E+01 1.058340E-03 2.085719E+02 4.400694E+00 3.700472E+00 2.480502E+02
3.280369E+03 1.530680E+06 3.947832E+01 1.059068E-03 2.085719E+02 4.400699E+00 3.700476E+00 2.480502E+02
3.280378E+03 1.530690E+06 3.947832E+01 1.059794E-03 2.085719E+02 4.400704E+00 3.700481E+00 2.480502E+02
3.280387E+03 1.530700E+06 3.947832E+01 1.060518E-03 2.085719E+02 4.400709E+00 3.700485E+00 2.480502E+02
3.280395E+03 1.530710E+06 3.947832E+01 1.061246E-03 2.085719E+02 4.400714E+00 3.700489E+00 2.480502E+02
3.280404E+03 1.530720E+06 3.947832E+01 1.061970E-03 2.085719E+02 4.400719E+00 3.700494E+00 2.480502E+02
3.280413E+03 1.530730E+06 3.947832E+01 1.062694E-03 2.085719E+02 4.400724E+00 3.700498E+00 2.480502E+02
3.280421E+03 1.530740E+06 3.947832E+01 1.063418E-03 2.085719E+02 4.400730E+00 3.700503E+00 2.480502E+02
3.280430E+03 1.530750E+06 3.947832E+01 1.064144E-03 2.085719E+02 4.400735E+00 3.700507E+00 2.480502E+02
3.280439E+03 1.530760E+06 3.947832E+01 1.064887E-03 2.085719E+02 4.400741E+00 3.700512E+00 2.480502E+02
3.280447E+03 1.530770E+06 3.947832E+01 1.065630E-03 2.085719E+02 4.400746E+00 3.700517E+00 2.480502E+02
3.280456E+03 1.530780E+06 3.947832E+01 1.066356E-03 2.085719E+02 4.400752E+00 3.700522E+00 2.480502E+02
3.280465E+03 1.530790E+06 3.947832E+01 1.067068E-03 2.085719E+02 4.400757E+00 3.700526E+00 2.480502E+02
3.280473E+03 1.530800E+06 3.947832E+01 1.067768E-03 2.085719E+02 4.400762E+00 3.700531E+00 2.480502E+02
3.280481E+03 1.530810E+06 3.947832E+01 1.068474E-03 2.085719E+02 4.400768E+00 3.700535E+00 2.480502E+02
3.280490E+03 1.530820E+06 3.947832E+01 1.069174E-03 2.085719E+02 4.400773E+00 3.700540E+00 2.480502E+02
3.280498E+03 1.530830E+06 3.947832E+01 1.069866E-03 2.085719E+02 4.400779E+00 3.700545E+00 2.480502E+02
3.280506E+03 1.530840E+06 3.947832E+01 1.070562E-03 2.085719E+02 4.400784E+00 3.700550E+00 2.480502E+02
3.280515E+03 1.530850E+06 3.947832E+01 1.071257E-03 2.085719E+02 4.400790E+00 3.700555E+00 2.480502E+02
3.280523E+03 1.530860E+06 3.947832E+01 1.071956E-03 2.085719E+02 4.400796E+00 3.700560E+00 2.480502E+02
3.280531E+03 1.530870E+06 3.947832E+01 1.072652E-03 2.085719E+02 4.400801E+00 3.700564E+00 2.480502E+02
3.280540E+03 1.530880E+06 3.947832E+01 1.073347E-03 2.085719E+02 4.400806E+00 3.700569E+00 2.480502E+02
3.280548E+03 1.530890E+06 3.947832E+01 1.074041E-03 2.085719E+02 4.400812E+00 3.700573E+00 2.480502E+02
3.280556E+03 1.530900E+06 3.947832E+01 1.074740E-03 2.085719E+02 4.400817E+00 3.700578E+00 2.480502E+02
3.280565E+03 1.530910E+06 3.947832E+01 1.075441E-03 2.085719E+02 4.400823E+00 3.700583E+00 2.480502E+02
3.280573E+03 1.530920E+06 3.947832E+01 1.076142E-03 2.085719E+02 4.400828E+00 3.700588E+00 2.480502E+02
3.280581E+03 1.530930E+06 3.947832E+01 1.076843E-03 2.085719E+02 4.400834E+00 3.700593E+00 2.480502E+02
3.280590E+03 1.530940E+06 3.947832E+01 1.077537E-03 2.085719E+02 4.400840E+00 3.700598E+00 2.480502E+02
3.280598E+03 1.530950E+06 3.947832E+01 1.078220E-03 2.085719E+02 4.400845E+00 3.700602E+00 2.480502E+02
3.280606E+03 1.530960E+06 3.947832E+01 1.078915E-03 2.085719E+02 4.400850E+00 3.700607E+00 2.480502E+02
3.280614E+03 1.530970E+06 3.947832E+01 1.079607E-03 2.085719E+02 4.400855E+00 3.700611E+00 2.480502E+02
3.280622E+03 1.530980E+06 3.947832E+01 1.080295E-03 2.085719E+02 4.400861E+00 3.700616E+00 2.480502E+02
3.280630E+03 1.530990E+06 3.947832E+01 1.080979E-03 2.085719E+02 4.400866E+00 3.700620E+00 2.480502E+02
3.280639E+03 1.531000E+06 3.947832E+01 1.081678E-03 2.085719E+02 4.400871E+00 3.700625E+00 2.480502E+02
3.280647E+03 1.531010E+06 3.947832E+01 1.082377E-03 2.085719E+02 4.400877E+00 3.700629E+00 2.480502E+02
3.280655E+03 1.531020E+06 3.947832E+01 1.083087E-03 2.085719E+02 4.400881E+00 3.700633E+00 2.480502E+02
3.280664E+03 1.531030E+06 3.947832E+01 1.083785E-03 2.085719E+02 4.400886E+00 3.700638E+00 2.480502E+02
3.280672E+03 1.531040E+06 3.947832E+01 1.084482E-03 2.085719E+02 4.400892E+00 3.700642E+00 2.480502E+02
3.280680E+03 1.531050E+06 3.947832E+01 1.085187E-03 2.085719E+02 4.400897E+00 3.700647E+00 2.480502E+02
3.280689E+03 1.531060E+06 3.947832E+01 1.085907E-03 2.085719E+02 4.400903E+00 3.700652E+00 2.480502E+02
3.280698E+03 1.531070E+06 3.947832E+01 1.086629E-03 2.085719E+02 4.400908E+00 3.700656E+00 2.480502E+02
3.280706E+03 1.531080E+06 3.947832E+01 1.087330E-03 2.085719E+02 4.400913E+00 3.700660E+00 2.480502E+02
3.280714E+03 1.531090E+06 3.947832E+01 1.088028E-03 2.085719E+02 4.400917E+00 3.700664E+00 2.480502E+02
3.280723E+03 1.531100E+06 3.947832E+01 1.088732E-03 2.085719E+02 4.400922E+00 3.700669E+00 2.480502E+02
3.280731E+03 1.531110E+06 3.947832E+01 1.089440E-03 2.085719E+02 4.400928E+00 3.700674E+00 2.480502E+02
3.280740E+03 1.531120E+06 3.947832E+01 1.090148E-03 2.085719E+02 4.400933E+00 3.700678E+00 2.480502E+02
3.280748E+03 1.531130E+06 3.947832E+01 1.090849E-03 2.085719E+02 4.400939E+00 3.700683E+00 2.480502E+02
3.280756E+03 1.531140E+06 3.947832E+01 1.091529E-03 2.085719E+02 4.400944E+00 3.700687E+00 2.480502E+02
3.280764E+03 1.531150E+06 3.947832E+01 1.092205E-03 2.085719E+02 4.400949E+00 3.700692E+00 2.480502E+02
3.280772E+03 1.531160E+06 3.947832E+01 1.092878E-03 2.085719E+02 4.400954E+00 3.700696E+00 2.480502E+02
3.280780E+03 1.531170E+06 3.947832E+01 1.093572E-03 2.085719E+02 4.400959E+00 3.700701E+00 2.480502E+02
3.280788E+03 1.531180E+06 3.947832E+01 1.094277E-03 2.085719E+02 4.400964E+00 3.700705E+00 2.480502E+02
3.280797E+03 1.531190E+06 3.947832E+01 1.094977E-03 2.085719E+02 4.400969E+00 3.700709E+00 2.480502E+02
3.280805E+03 1.531200E+06 3.947832E+01 1.095670E-03 2.085719E+02 4.400975E+00 3.700714E+00 2.480502E+02
3.280813E+03 1.531210E+06 3.947832E+01 1.096355E-03 2.085719E+02 4.400980E+00 3.700719E+00 2.480502E+02
3.280821E+03 1.531220E+06 3.947832E+01 1.096980E-03 2.085719E+02 4.400986E+00 3.700723E+00 2.480502E+02
3.280828E+03 1.531230E+06 3.947832E+01 1.097606E-03 2.085719E+02 4.400991E+00 3.700728E+00 2.480502E+02
3.280836E+03 1.531240E+06 3.947832E+01 1.098242E-03 2.085719E+02 4.400996E+00 3.700732E+00 2.480502E+02
3.280843E+03 1.531250E+06 3.947832E+01 1.098888E-03 2.085719E+02 4.401000E+00 3.700736E+00 2.480502E+02
3.280851E+03 1.531260E+06 3.947832E+01 1.099525E-03 2.085719E+02 4.401005E+00 3.700740E+00 2.480502E+02
3.280858E+03 1.531270E+06 3.947832E+01 1.100126E-03 2.085719E+02 4.401010E+00 3.700744E+00 2.480502E+02
3.280865E+03 1.531280E+06 3.947832E+01 1.100705E-03 2.085719E+02 4.401014E+00 3.700748E+00 2.480502E+02
3.280871E+03 1.531290E+06 3.947832E+01 1.101278E-03 2.085719E+02 4.401019E+00 3.700752E+00 2.480502E+02
3.280878E+03 1.531300E+06 3.947832E+01 1.101864E-03 2.085719E+02 4.401024E+00 3.700756E+00 2.480502E+02
3.280885E+03 1.531310E+06 3.947832E+01 1.102453E-03 2.085719E+02 4.401029E+00 3.700761E+00 2.480502E+02
3.280892E+03 1.531320E+06 3.947832E+01 1.103040E-03 2.085719E+02 4.401034E+00 3.700765E+00 2.480502E+02
3.280899E+03 1.531330E+06 3.947832E+01 1.103623E-03 2.085719E+02 4.401038E+00 3.700769E+00 2.480502E+02
3.280906E+03 1.531340E+06 3.947832E+01 1.104205E-03 2.085719E+02 4.401043E+00 3.700772E+00 2.480502E+02
3.280913E+03 1.531350E+06 3.947832E+01 1.104789E-03 2.085719E+02 4.401047E+00 3.700776E+00 2.480502E+02
3.280920E+03 1.531360E+06 3.947832E+01 1.105370E-03 2.085719E+02 4.401052E+00 3.700781E+00 2.480502E+02
3.280927E+03 1.531370E+06 3.947831E+01 1.105961E-03 2.085719E+02 4.401057E+00 3.700785E+00 2.480502E+02
3.280934E+03 1.531380E+06 3.947831E+01 1.106553E-03 2.085719E+02 4.401062E+00 3.700789E+00 2.480502E+02
3.280941E+03 1.531390E+06 3.947831E+01 1.107145E-03 2.085719E+02 4.401067E+00 3.700793E+00 2.480502E+02
3.280948E+03 1.531400E+06 3.947831E+01 1.107741E-03 2.085719E+02 4.401071E+00 3.700797E+00 2.480502E+02
3.280955E+03 1.531410E+06 3.947831E+01 1.108334E-03 2.085719E+02 4.401076E+00 3.700801E+00 2.480502E+02
3.280962E+03 1.531420E+06 3.947831E+01 1.108933E-03 2.085719E+02 4.401081E+00 3.700806E+00 2.480502E+02
3.280969E+03 1.531430E+06 3.947831E+01 1.109527E-03 2.085719E+02 4.401086E+00 3.700810E+00 2.480502E+02
3.280976E+03 1.531440E+06 3.947831E+01 1.110122E-03 2.085719E+02 4.401092E+00 3.700815E+00 2.480502E+02
3.280983E+03 1.531450E+06 3.947831E+01 1.110719E-03 2.085719E+02 4.401097E+00 3.700819E+00 2.480502E+02
3.280990E+03 1.531460E+06 3.947831E+01 1.111310E-03 2.085719E+02 4.401102E+00 3.700824E+00 2.480502E+02
3.280997E+03 1.531470E+06 3.947831E+01 1.111901E-03 2.085719E+02 4.401107E+00 3.700828E+00 2.480502E+02
3.281004E+03 1.531480E+06 3.947831E+01 1.112496E-03 2.085719E+02 4.401112E+00 3.700832E+00 2.480502E+02
3.281011E+03 1.531490E+06 3.947831E+01 1.113088E-03 2.085719E+02 4.401117E+00 3.700837E+00 2.480502E+02
3.281018E+03 1.531500E+06 3.947831E+01 1.113680E-03 2.085719E+02 4.401122E+00 3.700841E+00 2.480502E+02
3.281025E+03 1.531510E+06 3.947831E+01 1.114274E-03 2.085719E+02 4.401128E+00 3.700846E+00 2.480502E+02
3.281032E+03 1.531520E+06 3.947831E+01 1.114874E-03 2.085719E+02 4.401134E+00 3.700851E+00 2.480502E+02
3.281039E+03 1.531530E+06 3.947831E+01 1.115480E-03 2.085719E+02 4.401139E+00 3.700855E+00 2.480502E+02
3.281047E+03 1.531540E+06 3.947831E+01 1.116076E-03 2.085719E+02 4.401145E+00 3.700860E+00 2.480502E+02
3.281054E+03 1.531550E+06 3.947831E+01 1.116675E-03 2.085719E+02 4.401150E+00 3.700864E+00 2.480502E+02
3.281061E+03 1.531560E+06 3.947831E+01 1.117273E-03 2.085719E+02 4.401155E+00 3.700869E+00 2.480502E+02
3.281068E+03 1.531570E+06 3.947831E+01 1.117872E-03 2.085719E+02 4.401161E+00 3.700874E+00 2.480502E+02
3.281076E+03 1.531580E+06 3.947831E+01 1.118484E-03 2.085719E+02 4.401167E+00 3.700879E+00 2.480502E+02
3.281083E+03 1.531590E+06 3.947831E+01 1.119096E-03 2.085719E+02 4.401173E+00 3.700884E+00 2.480502E+02
3.281090E+03 1.531600E+06 3.947831E+01 1.119708E-03 2.085719E+02 4.401179E+00 3.700890E+00 2.480502E+02
3.281098E+03 1.531610E+06 3.947831E+01 1.120319E-03 2.085719E+02 4.401185E+00 3.700895E+00 2.480502E+02
3.281105E+03 1.531620E+06 3.947831E+01 1.120929E-03 2.085719E+02 4.401190E+00 3.700899E+00 2.480502E+02
3.281112E+03 1.531630E+06 3.947831E+01 1.121538E-03 2.085719E+02 4.401196E+00 3.700905E+00 2.480502E+02
3.281120E+03 1.531640E+06 3.947831E+01 1.122148E-03 2.085719E+02 4.401203E+00 3.700910E+00 2.480502E+02
3.281127E+03 1.531650E+06 3.947831E+01 1.122771E-03 2.085719E+02 4.401209E+00 3.700915E+00 2.480502E+02
3.281134E+03 1.531660E+06 3.947831E+01 1.123393E-03 2.085719E+02 4.401214E+00 3.700920E+00 2.480502E+02
3.281142E+03 1.531670E+06 3.947831E+01 1.124018E-03 2.085719E+02 4.401221E+00 3.700925E+00 2.480502E+02
3.281149E+03 1.531680E+06 3.947831E+01 1.124642E-03 2.085719E+02 4.401226E+00 3.700930E+00 2.480502E+02
3.281157E+03 1.531690E+06 3.947831E+01 1.125259E-03 2.085719E+02 4.401233E+00 3.700936E+00 2.480502E+02
3.281164E+03 1.531700E+06 3.947831E+01 1.125880E-03 2.085719E+02 4.401239E+00 3.700941E+00 2.480502E+02
3.281172E+03 1.531710E+06 3.947831E+01 1.126498E-03 2.085719E+02 4.401244E+00 3.700946E+00 2.480502E+02
3.281179E+03 1.531720E+06 3.947831E+01 1.127127E-03 2.085719E+02 4.401250E+00 3.700951E+00 2.480502E+02
3.281187E+03 1.531730E+06 3.947831E+01 1.127757E-03 2.085719E+02 4.401256E+00 3.700955E+00 2.480502E+02
3.281194E+03 1.531740E+06 3.947831E+01 1.128386E-03 2.085719E+02 4.401261E+00 3.700960E+00 2.480502E+02
3.281202E+03 1.531750E+06 3.947831E+01 1.128999E-03 2.085719E+02 4.401266E+00 3.700965E+00 2.480502E+02
3.281209E+03 1.531760E+06 3.947831E+01 1.129619E-03 2.085719E+02 4.401272E+00 3.700970E+00 2.480502E+02
3.281216E+03 1.531770E+06 3.947831E+01 1.130230E-03 2.085719E+02 4.401277E+00 3.700974E+00 2.480502E+02
3.281224E+03 1.531780E+06 3.947831E+01 1.130857E-03 2.085719E+02 4.401283E+00 3.700979E+00 2.480502E+02
3.281231E+03 1.531790E+06 3.947831E+01 1.131490E-03 2.085719E+02 4.401288E+00 3.700983E+00 2.480502E+02
3.281239E+03 1.531800E+06 3.947831E+01 1.132123E-03 2.085719E+02 4.401293E+00 3.700988E+00 2.480502E+02
3.281246E+03 1.531810E+06 3.947831E+01 1.132764E-03 2.085719E+02 4.401298E+00 3.700992E+00 2.480502E+02
3.281254E+03 1.531820E+06 3.947831E+01 1.133399E-03 2.085719E+02 4.401304E+00 3.700997E+00 2.480502E+02
3.281261E+03 1.531830E+06 3.947831E+01 1.134012E-03 2.085719E+02 4.401309E+00 3.701001E+00 2.480502E+02
3.281268E+03 1.531840E+06 3.947831E+01 1.134608E-03 2.085719E+02 4.401314E+00 3.701005E+00 2.480502E+02
3.281276E+03 1.531850E+06 3.947831E+01 1.135237E-03 2.085719E+02 4.401318E+00 3.701009E+00 2.480502E+02
3.281283E+03 1.531860E+06 3.947831E+01 1.135866E-03 2.085719E+02 4.401323E+00 3.701014E+00 2.480502E+02
3.281291E+03 1.531870E+06 3.947831E+01 1.136496E-03 2.085719E+02 4.401329E+00 3.701018E+00 2.480502E+02
3.281298E+03 1.531880E+06 3.947831E+01 1.137114E-03 2.085719E+02 4.401334E+00 3.701023E+00 2.480502E+02
3.281306E+03 1.531890E+06 3.947831E+01 1.137728E-03 2.085719E+02 4.401339E+00 3.701027E+00 2.480502E+02
3.281313E+03 1.531900E+06 3.947831E+01 1.138340E-03 2.085719E+02 4.401345E+00 3.701032E+00 2.480502E+02
3.281320E+03 1.531910E+06 3.947831E+01 1.138963E-03 2.085719E+02 4.401350E+00 3.701036E+00 2.480502E+02
3.281328E+03 1.531920E+06 3.947831E+01 1.139592E-03 2.085719E+02 4.401355E+00 3.701041E+00 2.480502E+02
3.281336E+03 1.531930E+06 3.947831E+01 1.140221E-03 2.085719E+02 4.401361E+00 3.701046E+00 2.480502E+02
3.281343E+03 1.531940E+06 3.947831E+01 1.140850E-03 2.085719E+02 4.401367E+00 3.701051E+00 2.480502E+02
3.281351E+03 1.531950E+06 3.947831E+01 1.141490E-03 2.085719E+02 4.401373E+00 3.701057E+00 2.480502E+02
3.281359E+03 1.531960E+06 3.947831E+01 1.142143E-03 2.085719E+02 4.401380E+00 3.701062E+00 2.480502E+02
3.281367E+03 1.531970E+06 3.947831E+01 1.142809E-03 2.085719E+02 4.401386E+00 3.701068E+00 2.480502E+02
3.281375E+03 1.531980E+06 3.947831E+01 1.143491E-03 2.085719E+02 4.401393E+00 3.701073E+00 2.480502E+02
3.281383E+03 1.531990E+06 3.947831E+01 1.144167E-03 2.085719E+02 4.401399E+00 3.701079E+00 2.480502E+02
3.281391E+03 1.532000E+06 3.947831E+01 1.144839E-03 2.085719E+02 4.401406E+00 3.701085E+00 2.480502E+02
3.281399E+03 1.532010E+06 3.947831E+01 1.145515E-03 2.085719E+02 4.401413E+00 3.701091E+00 2.480502E+02
3.281408E+03 1.532020E+06 3.947831E+01 1.146187E-03 2.085719E+02 4.401420E+00 3.701096E+00 2.480502E+02
3.281416E+03 1.532030E+06 3.947831E+01 1.146858E-03 2.085719E+02 4.401427E+00 3.701102E+00 2.480502E+02
3.281424E+03 1.532040E+06 3.947831E+01 1.147538E-03 2.085719E+02 4.401434E+00 3.701108E+00 2.480502E+02
3.281432E+03 1.532050E+06 3.947831E+01 1.148220E-03 2.085719E+02 4.401441E+00 3.701114E+00 2.480502E+02
3.281441E+03 1.532060E+06 3.947831E+01 1.148909E-03 2.085719E+02 4.401448E+00 3.701120E+00 2.480502E+02
3.281449E+03 1.532070E+06 3.947831E+01 1.149595E-03 2.085719E+02 4.401455E+00 3.701127E+00 2.480502E+02
3.281457E+03 1.532080E+06 3.947831E+01 1.150281E-03 2.085719E+02 4.401462E+00 3.701133E+00 2.480502E+02
3.281466E+03 1.532090E+06 3.947831E+01 1.150969E-03 2.085719E+02 4.401469E+00 3.701139E+00 2.480502E+02
3.281474E+03 1.532100E+06 3.947831E+01 1.151646E-03 2.085719E+02 4.401476E+00 3.701144E+00 2.480502E+02
3.281482E+03 1.532110E+06 3.947831E+01 1.152298E-03 2.085719E+02 4.401482E+00 3.701150E+00 2.480502E+02
3.281490E+03 1.532120E+06 3.947831E+01 1.152938E-03 2.085719E+02 4.401488E+00 3.701155E+00 2.480502E+02
3.281497E+03 1.532130E+06 3.947831E+01 1.153564E-03 2.085719E+02 4.401495E+00 3.701160E+00 2.480502E+02
3.281505E+03 1.532140E+06 3.947831E+01 1.154182E-03 2.085719E+02 4.401501E+00 3.701166E+00 2.480502E+02
3.281512E+03 1.532150E+06 3.947831E+01 1.154806E-03 2.085719E+02 4.401507E+00 3.701171E+00 2.480502E+02
3.281520E+03 1.532160E+06 3.947831E+01 1.155451E-03 2.085719E+02 4.401513E+00 3.701176E+00 2.480502E+02
3.281528E+03 1.532170E+06 3.947831E+01 1.156095E-03 2.085719E+02 4.401519E+00 3.701181E+00 2.480502E+02
3.281536E+03 1.532180E+06 3.947831E+01 1.156739E-03 2.085719E+02 4.401525E+00 3.701186E+00 2.480502E+02
3.281543E+03 1.532190E+06 3.947831E+01 1.157375E-03 2.085719E+02 4.401531E+00 3.701192E+00 2.480502E+02
3.281551E+03 1.532200E+06 3.947831E+01 1.157997E-03 2.085719E+02 4.401537E+00 3.701197E+00 2.480502E+02
3.281558E+03 1.532210E+06 3.947831E+01 1.158612E-03 2.085719E+02 4.401543E+00 3.701202E+00 2.480502E+02
3.281566E+03 1.532220E+06 3.947831E+01 1.159240E-03 2.085719E+02 4.401549E+00 3.701207E+00 2.480502E+02
3.281574E+03 1.532230E+06 3.947831E+01 1.159878E-03 2.085719E+02 4.401555E+00 3.701212E+00 2.480502E+02
3.281582E+03 1.532240E+06 3.947831E+01 1.160524E-03 2.085719E+02 4.401561E+00 3.701217E+00 2.480502E+02
3.281589E+03 1.532250E+06 3.947831E+01 1.161164E-03 2.085719E+02 4.401568E+00 3.701223E+00 2.480502E+02
3.281597E+03 1.532260E+06 3.947831E+01 1.161803E-03 2.085719E+02 4.401574E+00 3.701229E+00 2.480502E+02
3.281605E+03 1.532270E+06 3.947831E+01 1.162442E-03 2.085719E+02 4.401581E+00 3.701235E+00 2.480502E+02
3.281613E+03 1.532280E+06 3.947831E+01 1.163081E-03 2.085719E+02 4.401588E+00 3.701240E+00 2.480502E+02
3.281621E+03 1.532290E+06 3.947831E+01 1.163717E-03 2.085719E+02 4.401594E+00 3.701246E+00 2.480502E+02
3.281628E+03 1.532300E+06 3.947831E+01 1.164357E-03 2.085719E+02 4.401601E+00 3.701252E+00 2.480502E+02
3.281636E+03 1.532310E+06 3.947831E+01 1.165001E-03 2.085719E+02 4.401608E+00 3.701257E+00 2.480502E+02
3.281644E+03 1.532320E+06 3.947831E+01 1.165640E-03 2.085719E+02 4.401615E+00 3.701264E+00 2.480502E+02
3.281652E+03 1.532330E+06 3.947831E+01 1.166275E-03 2.085719E+02 4.401622E+00 3.701270E+00 2.480502E+02
3.281660E+03 1.532340E+06 3.947831E+01 1.166911E-03 2.085719E+02 4.401629E+00 3.701276E+00 2.480502E+02
3.281668E+03 1.532350E+06 3.947831E+01 1.167565E-03 2.085719E+02 4.401637E+00 3.701282E+00 2.480502E+02
3.281676E+03 1.532360E+06 3.947831E+01 1.168218E-03 2.085719E+02 4.401645E+00 3.701289E+00 2.480502E+02
3.281684E+03 1.532370E+06 3.947831E+01 1.168870E-03 2.085719E+02 4.401653E+00 3.701296E+00 2.480502E+02
3.281692E+03 1.532380E+06 3.947831E+01 1.169519E-03 2.085719E+02 4.401660E+00 3.701303E+00 2.480502E+02
3.281699E+03 1.532390E+06 3.947831E+01 1.170150E-03 2.085719E+02 4.401668E+00 3.701309E+00 2.480502E+02
3.281707E+03 1.532400E+06 3.947831E+01 1.170776E-03 2.085719E+02 4.401676E+00 3.701316E+00 2.480502E+02
3.281715E+03 1.532410E+06 3.947831E+01 1.171410E-03 2.085719E+02 4.401684E+00 3.701323E+00 2.480502E+02
3.281723E+03 1.532420E+06 3.947831E+01 1.172048E-03 2.085719E+02 4.401692E+00 3.701330E+00 2.480502E+02
3.281731E+03 1.532430E+06 3.947831E+01 1.172682E-03 2.085719E+02 4.401700E+00 3.701336E+00 2.480502E+02
3.281738E+03 1.532440E+06 3.947831E+01 1.173311E-03 2.085719E+02 4.401708E+00 3.701343E+00 2.480502E+02
3.281746E+03 1.532450E+06 3.947831E+01 1.173940E-03 2.085719E+02 4.401716E+00 3.701350E+00 2.480502E+02
3.281754E+03 1.532460E+06 3.947831E+01 1.174569E-03 2.085719E+02 4.401724E+00 3.701356E+00 2.480502E+02
3.281762E+03 1.532470E+06 3.947831E+01 1.175202E-03 2.085719E+02 4.401731E+00 3.701363E+00 2.480502E+02
3.281769E+03 1.532480E+06 3.947831E+01 1.175835E-03 2.085719E+02 4.401739E+00 3.701370E+00 2.480502E+02
3.281777E+03 1.532490E+06 3.947831E+01 1.176473E-03 2.085719E+02 4.401747E+00 3.701376E+00 2.480502E+02
3.281785E+03 1.532500E+06 3.947831E+01 1.177107E-03 2.085719E+02 4.401755E+00 3.701383E+00 2.480502E+02
3.281793E+03 1.532510E+06 3.947831E+01 1.177743E-03 2.085719E+02 4.401763E+00 3.701390E+00 2.480502E+02
3.281801E+03 1.532520E+06 3.947831E+01 1.178375E-03 2.085719E+02 4.401770E+00 3.701396E+00 2.480502E+02
3.281808E+03 1.532530E+06 3.947831E+01 1.179011E-03 2.085719E+02 4.401777E+00 3.701402E+00 2.480502E+02
3.281816E+03 1.532540E+06 3.947831E+01 1.179654E-03 2.085719E+02 4.401785E+00 3.701409E+00 2.480502E+02
3.281824E+03 1.532550E+06 3.947831E+01 1.180300E-03 2.085719E+02 4.401793E+00 3.701416E+00 2.480502E+02
3.281832E+03 1.532560E+06 3.947831E+01 1.180941E-03 2.085719E+02 4.401801E+00 3.701422E+00 2.480502E+02
3.281840E+03 1.532570E+06 3.947831E+01 1.181588E-03 2.085719E+02 4.401808E+00 3.701429E+00 2.480502E+02
3.281848E+03 1.532580E+06 3.947831E+01 1.182240E-03 2.085719E+02 4.401816E+00 3.701436E+00 2.480502E+02
3.281856E+03 1.532590E+06 3.947831E+01 1.182879E-03 2.085719E+02 4.401825E+00 3.701443E+00 2.480502E+02
3.281864E+03 1.532600E+06 3.947831E+01 1.183531E-03 2.085719E+02 4.401833E+00 3.701449E+00 2.480502E+02
3.281872E+03 1.532610E+06 3.947830E+01 1.184173E-03 2.085719E+02 4.401841E+00 3.701457E+00 2.480502E+02
3.281880E+03 1.532620E+06 3.947830E+01 1.184810E-03 2.085719E+02 4.401849E+00 3.701463E+00 2.480502E+02
3.281888E+03 1.532630E+06 3.947830E+01 1.185452E-03 2.085719E+02 4.401857E+00 3.701470E+00 2.480502E+02
3.281896E+03 1.532640E+06 3.947830E+01 1.186090E-03 2.085719E+02 4.401865E+00 3.701477E+00 2.480502E+02
3.281903E+03 1.532650E+06 3.947830E+01 1.186725E-03 2.085719E+02 4.401873E+00 3.701484E+00 2.480502E+02
3.281912E+03 1.532660E+06 3.947830E+01 1.187386E-03 2.085719E+02 4.401882E+00 3.701492E+00 2.480502E+02
3.281920E+03 1.532670E+06 3.947830E+01 1.188049E-03 2.085719E+02 4.401891E+00 3.701499E+00 2.480502E+02
3.281928E+03 1.532680E+06 3.947830E+01 1.188713E-03 2.085719E+02 4.401900E+00 3.701507E+00 2.480502E+02
3.281936E+03 1.532690E+06 3.947830E+01 1.189381E-03 2.085719E+02 4.401909E+00 3.701514E+00 2.480502E+02
3.281944E+03 1.532700E+06 3.947830E+01 1.190045E-03 2.085719E+02 4.401918E+00 3.701522E+00 2.480502E+02
3.281952E+03 1.532710E+06 3.947830E+01 1.190661E-03 2.085719E+02 4.401926E+00 3.701529E+00 2.480502E+02
3.281960E+03 1.532720E+06 3.947830E+01 1.191311E-03 2.085719E+02 4.401935E+00 3.701537E+00 2.480502E+02
3.281968E+03 1.532730E+06 3.947830E+01 1.191978E-03 2.085719E+02 4.401944E+00 3.701545E+00 2.480502E+02
3.281976E+03 1.532740E+06 3.947830E+01 1.192633E-03 2.085719E+02 4.401953E+00 3.701553E+00 2.480502E+02
3.281984E+03 1.532750E+06 3.947830E+01 1.193279E-03 2.085719E+02 4.401962E+00 3.701560E+00 2.480502E+02
3.281992E+03 1.532760E+06 3.947830E+01 1.193923E-03 2.085719E+02 4.401971E+00 3.701568E+00 2.480502E+02
3.282000E+03 1.532770E+06 3.947830E+01 1.194569E-03 2.085719E+02 4.401980E+00 3.701575E+00 2.480502E+02
3.282008E+03 1.532780E+06 3.947830E+01 1.195217E-03 2.085719E+02 4.401989E+00 3.701583E+00 2.480502E+02
3.282016E+03 1.532790E+06 3.947830E+01 1.195870E-03 2.085719E+02 4.401998E+00 3.701591E+00 2.480502E+02
3.282024E+03 1.532800E+06 3.947830E+01 1.196512E-03 2.085719E+02 4.402007E+00 3.701598E+00 2.480502E+02
3.282032E+03 1.532810E+06 3.947830E+01 1.197158E-03 2.085719E+02 4.402016E+00 3.701606E+00 2.480502E+02
3.282041E+03 1.532820E+06 3.947830E+01 1.197833E-03 2.085719E+02 4.402025E+00 3.701614E+00 2.480502E+02
3.282049E+03 1.532830E+06 3.947830E+01 1.198514E-03 2.085719E+02 4.402034E+00 3.701622E+00 2.480502E+02
3.282057E+03 1.532840E+06 3.947830E+01 1.199210E-03 2.085719E+02 4.402044E+00 3.701630E+00 2.480502E+02
3.282066E+03 1.532850E+06 3.947830E+01 1.199915E-03 2.085719E+02 4.402053E+00 3.701638E+00 2.480502E+02
3.282075E+03 1.532860E+06 3.947830E+01 1.200611E-03 2.085719E+02 4.402063E+00 3.701646E+00 2.480502E+02
3.282083E+03 1.532870E+06 3.947830E+01 1.201310E-03 2.085719E+02 4.402072E+00 3.701653E+00 2.480502E+02
3.282092E+03 1.532880E+06 3.947830E+01 1.202015E-03 2.085719E+02 4.402081E+00 3.701661E+00 2.480502E+02
3.282100E+03 1.532890E+06 3.947830E+01 1.202720E-03 2.085719E+02 4.402090E+00 3.701669E+00 2.480502E+02
3.282109E+03 1.532900E+06 3.947830E+01 1.203447E-03 2.085719E+02 4.402099E+00 3.701677E+00 2.480502E+02
3.282118E+03 1.532910E+06 3.947830E+01 1.204173E-03 2.085719E+02 4.402108E+00 3.701684E+00 2.480502E+02
3.282127E+03 1.532920E+06 3.947830E+01 1.204916E-03 2.085719E+02 4.402117E+00 3.701692E+00 2.480502E+02
3.282136E+03 1.532930E+06 3.947830E+01 1.205658E-03 2.085719E+02 4.402126E+00 3.701700E+00 2.480502E+02
3.282145E+03 1.532940E+06 3.947830E+01 1.206368E-03 2.085719E+02 4.402135E+00 3.701708E+00 2.480502E+02
3.282153E+03 1.532950E+06 3.947830E+01 1.207054E-03 2.085719E+02 4.402143E+00 3.701714E+00 2.480502E+02
3.282162E+03 1.532960E+06 3.947830E+01 1.207777E-03 2.085719E+02 4.402151E+00 3.701721E+00 2.480502E+02
3.282171E+03 1.532970E+06 3.947830E+01 1.208500E-03 2.085719E+02 4.402160E+00 3.701729E+00 2.480502E+02
3.282179E+03 1.532980E+06 3.947830E+01 1.209234E-03 2.085719E+02 4.402169E+00 3.701736E+00 2.480502E+02
3.282188E+03 1.532990E+06 3.947830E+01 1.209958E-03 2.085719E+02 4.402178E+00 3.701744E+00 2.480502E+02
3.282197E+03 1.533000E+06 3.947830E+01 1.210684E-03 2.085719E+02 4.402187E+00 3.701752E+00 2.480502E+02
3.282206E+03 1.533010E+06 3.947830E+01 1.211408E-03 2.085719E+02 4.402195E+00 3.701759E+00 2.480502E+02
3.282214E+03 1.533020E+06 3.947830E+01 1.212130E-03 2.085719E+02 4.402204E+00 3.701766E+00 2.480502E+02
3.282223E+03 1.533030E+06 3.947830E+01 1.212852E-03 2.085719E+02 4.402212E+00 3.701774E+00 2.480502E+02
3.282232E+03 1.533040E+06 3.947830E+01 1.213571E-03 2.085719E+02 4.402222E+00 3.701782E+00 2.480502E+02
3.282241E+03 1.533050E+06 3.947830E+01 1.214283E-03 2.085719E+02 4.402231E+00 3.701789E+00 2.480502E+02
3.282249E+03 1.533060E+06 3.947830E+01 1.214924E-03 2.085719E+02 4.402239E+00 3.701797E+00 2.480502E+02
3.282257E+03 1.533070E+06 3.947830E+01 1.215616E-03 2.085719E+02 4.402247E+00 3.701803E+00 2.480502E+02
3.282265E+03 1.533080E+06 3.947830E+01 1.216287E-03 2.085719E+02 4.402256E+00 3.701811E+00 2.480502E+02
3.282273E+03 1.533090E+06 3.947830E+01 1.216955E-03 2.085719E+02 4.402264E+00 3.701818E+00 2.480502E+02
3.282282E+03 1.533100E+06 3.947830E+01 1.217619E-03 2.085719E+02 4.402273E+00 3.701826E+00 2.480502E+02
3.282290E+03 1.533110E+06 3.947830E+01 1.218277E-03 2.085719E+02 4.402282E+00 3.701833E+00 2.480502E+02
3.282298E+03 1.533120E+06 3.947830E+01 1.218930E-03 2.085719E+02 4.402291E+00 3.701841E+00 2.480502E+02
3.282306E+03 1.533130E+06 3.947830E+01 1.219603E-03 2.085719E+02 4.402300E+00 3.701849E+00 2.480502E+02
3.282314E+03 1.533140E+06 3.947830E+01 1.220275E-03 2.085719E+02 4.402310E+00 3.701857E+00 2.480502E+02
3.282323E+03 1.533150E+06 3.947830E+01 1.220953E-03 2.085719E+02 4.402320E+00 3.701865E+00 2.480502E+02
3.282331E+03 1.533160E+06 3.947830E+01 1.221622E-03 2.085719E+02 4.402329E+00 3.701873E+00 2.480502E+02
3.282339E+03 1.533170E+06 3.947830E+01 1.222294E-03 2.085719E+02 4.402339E+00 3.701882E+00 2.480502E+02
3.282348E+03 1.533180E+06 3.947830E+01 1.222967E-03 2.085719E+02 4.402349E+00 3.701890E+00 2.480502E+02
3.282357E+03 1.533190E+06 3.947830E+01 1.223699E-03 2.085719E+02 4.402359E+00 3.701899E+00 2.480502E+02
3.282366E+03 1.533200E+06 3.947830E+01 1.224451E-03 2.085719E+02 4.402370E+00 3.701908E+00 2.480502E+02
3.282375E+03 1.533210E+06 3.947830E+01 1.225200E-03 2.085719E+02 4.402380E+00 3.701917E+00 2.480502E+02
3.282384E+03 1.533220E+06 3.947830E+01 1.225920E-03 2.085719E+02 4.402391E+00 3.701926E+00 2.480502E+02
3.282393E+03 1.533230E+06 3.947830E+01 1.226631E-03 2.085719E+02 4.402401E+00 3.701934E+00 2.480502E+02
3.282402E+03 1.533240E+06 3.947830E+01 1.227346E-03 2.085719E+02 4.402411E+00 3.701943E+00 2.480502E+02
3.282411E+03 1.533250E+06 3.947830E+01 1.228042E-03 2.085719E+02 4.402421E+00 3.701951E+00 2.480502E+02
3.282419E+03 1.533260E+06 3.947830E+01 1.228723E-03 2.085719E+02 4.402430E+00 3.701959E+00 2.480502E+02
3.282427E+03 1.533270E+06 3.947830E+01 1.229400E-03 2.085719E+02 4.402439E+00 3.701967E+00 2.480502E+02
3.282436E+03 1.533280E+06 3.947830E+01 1.230076E-03 2.085719E+02 4.402448E+00 3.701975E+00 2.480502E+02
3.282444E+03 1.533290E+06 3.947830E+01 1.230754E-03 2.085719E+02 4.402458E+00 3.701983E+00 2.480502E+02
3.282452E+03 1.533300E+06 3.947830E+01 1.231434E-03 2.085719E+02 4.402467E+00 3.701990E+00 2.480502E+02
3.282461E+03 1.533310E+06 3.947830E+01 1.232110E-03 2.085719E+02 4.402475E+00 3.701998E+00 2.480502E+02
3.282469E+03 1.533320E+06 3.947830E+01 1.232783E-03 2.085719E+02 4.402484E+00 3.702005E+00 2.480502E+02
3.282477E+03 1.533330E+06 3.947830E+01 1.233459E-03 2.085719E+02 4.402492E+00 3.702012E+00 2.480502E+02
3.282486E+03 1.533340E+06 3.947830E+01 1.234132E-03 2.085719E+02 4.402501E+00 3.702019E+00 2.480502E+02
3.282494E+03 1.533350E+06 3.947830E+01 1.234804E-03 2.085719E+02 4.402509E+00 3.702027E+00 2.480502E+02
3.282503E+03 1.533360E+06 3.947830E+01 1.235493E-03 2.085719E+02 4.402517E+00 3.702034E+00 2.480502E+02
3.282511E+03 1.533370E+06 3.947830E+01 1.236179E-03 2.085719E+02 4.402526E+00 3.702041E+00 2.480502E+02
3.282519E+03 1.533380E+06 3.947830E+01 1.236867E-03 2.085719E+02 4.402535E+00 3.702048E+00 2.480502E+02
3.282528E+03 1.533390E+06 3.947830E+01 1.237555E-03 2.085719E+02 4.402543E+00 3.702056E+00 2.480502E+02
3.282536E+03 1.533400E+06 3.947830E+01 1.238238E-03 2.085719E+02 4.402552E+00 3.702063E+00 2.480502E+02
3.282545E+03 1.533410E+06 3.947830E+01 1.238931E-03 2.085719E+02 4.402561E+00 3.702071E+00 2.480502E+02
3.282553E+03 1.533420E+06 3.947830E+01 1.239629E-03 2.085719E+02 4.402569E+00 3.702078E+00 2.480502E+02
3.282562E+03 1.533430E+06 3.947830E+01 1.240329E-03 2.085719E+02 4.402578E+00 3.702085E+00 2.480502E+02
3.282571E+03 1.533440E+06 3.947830E+01 1.241031E-03 2.085719E+02 4.402587E+00 3.702093E+00 2.480502E+02
3.282579E+03 1.533450E+06 3.947830E+01 1.241728E-03 2.085719E+02 4.402595E+00 3.702100E+00 2.480502E+02
3.282588E+03 1.533460E+06 3.947830E+01 1.242425E-03 2.085719E+02 4.402603E+00 3.702107E+00 2.480502E+02
3.282597E+03 1.533470E+06 3.947830E+01 1.243116E-03 2.085719E+02 4.402612E+00 3.702115E+00 2.480502E+02
3.282605E+03 1.533480E+06 3.947830E+01 1.243808E-03 2.085719E+02 4.402621E+00 3.702122E+00 2.480502E+02
3.282614E+03 1.533490E+06 3.947830E+01 1.244501E-03 2.085719E+02 4.402630E+00 3.702130E+00 2.480502E+02
3.282622E+03 1.533500E+06 3.947830E+01 1.245196E-03 2.085719E+02 4.402638E+00 3.702137E+00 2.480502E+02
3.282631E+03 1.533510E+06 3.947830E+01 1.245893E-03 2.085719E+02 4.402647E+00 3.702144E+00 2.480502E+02
3.282640E+03 1.533520E+06 3.947830E+01 1.246591E-03 2.085719E+02 4.402656E+00 3.702152E+00 2.480502E+02
3.282648E+03 1.533530E+06 3.947830E+01 1.247296E-03 2.085719E+02 4.402665E+00 3.702160E+00 2.480502E+02
3.282657E+03 1.533540E+06 3.947830E+01 1.248008E-03 2.085719E+02 4.402674E+00 3.702167E+00 2.480502E+02
3.282666E+03 1.533550E+06 3.947830E+01 1.248720E-03 2.085719E+02 4.402683E+00 3.702175E+00 2.480502E+02
3.282675E+03 1.533560E+06 3.947830E+01 1.249427E-03 2.085719E+02 4.402691E+00 3.702182E+00 2.480502E+02
3.282683E+03 1.533570E+06 3.947830E+01 1.250135E-03 2.085719E+02 4.402700E+00 3.702190E+00 2.480502E+02
3.282692E+03 1.533580E+06 3.947830E+01 1.250847E-03 2.085719E+02 4.402710E+00 3.702198E+00 2.480502E+02
3.282701E+03 1.533590E+06 3.947830E+01 1.251572E-03 2.085719E+02 4.402719E+00 3.702206E+00 2.480502E+02
3.282710E+03 1.533600E+06 3.947830E+01 1.252308E-03 2.085719E+02 4.402729E+00 3.702214E+00 2.480502E+02
3.282719E+03 1.533610E+06 3.947830E+01 1.253041E-03 2.085719E+02 4.402738E+00 3.702222E+00 2.480502E+02
3.282728E+03 1.533620E+06 3.947830E+01 1.253766E-03 2.085719E+02 4.402747E+00 3.702230E+00 2.480502E+02
3.282737E+03 1.533630E+06 3.947830E+01 1.254467E-03 2.085719E+02 4.402756E+00 3.702237E+00 2.480502E+02
3.282746E+03 1.533640E+06 3.947830E+01 1.255178E-03 2.085719E+02 4.402765E+00 3.702245E+00 2.480502E+02
3.282754E+03 1.533650E+06 3.947830E+01 1.255892E-03 2.085719E+02 4.402773E+00 3.702252E+00 2.480502E+02
3.282763E+03 1.533660E+06 3.947830E+01 1.256610E-03 2.085719E+02 4.402782E+00 3.702259E+00 2.480502E+02
3.282772E+03 1.533670E+06 3.947830E+01 1.257322E-03 2.085719E+02 4.402790E+00 3.702267E+00 2.480502E+02
3.282781E+03 1.533680E+06 3.947830E+01 1.258029E-03 2.085719E+02 4.402798E+00 3.702274E+00 2.480502E+02
3.282789E+03 1.533690E+06 3.947830E+01 1.258741E-03 2.085719E+02 4.402807E+00 3.702281E+00 2.480502E+02
3.282798E+03 1.533700E+06 3.947830E+01 1.259460E-03 2.085719E+02 4.402815E+00 3.702288E+00 2.480502E+02
3.282807E+03 1.533710E+06 3.947830E+01 1.260179E-03 2.085719E+02 4.402824E+00 3.702296E+00 2.480502E+02
3.282816E+03 1.533720E+06 3.947830E+01 1.260896E-03 2.085719E+02 4.402832E+00 3.702303E+00 2.480502E+02
3.282825E+03 1.533730E+06 3.947830E+01 1.261614E-03 2.085719E+02 4.402841E+00 3.702310E+00 2.480502E+02
3.282833E+03 1.533740E+06 3.947830E+01 1.262330E-03 2.085719E+02 4.402849E+00 3.702317E+00 2.480502E+02
3.282842E+03 1.533750E+06 3.947830E+01 1.263047E-03 2.085719E+02 4.402858E+00 3.702324E+00 2.480502E+02
3.282851E+03 1.533760E+06 3.947830E+01 1.263761E-03 2.085719E+02 4.402866E+00 3.702332E+00 2.480502E+02
3.282860E+03 1.533770E+06 3.947830E+01 1.264478E-03 2.085719E+02 4.402875E+00 3.702339E+00 2.480502E+02
3.282868E+03 1.533780E+06 3.947830E+01 1.265193E-03 2.085719E+02 4.402884E+00 3.702346E+00 2.480502E+02
3.282877E+03 1.533790E+06 3.947829E+01 1.265903E-03 2.085719E+02 4.402892E+00 3.702354E+00 2.480502E+02
3.282886E+03 1.533800E+06 3.947829E+01 1.266619E-03 2.085719E+02 4.402901E+00 3.702361E+00 2.480502E+02
3.282895E+03 1.533810E+06 3.947829E+01 1.267330E-03 2.085719E+02 4.402910E+00 3.702369E+00 2.480502E+02
3.282903E+03 1.533820E+06 3.947829E+01 1.268046E-03 2.085719E+02 4.402919E+00 3.702377E+00 2.480502E+02
3.282912E+03 1.533830E+06 3.947829E+01 1.268764E-03 2.085719E+02 4.402928E+00 3.702384E+00 2.480502E+02
3.282921E+03 1.533840E+06 3.947829E+01 1.269480E-03 2.085719E+02 4.402937E+00 3.702392E+00 2.480502E+02
3.282930E+03 1.533850E+06 3.947829E+01 1.270193E-03 2.085719E+02 4.402946E+00 3.702400E+00 2.480502E+02
3.282938E+03 1.533860E+06 3.947829E+01 1.270908E-03 2.085719E+02 4.402955E+00 3.702408E+00 2.480502E+02
3.282947E+03 1.533870E+06 3.947829E+01 1.271621E-03 2.085719E+02 4.402965E+00 3.702416E+00 2.480502E+02
3.282956E+03 1.533880E+06 3.947829E+01 1.272330E-03 2.085719E+02 4.402974E+00 3.702423E+00 2.480502E+02
3.282965E+03 1.533890E+06 3.947829E+01 1.273039E-03 2.085719E+02 4.402983E+00 3.702431E+00 2.480502E+02
3.282974E+03 1.533900E+06 3.947829E+01 1.273759E-03 2.085719E+02 4.402993E+00 3.702439E+00 2.480502E+02
3.282982E+03 1.533910E+06 3.947829E+01 1.274474E-03 2.085719E+02 4.403002E+00 3.702448E+00 2.480502E+02
3.282991E+03 1.533920E+06 3.947829E+01 1.275197E-03 2.085719E+02 4.403012E+00 3.702456E+00 2.480502E+02
3.283000E+03 1.533930E+06 3.947829E+01 1.275922E-03 2.085719E+02 4.403022E+00 3.702464E+00 2.480502E+02
3.283010E+03 1.533940E+06 3.947829E+01 1.276701E-03 2.085719E+02 4.403032E+00 3.702473E+00 2.480502E+02
3.283020E+03 1.533950E+06 3.947829E+01 1.277515E-03 2.085719E+02 4.403043E+00 3.702482E+00 2.480502E+02
3.283030E+03 1.533960E+06 3.947829E+01 1.278334E-03 2.085719E+02 4.403054E+00 3.702492E+00 2.480502E+02
3.283041E+03 1.533970E+06 3.947829E+01 1.279185E-03 2.085719E+02 4.403065E+00 3.702501E+00 2.480502E+02
3.283051E+03 1.533980E+06 3.947829E+01 1.280046E-03 2.085719E+02 4.403076E+00 3.702510E+00 2.480502E+02
3.283062E+03 1.533990E+06 3.947829E+01 1.280911E-03 2.085719E+02 4.403086E+00 3.702519E+00 2.480502E+02
3.283072E+03 1.534000E+06 3.947829E+01 1.281771E-03 2.085719E+02 4.403097E+00 3.702529E+00 2.480502E+02
3.283083E+03 1.534010E+06 3.947829E+01 1.282632E-03 2.085719E+02 4.403108E+00 3.702538E+00 2.480502E+02
3.283094E+03 1.534020E+06 3.947829E+01 1.283494E-03 2.085719E+02 4.403120E+00 3.702548E+00 2.480502E+02
3.283104E+03 1.534030E+06 3.947829E+01 1.284365E-03 2.085719E+02 4.403131E+00 3.702557E+00 2.480502E+02
3.283114E+03 1.534040E+06 3.947829E+01 1.285171E-03 2.085719E+02 4.403141E+00 3.702566E+00 2.480502E+02
3.283124E+03 1.534050E+06 3.947829E+01 1.285970E-03 2.085719E+02 4.403152E+00 3.702576E+00 2.480502E+02
3.283134E+03 1.534060E+06 3.947829E+01 1.286765E-03 2.085719E+02 4.403163E+00 3.702585E+00 2.480502E+02
3.283144E+03 1.534070E+06 3.947829E+01 1.287564E-03 2.085719E+02 4.403174E+00 3.702594E+00 2.480502E+02
3.283154E+03 1.534080E+06 3.947829E+01 1.288377E-03 2.085719E+02 4.403185E+00 3.702604E+00 2.480502E+02
3.283164E+03 1.534090E+06 3.947829E+01 1.289190E-03 2.085719E+02 4.403197E+00 3.702613E+00 2.480502E+02
3.283174E+03 1.534100E+06 3.947829E+01 1.290005E-03 2.085719E+02 4.403208E+00 3.702623E+00 2.480502E+02
3.283184E+03 1.534110E+06 3.947829E+01 1.290836E-03 2.085719E+02 4.403219E+00 3.702633E+00 2.480502E+02
3.283195E+03 1.534120E+06 3.947829E+01 1.291706E-03 2.085719E+02 4.403232E+00 3.702644E+00 2.480502E+02
3.283204E+03 1.534130E+06 3.947829E+01 1.292409E-03 2.085719E+02 4.403243E+00 3.702653E+00 2.480502E+02
3.283213E+03 1.534140E+06 3.947829E+01 1.293093E-03 2.085719E+02 4.403253E+00 3.702662E+00 2.480502E+02
3.283221E+03 1.534150E+06 3.947829E+01 1.293773E-03 2.085719E+02 4.403263E+00 3.702670E+00 2.480502E+02
3.283230E+03 1.534160E+06 3.947829E+01 1.294461E-03 2.085719E+02 4.403272E+00 3.702678E+00 2.480502E+02
3.283238E+03 1.534170E+06 3.947829E+01 1.295163E-03 2.085719E+02 4.403282E+00 3.702687E+00 2.480502E+02
3.283247E+03 1.534180E+06 3.947829E+01 1.295869E-03 2.085719E+02 4.403293E+00 3.702696E+00 2.480502E+02
3.283256E+03 1.534190E+06 3.947829E+01 1.296569E-03 2.085719E+02 4.403303E+00 3.702704E+00 2.480502E+02
3.283265E+03 1.534200E+06 3.947829E+01 1.297273E-03 2.085719E+02 4.403313E+00 3.702713E+00 2.480502E+02
3.283273E+03 1.534210E+06 3.947829E+01 1.297985E-03 2.085719E+02 4.403322E+00 3.702721E+00 2.480502E+02
3.283282E+03 1.534220E+06 3.947829E+01 1.298692E-03 2.085719E+02 4.403333E+00 3.702729E+00 2.480502E+02
3.283291E+03 1.534230E+06 3.947829E+01 1.299410E-03 2.085719E+02 4.403343E+00 3.702738E+00 2.480502E+02
3.283300E+03 1.534240E+06 3.947829E+01 1.300131E-03 2.085719E+02 4.403354E+00 3.702747E+00 2.480502E+02
3.283309E+03 1.534250E+06 3.947829E+01 1.300853E-03 2.085719E+02 4.403364E+00 3.702756E+00 2.480502E+02
3.283318E+03 1.534260E+06 3.947829E+01 1.301572E-03 2.085719E+02 4.403374E+00 3.702764E+00 2.480502E+02
3.283327E+03 1.534270E+06 3.947829E+01 1.302293E-03 2.085719E+02 4.403384E+00 3.702773E+00 2.480502E+02
3.283336E+03 1.534280E+06 3.947829E+01 1.303059E-03 2.085719E+02 4.403395E+00 3.702782E+00 2.480502E+02
3.283346E+03 1.534290E+06 3.947829E+01 1.303832E-03 2.085719E+02 4.403407E+00 3.702792E+00 2.480502E+02
3.283355E+03 1.534300E+06 3.947829E+01 1.304586E-03 2.085719E+02 4.403418E+00 3.702802E+00 2.480502E+02
3.283365E+03 1.534310E+06 3.947829E+01 1.305336E-03 2.085719E+02 4.403429E+00 3.702812E+00 2.480502E+02
3.283373E+03 1.534320E+06 3.947829E+01 1.306048E-03 2.085719E+02 4.403440E+00 3.702821E+00 2.480502E+02
3.283382E+03 1.534330E+06 3.947829E+01 1.306727E-03 2.085719E+02 4.403451E+00 3.702830E+00 2.480502E+02
3.283390E+03 1.534340E+06 3.947829E+01 1.307415E-03 2.085719E+02 4.403462E+00 3.702839E+00 2.480502E+02
3.283399E+03 1.534350E+06 3.947829E+01 1.308092E-03 2.085719E+02 4.403472E+00 3.702848E+00 2.480502E+02
3.283407E+03 1.534360E+06 3.947829E+01 1.308769E-03 2.085719E+02 4.403482E+00 3.702857E+00 2.480502E+02
3.283416E+03 1.534370E+06 3.947829E+01 1.309440E-03 2.085719E+02 4.403493E+00 3.702866E+00 2.480502E+02
3.283423E+03 1.534380E+06 3.947829E+01 1.310045E-03 2.085719E+02 4.403504E+00 3.702875E+00 2.480502E+02
3.283431E+03 1.534390E+06 3.947829E+01 1.310626E-03 2.085719E+02 4.403514E+00 3.702884E+00 2.480502E+02
3.283438E+03 1.534400E+06 3.947829E+01 1.311248E-03 2.085719E+02 4.403524E+00 3.702893E+00 2.480502E+02
3.283446E+03 1.534410E+06 3.947829E+01 1.311871E-03 2.085719E+02 4.403534E+00 3.702901E+00 2.480502E+02
3.283454E+03 1.534420E+06 3.947829E+01 1.312495E-03 2.085719E+02 4.403545E+00 3.702910E+00 2.480502E+02
3.283462E+03 1.534430E+06 3.947829E+01 1.313114E-03 2.085719E+02 4.403555E+00 3.702919E+00 2.480502E+02
3.283470E+03 1.534440E+06 3.947829E+01 1.313735E-03 2.085719E+02 4.403565E+00 3.702927E+00 2.480502E+02
3.283477E+03 1.534450E+06 3.947829E+01 1.314356E-03 2.085719E+02 4.403576E+00 3.702936E+00 2.480502E+02
3.283485E+03 1.534460E+06 3.947829E+01 1.314982E-03 2.085719E+02 4.403586E+00 3.702946E+00 2.480502E+02
3.283493E+03 1.534470E+06 3.947829E+01 1.315607E-03 2.085719E+02 4.403597E+00 3.702954E+00 2.480502E+02
3.283501E+03 1.534480E+06 3.947829E+01 1.316228E-03 2.085719E+02 4.403607E+00 3.702963E+00 2.480502E+02
3.283509E+03 1.534490E+06 3.947829E+01 1.316849E-03 2.085719E+02 4.403617E+00 3.702972E+00 2.480502E+02
3.283516E+03 1.534500E+06 3.947829E+01 1.317469E-03 2.085719E+02 4.403627E+00 3.702980E+00 2.480502E+02
3.283524E+03 1.534510E+06 3.947829E+01 1.318097E-03 2.085719E+02 4.403638E+00 3.702989E+00 2.480502E+02
3.283532E+03 1.534520E+06 3.947829E+01 1.318729E-03 2.085719E+02 4.403649E+00 3.702998E+00 2.480502E+02
3.283540E+03 1.534530E+06 3.947829E+01 1.319364E-03 2.085719E+02 4.403660E+00 3.703008E+00 2.480502E+02
3.283548E+03 1.534540E+06 3.947829E+01 1.319998E-03 2.085719E+02 4.403670E+00 3.703017E+00 2.480502E+02
3.283556E+03 1.534550E+06 3.947829E+01 1.320630E-03 2.085719E+02 4.403681E+00 3.703026E+00 2.480502E+02
3.283564E+03 1.534560E+06 3.947829E+01 1.321259E-03 2.085719E+02 4.403692E+00 3.703035E+00 2.480502E+02
3.283572E+03 1.534570E+06 3.947829E+01 1.321889E-03 2.085719E+02 4.403703E+00 3.703045E+00 2.480502E+02
3.283580E+03 1.534580E+06 3.947829E+01 1.322526E-03 2.085719E+02 4.403714E+00 3.703054E+00 2.480502E+02
3.283588E+03 1.534590E+06 3.947829E+01 1.323165E-03 2.085719E+02 4.403726E+00 3.703064E+00 2.480502E+02
3.283596E+03 1.534600E+06 3.947829E+01 1.323808E-03 2.085719E+02 4.403737E+00 3.703074E+00 2.480502E+02
3.283604E+03 1.534610E+06 3.947829E+01 1.324448E-03 2.085719E+02 4.403748E+00 3.703083E+00 2.480502E+02
3.283612E+03 1.534620E+06 3.947829E+01 1.325086E-03 2.085719E+02 4.403759E+00 3.703092E+00 2.480502E+02
3.283620E+03 1.534630E+06 3.947829E+01 1.325725E-03 2.085719E+02 4.403771E+00 3.703102E+00 2.480502E+02
3.283628E+03 1.534640E+06 3.947829E+01 1.326375E-03 2.085719E+02 4.403782E+00 3.703112E+00 2.480502E+02
3.283636E+03 1.534650E+06 3.947829E+01 1.327028E-03 2.085719E+02 4.403793E+00 3.703121E+00 2.480502E+02
3.283644E+03 1.534660E+06 3.947829E+01 1.327685E-03 2.085719E+02 4.403805E+00 3.703131E+00 2.480502E+02
3.283653E+03 1.534670E+06 3.947829E+01 1.328332E-03 2.085719E+02 4.403816E+00 3.703141E+00 2.480502E+02
3.283661E+03 1.534680E+06 3.947829E+01 1.328987E-03 2.085719E+02 4.403827E+00 3.703150E+00 2.480502E+02
3.283669E+03 1.534690E+06 3.947829E+01 1.329641E-03 2.085719E+02 4.403838E+00 3.703159E+00 2.480502E+02
3.283677E+03 1.534700E+06 3.947829E+01 1.330291E-03 2.085719E+02 4.403849E+00 3.703169E+00 2.480502E+02
3.283685E+03 1.534710E+06 3.947829E+01 1.330941E-03 2.085719E+02 4.403860E+00 3.703178E+00 2.480502E+02
3.283693E+03 1.534720E+06 3.947829E+01 1.331592E-03 2.085719E+02 4.403871E+00 3.703187E+00 2.480502E+02
3.283702E+03 1.534730E+06 3.947828E+01 1.332243E-03 2.085719E+02 4.403882E+00 3.703197E+00 2.480502E+02
3.283710E+03 1.534740E+06 3.947828E+01 1.332895E-03 2.085719E+02 4.403893E+00 3.703206E+00 2.480502E+02
3.283718E+03 1.534750E+06 3.947828E+01 1.333548E-03 2.085719E+02 4.403904E+00 3.703215E+00 2.480502E+02
3.283726E+03 1.534760E+06 3.947828E+01 1.334205E-03 2.085719E+02 4.403915E+00 3.703225E+00 2.480502E+02
3.283735E+03 1.534770E+06 3.947828E+01 1.334866E-03 2.085719E+02 4.403926E+00 3.703234E+00 2.480502E+02
3.283743E+03 1.534780E+06 3.947828E+01 1.335530E-03 2.085719E+02 4.403937E+00 3.703244E+00 2.480502E+02
3.283751E+03 1.534790E+06 3.947828E+01 1.336194E-03 2.085719E+02 4.403949E+00 3.703253E+00 2.480502E+02
3.283760E+03 1.534800E+06 3.947828E+01 1.336856E-03 2.085719E+02 4.403960E+00 3.703263E+00 2.480502E+02
3.283768E+03 1.534810E+06 3.947828E+01 1.337518E-03 2.085719E+02 4.403971E+00 3.703272E+00 2.480502E+02
3.283776E+03 1.534820E+06 3.947828E+01 1.338186E-03 2.085719E+02 4.403983E+00 3.703282E+00 2.480502E+02
3.283785E+03 1.534830E+06 3.947828E+01 1.338860E-03 2.085719E+02 4.403994E+00 3.703292E+00 2.480502E+02
3.283793E+03 1.534840E+06 3.947828E+01 1.339539E-03 2.085719E+02 4.404006E+00 3.703302E+00 2.480502E+02
3.283802E+03 1.534850E+06 3.947828E+01 1.340216E-03 2.085719E+02 4.404017E+00 3.703311E+00 2.480502E+02
3.283810E+03 1.534860E+06 3.947828E+01 1.340893E-03 2.085719E+02 4.404028E+00 3.703321E+00 2.480502E+02
3.283819E+03 1.534870E+06 3.947828E+01 1.341568E-03 2.085719E+02 4.404039E+00 3.703331E+00 2.480502E+02
3.283827E+03 1.534880E+06 3.947828E+01 1.342260E-03 2.085719E+02 4.404051E+00 3.703340E+00 2.480502E+02
3.283836E+03 1.534890E+06 3.947828E+01 1.342950E-03 2.085719E+02 4.404062E+00 3.703350E+00 2.480502E+02
3.283844E+03 1.534900E+06 3.947828E+01 1.343646E-03 2.085719E+02 4.404074E+00 3.703360E+00 2.480502E+02
3.283853E+03 1.534910E+06 3.947828E+01 1.344340E-03 2.085719E+02 4.404085E+00 3.703369E+00 2.480502E+02
3.283862E+03 1.534920E+06 3.947828E+01 1.345024E-03 2.085719E+02 4.404096E+00 3.703379E+00 2.480502E+02
3.283870E+03 1.534930E+06 3.947828E+01 1.345719E-03 2.085719E+02 4.404107E+00 3.703388E+00 2.480502E+02
3.283879E+03 1.534940E+06 3.947828E+01 1.346410E-03 2.085719E+02 4.404118E+00 3.703398E+00 2.480502E+02
3.283887E+03 1.534950E+06 3.947828E+01 1.347099E-03 2.085719E+02 4.404129E+00 3.703407E+00 2.480502E+02
3.283896E+03 1.534960E+06 3.947828E+01 1.347788E-03 2.085719E+02 4.404139E+00 3.703416E+00 2.480502E+02
3.283904E+03 1.534970E+06 3.947828E+01 1.348461E-03 2.085719E+02 4.404150E+00 3.703424E+00 2.480502E+02
3.283913E+03 1.534980E+06 3.947828E+01 1.349130E-03 2.085719E+02 4.404159E+00 3.703433E+00 2.480502E+02
3.283921E+03 1.534990E+06 3.947828E+01 1.349796E-03 2.085719E+02 4.404169E+00 3.703441E+00 2.480502E+02
3.283929E+03 1.535000E+06 3.947828E+01 1.350469E-03 2.085719E+02 4.404179E+00 3.703449E+00 2.480502E+02
3.283938E+03 1.535010E+06 3.947828E+01 1.351141E-03 2.085719E+02 4.404189E+00 3.703458E+00 2.480502E+02
3.283946E+03 1.535020E+06 3.947828E+01 1.351796E-03 2.085719E+02 4.404199E+00 3.703466E+00 2.480502E+02
3.283954E+03 1.535030E+06 3.947828E+01 1.352458E-03 2.085719E+02 4.404208E+00 3.703474E+00 2.480502E+02
3.283962E+03 1.535040E+06 3.947828E+01 1.353120E-03 2.085719E+02 4.404217E+00 3.703482E+00 2.480502E+02
3.283970E+03 1.535050E+06 3.947828E+01 1.353786E-03 2.085719E+02 4.404226E+00 3.703490E+00 2.480502E+02
3.283978E+03 1.535060E+06 3.947828E+01 1.354463E-03 2.085719E+02 4.404236E+00 3.703498E+00 2.480502E+02
3.283986E+03 1.535070E+06 3.947828E+01 1.355129E-03 2.085719E+02 4.404245E+00 3.703506E+00 2.480502E+02
3.283995E+03 1.535080E+06 3.947828E+01 1.355796E-03 2.085719E+02 4.404254E+00 3.703514E+00 2.480502E+02
3.284003E+03 1.535090E+06 3.947828E+01 1.356459E-03 2.085719E+02 4.404263E+00 3.703521E+00 2.480502E+02
3.284011E+03 1.535100E+06 3.947828E+01 1.357118E-03 2.085719E+02 4.404272E+00 3.703529E+00 2.480502E+02
3.284019E+03 1.535110E+06 3.947828E+01 1.357790E-03 2.085719E+02 4.404282E+00 3.703537E+00 2.480502E+02
3.284027E+03 1.535120E+06 3.947828E+01 1.358471E-03 2.085719E+02 4.404291E+00 3.703545E+00 2.480502E+02
3.284036E+03 1.535130E+06 3.947828E+01 1.359133E-03 2.085719E+02 4.404300E+00 3.703553E+00 2.480502E+02
3.284044E+03 1.535140E+06 3.947828E+01 1.359799E-03 2.085719E+02 4.404309E+00 3.703560E+00 2.480502E+02
3.284052E+03 1.535150E+06 3.947828E+01 1.360463E-03 2.085719E+02 4.404318E+00 3.703568E+00 2.480502E+02
3.284060E+03 1.535160E+06 3.947828E+01 1.361125E-03 2.085719E+02 4.404327E+00 3.703576E+00 2.480502E+02
3.284068E+03 1.535170E+06 3.947828E+01 1.361785E-03 2.085719E+02 4.404336E+00 3.703584E+00 2.480502E+02
3.284076E+03 1.535180E+06 3.947828E+01 1.362462E-03 2.085719E+02 4.404346E+00 3.703591E+00 2.480502E+02
3.284085E+03 1.535190E+06 3.947828E+01 1.363142E-03 2.085719E+02 4.404355E+00 3.703599E+00 2.480502E+02
3.284093E+03 1.535200E+06 3.947828E+01 1.363822E-03 2.085719E+02 4.404364E+00 3.703607E+00 2.480502E+02
3.284101E+03 1.535210E+06 3.947828E+01 1.364505E-03 2.085719E+02 4.404374E+00 3.703615E+00 2.480502E+02
3.284110E+03 1.535220E+06 3.947828E+01 1.365190E-03 2.085719E+02 4.404383E+00 3.703623E+00 2.480502E+02
3.284118E+03 1.535230E+06 3.947828E+01 1.365880E-03 2.085719E+02 4.404393E+00 3.703632E+00 2.480502E+02
3.284127E+03 1.535240E+06 3.947828E+01 1.366568E-03 2.085719E+02 4.404402E+00 3.703639E+00 2.480502E+02
3.284135E+03 1.535250E+06 3.947828E+01 1.367259E-03 2.085719E+02 4.404411E+00 3.703647E+00 2.480502E+02
3.284144E+03 1.535260E+06 3.947828E+01 1.367949E-03 2.085719E+02 4.404421E+00 3.703656E+00 2.480502E+02
3.284152E+03 1.535270E+06 3.947828E+01 1.368638E-03 2.085719E+02 4.404430E+00 3.703664E+00 2.480502E+02
3.284160E+03 1.535280E+06 3.947828E+01 1.369324E-03 2.085719E+02 4.404440E+00 3.703672E+00 2.480502E+02
3.284169E+03 1.535290E+06 3.947828E+01 1.370014E-03 2.085719E+02 4.404450E+00 3.703680E+00 2.480502E+02
3.284178E+03 1.535300E+06 3.947828E+01 1.370715E-03 2.085719E+02 4.404460E+00 3.703689E+00 2.480502E+02
3.284186E+03 1.535310E+06 3.947828E+01 1.371416E-03 2.085719E+02 4.404469E+00 3.703697E+00 2.480502E+02
3.284195E+03 1.535320E+06 3.947828E+01 1.372119E-03 2.085719E+02 4.404479E+00 3.703706E+00 2.480502E+02
3.284203E+03 1.535330E+06 3.947828E+01 1.372818E-03 2.085719E+02 4.404490E+00 3.703714E+00 2.480502E+02
3.284212E+03 1.535340E+06 3.947828E+01 1.373515E-03 2.085719E+02 4.404500E+00 3.703723E+00 2.480502E+02
3.284221E+03 1.535350E+06 3.947828E+01 1.374215E-03 2.085719E+02 4.404510E+00 3.703731E+00 2.480502E+02
3.284229E+03 1.535360E+06 3.947828E+01 1.374911E-03 2.085719E+02 4.404519E+00 3.703740E+00 2.480502E+02
3.284238E+03 1.535370E+06 3.947828E+01 1.375605E-03 2.085719E+02 4.404529E+00 3.703748E+00 2.480502E+02
3.284247E+03 1.535380E+06 3.947828E+01 1.376299E-03 2.085719E+02 4.404539E+00 3.703757E+00 2.480502E+02
3.284255E+03 1.535390E+06 3.947828E+01 1.376992E-03 2.085719E+02 4.404549E+00 3.703765E+00 2.480502E+02
3.284264E+03 1.535400E+06 3.947828E+01 1.377688E-03 2.085719E+02 4.404559E+00 3.703774E+00 2.480502E+02
3.284272E+03 1.535410E+06 3.947828E+01 1.378385E-03 2.085719E+02 4.404569E+00 3.703782E+00 2.480502E+02
3.284281E+03 1.535420E+06 3.947828E+01 1.379080E-03 2.085719E+02 4.404579E+00 3.703790E+00 2.480502E+02
3.284290E+03 1.535430E+06 3.947828E+01 1.379784E-03 2.085719E+02 4.404589E+00 3.703799E+00 2.480502E+02
3.284298E+03 1.535440E+06 3.947828E+01 1.380482E-03 2.085719E+02 4.404598E+00 3.703807E+00 2.480502E+02
3.284307E+03 1.535450E+06 3.947828E+01 1.381187E-03 2.085719E+02 4.404608E+00 3.703815E+00 2.480502E+02
3.284316E+03 1.535460E+06 3.947828E+01 1.381900E-03 2.085719E+02 4.404618E+00 3.703824E+00 2.480502E+02
3.284324E+03 1.535470E+06 3.947828E+01 1.382616E-03 2.085719E+02 4.404627E+00 3.703832E+00 2.480502E+02
3.284333E+03 1.535480E+06 3.947828E+01 1.383324E-03 2.085719E+02 4.404637E+00 3.703840E+00 2.480502E+02
3.284342E+03 1.535490E+06 3.947828E+01 1.384038E-03 2.085719E+02 4.404647E+00 3.703848E+00 2.480502E+02
3.284351E+03 1.535500E+06 3.947828E+01 1.384751E-03 2.085719E+02 4.404657E+00 3.703857E+00 2.480502E+02
3.284359E+03 1.535510E+06 3.947828E+01 1.385463E-03 2.085719E+02 4.404667E+00 3.703866E+00 2.480502E+02
3.284368E+03 1.535520E+06 3.947828E+01 1.386193E-03 2.085719E+02 4.404677E+00 3.703874E+00 2.480502E+02
3.284377E+03 1.535530E+06 3.947828E+01 1.386917E-03 2.085719E+02 4.404687E+00 3.703883E+00 2.480502E+02
3.284386E+03 1.535540E+06 3.947828E+01 1.387639E-03 2.085719E+02 4.404697E+00 3.703891E+00 2.480502E+02
3.284395E+03 1.535550E+06 3.947828E+01 1.388356E-03 2.085719E+02 4.404708E+00 3.703900E+00 2.480502E+02
3.284404E+03 1.535560E+06 3.947828E+01 1.389078E-03 2.085719E+02 4.404718E+00 3.703909E+00 2.480502E+02
3.284413E+03 1.535570E+06 3.947828E+01 1.389825E-03 2.085719E+02 4.404729E+00 3.703918E+00 2.480502E+02
3.284423E+03 1.535580E+06 3.947828E+01 1.390587E-03 2.085719E+02 4.404740E+00 3.703927E+00 2.480502E+02
3.284432E+03 1.535590E+06 3.947828E+01 1.391352E-03 2.085719E+02 4.404751E+00 3.703937E+00 2.480502E+02
3.284441E+03 1.535600E+06 3.947828E+01 1.392114E-03 2.085719E+02 4.404761E+00 3.703946E+00 2.480502E+02
3.284451E+03 1.535610E+06 3.947828E+01 1.392880E-03 2.085719E+02 4.404772E+00 3.703955E+00 2.480502E+02
3.284459E+03 1.535620E+06 3.947827E+01 1.393569E-03 2.085719E+02 4.404782E+00 3.703964E+00 2.480502E+02
3.284469E+03 1.535630E+06 3.947827E+01 1.394332E-03 2.085719E+02 4.404793E+00 3.703973E+00 2.480502E+02
3.284478E+03 1.535640E+06 3.947827E+01 1.395091E-03 2.085719E+02 4.404804E+00 3.703982E+00 2.480502E+02
3.284487E+03 1.535650E+06 3.947827E+01 1.395840E-03 2.085719E+02 4.404814E+00 3.703991E+00 2.480502E+02
3.284496E+03 1.535660E+06 3.947827E+01 1.396583E-03 2.085719E+02 4.404825E+00 3.704000E+00 2.480502E+02
3.284506E+03 1.535670E+06 3.947827E+01 1.397331E-03 2.085719E+02 4.404835E+00 3.704009E+00 2.480502E+02
3.284515E+03 1.535680E+06 3.947827E+01 1.398085E-03 2.085719E+02 4.404846E+00 3.704018E+00 2.480502E+02
3.284524E+03 1.535690E+06 3.947827E+01 1.398838E-03 2.085719E+02 4.404856E+00 3.704027E+00 2.480502E+02
3.284534E+03 1.535700E+06 3.947827E+01 1.399591E-03 2.085719E+02 4.404866E+00 3.704036E+00 2.480502E+02
3.284543E+03 1.535710E+06 3.947827E+01 1.400345E-03 2.085719E+02 4.404876E+00 3.704044E+00 2.480502E+02
3.284552E+03 1.535720E+06 3.947827E+01 1.401101E-03 2.085719E+02 4.404886E+00 3.704052E+00 2.480502E+02
3.284561E+03 1.535730E+06 3.947827E+01 1.401867E-03 2.085719E+02 4.404896E+00 3.704061E+00 2.480502E+02
3.284571E+03 1.535740E+06 3.947827E+01 1.402642E-03 2.085719E+02 4.404907E+00 3.704070E+00 2.480502E+02
3.284580E+03 1.535750E+06 3.947827E+01 1.403412E-03 2.085719E+02 4.404916E+00 3.704078E+00 2.480502E+02
3.284590E+03 1.535760E+06 3.947827E+01 1.404190E-03 2.085719E+02 4.404926E+00 3.704086E+00 2.480502E+02
3.284599E+03 1.535770E+06 3.947827E+01 1.404964E-03 2.085719E+02 4.404935E+00 3.704094E+00 2.480502E+02
3.284609E+03 1.535780E+06 3.947827E+01 1.405749E-03 2.085719E+02 4.404945E+00 3.704102E+00 2.480502E+02
3.284618E+03 1.535790E+06 3.947827E+01 1.406543E-03 2.085719E+02 4.404954E+00 3.704110E+00 2.480502E+02
3.284628E+03 1.535800E+06 3.947827E+01 1.407352E-03 2.085719E+02 4.404963E+00 3.704118E+00 2.480502E+02
3.284638E+03 1.535810E+06 3.947827E+01 1.408159E-03 2.085719E+02 4.404973E+00 3.704127E+00 2.480502E+02
3.284648E+03 1.535820E+06 3.947827E+01 1.408972E-03 2.085719E+02 4.404982E+00 3.704134E+00 2.480502E+02
3.284658E+03 1.535830E+06 3.947827E+01 1.409813E-03 2.085719E+02 4.404992E+00 3.704142E+00 2.480502E+02
3.284669E+03 1.535840E+06 3.947827E+01 1.410711E-03 2.085719E+02 4.405002E+00 3.704151E+00 2.480502E+02
3.284680E+03 1.535850E+06 3.947827E+01 1.411616E-03 2.085719E+02 4.405012E+00 3.704160E+00 2.480502E+02
3.284691E+03 1.535860E+06 3.947827E+01 1.412512E-03 2.085719E+02 4.405022E+00 3.704168E+00 2.480502E+02
3.284702E+03 1.535870E+06 3.947827E+01 1.413403E-03 2.085719E+02 4.405032E+00 3.704177E+00 2.480502E+02
3.284713E+03 1.535880E+06 3.947827E+01 1.414288E-03 2.085719E+02 4.405042E+00 3.704185E+00 2.480502E+02
3.284724E+03 1.535890E+06 3.947827E+01 1.415173E-03 2.085719E+02 4.405052E+00 3.704194E+00 2.480502E+02
3.284735E+03 1.535900E+06 3.947827E+01 1.416064E-03 2.085719E+02 4.405062E+00 3.704203E+00 2.480502E+02
3.284746E+03 1.535910E+06 3.947827E+01 1.416953E-03 2.085719E+02 4.405073E+00 3.704212E+00 2.480502E+02
3.284757E+03 1.535920E+06 3.947827E+01 1.417849E-03 2.085719E+02 4.405083E+00 3.704221E+00 2.480502E+02
3.284768E+03 1.535930E+06 3.947827E+01 1.418767E-03 2.085719E+02 4.405093E+00 3.704229E+00 2.480502E+02
3.284779E+03 1.535940E+06 3.947827E+01 1.419675E-03 2.085719E+02 4.405104E+00 3.704239E+00 2.480502E+02
3.284790E+03 1.535950E+06 3.947827E+01 1.420579E-03 2.085719E+02 4.405115E+00 3.704248E+00 2.480502E+02
3.284801E+03 1.535960E+06 3.947827E+01 1.421485E-03 2.085719E+02 4.405126E+00 3.704257E+00 2.480502E+02
3.284812E+03 1.535970E+06 3.947827E+01 1.422389E-03 2.085719E+02 4.405137E+00 3.704266E+00 2.480502E+02
3.284823E+03 1.535980E+06 3.947827E+01 1.423297E-03 2.085719E+02 4.405148E+00 3.704276E+00 2.480502E+02
3.284835E+03 1.535990E+06 3.947827E+01 1.424205E-03 2.085719E+02 4.405159E+00 3.704285E+00 2.480502E+02
3.284846E+03 1.536000E+06 3.947827E+01 1.425111E-03 2.085719E+02 4.405171E+00 3.704295E+00 2.480502E+02
3.284857E+03 1.536010E+06 3.947827E+01 1.426025E-03 2.085719E+02 4.405182E+00 3.704305E+00 2.480502E+02
3.284869E+03 1.536020E+06 3.947827E+01 1.426958E-03 2.085719E+02 4.405193E+00 3.704315E+00 2.480502E+02
3.284880E+03 1.536030E+06 3.947827E+01 1.427885E-03 2.085719E+02 4.405205E+00 3.704324E+00 2.480502E+02
3.284891E+03 1.536040E+06 3.947827E+01 1.428809E-03 2.085719E+02 4.405216E+00 3.704334E+00 2.480502E+02
3.284902E+03 1.536050E+06 3.947827E+01 1.429637E-03 2.085719E+02 4.405227E+00 3.704343E+00 2.480502E+02
3.284913E+03 1.536060E+06 3.947827E+01 1.430543E-03 2.085719E+02 4.405238E+00 3.704353E+00 2.480502E+02
3.284924E+03 1.536070E+06 3.947827E+01 1.431450E-03 2.085719E+02 4.405249E+00 3.704362E+00 2.480502E+02
3.284934E+03 1.536080E+06 3.947827E+01 1.432296E-03 2.085719E+02 4.405259E+00 3.704371E+00 2.480502E+02
3.284944E+03 1.536090E+06 3.947827E+01 1.433120E-03 2.085719E+02 4.405269E+00 3.704380E+00 2.480502E+02
3.284954E+03 1.536100E+06 3.947827E+01 1.433936E-03 2.085719E+02 4.405280E+00 3.704389E+00 2.480502E+02
3.284964E+03 1.536110E+06 3.947827E+01 1.434750E-03 2.085719E+02 4.405290E+00 3.704397E+00 2.480502E+02
3.284974E+03 1.536120E+06 3.947827E+01 1.435560E-03 2.085719E+02 4.405300E+00 3.704406E+00 2.480502E+02
3.284984E+03 1.536130E+06 3.947827E+01 1.436373E-03 2.085719E+02 4.405310E+00 3.704415E+00 2.480502E+02
3.284994E+03 1.536140E+06 3.947827E+01 1.437186E-03 2.085719E+02 4.405321E+00 3.704424E+00 2.480502E+02
3.285005E+03 1.536150E+06 3.947827E+01 1.438012E-03 2.085719E+02 4.405332E+00 3.704433E+00 2.480502E+02
3.285015E+03 1.536160E+06 3.947827E+01 1.438843E-03 2.085719E+02 4.405343E+00 3.704442E+00 2.480502E+02
3.285025E+03 1.536170E+06 3.947827E+01 1.439674E-03 2.085719E+02 4.405354E+00 3.704452E+00 2.480502E+02
3.285035E+03 1.536180E+06 3.947827E+01 1.440502E-03 2.085719E+02 4.405365E+00 3.704461E+00 2.480502E+02
3.285046E+03 1.536190E+06 3.947827E+01 1.441332E-03 2.085719E+02 4.405375E+00 3.704470E+00 2.480502E+02
3.285056E+03 1.536200E+06 3.947827E+01 1.442159E-03 2.085719E+02 4.405386E+00 3.704479E+00 2.480502E+02
3.285066E+03 1.536210E+06 3.947827E+01 1.442984E-03 2.085719E+02 4.405397E+00 3.704489E+00 2.480502E+02
3.285076E+03 1.536220E+06 3.947827E+01 1.443793E-03 2.085719E+02 4.405408E+00 3.704498E+00 2.480502E+02
3.285086E+03 1.536230E+06 3.947827E+01 1.444599E-03 2.085719E+02 4.405418E+00 3.704507E+00 2.480502E+02
3.285096E+03 1.536240E+06 3.947827E+01 1.445403E-03 2.085719E+02 4.405428E+00 3.704515E+00 2.480502E+02
3.285106E+03 1.536250E+06 3.947827E+01 1.446219E-03 2.085719E+02 4.405438E+00 3.704524E+00 2.480502E+02
3.285116E+03 1.536260E+06 3.947827E+01 1.447038E-03 2.085719E+02 4.405449E+00 3.704533E+00 2.480502E+02
3.285126E+03 1.536270E+06 3.947827E+01 1.447853E-03 2.085719E+02 4.405459E+00 3.704541E+00 2.480502E+02
3.285136E+03 1.536280E+06 3.947827E+01 1.448672E-03 2.085719E+02 4.405469E+00 3.704550E+00 2.480502E+02
3.285146E+03 1.536290E+06 3.947827E+01 1.449495E-03 2.085719E+02 4.405478E+00 3.704558E+00 2.480502E+02
3.285156E+03 1.536300E+06 3.947827E+01 1.450320E-03 2.085719E+02 4.405487E+00 3.704566E+00 2.480502E+02
3.285166E+03 1.536310E+06 3.947827E+01 1.451127E-03 2.085719E+02 4.405496E+00 3.704573E+00 2.480502E+02
3.285175E+03 1.536320E+06 3.947827E+01 1.451937E-03 2.085719E+02 4.405505E+00 3.704581E+00 2.480502E+02
3.285185E+03 1.536330E+06 3.947827E+01 1.452744E-03 2.085719E+02 4.405513E+00 3.704588E+00 2.480502E+02
3.285195E+03 1.536340E+06 3.947827E+01 1.453556E-03 2.085719E+02 4.405521E+00 3.704595E+00 2.480502E+02
3.285205E+03 1.536350E+06 3.947827E+01 1.454386E-03 2.085719E+02 4.405529E+00 3.704601E+00 2.480502E+02
3.285215E+03 1.536360E+06 3.947827E+01 1.455223E-03 2.085719E+02 4.405537E+00 3.704609E+00 2.480502E+02
3.285225E+03 1.536370E+06 3.947827E+01 1.456056E-03 2.085719E+02 4.405546E+00 3.704616E+00 2.480502E+02
3.285235E+03 1.536380E+06 3.947827E+01 1.456885E-03 2.085719E+02 4.405553E+00 3.704622E+00 2.480502E+02
3.285245E+03 1.536390E+06 3.947827E+01 1.457721E-03 2.085719E+02 4.405561E+00 3.704629E+00 2.480502E+02
3.285255E+03 1.536400E+06 3.947827E+01 1.458587E-03 2.085719E+02 4.405569E+00 3.704636E+00 2.480502E+02
3.285266E+03 1.536410E+06 3.947827E+01 1.459458E-03 2.085719E+02 4.405578E+00 3.704643E+00 2.480502E+02
3.285276E+03 1.536420E+06 3.947827E+01 1.460329E-03 2.085719E+02 4.405586E+00 3.704650E+00 2.480502E+02
3.285287E+03 1.536430E+06 3.947827E+01 1.461204E-03 2.085719E+02 4.405595E+00 3.704658E+00 2.480502E+02
3.285298E+03 1.536440E+06 3.947827E+01 1.462096E-03 2.085719E+02 4.405604E+00 3.704666E+00 2.480502E+02
3.285309E+03 1.536450E+06 3.947827E+01 1.463040E-03 2.085719E+02 4.405615E+00 3.704675E+00 2.480502E+02
3.285321E+03 1.536460E+06 3.947827E+01 1.463979E-03 2.085719E+02 4.405625E+00 3.704684E+00 2.480502E+02
3.285332E+03 1.536470E+06 3.947827E+01 1.464919E-03 2.085719E+02 4.405635E+00 3.704693E+00 2.480502E+02
3.285342E+03 1.536480E+06 3.947827E+01 1.465753E-03 2.085719E+02 4.405645E+00 3.704701E+00 2.480502E+02
3.285352E+03 1.536490E+06 3.947827E+01 1.466589E-03 2.085719E+02 4.405655E+00 3.704709E+00 2.480502E+02
3.285363E+03 1.536500E+06 3.947827E+01 1.467426E-03 2.085719E+02 4.405665E+00 3.704718E+00 2.480502E+02
3.285373E+03 1.536510E+06 3.947827E+01 1.468256E-03 2.085719E+02 4.405675E+00 3.704726E+00 2.480502E+02
3.285383E+03 1.536520E+06 3.947827E+01 1.469081E-03 2.085719E+02 4.405685E+00 3.704735E+00 2.480502E+02
3.285393E+03 1.536530E+06 3.947827E+01 1.469920E-03 2.085719E+02 4.405696E+00 3.704744E+00 2.480502E+02
3.285404E+03 1.536540E+06 3.947827E+01 1.470777E-03 2.085719E+02 4.405706E+00 3.704753E+00 2.480502E+02
3.285414E+03 1.536550E+06 3.947827E+01 1.471610E-03 2.085719E+02 4.405717E+00 3.704762E+00 2.480502E+02
3.285424E+03 1.536560E+06 3.947827E+01 1.472428E-03 2.085719E+02 4.405727E+00 3.704771E+00 2.480502E+02
3.285434E+03 1.536570E+06 3.947827E+01 1.473249E-03 2.085719E+02 4.405737E+00 3.704780E+00 2.480502E+02
3.285444E+03 1.536580E+06 3.947827E+01 1.474064E-03 2.085719E+02 4.405748E+00 3.704788E+00 2.480502E+02
3.285454E+03 1.536590E+06 3.947827E+01 1.474871E-03 2.085719E+02 4.405758E+00 3.704797E+00 2.480502E+02
3.285464E+03 1.536600E+06 3.947827E+01 1.475682E-03 2.085719E+02 4.405768E+00 3.704806E+00 2.480502E+02
3.285474E+03 1.536610E+06 3.947827E+01 1.476497E-03 2.085719E+02 4.405778E+00 3.704814E+00 2.480502E+02
3.285484E+03 1.536620E+06 3.947827E+01 1.477316E-03 2.085719E+02 4.405788E+00 3.704823E+00 2.480502E+02
3.285494E+03 1.536630E+06 3.947827E+01 1.478138E-03 2.085719E+02 4.405798E+00 3.704831E+00 2.480502E+02
3.285504E+03 1.536640E+06 3.947827E+01 1.478963E-03 2.085719E+02 4.405807E+00 3.704839E+00 2.480502E+02
3.285514E+03 1.536650E+06 3.947827E+01 1.479787E-03 2.085719E+02 4.405817E+00 3.704848E+00 2.480502E+02
3.285524E+03 1.536660E+06 3.947827E+01 1.480611E-03 2.085719E+02 4.405826E+00 3.704856E+00 2.480502E+02
3.285534E+03 1.536670E+06 3.947827E+01 1.481436E-03 2.085719E+02 4.405836E+00 3.704864E+00 2.480502E+02
3.285545E+03 1.536680E+06 3.947827E+01 1.482276E-03 2.085719E+02 4.405845E+00 3.704872E+00 2.480502E+02
3.285555E+03 1.536690E+06 3.947827E+01 1.483119E-03 2.085719E+02 4.405854E+00 3.704879E+00 2.480502E+02
3.285565E+03 1.536700E+06 3.947827E+01 1.483965E-03 2.085719E+02 4.405863E+00 3.704887E+00 2.480502E+02
3.285575E+03 1.536710E+06 3.947827E+01 1.484815E-03 2.085719E+02 4.405871E+00 3.704894E+00 2.480502E+02
3.285586E+03 1.536720E+06 3.947827E+01 1.485662E-03 2.085719E+02 4.405880E+00 3.704902E+00 2.480502E+02
3.285596E+03 1.536730E+06 3.947827E+01 1.486531E-03 2.085719E+02 4.405889E+00 3.704909E+00 2.480502E+02
3.285606E+03 1.536740E+06 3.947826E+01 1.487404E-03 2.085719E+02 4.405898E+00 3.704917E+00 2.480502E+02
3.285617E+03 1.536750E+06 3.947826E+01 1.488281E-03 2.085719E+02 4.405906E+00 3.704924E+00 2.480502E+02
3.285627E+03 1.536760E+06 3.947826E+01 1.489117E-03 2.085719E+02 4.405913E+00 3.704930E+00 2.480502E+02
3.285637E+03 1.536770E+06 3.947826E+01 1.489934E-03 2.085719E+02 4.405920E+00 3.704936E+00 2.480502E+02
3.285647E+03 1.536780E+06 3.947826E+01 1.490759E-03 2.085719E+02 4.405928E+00 3.704943E+00 2.480502E+02
3.285656E+03 1.536790E+06 3.947826E+01 1.491578E-03 2.085719E+02 4.405935E+00 3.704949E+00 2.480502E+02
3.285666E+03 1.536800E+06 3.947826E+01 1.492393E-03 2.085719E+02 4.405942E+00 3.704955E+00 2.480502E+02
3.285676E+03 1.536810E+06 3.947826E+01 1.493211E-03 2.085719E+02 4.405949E+00 3.704961E+00 2.480502E+02
3.285686E+03 1.536820E+06 3.947826E+01 1.494027E-03 2.085719E+02 4.405955E+00 3.704966E+00 2.480502E+02
3.285695E+03 1.536830E+06 3.947826E+01 1.494830E-03 2.085719E+02 4.405962E+00 3.704972E+00 2.480502E+02
3.285705E+03 1.536840E+06 3.947826E+01 1.495635E-03 2.085719E+02 4.405968E+00 3.704978E+00 2.480502E+02
3.285715E+03 1.536850E+06 3.947826E+01 1.496440E-03 2.085719E+02 4.405975E+00 3.704983E+00 2.480502E+02
3.285724E+03 1.536860E+06 3.947826E+01 1.497247E-03 2.085719E+02 4.405981E+00 3.704989E+00 2.480502E+02
3.285733E+03 1.536870E+06 3.947826E+01 1.497988E-03 2.085719E+02 4.405987E+00 3.704993E+00 2.480502E+02
3.285742E+03 1.536880E+06 3.947826E+01 1.498764E-03 2.085719E+02 4.405992E+00 3.704998E+00 2.480502E+02
3.285752E+03 1.536890E+06 3.947826E+01 1.499543E-03 2.085719E+02 4.405998E+00 3.705003E+00 2.480502E+02
3.285761E+03 1.536900E+06 3.947826E+01 1.500313E-03 2.085719E+02 4.406004E+00 3.705008E+00 2.480502E+02
3.285770E+03 1.536910E+06 3.947826E+01 1.501058E-03 2.085719E+02 4.406010E+00 3.705013E+00 2.480502E+02
3.285779E+03 1.536920E+06 3.947826E+01 1.501792E-03 2.085720E+02 4.406015E+00 3.705018E+00 2.480502E+02
3.285787E+03 1.536930E+06 3.947826E+01 1.502534E-03 2.085720E+02 4.406020E+00 3.705022E+00 2.480502E+02
3.285796E+03 1.536940E+06 3.947826E+01 1.503284E-03 2.085720E+02 4.406025E+00 3.705026E+00 2.480502E+02
3.285805E+03 1.536950E+06 3.947826E+01 1.504033E-03 2.085720E+02 4.406030E+00 3.705031E+00 2.480502E+02
3.285814E+03 1.536960E+06 3.947826E+01 1.504780E-03 2.085720E+02 4.406036E+00 3.705036E+00 2.480502E+02
3.285823E+03 1.536970E+06 3.947826E+01 1.505505E-03 2.085720E+02 4.406041E+00 3.705040E+00 2.480502E+02
3.285831E+03 1.536980E+06 3.947826E+01 1.506198E-03 2.085720E+02 4.406046E+00 3.705045E+00 2.480502E+02
3.285839E+03 1.536990E+06 3.947826E+01 1.506893E-03 2.085720E+02 4.406052E+00 3.705049E+00 2.480502E+02
3.285848E+03 1.537000E+06 3.947826E+01 1.507589E-03 2.085720E+02 4.406057E+00 3.705054E+00 2.480502E+02
3.285856E+03 1.537010E+06 3.947826E+01 1.508281E-03 2.085720E+02 4.406062E+00 3.705058E+00 2.480502E+02
3.285864E+03 1.537020E+06 3.947826E+01 1.508976E-03 2.085720E+02 4.406067E+00 3.705063E+00 2.480502E+02
3.285873E+03 1.537030E+06 3.947826E+01 1.509670E-03 2.085720E+02 4.406072E+00 3.705067E+00 2.480502E+02
3.285881E+03 1.537040E+06 3.947826E+01 1.510363E-03 2.085720E+02 4.406078E+00 3.705072E+00 2.480502E+02
3.285890E+03 1.537050E+06 3.947826E+01 1.511076E-03 2.085720E+02 4.406084E+00 3.705077E+00 2.480502E+02
3.285898E+03 1.537060E+06 3.947826E+01 1.511788E-03 2.085720E+02 4.406089E+00 3.705082E+00 2.480502E+02
3.285907E+03 1.537070E+06 3.947826E+01 1.512500E-03 2.085720E+02 4.406095E+00 3.705087E+00 2.480502E+02
3.285915E+03 1.537080E+06 3.947826E+01 1.513213E-03 2.085720E+02 4.406102E+00 3.705092E+00 2.480502E+02
3.285924E+03 1.537090E+06 3.947826E+01 1.513921E-03 2.085720E+02 4.406107E+00 3.705097E+00 2.480502E+02
3.285933E+03 1.537100E+06 3.947826E+01 1.514643E-03 2.085720E+02 4.406113E+00 3.705102E+00 2.480502E+02
3.285942E+03 1.537110E+06 3.947826E+01 1.515395E-03 2.085720E+02 4.406119E+00 3.705108E+00 2.480502E+02
3.285951E+03 1.537120E+06 3.947826E+01 1.516144E-03 2.085720E+02 4.406126E+00 3.705113E+00 2.480502E+02
3.285960E+03 1.537130E+06 3.947826E+01 1.516891E-03 2.085720E+02 4.406132E+00 3.705119E+00 2.480502E+02
3.285969E+03 1.537140E+06 3.947826E+01 1.517638E-03 2.085720E+02 4.406139E+00 3.705125E+00 2.480502E+02
3.285978E+03 1.537150E+06 3.947826E+01 1.518383E-03 2.085720E+02 4.406145E+00 3.705130E+00 2.480502E+02
3.285988E+03 1.537160E+06 3.947826E+01 1.519157E-03 2.085720E+02 4.406152E+00 3.705136E+00 2.480502E+02
3.285997E+03 1.537170E+06 3.947826E+01 1.519936E-03 2.085720E+02 4.406159E+00 3.705142E+00 2.480502E+02
3.286007E+03 1.537180E+06 3.947826E+01 1.520717E-03 2.085720E+02 4.406166E+00 3.705147E+00 2.480502E+02
3.286016E+03 1.537190E+06 3.947826E+01 1.521493E-03 2.085720E+02 4.406173E+00 3.705154E+00 2.480502E+02
3.286026E+03 1.537200E+06 3.947826E+01 1.522270E-03 2.085720E+02 4.406180E+00 3.705160E+00 2.480502E+02
3.286035E+03 1.537210E+06 3.947826E+01 1.523093E-03 2.085720E+02 4.406187E+00 3.705166E+00 2.480502E+02
3.286045E+03 1.537220E+06 3.947826E+01 1.523920E-03 2.085720E+02 4.406194E+00 3.705172E+00 2.480502E+02
3.286055E+03 1.537230E+06 3.947826E+01 1.524747E-03 2.085720E+02 4.406201E+00 3.705178E+00 2.480502E+02
3.286065E+03 1.537240E+06 3.947826E+01 1.525572E-03 2.085720E+02 4.406208E+00 3.705184E+00 2.480502E+02
3.286075E+03 1.537250E+06 3.947826E+01 1.526398E-03 2.085720E+02 4.406216E+00 3.705190E+00 2.480502E+02
3.286086E+03 1.537260E+06 3.947826E+01 1.527240E-03 2.085720E+02 4.406223E+00 3.705197E+00 2.480502E+02
3.286096E+03 1.537270E+06 3.947826E+01 1.528069E-03 2.085720E+02 4.406230E+00 3.705203E+00 2.480502E+02
3.286105E+03 1.537280E+06 3.947826E+01 1.528838E-03 2.085720E+02 4.406237E+00 3.705209E+00 2.480502E+02
3.286114E+03 1.537290E+06 3.947826E+01 1.529609E-03 2.085720E+02 4.406244E+00 3.705215E+00 2.480502E+02
3.286124E+03 1.537300E+06 3.947826E+01 1.530382E-03 2.085720E+02 4.406251E+00 3.705221E+00 2.480502E+02
3.286133E+03 1.537310E+06 3.947826E+01 1.531158E-03 2.085720E+02 4.406259E+00 3.705227E+00 2.480502E+02
3.286143E+03 1.537320E+06 3.947826E+01 1.531934E-03 2.085720E+02 4.406265E+00 3.705233E+00 2.480502E+02
3.286152E+03 1.537330E+06 3.947826E+01 1.532715E-03 2.085720E+02 4.406272E+00 3.705239E+00 2.480502E+02
3.286161E+03 1.537340E+06 3.947826E+01 1.533497E-03 2.085720E+02 4.406279E+00 3.705245E+00 2.480502E+02
3.286171E+03 1.537350E+06 3.947826E+01 1.534277E-03 2.085720E+02 4.406286E+00 3.705251E+00 2.480502E+02
3.286181E+03 1.537360E+06 3.947826E+01 1.535075E-03 2.085720E+02 4.406293E+00 3.705257E+00 2.480502E+02
3.286190E+03 1.537370E+06 3.947826E+01 1.535887E-03 2.085720E+02 4.406300E+00 3.705263E+00 2.480502E+02
3.286200E+03 1.537380E+06 3.947826E+01 1.536690E-03 2.085720E+02 4.406307E+00 3.705269E+00 2.480502E+02
3.286210E+03 1.537390E+06 3.947826E+01 1.537478E-03 2.085720E+02 4.406314E+00 3.705275E+00 2.480502E+02
3.286219E+03 1.537400E+06 3.947826E+01 1.538264E-03 2.085720E+02 4.406321E+00 3.705281E+00 2.480502E+02
3.286229E+03 1.537410E+06 3.947826E+01 1.539056E-03 2.085720E+02 4.406328E+00 3.705287E+00 2.480502E+02
3.286238E+03 1.537420E+06 3.947826E+01 1.539860E-03 2.085720E+02 4.406334E+00 3.705292E+00 2.480502E+02
3.286248E+03 1.537430E+06 3.947826E+01 1.540660E-03 2.085720E+02 4.406340E+00 3.705297E+00 2.480502E+02
3.286257E+03 1.537440E+06 3.947826E+01 1.541464E-03 2.085720E+02 4.406347E+00 3.705303E+00 2.480502E+02
3.286267E+03 1.537450E+06 3.947826E+01 1.542275E-03 2.085720E+02 4.406353E+00 3.705308E+00 2.480502E+02
3.286277E+03 1.537460E+06 3.947826E+01 1.543083E-03 2.085720E+02 4.406359E+00 3.705314E+00 2.480502E+02
3.286286E+03 1.537470E+06 3.947826E+01 1.543887E-03 2.085720E+02 4.406365E+00 3.705319E+00 2.480502E+02
3.286296E+03 1.537480E+06 3.947826E+01 1.544698E-03 2.085720E+02 4.406371E+00 3.705324E+00 2.480502E+02
3.286306E+03 1.537490E+06 3.947826E+01 1.545507E-03 2.085720E+02 4.406377E+00 3.705329E+00 2.480502E+02
3.286315E+03 1.537500E+06 3.947826E+01 1.546317E-03 2.085720E+02 4.406382E+00 3.705334E+00 2.480502E+02
3.286324E+03 1.537510E+06 3.947826E+01 1.547042E-03 2.085720E+02 4.406388E+00 3.705338E+00 2.480502E+02
3.286333E+03 1.537520E+06 3.947826E+01 1.547806E-03 2.085720E+02 4.406393E+00 3.705343E+00 2.480502E+02
3.286342E+03 1.537530E+06 3.947826E+01 1.548559E-03 2.085720E+02 4.406398E+00 3.705347E+00 2.480502E+02
3.286351E+03 1.537540E+06 3.947826E+01 1.549298E-03 2.085720E+02 4.406403E+00 3.705352E+00 2.480502E+02
3.286360E+03 1.537550E+06 3.947826E+01 1.550038E-03 2.085720E+02 4.406408E+00 3.705356E+00 2.480502E+02
3.286368E+03 1.537560E+06 3.947826E+01 1.550782E-03 2.085720E+02 4.406413E+00 3.705360E+00 2.480502E+02
3.286377E+03 1.537570E+06 3.947826E+01 1.551529E-03 2.085720E+02 4.406418E+00 3.705365E+00 2.480502E+02
3.286386E+03 1.537580E+06 3.947826E+01 1.552277E-03 2.085720E+02 4.406423E+00 3.705369E+00 2.480502E+02
3.286395E+03 1.537590E+06 3.947826E+01 1.553029E-03 2.085720E+02 4.406428E+00 3.705374E+00 2.480502E+02
3.286404E+03 1.537600E+06 3.947826E+01 1.553776E-03 2.085720E+02 4.406433E+00 3.705378E+00 2.480502E+02
3.286413E+03 1.537610E+06 3.947826E+01 1.554523E-03 2.085720E+02 4.406439E+00 3.705382E+00 2.480502E+02
3.286422E+03 1.537620E+06 3.947826E+01 1.555269E-03 2.085720E+02 4.406443E+00 3.705387E+00 2.480502E+02
3.286431E+03 1.537630E+06 3.947826E+01 1.556019E-03 2.085720E+02 4.406449E+00 3.705391E+00 2.480502E+02
3.286440E+03 1.537640E+06 3.947826E+01 1.556782E-03 2.085720E+02 4.406454E+00 3.705396E+00 2.480502E+02
3.286449E+03 1.537650E+06 3.947826E+01 1.557543E-03 2.085720E+02 4.406460E+00 3.705401E+00 2.480502E+02
3.286458E+03 1.537660E+06 3.947826E+01 1.558310E-03 2.085720E+02 4.406466E+00 3.705406E+00 2.480502E+02
3.286467E+03 1.537670E+06 3.947826E+01 1.559072E-03 2.085720E+02 4.406471E+00 3.705411E+00 2.480502E+02
3.286476E+03 1.537680E+06 3.947826E+01 1.559833E-03 2.085720E+02 4.406476E+00 3.705415E+00 2.480502E+02
3.286486E+03 1.537690E+06 3.947826E+01 1.560589E-03 2.085720E+02 4.406481E+00 3.705419E+00 2.480502E+02
3.286495E+03 1.537700E+06 3.947826E+01 1.561347E-03 2.085720E+02 4.406486E+00 3.705424E+00 2.480502E+02
3.286504E+03 1.537710E+06 3.947826E+01 1.562109E-03 2.085720E+02 4.406492E+00 3.705428E+00 2.480502E+02
3.286513E+03 1.537720E+06 3.947826E+01 1.562868E-03 2.085720E+02 4.406497E+00 3.705433E+00 2.480502E+02
3.286522E+03 1.537730E+06 3.947826E+01 1.563631E-03 2.085720E+02 4.406502E+00 3.705438E+00 2.480502E+02
3.286531E+03 1.537740E+06 3.947826E+01 1.564393E-03 2.085720E+02 4.406508E+00 3.705442E+00 2.480502E+02
3.286540E+03 1.537750E+06 3.947826E+01 1.565158E-03 2.085720E+02 4.406512E+00 3.705446E+00 2.480502E+02
3.286549E+03 1.537760E+06 3.947826E+01 1.565921E-03 2.085720E+02 4.406518E+00 3.705451E+00 2.480502E+02
3.286558E+03 1.537770E+06 3.947826E+01 1.566684E-03 2.085720E+02 4.406524E+00 3.705456E+00 2.480502E+02
3.286567E+03 1.537780E+06 3.947826E+01 1.567445E-03 2.085720E+02 4.406530E+00 3.705461E+00 2.480502E+02
3.286576E+03 1.537790E+06 3.947826E+01 1.568210E-03 2.085720E+02 4.406536E+00 3.705466E+00 2.480502E+02
3.286586E+03 1.537800E+06 3.947826E+01 1.568975E-03 2.085720E+02 4.406541E+00 3.705471E+00 2.480502E+02
3.286595E+03 1.537810E+06 3.947825E+01 1.569728E-03 2.085720E+02 4.406547E+00 3.705476E+00 2.480502E+02
3.286603E+03 1.537820E+06 3.947825E+01 1.570462E-03 2.085720E+02 4.406552E+00 3.705481E+00 2.480502E+02
3.286612E+03 1.537830E+06 3.947825E+01 1.571193E-03 2.085720E+02 4.406558E+00 3.705485E+00 2.480502E+02
3.286621E+03 1.537840E+06 3.947825E+01 1.571929E-03 2.085720E+02 4.406564E+00 3.705491E+00 2.480502E+02
3.286630E+03 1.537850E+06 3.947825E+01 1.572677E-03 2.085720E+02 4.406569E+00 3.705495E+00 2.480502E+02
3.286639E+03 1.537860E+06 3.947825E+01 1.573427E-03 2.085720E+02 4.406575E+00 3.705500E+00 2.480502E+02
3.286648E+03 1.537870E+06 3.947825E+01 1.574172E-03 2.085720E+02 4.406580E+00 3.705505E+00 2.480502E+02
3.286657E+03 1.537880E+06 3.947825E+01 1.574915E-03 2.085720E+02 4.406586E+00 3.705510E+00 2.480502E+02
3.286666E+03 1.537890E+06 3.947825E+01 1.575660E-03 2.085720E+02 4.406592E+00 3.705515E+00 2.480502E+02
3.286675E+03 1.537900E+06 3.947825E+01 1.576422E-03 2.085720E+02 4.406597E+00 3.705519E+00 2.480502E+02
3.286684E+03 1.537910E+06 3.947825E+01 1.577186E-03 2.085720E+02 4.406603E+00 3.705524E+00 2.480502E+02
3.286693E+03 1.537920E+06 3.947825E+01 1.577946E-03 2.085720E+02 4.406608E+00 3.705528E+00 2.480502E+02
3.286702E+03 1.537930E+06 3.947825E+01 1.578706E-03 2.085720E+02 4.406613E+00 3.705533E+00 2.480502E+02
3.286711E+03 1.537940E+06 3.947825E+01 1.579467E-03 2.085720E+02 4.406619E+00 3.705538E+00 2.480502E+02
3.286720E+03 1.537950E+06 3.947825E+01 1.580227E-03 2.085720E+02 4.406624E+00 3.705543E+00 2.480502E+02
3.286729E+03 1.537960E+06 3.947825E+01 1.580976E-03 2.085720E+02 4.406630E+00 3.705548E+00 2.480502E+02
3.286738E+03 1.537970E+06 3.947825E+01 1.581721E-03 2.085720E+02 4.406636E+00 3.705552E+00 2.480502E+02
3.286747E+03 1.537980E+06 3.947825E+01 1.582461E-03 2.085720E+02 4.406641E+00 3.705557E+00 2.480502E+02
3.286755E+03 1.537990E+06 3.947825E+01 1.583175E-03 2.085720E+02 4.406646E+00 3.705561E+00 2.480502E+02
3.286764E+03 1.538000E+06 3.947825E+01 1.583876E-03 2.085720E+02 4.406651E+00 3.705566E+00 2.480502E+02
3.286773E+03 1.538010E+06 3.947825E+01 1.584610E-03 2.085720E+02 4.406656E+00 3.705570E+00 2.480502E+02
3.286781E+03 1.538020E+06 3.947825E+01 1.585344E-03 2.085720E+02 4.406662E+00 3.705575E+00 2.480502E+02
3.286790E+03 1.538030E+06 3.947825E+01 1.586058E-03 2.085720E+02 4.406667E+00 3.705579E+00 2.480502E+02
3.286798E+03 1.538040E+06 3.947825E+01 1.586765E-03 2.085720E+02 4.406672E+00 3.705584E+00 2.480502E+02
3.286807E+03 1.538050E+06 3.947825E+01 1.587474E-03 2.085720E+02 4.406678E+00 3.705589E+00 2.480502E+02
3.286815E+03 1.538060E+06 3.947825E+01 1.588187E-03 2.085720E+02 4.406683E+00 3.705593E+00 2.480502E+02
3.286824E+03 1.538070E+06 3.947825E+01 1.588903E-03 2.085720E+02 4.406688E+00 3.705598E+00 2.480502E+02
3.286833E+03 1.538080E+06 3.947825E+01 1.589619E-03 2.085720E+02 4.406694E+00 3.705603E+00 2.480502E+02
3.286841E+03 1.538090E+06 3.947825E+01 1.590332E-03 2.085720E+02 4.406700E+00 3.705608E+00 2.480502E+02
3.286850E+03 1.538100E+06 3.947825E+01 1.591048E-03 2.085720E+02 4.406706E+00 3.705613E+00 2.480502E+02
3.286858E+03 1.538110E+06 3.947825E+01 1.591730E-03 2.085720E+02 4.406711E+00 3.705618E+00 2.480502E+02
3.286866E+03 1.538120E+06 3.947825E+01 1.592415E-03 2.085720E+02 4.406717E+00 3.705622E+00 2.480502E+02
3.286875E+03 1.538130E+06 3.947825E+01 1.593120E-03 2.085720E+02 4.406722E+00 3.705627E+00 2.480502E+02
3.286883E+03 1.538140E+06 3.947825E+01 1.593824E-03 2.085720E+02 4.406728E+00 3.705632E+00 2.480502E+02
3.286891E+03 1.538150E+06 3.947825E+01 1.594517E-03 2.085720E+02 4.406734E+00 3.705637E+00 2.480502E+02
3.286899E+03 1.538160E+06 3.947825E+01 1.595186E-03 2.085720E+02 4.406739E+00 3.705642E+00 2.480502E+02
3.286907E+03 1.538170E+06 3.947825E+01 1.595843E-03 2.085720E+02 4.406745E+00 3.705646E+00 2.480502E+02
3.286915E+03 1.538180E+06 3.947825E+01 1.596509E-03 2.085720E+02 4.406749E+00 3.705651E+00 2.480502E+02
3.286923E+03 1.538190E+06 3.947825E+01 1.597183E-03 2.085720E+02 4.406754E+00 3.705655E+00 2.480502E+02
3.286931E+03 1.538200E+06 3.947825E+01 1.597857E-03 2.085720E+02 4.406760E+00 3.705660E+00 2.480502E+02
3.286939E+03 1.538210E+06 3.947825E+01 1.598534E-03 2.085720E+02 4.406766E+00 3.705665E+00 2.480502E+02
3.286947E+03 1.538220E+06 3.947825E+01 1.599214E-03 2.085720E+02 4.406771E+00 3.705669E+00 2.480502E+02
3.286955E+03 1.538230E+06 3.947825E+01 1.599886E-03 2.085720E+02 4.406776E+00 3.705674E+00 2.480502E+02
3.286963E+03 1.538240E+06 3.947825E+01 1.600560E-03 2.085720E+02 4.406782E+00 3.705678E+00 2.480502E+02
3.286971E+03 1.538250E+06 3.947825E+01 1.601230E-03 2.085720E+02 4.406787E+00 3.705683E+00 2.480502E+02
3.286980E+03 1.538260E+06 3.947825E+01 1.601899E-03 2.085720E+02 4.406793E+00 3.705688E+00 2.480502E+02
3.286988E+03 1.538270E+06 3.947825E+01 1.602570E-03 2.085720E+02 4.406798E+00 3.705692E+00 2.480502E+02
3.286996E+03 1.538280E+06 3.947825E+01 1.603240E-03 2.085720E+02 4.406804E+00 3.705697E+00 2.480502E+02
3.287004E+03 1.538290E+06 3.947825E+01 1.603908E-03 2.085720E+02 4.406809E+00 3.705702E+00 2.480502E+02
3.287012E+03 1.538300E+06 3.947825E+01 1.604581E-03 2.085720E+02 4.406814E+00 3.705706E+00 2.480502E+02
3.287020E+03 1.538310E+06 3.947825E+01 1.605263E-03 2.085720E+02 4.406820E+00 3.705711E+00 2.480502E+02
3.287028E+03 1.538320E+06 3.947825E+01 1.605944E-03 2.085720E+02 4.406826E+00 3.705716E+00 2.480502E+02
3.287036E+03 1.538330E+06 3.947825E+01 1.606628E-03 2.085720E+02 4.406831E+00 3.705721E+00 2.480502E+02
3.287044E+03 1.538340E+06 3.947825E+01 1.607313E-03 2.085720E+02 4.406836E+00 3.705725E+00 2.480502E+02
3.287053E+03 1.538350E+06 3.947825E+01 1.607997E-03 2.085720E+02 4.406842E+00 3.705730E+00 2.480502E+02
3.287061E+03 1.538360E+06 3.947825E+01 1.608678E-03 2.085720E+02 4.406847E+00 3.705734E+00 2.480502E+02
3.287069E+03 1.538370E+06 3.947825E+01 1.609361E-03 2.085720E+02 4.406852E+00 3.705739E+00 2.480502E+02
3.287077E+03 1.538380E+06 3.947825E+01 1.610049E-03 2.085720E+02 4.406857E+00 3.705743E+00 2.480502E+02
3.287085E+03 1.538390E+06 3.947825E+01 1.610739E-03 2.085720E+02 4.406862E+00 3.705747E+00 2.480502E+02
3.287094E+03 1.538400E+06 3.947825E+01 1.611428E-03 2.085720E+02 4.406867E+00 3.705752E+00 2.480502E+02
3.287102E+03 1.538410E+06 3.947825E+01 1.612116E-03 2.085720E+02 4.406872E+00 3.705756E+00 2.480502E+02
3.287110E+03 1.538420E+06 3.947825E+01 1.612802E-03 2.085720E+02 4.406877E+00 3.705761E+00 2.480502E+02
3.287118E+03 1.538430E+06 3.947825E+01 1.613500E-03 2.085720E+02 4.406882E+00 3.705765E+00 2.480502E+02
3.287127E+03 1.538440E+06 3.947825E+01 1.614195E-03 2.085720E+02 4.406888E+00 3.705770E+00 2.480502E+02
3.287135E+03 1.538450E+06 3.947825E+01 1.614890E-03 2.085720E+02 4.406893E+00 3.705774E+00 2.480502E+02
3.287143E+03 1.538460E+06 3.947825E+01 1.615583E-03 2.085720E+02 4.406898E+00 3.705779E+00 2.480502E+02
3.287152E+03 1.538470E+06 3.947825E+01 1.616271E-03 2.085720E+02 4.406904E+00 3.705784E+00 2.480502E+02
3.287160E+03 1.538480E+06 3.947825E+01 1.616966E-03 2.085720E+02 4.406910E+00 3.705789E+00 2.480502E+02
3.287168E+03 1.538490E+06 3.947825E+01 1.617670E-03 2.085720E+02 4.406916E+00 3.705794E+00 2.480502E+02
3.287177E+03 1.538500E+06 3.947825E+01 1.618377E-03 2.085720E+02 4.406922E+00 3.705799E+00 2.480502E+02
3.287185E+03 1.538510E+06 3.947825E+01 1.619080E-03 2.085720E+02 4.406928E+00 3.705804E+00 2.480502E+02
3.287194E+03 1.538520E+06 3.947825E+01 1.619781E-03 2.085720E+02 4.406934E+00 3.705809E+00 2.480502E+02
3.287202E+03 1.538530E+06 3.947825E+01 1.620482E-03 2.085720E+02 4.406940E+00 3.705815E+00 2.480502E+02
3.287211E+03 1.538540E+06 3.947825E+01 1.621214E-03 2.085720E+02 4.406947E+00 3.705820E+00 2.480502E+02
3.287220E+03 1.538550E+06 3.947825E+01 1.621966E-03 2.085720E+02 4.406954E+00 3.705827E+00 2.480502E+02
3.287229E+03 1.538560E+06 3.947825E+01 1.622720E-03 2.085720E+02 4.406961E+00 3.705832E+00 2.480502E+02
3.287238E+03 1.538570E+06 3.947825E+01 1.623471E-03 2.085720E+02 4.406968E+00 3.705838E+00 2.480502E+02
3.287247E+03 1.538580E+06 3.947824E+01 1.624226E-03 2.085720E+02 4.406974E+00 3.705844E+00 2.480502E+02
3.287256E+03 1.538590E+06 3.947824E+01 1.624986E-03 2.085720E+02 4.406982E+00 3.705850E+00 2.480502E+02
3.287266E+03 1.538600E+06 3.947824E+01 1.625766E-03 2.085720E+02 4.406989E+00 3.705857E+00 2.480502E+02
3.287275E+03 1.538610E+06 3.947824E+01 1.626545E-03 2.085720E+02 4.406997E+00 3.705863E+00 2.480502E+02
3.287285E+03 1.538620E+06 3.947824E+01 1.627328E-03 2.085720E+02 4.407004E+00 3.705870E+00 2.480502E+02
3.287294E+03 1.538630E+06 3.947824E+01 1.628111E-03 2.085720E+02 4.407011E+00 3.705876E+00 2.480502E+02
3.287304E+03 1.538640E+06 3.947824E+01 1.628892E-03 2.085720E+02 4.407018E+00 3.705882E+00 2.480502E+02
3.287313E+03 1.538650E+06 3.947824E+01 1.629676E-03 2.085720E+02 4.407026E+00 3.705888E+00 2.480502E+02
3.287323E+03 1.538660E+06 3.947824E+01 1.630458E-03 2.085720E+02 4.407033E+00 3.705894E+00 2.480502E+02
3.287332E+03 1.538670E+06 3.947824E+01 1.631242E-03 2.085720E+02 4.407040E+00 3.705901E+00 2.480502E+02
3.287341E+03 1.538680E+06 3.947824E+01 1.632030E-03 2.085720E+02 4.407048E+00 3.705907E+00 2.480502E+02
3.287351E+03 1.538690E+06 3.947824E+01 1.632814E-03 2.085720E+02 4.407055E+00 3.705913E+00 2.480502E+02
3.287360E+03 1.538700E+06 3.947824E+01 1.633598E-03 2.085720E+02 4.407062E+00 3.705919E+00 2.480502E+02
3.287370E+03 1.538710E+06 3.947824E+01 1.634385E-03 2.085720E+02 4.407068E+00 3.705925E+00 2.480502E+02
3.287379E+03 1.538720E+06 3.947824E+01 1.635152E-03 2.085720E+02 4.407075E+00 3.705931E+00 2.480502E+02
3.287388E+03 1.538730E+06 3.947824E+01 1.635920E-03 2.085720E+02 4.407082E+00 3.705937E+00 2.480502E+02
3.287397E+03 1.538740E+06 3.947824E+01 1.636699E-03 2.085720E+02 4.407089E+00 3.705942E+00 2.480502E+02
3.287406E+03 1.538750E+06 3.947824E+01 1.637489E-03 2.085720E+02 4.407095E+00 3.705948E+00 2.480502E+02
3.287416E+03 1.538760E+06 3.947824E+01 1.638263E-03 2.085720E+02 4.407101E+00 3.705953E+00 2.480502E+02
3.287425E+03 1.538770E+06 3.947824E+01 1.639035E-03 2.085720E+02 4.407108E+00 3.705959E+00 2.480502E+02
3.287434E+03 1.538780E+06 3.947824E+01 1.639804E-03 2.085720E+02 4.407114E+00 3.705964E+00 2.480502E+02
3.287444E+03 1.538790E+06 3.947824E+01 1.640575E-03 2.085720E+02 4.407120E+00 3.705969E+00 2.480502E+02
3.287453E+03 1.538800E+06 3.947824E+01 1.641354E-03 2.085720E+02 4.407126E+00 3.705974E+00 2.480502E+02
3.287462E+03 1.538810E+06 3.947824E+01 1.642149E-03 2.085720E+02 4.407131E+00 3.705979E+00 2.480502E+02
3.287472E+03 1.538820E+06 3.947824E+01 1.642945E-03 2.085720E+02 4.407137E+00 3.705984E+00 2.480502E+02
3.287481E+03 1.538830E+06 3.947824E+01 1.643715E-03 2.085720E+02 4.407143E+00 3.705989E+00 2.480502E+02
3.287490E+03 1.538840E+06 3.947824E+01 1.644481E-03 2.085720E+02 4.407148E+00 3.705994E+00 2.480502E+02
3.287499E+03 1.538850E+06 3.947824E+01 1.645246E-03 2.085720E+02 4.407154E+00 3.705998E+00 2.480502E+02
3.287509E+03 1.538860E+06 3.947824E+01 1.646034E-03 2.085720E+02 4.407159E+00 3.706003E+00 2.480502E+02
3.287518E+03 1.538870E+06 3.947824E+01 1.646823E-03 2.085720E+02 4.407164E+00 3.706008E+00 2.480502E+02
3.287527E+03 1.538880E+06 3.947824E+01 1.647616E-03 2.085720E+02 4.407170E+00 3.706012E+00 2.480502E+02
3.287537E+03 1.538890E+06 3.947824E+01 1.648408E-03 2.085720E+02 4.407175E+00 3.706017E+00 2.480502E+02
3.287546E+03 1.538900E+06 3.947824E+01 1.649200E-03 2.085720E+02 4.407181E+00 3.706022E+00 2.480502E+02
3.287556E+03 1.538910E+06 3.947824E+01 1.649994E-03 2.085720E+02 4.407187E+00 3.706027E+00 2.480502E+02
3.287565E+03 1.538920E+06 3.947824E+01 1.650785E-03 2.085720E+02 4.407192E+00 3.706032E+00 2.480502E+02
3.287575E+03 1.538930E+06 3.947824E+01 1.651574E-03 2.085720E+02 4.407198E+00 3.706037E+00 2.480502E+02
3.287584E+03 1.538940E+06 3.947824E+01 1.652364E-03 2.085720E+02 4.407204E+00 3.706042E+00 2.480502E+02
3.287593E+03 1.538950E+06 3.947824E+01 1.653151E-03 2.085720E+02 4.407211E+00 3.706048E+00 2.480502E+02
3.287603E+03 1.538960E+06 3.947824E+01 1.653957E-03 2.085720E+02 4.407218E+00 3.706054E+00 2.480502E+02
3.287613E+03 1.538970E+06 3.947824E+01 1.654775E-03 2.085720E+02 4.407225E+00 3.706060E+00 2.480502E+02
3.287623E+03 1.538980E+06 3.947824E+01 1.655587E-03 2.085720E+02 4.407232E+00 3.706066E+00 2.480502E+02
3.287633E+03 1.538990E+06 3.947824E+01 1.656399E-03 2.085720E+02 4.407239E+00 3.706072E+00 2.480502E+02
3.287642E+03 1.539000E+06 3.947824E+01 1.657212E-03 2.085720E+02 4.407247E+00 3.706079E+00 2.480502E+02
3.287652E+03 1.539010E+06 3.947824E+01 1.658030E-03 2.085720E+02 4.407254E+00 3.706085E+00 2.480502E+02
3.287662E+03 1.539020E+06 3.947824E+01 1.658830E-03 2.085720E+02 4.407262E+00 3.706091E+00 2.480502E+02
3.287671E+03 1.539030E+06 3.947824E+01 1.659607E-03 2.085720E+02 4.407269E+00 3.706098E+00 2.480502E+02
3.287681E+03 1.539040E+06 3.947824E+01 1.660376E-03 2.085720E+02 4.407277E+00 3.706104E+00 2.480502E+02
3.287690E+03 1.539050E+06 3.947824E+01 1.661153E-03 2.085720E+02 4.407284E+00 3.706111E+00 2.480502E+02
3.287699E+03 1.539060E+06 3.947824E+01 1.661928E-03 2.085720E+02 4.407291E+00 3.706117E+00 2.480502E+02
3.287709E+03 1.539070E+06 3.947824E+01 1.662713E-03 2.085720E+02 4.407299E+00 3.706123E+00 2.480502E+02
3.287718E+03 1.539080E+06 3.947824E+01 1.663497E-03 2.085720E+02 4.407306E+00 3.706129E+00 2.480502E+02
3.287728E+03 1.539090E+06 3.947824E+01 1.664281E-03 2.085720E+02 4.407313E+00 3.706135E+00 2.480502E+02
3.287737E+03 1.539100E+06 3.947824E+01 1.665066E-03 2.085720E+02 4.407320E+00 3.706142E+00 2.480502E+02
3.287746E+03 1.539110E+06 3.947824E+01 1.665854E-03 2.085720E+02 4.407328E+00 3.706148E+00 2.480502E+02
3.287756E+03 1.539120E+06 3.947824E+01 1.666652E-03 2.085720E+02 4.407335E+00 3.706154E+00 2.480502E+02
3.287766E+03 1.539130E+06 3.947824E+01 1.667448E-03 2.085720E+02 4.407342E+00 3.706160E+00 2.480502E+02
3.287775E+03 1.539140E+06 3.947824E+01 1.668245E-03 2.085720E+02 4.407349E+00 3.706167E+00 2.480502E+02
3.287785E+03 1.539150E+06 3.947824E+01 1.669050E-03 2.085720E+02 4.407356E+00 3.706173E+00 2.480502E+02
3.287795E+03 1.539160E+06 3.947824E+01 1.669854E-03 2.085720E+02 4.407364E+00 3.706179E+00 2.480502E+02
3.287804E+03 1.539170E+06 3.947824E+01 1.670680E-03 2.085720E+02 4.407372E+00 3.706186E+00 2.480502E+02
3.287814E+03 1.539180E+06 3.947824E+01 1.671508E-03 2.085720E+02 4.407379E+00 3.706192E+00 2.480502E+02
3.287825E+03 1.539190E+06 3.947824E+01 1.672362E-03 2.085720E+02 4.407386E+00 3.706198E+00 2.480502E+02
3.287835E+03 1.539200E+06 3.947824E+01 1.673226E-03 2.085720E+02 4.407394E+00 3.706205E+00 2.480502E+02
3.287846E+03 1.539210E+06 3.947824E+01 1.674108E-03 2.085720E+02 4.407401E+00 3.706211E+00 2.480502E+02
3.287857E+03 1.539220E+06 3.947824E+01 1.675062E-03 2.085720E+02 4.407410E+00 3.706218E+00 2.480502E+02
3.287869E+03 1.539230E+06 3.947824E+01 1.676017E-03 2.085720E+02 4.407418E+00 3.706226E+00 2.480502E+02
3.287874E+03 1.539240E+06 3.947824E+01 1.676450E-03 2.085720E+02 4.407423E+00 3.706230E+00 2.480502E+02
3.287883E+03 1.539250E+06 3.947824E+01 1.677179E-03 2.085720E+02 4.407429E+00 3.706235E+00 2.480502E+02
3.287892E+03 1.539260E+06 3.947824E+01 1.677943E-03 2.085720E+02 4.407435E+00 3.706240E+00 2.480502E+02
3.287902E+03 1.539270E+06 3.947824E+01 1.678803E-03 2.085720E+02 4.407442E+00 3.706247E+00 2.480502E+02
3.287913E+03 1.539280E+06 3.947824E+01 1.679692E-03 2.085720E+02 4.407450E+00 3.706253E+00 2.480502E+02
3.287924E+03 1.539290E+06 3.947824E+01 1.680577E-03 2.085720E+02 4.407458E+00 3.706260E+00 2.480502E+02
3.287934E+03 1.539300E+06 3.947824E+01 1.681460E-03 2.085720E+02 4.407466E+00 3.706267E+00 2.480502E+02
3.287945E+03 1.539310E+06 3.947824E+01 1.682346E-03 2.085720E+02 4.407474E+00 3.706274E+00 2.480502E+02
3.287956E+03 1.539320E+06 3.947824E+01 1.683225E-03 2.085720E+02 4.407482E+00 3.706281E+00 2.480502E+02
3.287966E+03 1.539330E+06 3.947824E+01 1.684110E-03 2.085720E+02 4.407491E+00 3.706288E+00 2.480502E+02
3.287977E+03 1.539340E+06 3.947824E+01 1.684994E-03 2.085720E+02 4.407499E+00 3.706295E+00 2.480502E+02
3.287987E+03 1.539350E+06 3.947824E+01 1.685831E-03 2.085720E+02 4.407507E+00 3.706302E+00 2.480502E+02
3.287995E+03 1.539360E+06 3.947824E+01 1.686511E-03 2.085720E+02 4.407514E+00 3.706308E+00 2.480502E+02
3.288004E+03 1.539370E+06 3.947824E+01 1.687192E-03 2.085720E+02 4.407521E+00 3.706314E+00 2.480502E+02
3.288012E+03 1.539380E+06 3.947824E+01 1.687858E-03 2.085720E+02 4.407528E+00 3.706320E+00 2.480502E+02
3.288020E+03 1.539390E+06 3.947824E+01 1.688526E-03 2.085720E+02 4.407535E+00 3.706326E+00 2.480502E+02
3.288028E+03 1.539400E+06 3.947824E+01 1.689200E-03 2.085720E+02 4.407542E+00 3.706332E+00 2.480502E+02
3.288036E+03 1.539410E+06 3.947824E+01 1.689873E-03 2.085720E+02 4.407549E+00 3.706338E+00 2.480502E+02
3.288044E+03 1.539420E+06 3.947824E+01 1.690547E-03 2.085720E+02 4.407556E+00 3.706344E+00 2.480502E+02
3.288052E+03 1.539430E+06 3.947824E+01 1.691225E-03 2.085720E+02 4.407563E+00 3.706350E+00 2.480502E+02
3.288061E+03 1.539440E+06 3.947824E+01 1.691899E-03 2.085720E+02 4.407570E+00 3.706356E+00 2.480502E+02
3.288069E+03 1.539450E+06 3.947824E+01 1.692575E-03 2.085720E+02 4.407576E+00 3.706361E+00 2.480502E+02
3.288077E+03 1.539460E+06 3.947824E+01 1.693248E-03 2.085720E+02 4.407583E+00 3.706367E+00 2.480502E+02
3.288085E+03 1.539470E+06 3.947824E+01 1.693922E-03 2.085720E+02 4.407589E+00 3.706372E+00 2.480502E+02
3.288093E+03 1.539480E+06 3.947824E+01 1.694599E-03 2.085720E+02 4.407596E+00 3.706378E+00 2.480502E+02
3.288102E+03 1.539490E+06 3.947824E+01 1.695301E-03 2.085720E+02 4.407603E+00 3.706385E+00 2.480502E+02
3.288110E+03 1.539500E+06 3.947824E+01 1.696000E-03 2.085720E+02 4.407610E+00 3.706390E+00 2.480502E+02
3.288119E+03 1.539510E+06 3.947824E+01 1.696695E-03 2.085720E+02 4.407617E+00 3.706396E+00 2.480502E+02
3.288127E+03 1.539520E+06 3.947824E+01 1.697398E-03 2.085720E+02 4.407624E+00 3.706402E+00 2.480502E+02
3.288136E+03 1.539530E+06 3.947824E+01 1.698100E-03 2.085720E+02 4.407630E+00 3.706407E+00 2.480502E+02
3.288144E+03 1.539540E+06 3.947824E+01 1.698819E-03 2.085720E+02 4.407637E+00 3.706414E+00 2.480502E+02
3.288153E+03 1.539550E+06 3.947824E+01 1.699557E-03 2.085720E+02 4.407645E+00 3.706420E+00 2.480502E+02
3.288162E+03 1.539560E+06 3.947824E+01 1.700318E-03 2.085720E+02 4.407651E+00 3.706426E+00 2.480502E+02
3.288172E+03 1.539570E+06 3.947824E+01 1.701106E-03 2.085720E+02 4.407659E+00 3.706432E+00 2.480502E+02
3.288182E+03 1.539580E+06 3.947823E+01 1.701894E-03 2.085720E+02 4.407667E+00 3.706439E+00 2.480502E+02
3.288191E+03 1.539590E+06 3.947823E+01 1.702700E-03 2.085720E+02 4.407674E+00 3.706445E+00 2.480502E+02
3.288201E+03 1.539600E+06 3.947823E+01 1.703546E-03 2.085720E+02 4.407682E+00 3.706452E+00 2.480502E+02
3.288212E+03 1.539610E+06 3.947823E+01 1.704396E-03 2.085720E+02 4.407690E+00 3.706459E+00 2.480502E+02
3.288222E+03 1.539620E+06 3.947823E+01 1.705247E-03 2.085720E+02 4.407698E+00 3.706465E+00 2.480502E+02
3.288232E+03 1.539630E+06 3.947823E+01 1.706096E-03 2.085720E+02 4.407706E+00 3.706472E+00 2.480502E+02
3.288241E+03 1.539640E+06 3.947823E+01 1.706849E-03 2.085720E+02 4.407713E+00 3.706478E+00 2.480502E+02
3.288251E+03 1.539650E+06 3.947823E+01 1.707681E-03 2.085720E+02 4.407720E+00 3.706485E+00 2.480502E+02
3.288261E+03 1.539660E+06 3.947823E+01 1.708513E-03 2.085720E+02 4.407728E+00 3.706491E+00 2.480502E+02
3.288271E+03 1.539670E+06 3.947823E+01 1.709348E-03 2.085720E+02 4.407735E+00 3.706498E+00 2.480502E+02
3.288281E+03 1.539680E+06 3.947823E+01 1.710183E-03 2.085720E+02 4.407743E+00 3.706504E+00 2.480502E+02
3.288291E+03 1.539690E+06 3.947823E+01 1.711028E-03 2.085720E+02 4.407751E+00 3.706511E+00 2.480502E+02
3.288302E+03 1.539700E+06 3.947823E+01 1.711879E-03 2.085720E+02 4.407758E+00 3.706517E+00 2.480502E+02
3.288312E+03 1.539710E+06 3.947823E+01 1.712727E-03 2.085720E+02 4.407766E+00 3.706524E+00 2.480502E+02
3.288322E+03 1.539720E+06 3.947823E+01 1.713575E-03 2.085720E+02 4.407774E+00 3.706531E+00 2.480502E+02
3.288332E+03 1.539730E+06 3.947823E+01 1.714423E-03 2.085720E+02 4.407781E+00 3.706537E+00 2.480502E+02
3.288343E+03 1.539740E+06 3.947823E+01 1.715273E-03 2.085720E+02 4.407789E+00 3.706544E+00 2.480502E+02
3.288353E+03 1.539750E+06 3.947823E+01 1.716113E-03 2.085720E+02 4.407797E+00 3.706551E+00 2.480502E+02
3.288363E+03 1.539760E+06 3.947823E+01 1.716945E-03 2.085720E+02 4.407805E+00 3.706558E+00 2.480502E+02
3.288373E+03 1.539770E+06 3.947823E+01 1.717761E-03 2.085720E+02 4.407814E+00 3.706565E+00 2.480502E+02
3.288382E+03 1.539780E+06 3.947823E+01 1.718521E-03 2.085720E+02 4.407821E+00 3.706572E+00 2.480502E+02
3.288391E+03 1.539790E+06 3.947823E+01 1.719307E-03 2.085720E+02 4.407829E+00 3.706579E+00 2.480502E+02
3.288401E+03 1.539800E+06 3.947823E+01 1.720133E-03 2.085720E+02 4.407838E+00 3.706585E+00 2.480502E+02
3.288412E+03 1.539810E+06 3.947823E+01 1.720961E-03 2.085720E+02 4.407845E+00 3.706592E+00 2.480502E+02
3.288422E+03 1.539820E+06 3.947823E+01 1.721788E-03 2.085720E+02 4.407853E+00 3.706599E+00 2.480502E+02
3.288432E+03 1.539830E+06 3.947823E+01 1.722619E-03 2.085720E+02 4.407862E+00 3.706606E+00 2.480502E+02
3.288442E+03 1.539840E+06 3.947823E+01 1.723478E-03 2.085720E+02 4.407871E+00 3.706614E+00 2.480502E+02
3.288452E+03 1.539850E+06 3.947823E+01 1.724341E-03 2.085720E+02 4.407879E+00 3.706621E+00 2.480502E+02
3.288463E+03 1.539860E+06 3.947823E+01 1.725202E-03 2.085720E+02 4.407888E+00 3.706628E+00 2.480502E+02
3.288473E+03 1.539870E+06 3.947823E+01 1.726062E-03 2.085720E+02 4.407896E+00 3.706636E+00 2.480502E+02
3.288484E+03 1.539880E+06 3.947823E+01 1.726923E-03 2.085720E+02 4.407905E+00 3.706643E+00 2.480502E+02
3.288494E+03 1.539890E+06 3.947823E+01 1.727801E-03 2.085720E+02 4.407913E+00 3.706651E+00 2.480502E+02
3.288505E+03 1.539900E+06 3.947823E+01 1.728683E-03 2.085720E+02 4.407922E+00 3.706658E+00 2.480502E+02
3.288516E+03 1.539910E+06 3.947823E+01 1.729560E-03 2.085720E+02 4.407931E+00 3.706665E+00 2.480502E+02
3.288526E+03 1.539920E+06 3.947823E+01 1.730438E-03 2.085720E+02 4.407940E+00 3.706673E+00 2.480502E+02
3.288537E+03 1.539930E+06 3.947823E+01 1.731329E-03 2.085720E+02 4.407948E+00 3.706680E+00 2.480502E+02
3.288548E+03 1.539940E+06 3.947823E+01 1.732236E-03 2.085720E+02 4.407957E+00 3.706687E+00 2.480502E+02
3.288559E+03 1.539950E+06 3.947823E+01 1.733139E-03 2.085720E+02 4.407965E+00 3.706695E+00 2.480502E+02
3.288570E+03 1.539960E+06 3.947823E+01 1.734044E-03 2.085720E+02 4.407973E+00 3.706702E+00 2.480502E+02
3.288581E+03 1.539970E+06 3.947823E+01 1.734951E-03 2.085720E+02 4.407982E+00 3.706709E+00 2.480502E+02
3.288592E+03 1.539980E+06 3.947823E+01 1.735873E-03 2.085720E+02 4.407990E+00 3.706716E+00 2.480502E+02
3.288603E+03 1.539990E+06 3.947823E+01 1.736793E-03 2.085720E+02 4.407998E+00 3.706723E+00 2.480502E+02
3.288614E+03 1.540000E+06 3.947823E+01 1.737717E-03 2.085720E+02 4.408007E+00 3.706731E+00 2.480502E+02
3.288626E+03 1.540010E+06 3.947823E+01 1.738650E-03 2.085720E+02 4.408015E+00 3.706737E+00 2.480502E+02
3.288637E+03 1.540020E+06 3.947823E+01 1.739602E-03 2.085720E+02 4.408023E+00 3.706745E+00 2.480502E+02
3.288649E+03 1.540030E+06 3.947823E+01 1.740574E-03 2.085720E+02 4.408032E+00 3.706752E+00 2.480502E+02
3.288660E+03 1.540040E+06 3.947823E+01 1.741543E-03 2.085720E+02 4.408040E+00 3.706759E+00 2.480502E+02
3.288672E+03 1.540050E+06 3.947823E+01 1.742514E-03 2.085720E+02 4.408049E+00 3.706767E+00 2.480502E+02
3.288684E+03 1.540060E+06 3.947823E+01 1.743490E-03 2.085720E+02 4.408058E+00 3.706774E+00 2.480502E+02
3.288695E+03 1.540070E+06 3.947823E+01 1.744458E-03 2.085720E+02 4.408066E+00 3.706782E+00 2.480502E+02
3.288707E+03 1.540080E+06 3.947823E+01 1.745398E-03 2.085720E+02 4.408075E+00 3.706789E+00 2.480502E+02
3.288718E+03 1.540090E+06 3.947823E+01 1.746327E-03 2.085720E+02 4.408083E+00 3.706796E+00 2.480502E+02
3.288729E+03 1.540100E+06 3.947823E+01 1.747256E-03 2.085720E+02 4.408092E+00 3.706803E+00 2.480502E+02
3.288740E+03 1.540110E+06 3.947823E+01 1.748182E-03 2.085720E+02 4.408100E+00 3.706811E+00 2.480502E+02
3.288751E+03 1.540120E+06 3.947823E+01 1.749083E-03 2.085720E+02 4.408109E+00 3.706818E+00 2.480502E+02
3.288762E+03 1.540130E+06 3.947823E+01 1.749981E-03 2.085720E+02 4.408117E+00 3.706825E+00 2.480502E+02
3.288773E+03 1.540140E+06 3.947823E+01 1.750879E-03 2.085720E+02 4.408126E+00 3.706833E+00 2.480502E+02
3.288784E+03 1.540150E+06 3.947823E+01 1.751809E-03 2.085720E+02 4.408134E+00 3.706840E+00 2.480502E+02
3.288795E+03 1.540160E+06 3.947823E+01 1.752755E-03 2.085720E+02 4.408143E+00 3.706848E+00 2.480502E+02
3.288807E+03 1.540170E+06 3.947823E+01 1.753675E-03 2.085720E+02 4.408152E+00 3.706855E+00 2.480502E+02
3.288818E+03 1.540180E+06 3.947823E+01 1.754588E-03 2.085720E+02 4.408161E+00 3.706863E+00 2.480502E+02
3.288829E+03 1.540190E+06 3.947823E+01 1.755500E-03 2.085720E+02 4.408169E+00 3.706870E+00 2.480502E+02
3.288840E+03 1.540200E+06 3.947823E+01 1.756428E-03 2.085720E+02 4.408178E+00 3.706877E+00 2.480502E+02
3.288851E+03 1.540210E+06 3.947823E+01 1.757351E-03 2.085720E+02 4.408186E+00 3.706885E+00 2.480502E+02
3.288862E+03 1.540220E+06 3.947823E+01 1.758252E-03 2.085720E+02 4.408194E+00 3.706892E+00 2.480502E+02
3.288872E+03 1.540230E+06 3.947823E+01 1.759131E-03 2.085720E+02 4.408203E+00 3.706899E+00 2.480502E+02
3.288883E+03 1.540240E+06 3.947823E+01 1.760018E-03 2.085720E+02 4.408211E+00 3.706906E+00 2.480502E+02
3.288894E+03 1.540250E+06 3.947823E+01 1.760910E-03 2.085720E+02 4.408220E+00 3.706913E+00 2.480502E+02
3.288904E+03 1.540260E+06 3.947823E+01 1.761804E-03 2.085720E+02 4.408228E+00 3.706921E+00 2.480502E+02
3.288915E+03 1.540270E+06 3.947823E+01 1.762693E-03 2.085720E+02 4.408236E+00 3.706928E+00 2.480502E+02
3.288924E+03 1.540280E+06 3.947823E+01 1.763490E-03 2.085720E+02 4.408244E+00 3.706934E+00 2.480502E+02
3.288935E+03 1.540290E+06 3.947823E+01 1.764361E-03 2.085720E+02 4.408253E+00 3.706942E+00 2.480502E+02
3.288945E+03 1.540300E+06 3.947823E+01 1.765231E-03 2.085720E+02 4.408261E+00 3.706949E+00 2.480502E+02
3.288956E+03 1.540310E+06 3.947823E+01 1.766100E-03 2.085720E+02 4.408269E+00 3.706956E+00 2.480502E+02
3.288966E+03 1.540320E+06 3.947823E+01 1.766967E-03 2.085720E+02 4.408277E+00 3.706963E+00 2.480502E+02
3.288977E+03 1.540330E+06 3.947823E+01 1.767845E-03 2.085720E+02 4.408286E+00 3.706970E+00 2.480502E+02
3.288988E+03 1.540340E+06 3.947823E+01 1.768750E-03 2.085720E+02 4.408294E+00 3.706977E+00 2.480502E+02
3.288999E+03 1.540350E+06 3.947823E+01 1.769659E-03 2.085720E+02 4.408303E+00 3.706985E+00 2.480502E+02
3.289010E+03 1.540360E+06 3.947823E+01 1.770570E-03 2.085720E+02 4.408312E+00 3.706993E+00 2.480502E+02
3.289020E+03 1.540370E+06 3.947823E+01 1.771474E-03 2.085720E+02 4.408321E+00 3.707000E+00 2.480502E+02
3.289032E+03 1.540380E+06 3.947823E+01 1.772431E-03 2.085720E+02 4.408330E+00 3.707008E+00 2.480502E+02
3.289043E+03 1.540390E+06 3.947823E+01 1.773368E-03 2.085720E+02 4.408339E+00 3.707016E+00 2.480502E+02
3.289053E+03 1.540400E+06 3.947823E+01 1.774190E-03 2.085720E+02 4.408347E+00 3.707023E+00 2.480502E+02
3.289064E+03 1.540410E+06 3.947823E+01 1.775079E-03 2.085720E+02 4.408356E+00 3.707030E+00 2.480502E+02
3.289075E+03 1.540420E+06 3.947823E+01 1.776026E-03 2.085720E+02 4.408365E+00 3.707038E+00 2.480502E+02
3.289087E+03 1.540430E+06 3.947823E+01 1.777028E-03 2.085720E+02 4.408375E+00 3.707046E+00 2.480502E+02
3.289099E+03 1.540440E+06 3.947823E+01 1.778024E-03 2.085720E+02 4.408384E+00 3.707055E+00 2.480502E+02
3.289111E+03 1.540450E+06 3.947823E+01 1.779015E-03 2.085720E+02 4.408394E+00 3.707063E+00 2.480502E+02
3.289123E+03 1.540460E+06 3.947823E+01 1.780006E-03 2.085720E+02 4.408403E+00 3.707071E+00 2.480502E+02
3.289135E+03 1.540470E+06 3.947823E+01 1.780961E-03 2.085720E+02 4.408413E+00 3.707079E+00 2.480502E+02
3.289146E+03 1.540480E+06 3.947823E+01 1.781889E-03 2.085720E+02 4.408422E+00 3.707087E+00 2.480502E+02
3.289157E+03 1.540490E+06 3.947823E+01 1.782794E-03 2.085720E+02 4.408431E+00 3.707095E+00 2.480502E+02
3.289168E+03 1.540500E+06 3.947823E+01 1.783697E-03 2.085720E+02 4.408441E+00 3.707103E+00 2.480502E+02
3.289179E+03 1.540510E+06 3.947823E+01 1.784600E-03 2.085720E+02 4.408450E+00 3.707111E+00 2.480502E+02
3.289189E+03 1.540520E+06 3.947823E+01 1.785449E-03 2.085720E+02 4.408459E+00 3.707118E+00 2.480502E+02
3.289198E+03 1.540530E+06 3.947823E+01 1.786225E-03 2.085720E+02 4.408467E+00 3.707125E+00 2.480502E+02
3.289207E+03 1.540540E+06 3.947823E+01 1.786915E-03 2.085720E+02 4.408474E+00 3.707131E+00 2.480502E+02
3.289214E+03 1.540550E+06 3.947823E+01 1.787562E-03 2.085720E+02 4.408481E+00 3.707137E+00 2.480502E+02
3.289222E+03 1.540560E+06 3.947823E+01 1.788224E-03 2.085720E+02 4.408488E+00 3.707143E+00 2.480502E+02
3.289230E+03 1.540570E+06 3.947823E+01 1.788907E-03 2.085720E+02 4.408495E+00 3.707149E+00 2.480502E+02
3.289239E+03 1.540580E+06 3.947823E+01 1.789589E-03 2.085720E+02 4.408501E+00 3.707155E+00 2.480502E+02
3.289247E+03 1.540590E+06 3.947823E+01 1.790259E-03 2.085720E+02 4.408508E+00 3.707161E+00 2.480502E+02
3.289255E+03 1.540600E+06 3.947823E+01 1.790918E-03 2.085720E+02 4.408515E+00 3.707167E+00 2.480502E+02
3.289263E+03 1.540610E+06 3.947823E+01 1.791578E-03 2.085720E+02 4.408522E+00 3.707173E+00 2.480502E+02
3.289271E+03 1.540620E+06 3.947823E+01 1.792242E-03 2.085720E+02 4.408529E+00 3.707179E+00 2.480502E+02
3.289279E+03 1.540630E+06 3.947823E+01 1.792928E-03 2.085720E+02 4.408536E+00 3.707185E+00 2.480502E+02
3.289287E+03 1.540640E+06 3.947823E+01 1.793611E-03 2.085720E+02 4.408544E+00 3.707191E+00 2.480502E+02
3.289295E+03 1.540650E+06 3.947823E+01 1.794294E-03 2.085720E+02 4.408551E+00 3.707197E+00 2.480502E+02
3.289303E+03 1.540660E+06 3.947823E+01 1.794965E-03 2.085720E+02 4.408557E+00 3.707202E+00 2.480502E+02
3.289311E+03 1.540670E+06 3.947823E+01 1.795608E-03 2.085720E+02 4.408564E+00 3.707208E+00 2.480502E+02
3.289319E+03 1.540680E+06 3.947823E+01 1.796255E-03 2.085720E+02 4.408570E+00 3.707214E+00 2.480502E+02
3.289327E+03 1.540690E+06 3.947823E+01 1.796904E-03 2.085720E+02 4.408577E+00 3.707219E+00 2.480502E+02
3.289334E+03 1.540700E+06 3.947822E+01 1.797550E-03 2.085720E+02 4.408584E+00 3.707225E+00 2.480502E+02
3.289342E+03 1.540710E+06 3.947822E+01 1.798196E-03 2.085720E+02 4.408590E+00 3.707231E+00 2.480502E+02
3.289350E+03 1.540720E+06 3.947822E+01 1.798843E-03 2.085720E+02 4.408596E+00 3.707236E+00 2.480502E+02
3.289358E+03 1.540730E+06 3.947822E+01 1.799489E-03 2.085720E+02 4.408603E+00 3.707242E+00 2.480502E+02
3.289366E+03 1.540740E+06 3.947822E+01 1.800135E-03 2.085720E+02 4.408610E+00 3.707248E+00 2.480502E+02
3.289373E+03 1.540750E+06 3.947822E+01 1.800776E-03 2.085720E+02 4.408617E+00 3.707254E+00 2.480502E+02
3.289381E+03 1.540760E+06 3.947822E+01 1.801412E-03 2.085720E+02 4.408623E+00 3.707259E+00 2.480502E+02
3.289389E+03 1.540770E+06 3.947822E+01 1.802050E-03 2.085720E+02 4.408630E+00 3.707265E+00 2.480502E+02
3.289396E+03 1.540780E+06 3.947822E+01 1.802687E-03 2.085720E+02 4.408636E+00 3.707270E+00 2.480502E+02
3.289404E+03 1.540790E+06 3.947822E+01 1.803322E-03 2.085720E+02 4.408642E+00 3.707276E+00 2.480502E+02
3.289412E+03 1.540800E+06 3.947822E+01 1.803957E-03 2.085720E+02 4.408649E+00 3.707281E+00 2.480502E+02
3.289419E+03 1.540810E+06 3.947822E+01 1.804592E-03 2.085720E+02 4.408656E+00 3.707287E+00 2.480502E+02
3.289427E+03 1.540820E+06 3.947822E+01 1.805231E-03 2.085720E+02 4.408663E+00 3.707293E+00 2.480502E+02
3.289435E+03 1.540830E+06 3.947822E+01 1.805869E-03 2.085720E+02 4.408669E+00 3.707299E+00 2.480502E+02
3.289442E+03 1.540840E+06 3.947822E+01 1.806502E-03 2.085720E+02 4.408676E+00 3.707304E+00 2.480502E+02
3.289450E+03 1.540850E+06 3.947822E+01 1.807136E-03 2.085720E+02 4.408683E+00 3.707310E+00 2.480502E+02
3.289458E+03 1.540860E+06 3.947822E+01 1.807769E-03 2.085720E+02 4.408689E+00 3.707316E+00 2.480502E+02
3.289465E+03 1.540870E+06 3.947822E+01 1.808405E-03 2.085720E+02 4.408696E+00 3.707321E+00 2.480502E+02
3.289473E+03 1.540880E+06 3.947822E+01 1.809047E-03 2.085720E+02 4.408702E+00 3.707327E+00 2.480502E+02
3.289481E+03 1.540890E+06 3.947822E+01 1.809678E-03 2.085720E+02 4.408709E+00 3.707333E+00 2.480502E+02
3.289488E+03 1.540900E+06 3.947822E+01 1.810315E-03 2.085720E+02 4.408716E+00 3.707338E+00 2.480502E+02
3.289496E+03 1.540910E+06 3.947822E+01 1.810952E-03 2.085720E+02 4.408722E+00 3.707344E+00 2.480502E+02
3.289504E+03 1.540920E+06 3.947822E+01 1.811587E-03 2.085720E+02 4.408728E+00 3.707349E+00 2.480502E+02
3.289511E+03 1.540930E+06 3.947822E+01 1.812220E-03 2.085720E+02 4.408735E+00 3.707355E+00 2.480502E+02
3.289519E+03 1.540940E+06 3.947822E+01 1.812864E-03 2.085720E+02 4.408741E+00 3.707360E+00 2.480502E+02
3.289527E+03 1.540950E+06 3.947822E+01 1.813512E-03 2.085720E+02 4.408748E+00 3.707366E+00 2.480502E+02
3.289535E+03 1.540960E+06 3.947822E+01 1.814159E-03 2.085720E+02 4.408755E+00 3.707372E+00 2.480502E+02
3.289542E+03 1.540970E+06 3.947822E+01 1.814795E-03 2.085720E+02 4.408762E+00 3.707378E+00 2.480502E+02
3.289550E+03 1.540980E+06 3.947822E+01 1.815417E-03 2.085720E+02 4.408768E+00 3.707383E+00 2.480502E+02
3.289557E+03 1.540990E+06 3.947822E+01 1.816041E-03 2.085720E+02 4.408775E+00 3.707389E+00 2.480502E+02
3.289565E+03 1.541000E+06 3.947822E+01 1.816667E-03 2.085720E+02 4.408781E+00 3.707395E+00 2.480502E+02
3.289572E+03 1.541010E+06 3.947822E+01 1.817290E-03 2.085720E+02 4.408788E+00 3.707400E+00 2.480502E+02
3.289580E+03 1.541020E+06 3.947822E+01 1.817916E-03 2.085720E+02 4.408795E+00 3.707406E+00 2.480502E+02
3.289588E+03 1.541030E+06 3.947822E+01 1.818543E-03 2.085720E+02 4.408801E+00 3.707412E+00 2.480502E+02
3.289595E+03 1.541040E+06 3.947822E+01 1.819168E-03 2.085720E+02 4.408807E+00 3.707417E+00 2.480502E+02
3.289603E+03 1.541050E+06 3.947822E+01 1.819792E-03 2.085720E+02 4.408814E+00 3.707423E+00 2.480502E+02
3.289610E+03 1.541060E+06 3.947822E+01 1.820417E-03 2.085720E+02 4.408821E+00 3.707428E+00 2.480502E+02
3.289618E+03 1.541070E+06 3.947822E+01 1.821040E-03 2.085720E+02 4.408827E+00 3.707434E+00 2.480502E+02
3.289625E+03 1.541080E+06 3.947822E+01 1.821654E-03 2.085720E+02 4.408833E+00 3.707439E+00 2.480502E+02
3.289633E+03 1.541090E+06 3.947822E+01 1.822273E-03 2.085720E+02 4.408839E+00 3.707444E+00 2.480502E+02
3.289640E+03 1.541100E+06 3.947822E+01 1.822889E-03 2.085720E+02 4.408845E+00 3.707449E+00 2.480502E+02
3.289647E+03 1.541110E+06 3.947822E+01 1.823506E-03 2.085720E+02 4.408851E+00 3.707454E+00 2.480502E+02
3.289655E+03 1.541120E+06 3.947822E+01 1.824123E-03 2.085720E+02 4.408858E+00 3.707460E+00 2.480502E+02
3.289662E+03 1.541130E+06 3.947822E+01 1.824744E-03 2.085720E+02 4.408864E+00 3.707465E+00 2.480502E+02
3.289670E+03 1.541140E+06 3.947822E+01 1.825391E-03 2.085720E+02 4.408870E+00 3.707471E+00 2.480502E+02
3.289678E+03 1.541150E+06 3.947822E+01 1.826036E-03 2.085720E+02 4.408877E+00 3.707476E+00 2.480502E+02
3.289686E+03 1.541160E+06 3.947822E+01 1.826686E-03 2.085720E+02 4.408883E+00 3.707482E+00 2.480502E+02
3.289694E+03 1.541170E+06 3.947822E+01 1.827335E-03 2.085720E+02 4.408890E+00 3.707488E+00 2.480502E+02
3.289701E+03 1.541180E+06 3.947822E+01 1.827984E-03 2.085720E+02 4.408897E+00 3.707493E+00 2.480502E+02
3.289709E+03 1.541190E+06 3.947822E+01 1.828629E-03 2.085720E+02 4.408904E+00 3.707500E+00 2.480502E+02
3.289717E+03 1.541200E+06 3.947822E+01 1.829274E-03 2.085720E+02 4.408910E+00 3.707505E+00 2.480502E+02
3.289725E+03 1.541210E+06 3.947822E+01 1.829921E-03 2.085720E+02 4.408917E+00 3.707511E+00 2.480502E+02
3.289732E+03 1.541220E+06 3.947822E+01 1.830566E-03 2.085720E+02 4.408924E+00 3.707516E+00 2.480502E+02
3.289740E+03 1.541230E+06 3.947822E+01 1.831202E-03 2.085720E+02 4.408930E+00 3.707522E+00 2.480502E+02
3.289748E+03 1.541240E+06 3.947822E+01 1.831827E-03 2.085720E+02 4.408937E+00 3.707528E+00 2.480502E+02
3.289755E+03 1.541250E+06 3.947822E+01 1.832448E-03 2.085720E+02 4.408943E+00 3.707533E+00 2.480502E+02
3.289763E+03 1.541260E+06 3.947822E+01 1.833093E-03 2.085720E+02 4.408949E+00 3.707538E+00 2.480502E+02
3.289771E+03 1.541270E+06 3.947822E+01 1.833758E-03 2.085720E+02 4.408956E+00 3.707544E+00 2.480502E+02
3.289779E+03 1.541280E+06 3.947822E+01 1.834411E-03 2.085720E+02 4.408962E+00 3.707550E+00 2.480502E+02
3.289787E+03 1.541290E+06 3.947822E+01 1.835054E-03 2.085720E+02 4.408969E+00 3.707555E+00 2.480502E+02
3.289795E+03 1.541300E+06 3.947822E+01 1.835704E-03 2.085720E+02 4.408976E+00 3.707561E+00 2.480502E+02
3.289803E+03 1.541310E+06 3.947822E+01 1.836353E-03 2.085720E+02 4.408983E+00 3.707567E+00 2.480502E+02
3.289811E+03 1.541320E+06 3.947822E+01 1.837008E-03 2.085720E+02 4.408990E+00 3.707573E+00 2.480502E+02
3.289819E+03 1.541330E+06 3.947822E+01 1.837685E-03 2.085720E+02 4.408997E+00 3.707579E+00 2.480502E+02
3.289827E+03 1.541340E+06 3.947822E+01 1.838372E-03 2.085720E+02 4.409004E+00 3.707585E+00 2.480502E+02
3.289835E+03 1.541350E+06 3.947822E+01 1.839067E-03 2.085720E+02 4.409012E+00 3.707592E+00 2.480502E+02
3.289844E+03 1.541360E+06 3.947822E+01 1.839782E-03 2.085720E+02 4.409020E+00 3.707599E+00 2.480502E+02
3.289853E+03 1.541370E+06 3.947822E+01 1.840495E-03 2.085720E+02 4.409029E+00 3.707606E+00 2.480502E+02
3.289862E+03 1.541380E+06 3.947822E+01 1.841239E-03 2.085720E+02 4.409037E+00 3.707613E+00 2.480502E+02
3.289871E+03 1.541390E+06 3.947822E+01 1.842021E-03 2.085720E+02 4.409045E+00 3.707621E+00 2.480502E+02
3.289881E+03 1.541400E+06 3.947822E+01 1.842802E-03 2.085720E+02 4.409054E+00 3.707628E+00 2.480502E+02
3.289890E+03 1.541410E+06 3.947822E+01 1.843578E-03 2.085720E+02 4.409063E+00 3.707636E+00 2.480502E+02
3.289900E+03 1.541420E+06 3.947822E+01 1.844352E-03 2.085720E+02 4.409072E+00 3.707644E+00 2.480502E+02
3.289909E+03 1.541430E+06 3.947822E+01 1.845125E-03 2.085720E+02 4.409081E+00 3.707651E+00 2.480502E+02
3.289919E+03 1.541440E+06 3.947822E+01 1.845896E-03 2.085720E+02 4.409090E+00 3.707659E+00 2.480502E+02
3.289928E+03 1.541450E+06 3.947822E+01 1.846669E-03 2.085720E+02 4.409099E+00 3.707666E+00 2.480502E+02
3.289937E+03 1.541460E+06 3.947822E+01 1.847441E-03 2.085720E+02 4.409107E+00 3.707674E+00 2.480502E+02
3.289947E+03 1.541470E+06 3.947822E+01 1.848214E-03 2.085720E+02 4.409116E+00 3.707681E+00 2.480502E+02
3.289956E+03 1.541480E+06 3.947822E+01 1.848994E-03 2.085720E+02 4.409125E+00 3.707689E+00 2.480502E+02
3.289966E+03 1.541490E+06 3.947822E+01 1.849783E-03 2.085720E+02 4.409133E+00 3.707696E+00 2.480502E+02
3.289976E+03 1.541500E+06 3.947822E+01 1.850569E-03 2.085720E+02 4.409142E+00 3.707704E+00 2.480502E+02
3.289985E+03 1.541510E+06 3.947822E+01 1.851355E-03 2.085720E+02 4.409151E+00 3.707711E+00 2.480502E+02
3.289995E+03 1.541520E+06 3.947822E+01 1.852143E-03 2.085720E+02 4.409160E+00 3.707719E+00 2.480502E+02
3.290004E+03 1.541530E+06 3.947822E+01 1.852934E-03 2.085720E+02 4.409169E+00 3.707727E+00 2.480502E+02
3.290014E+03 1.541540E+06 3.947822E+01 1.853756E-03 2.085720E+02 4.409178E+00 3.707734E+00 2.480502E+02
3.290024E+03 1.541550E+06 3.947822E+01 1.854579E-03 2.085720E+02 4.409188E+00 3.707742E+00 2.480502E+02
3.290034E+03 1.541560E+06 3.947822E+01 1.855399E-03 2.085720E+02 4.409197E+00 3.707750E+00 2.480502E+02
3.290044E+03 1.541570E+06 3.947822E+01 1.856220E-03 2.085720E+02 4.409206E+00 3.707758E+00 2.480502E+02
3.290055E+03 1.541580E+06 3.947822E+01 1.857044E-03 2.085720E+02 4.409215E+00 3.707766E+00 2.480502E+02
3.290064E+03 1.541590E+06 3.947822E+01 1.857864E-03 2.085720E+02 4.409224E+00 3.707773E+00 2.480502E+02
3.290074E+03 1.541600E+06 3.947822E+01 1.858665E-03 2.085720E+02 4.409233E+00 3.707781E+00 2.480502E+02
3.290084E+03 1.541610E+06 3.947822E+01 1.859469E-03 2.085720E+02 4.409242E+00 3.707788E+00 2.480502E+02
3.290094E+03 1.541620E+06 3.947822E+01 1.860273E-03 2.085720E+02 4.409249E+00 3.707795E+00 2.480502E+02
3.290104E+03 1.541630E+06 3.947822E+01 1.861082E-03 2.085720E+02 4.409257E+00 3.707802E+00 2.480502E+02
3.290113E+03 1.541640E+06 3.947822E+01 1.861897E-03 2.085720E+02 4.409266E+00 3.707809E+00 2.480502E+02
3.290123E+03 1.541650E+06 3.947822E+01 1.862706E-03 2.085720E+02 4.409274E+00 3.707817E+00 2.480502E+02
3.290133E+03 1.541660E+06 3.947822E+01 1.863521E-03 2.085720E+02 4.409282E+00 3.707823E+00 2.480502E+02
3.290143E+03 1.541670E+06 3.947822E+01 1.864338E-03 2.085720E+02 4.409290E+00 3.707830E+00 2.480502E+02
3.290153E+03 1.541680E+06 3.947822E+01 1.865157E-03 2.085720E+02 4.409297E+00 3.707836E+00 2.480502E+02
3.290163E+03 1.541690E+06 3.947822E+01 1.865993E-03 2.085720E+02 4.409305E+00 3.707843E+00 2.480502E+02
3.290173E+03 1.541700E+06 3.947822E+01 1.866828E-03 2.085720E+02 4.409312E+00 3.707849E+00 2.480502E+02
3.290183E+03 1.541710E+06 3.947822E+01 1.867665E-03 2.085720E+02 4.409319E+00 3.707855E+00 2.480502E+02
3.290193E+03 1.541720E+06 3.947822E+01 1.868502E-03 2.085720E+02 4.409326E+00 3.707861E+00 2.480502E+02
3.290203E+03 1.541730E+06 3.947822E+01 1.869348E-03 2.085720E+02 4.409333E+00 3.707867E+00 2.480502E+02
3.290213E+03 1.541740E+06 3.947822E+01 1.870220E-03 2.085720E+02 4.409340E+00 3.707873E+00 2.480502E+02
3.290223E+03 1.541750E+06 3.947821E+01 1.871070E-03 2.085720E+02 4.409347E+00 3.707879E+00 2.480502E+02
3.290234E+03 1.541760E+06 3.947821E+01 1.871918E-03 2.085720E+02 4.409354E+00 3.707885E+00 2.480502E+02
3.290243E+03 1.541770E+06 3.947821E+01 1.872728E-03 2.085720E+02 4.409361E+00 3.707891E+00 2.480502E+02
3.290253E+03 1.541780E+06 3.947821E+01 1.873527E-03 2.085720E+02 4.409368E+00 3.707897E+00 2.480502E+02
3.290263E+03 1.541790E+06 3.947821E+01 1.874346E-03 2.085720E+02 4.409375E+00 3.707903E+00 2.480502E+02
3.290273E+03 1.541800E+06 3.947821E+01 1.875184E-03 2.085720E+02 4.409382E+00 3.707909E+00 2.480502E+02
3.290283E+03 1.541810E+06 3.947821E+01 1.876021E-03 2.085720E+02 4.409390E+00 3.707916E+00 2.480502E+02
3.290293E+03 1.541820E+06 3.947821E+01 1.876860E-03 2.085720E+02 4.409397E+00 3.707922E+00 2.480502E+02
3.290303E+03 1.541830E+06 3.947821E+01 1.877695E-03 2.085720E+02 4.409405E+00 3.707928E+00 2.480502E+02
3.290313E+03 1.541840E+06 3.947821E+01 1.878527E-03 2.085720E+02 4.409412E+00 3.707935E+00 2.480502E+02
3.290323E+03 1.541850E+06 3.947821E+01 1.879360E-03 2.085720E+02 4.409420E+00 3.707942E+00 2.480502E+02
3.290333E+03 1.541860E+06 3.947821E+01 1.880193E-03 2.085720E+02 4.409428E+00 3.707949E+00 2.480502E+02
3.290342E+03 1.541870E+06 3.947821E+01 1.880971E-03 2.085720E+02 4.409436E+00 3.707955E+00 2.480502E+02
3.290352E+03 1.541880E+06 3.947821E+01 1.881762E-03 2.085720E+02 4.409443E+00 3.707962E+00 2.480502E+02
3.290362E+03 1.541890E+06 3.947821E+01 1.882575E-03 2.085720E+02 4.409451E+00 3.707968E+00 2.480502E+02
3.290372E+03 1.541900E+06 3.947821E+01 1.883384E-03 2.085720E+02 4.409459E+00 3.707976E+00 2.480502E+02
3.290381E+03 1.541910E+06 3.947821E+01 1.884173E-03 2.085720E+02 4.409467E+00 3.707982E+00 2.480502E+02
3.290389E+03 1.541920E+06 3.947821E+01 1.884841E-03 2.085720E+02 4.409474E+00 3.707988E+00 2.480502E+02
3.290397E+03 1.541930E+06 3.947821E+01 1.885493E-03 2.085720E+02 4.409481E+00 3.707994E+00 2.480502E+02
3.290405E+03 1.541940E+06 3.947821E+01 1.886172E-03 2.085720E+02 4.409488E+00 3.708000E+00 2.480502E+02
3.290414E+03 1.541950E+06 3.947821E+01 1.886850E-03 2.085720E+02 4.409494E+00 3.708005E+00 2.480502E+02
3.290422E+03 1.541960E+06 3.947821E+01 1.887531E-03 2.085720E+02 4.409501E+00 3.708011E+00 2.480502E+02
3.290430E+03 1.541970E+06 3.947821E+01 1.888202E-03 2.085720E+02 4.409508E+00 3.708017E+00 2.480502E+02
3.290438E+03 1.541980E+06 3.947821E+01 1.888875E-03 2.085720E+02 4.409515E+00 3.708023E+00 2.480502E+02
3.290446E+03 1.541990E+06 3.947821E+01 1.889548E-03 2.085720E+02 4.409522E+00 3.708029E+00 2.480502E+02
3.290455E+03 1.542000E+06 3.947821E+01 1.890267E-03 2.085720E+02 4.409529E+00 3.708035E+00 2.480502E+02
3.290464E+03 1.542010E+06 3.947821E+01 1.891012E-03 2.085720E+02 4.409536E+00 3.708041E+00 2.480502E+02
3.290473E+03 1.542020E+06 3.947821E+01 1.891782E-03 2.085720E+02 4.409543E+00 3.708047E+00 2.480502E+02
3.290483E+03 1.542030E+06 3.947821E+01 1.892572E-03 2.085720E+02 4.409551E+00 3.708054E+00 2.480502E+02
3.290492E+03 1.542040E+06 3.947821E+01 1.893361E-03 2.085720E+02 4.409559E+00 3.708061E+00 2.480502E+02
3.290502E+03 1.542050E+06 3.947821E+01 1.894155E-03 2.085720E+02 4.409566E+00 3.708067E+00 2.480502E+02
3.290512E+03 1.542060E+06 3.947821E+01 1.894949E-03 2.085720E+02 4.409574E+00 3.708073E+00 2.480502E+02
3.290521E+03 1.542070E+06 3.947821E+01 1.895741E-03 2.085720E+02 4.409581E+00 3.708080E+00 2.480502E+02
3.290531E+03 1.542080E+06 3.947821E+01 1.896538E-03 2.085720E+02 4.409588E+00 3.708086E+00 2.480502E+02
3.290541E+03 1.542090E+06 3.947821E+01 1.897333E-03 2.085720E+02 4.409596E+00 3.708093E+00 2.480502E+02
3.290550E+03 1.542100E+06 3.947821E+01 1.898126E-03 2.085720E+02 4.409604E+00 3.708100E+00 2.480502E+02
3.290560E+03 1.542110E+06 3.947821E+01 1.898917E-03 2.085720E+02 4.409612E+00 3.708106E+00 2.480502E+02
3.290569E+03 1.542120E+06 3.947821E+01 1.899689E-03 2.085720E+02 4.409619E+00 3.708113E+00 2.480502E+02
3.290578E+03 1.542130E+06 3.947821E+01 1.900461E-03 2.085720E+02 4.409627E+00 3.708119E+00 2.480502E+02
3.290588E+03 1.542140E+06 3.947821E+01 1.901237E-03 2.085720E+02 4.409634E+00 3.708126E+00 2.480502E+02
3.290597E+03 1.542150E+06 3.947821E+01 1.902005E-03 2.085720E+02 4.409642E+00 3.708132E+00 2.480502E+02
3.290606E+03 1.542160E+06 3.947821E+01 1.902767E-03 2.085720E+02 4.409650E+00 3.708139E+00 2.480502E+02
3.290616E+03 1.542170E+06 3.947821E+01 1.903533E-03 2.085720E+02 4.409657E+00 3.708145E+00 2.480502E+02
3.290625E+03 1.542180E+06 3.947821E+01 1.904285E-03 2.085720E+02 4.409664E+00 3.708151E+00 2.480502E+02
3.290634E+03 1.542190E+06 3.947821E+01 1.905020E-03 2.085720E+02 4.409672E+00 3.708158E+00 2.480502E+02
3.290643E+03 1.542200E+06 3.947821E+01 1.905755E-03 2.085720E+02 4.409679E+00 3.708164E+00 2.480502E+02
3.290652E+03 1.542210E+06 3.947821E+01 1.906517E-03 2.085720E+02 4.409687E+00 3.708170E+00 2.480502E+02
3.290661E+03 1.542220E+06 3.947821E+01 1.907264E-03 2.085720E+02 4.409693E+00 3.708176E+00 2.480502E+02
3.290670E+03 1.542230E+06 3.947821E+01 1.908012E-03 2.085720E+02 4.409700E+00 3.708182E+00 2.480502E+02
3.290679E+03 1.542240E+06 3.947821E+01 1.908759E-03 2.085720E+02 4.409707E+00 3.708188E+00 2.480502E+02
3.290688E+03 1.542250E+06 3.947821E+01 1.909507E-03 2.085720E+02 4.409715E+00 3.708195E+00 2.480502E+02
3.290697E+03 1.542260E+06 3.947821E+01 1.910248E-03 2.085720E+02 4.409723E+00 3.708201E+00 2.480502E+02
3.290706E+03 1.542270E+06 3.947821E+01 1.910990E-03 2.085720E+02 4.409730E+00 3.708207E+00 2.480502E+02
3.290715E+03 1.542280E+06 3.947821E+01 1.911723E-03 2.085720E+02 4.409737E+00 3.708213E+00 2.480502E+02
3.290724E+03 1.542290E+06 3.947821E+01 1.912458E-03 2.085720E+02 4.409744E+00 3.708220E+00 2.480502E+02
3.290733E+03 1.542300E+06 3.947821E+01 1.913193E-03 2.085720E+02 4.409751E+00 3.708226E+00 2.480502E+02
3.290742E+03 1.542310E+06 3.947821E+01 1.913927E-03 2.085720E+02 4.409759E+00 3.708232E+00 2.480502E+02
3.290751E+03 1.542320E+06 3.947821E+01 1.914676E-03 2.085720E+02 4.409766E+00 3.708239E+00 2.480502E+02
3.290760E+03 1.542330E+06 3.947821E+01 1.915426E-03 2.085720E+02 4.409774E+00 3.708245E+00 2.480502E+02
3.290769E+03 1.542340E+06 3.947821E+01 1.916177E-03 2.085720E+02 4.409782E+00 3.708252E+00 2.480502E+02
3.290778E+03 1.542350E+06 3.947821E+01 1.916925E-03 2.085720E+02 4.409789E+00 3.708258E+00 2.480502E+02
3.290787E+03 1.542360E+06 3.947821E+01 1.917674E-03 2.085720E+02 4.409798E+00 3.708266E+00 2.480502E+02
3.290796E+03 1.542370E+06 3.947821E+01 1.918433E-03 2.085720E+02 4.409807E+00 3.708273E+00 2.480502E+02
3.290806E+03 1.542380E+06 3.947821E+01 1.919195E-03 2.085720E+02 4.409815E+00 3.708280E+00 2.480502E+02
3.290815E+03 1.542390E+06 3.947821E+01 1.919934E-03 2.085720E+02 4.409823E+00 3.708287E+00 2.480502E+02
3.290824E+03 1.542400E+06 3.947821E+01 1.920674E-03 2.085720E+02 4.409831E+00 3.708294E+00 2.480502E+02
3.290833E+03 1.542410E+06 3.947821E+01 1.921414E-03 2.085720E+02 4.409839E+00 3.708301E+00 2.480502E+02
3.290842E+03 1.542420E+06 3.947821E+01 1.922157E-03 2.085720E+02 4.409847E+00 3.708308E+00 2.480502E+02
3.290851E+03 1.542430E+06 3.947821E+01 1.922903E-03 2.085720E+02 4.409855E+00 3.708315E+00 2.480502E+02
3.290860E+03 1.542440E+06 3.947821E+01 1.923646E-03 2.085720E+02 4.409864E+00 3.708322E+00 2.480502E+02
3.290869E+03 1.542450E+06 3.947821E+01 1.924393E-03 2.085720E+02 4.409872E+00 3.708329E+00 2.480502E+02
3.290878E+03 1.542460E+06 3.947821E+01 1.925144E-03 2.085720E+02 4.409880E+00 3.708336E+00 2.480502E+02
3.290887E+03 1.542470E+06 3.947821E+01 1.925891E-03 2.085720E+02 4.409888E+00 3.708343E+00 2.480502E+02
3.290896E+03 1.542480E+06 3.947821E+01 1.926648E-03 2.085720E+02 4.409896E+00 3.708349E+00 2.480502E+02
3.290906E+03 1.542490E+06 3.947821E+01 1.927408E-03 2.085720E+02 4.409904E+00 3.708356E+00 2.480502E+02
3.290915E+03 1.542500E+06 3.947821E+01 1.928182E-03 2.085720E+02 4.409912E+00 3.708364E+00 2.480502E+02
3.290925E+03 1.542510E+06 3.947821E+01 1.928975E-03 2.085720E+02 4.409921E+00 3.708371E+00 2.480502E+02
3.290934E+03 1.542520E+06 3.947821E+01 1.929765E-03 2.085720E+02 4.409929E+00 3.708378E+00 2.480502E+02
3.290944E+03 1.542530E+06 3.947821E+01 1.930555E-03 2.085720E+02 4.409937E+00 3.708385E+00 2.480502E+02
3.290953E+03 1.542540E+06 3.947821E+01 1.931345E-03 2.085720E+02 4.409945E+00 3.708392E+00 2.480502E+02
3.290963E+03 1.542550E+06 3.947821E+01 1.932131E-03 2.085720E+02 4.409953E+00 3.708399E+00 2.480502E+02
3.290972E+03 1.542560E+06 3.947821E+01 1.932881E-03 2.085720E+02 4.409961E+00 3.708405E+00 2.480502E+02
3.290981E+03 1.542570E+06 3.947821E+01 1.933605E-03 2.085720E+02 4.409968E+00 3.708411E+00 2.480502E+02
3.290990E+03 1.542580E+06 3.947821E+01 1.934327E-03 2.085720E+02 4.409976E+00 3.708418E+00 2.480502E+02
3.290998E+03 1.542590E+06 3.947821E+01 1.935035E-03 2.085720E+02 4.409983E+00 3.708424E+00 2.480502E+02
3.291007E+03 1.542600E+06 3.947821E+01 1.935735E-03 2.085720E+02 4.409990E+00 3.708430E+00 2.480502E+02
3.291015E+03 1.542610E+06 3.947821E+01 1.936420E-03 2.085720E+02 4.409997E+00 3.708436E+00 2.480502E+02
3.291024E+03 1.542620E+06 3.947821E+01 1.937108E-03 2.085720E+02 4.410004E+00 3.708442E+00 2.480502E+02
3.291031E+03 1.542630E+06 3.947821E+01 1.937755E-03 2.085720E+02 4.410011E+00 3.708448E+00 2.480502E+02
3.291039E+03 1.542640E+06 3.947821E+01 1.938406E-03 2.085720E+02 4.410017E+00 3.708454E+00 2.480502E+02
3.291048E+03 1.542650E+06 3.947821E+01 1.939080E-03 2.085720E+02 4.410024E+00 3.708460E+00 2.480502E+02
3.291056E+03 1.542660E+06 3.947821E+01 1.939751E-03 2.085720E+02 4.410031E+00 3.708466E+00 2.480502E+02
3.291064E+03 1.542670E+06 3.947821E+01 1.940426E-03 2.085720E+02 4.410038E+00 3.708471E+00 2.480502E+02
3.291072E+03 1.542680E+06 3.947821E+01 1.941102E-03 2.085720E+02 4.410045E+00 3.708477E+00 2.480502E+02
3.291080E+03 1.542690E+06 3.947821E+01 1.941774E-03 2.085720E+02 4.410052E+00 3.708483E+00 2.480502E+02
3.291088E+03 1.542700E+06 3.947821E+01 1.942451E-03 2.085720E+02 4.410059E+00 3.708489E+00 2.480502E+02
3.291097E+03 1.542710E+06 3.947821E+01 1.943135E-03 2.085720E+02 4.410066E+00 3.708495E+00 2.480502E+02
3.291105E+03 1.542720E+06 3.947821E+01 1.943818E-03 2.085720E+02 4.410072E+00 3.708501E+00 2.480502E+02
3.291113E+03 1.542730E+06 3.947821E+01 1.944505E-03 2.085720E+02 4.410079E+00 3.708506E+00 2.480502E+02
3.291122E+03 1.542740E+06 3.947821E+01 1.945190E-03 2.085720E+02 4.410086E+00 3.708512E+00 2.480502E+02
3.291130E+03 1.542750E+06 3.947821E+01 1.945876E-03 2.085720E+02 4.410092E+00 3.708518E+00 2.480502E+02
3.291139E+03 1.542760E+06 3.947821E+01 1.946566E-03 2.085720E+02 4.410100E+00 3.708524E+00 2.480502E+02
3.291147E+03 1.542770E+06 3.947821E+01 1.947263E-03 2.085720E+02 4.410106E+00 3.708530E+00 2.480502E+02
3.291155E+03 1.542780E+06 3.947821E+01 1.947963E-03 2.085720E+02 4.410113E+00 3.708535E+00 2.480502E+02
3.291164E+03 1.542790E+06 3.947821E+01 1.948664E-03 2.085720E+02 4.410120E+00 3.708541E+00 2.480502E+02
3.291172E+03 1.542800E+06 3.947821E+01 1.949363E-03 2.085720E+02 4.410126E+00 3.708547E+00 2.480502E+02
3.291181E+03 1.542810E+06 3.947820E+01 1.950060E-03 2.085720E+02 4.410133E+00 3.708552E+00 2.480502E+02
3.291189E+03 1.542820E+06 3.947820E+01 1.950757E-03 2.085720E+02 4.410140E+00 3.708559E+00 2.480502E+02
3.291198E+03 1.542830E+06 3.947820E+01 1.951456E-03 2.085720E+02 4.410147E+00 3.708564E+00 2.480502E+02
3.291206E+03 1.542840E+06 3.947820E+01 1.952152E-03 2.085720E+02 4.410153E+00 3.708570E+00 2.480502E+02
3.291215E+03 1.542850E+06 3.947820E+01 1.952848E-03 2.085720E+02 4.410160E+00 3.708576E+00 2.480502E+02
3.291223E+03 1.542860E+06 3.947820E+01 1.953545E-03 2.085720E+02 4.410167E+00 3.708582E+00 2.480502E+02
3.291232E+03 1.542870E+06 3.947820E+01 1.954243E-03 2.085720E+02 4.410173E+00 3.708587E+00 2.480502E+02
3.291240E+03 1.542880E+06 3.947820E+01 1.954949E-03 2.085720E+02 4.410180E+00 3.708593E+00 2.480502E+02
3.291249E+03 1.542890E+06 3.947820E+01 1.955658E-03 2.085720E+02 4.410188E+00 3.708599E+00 2.480502E+02
3.291257E+03 1.542900E+06 3.947820E+01 1.956370E-03 2.085720E+02 4.410194E+00 3.708605E+00 2.480502E+02
3.291266E+03 1.542910E+06 3.947820E+01 1.957082E-03 2.085720E+02 4.410201E+00 3.708611E+00 2.480502E+02
3.291275E+03 1.542920E+06 3.947820E+01 1.957791E-03 2.085720E+02 4.410208E+00 3.708617E+00 2.480502E+02
3.291283E+03 1.542930E+06 3.947820E+01 1.958506E-03 2.085720E+02 4.410215E+00 3.708623E+00 2.480502E+02
3.291292E+03 1.542940E+06 3.947820E+01 1.959252E-03 2.085720E+02 4.410222E+00 3.708629E+00 2.480502E+02
3.291302E+03 1.542950E+06 3.947820E+01 1.960003E-03 2.085720E+02 4.410230E+00 3.708636E+00 2.480502E+02
3.291311E+03 1.542960E+06 3.947820E+01 1.960753E-03 2.085720E+02 4.410237E+00 3.708642E+00 2.480502E+02
3.291320E+03 1.542970E+06 3.947820E+01 1.961503E-03 2.085720E+02 4.410245E+00 3.708648E+00 2.480502E+02
3.291329E+03 1.542980E+06 3.947820E+01 1.962253E-03 2.085720E+02 4.410252E+00 3.708655E+00 2.480502E+02
3.291338E+03 1.542990E+06 3.947820E+01 1.963040E-03 2.085720E+02 4.410260E+00 3.708662E+00 2.480502E+02
3.291348E+03 1.543000E+06 3.947820E+01 1.963835E-03 2.085720E+02 4.410268E+00 3.708668E+00 2.480502E+02
3.291358E+03 1.543010E+06 3.947820E+01 1.964632E-03 2.085720E+02 4.410275E+00 3.708674E+00 2.480502E+02
3.291367E+03 1.543020E+06 3.947820E+01 1.965430E-03 2.085720E+02 4.410283E+00 3.708681E+00 2.480502E+02
3.291377E+03 1.543030E+06 3.947820E+01 1.966225E-03 2.085720E+02 4.410290E+00 3.708688E+00 2.480502E+02
3.291387E+03 1.543040E+06 3.947820E+01 1.967047E-03 2.085720E+02 4.410298E+00 3.708694E+00 2.480502E+02
3.291397E+03 1.543050E+06 3.947820E+01 1.967881E-03 2.085720E+02 4.410306E+00 3.708701E+00 2.480502E+02
3.291407E+03 1.543060E+06 3.947820E+01 1.968710E-03 2.085720E+02 4.410314E+00 3.708708E+00 2.480502E+02
3.291416E+03 1.543070E+06 3.947820E+01 1.969507E-03 2.085720E+02 4.410322E+00 3.708715E+00 2.480502E+02
3.291426E+03 1.543080E+06 3.947820E+01 1.970306E-03 2.085720E+02 4.410329E+00 3.708721E+00 2.480502E+02
3.291436E+03 1.543090E+06 3.947820E+01 1.971119E-03 2.085720E+02 4.410337E+00 3.708727E+00 2.480502E+02
3.291445E+03 1.543100E+06 3.947820E+01 1.971917E-03 2.085720E+02 4.410344E+00 3.708734E+00 2.480502E+02
3.291455E+03 1.543110E+06 3.947820E+01 1.972715E-03 2.085720E+02 4.410352E+00 3.708741E+00 2.480502E+02
3.291465E+03 1.543120E+06 3.947820E+01 1.973510E-03 2.085720E+02 4.410359E+00 3.708747E+00 2.480502E+02
3.291474E+03 1.543130E+06 3.947820E+01 1.974309E-03 2.085720E+02 4.410367E+00 3.708753E+00 2.480502E+02
3.291484E+03 1.543140E+06 3.947820E+01 1.975108E-03 2.085720E+02 4.410374E+00 3.708760E+00 2.480502E+02
3.291493E+03 1.543150E+06 3.947820E+01 1.975909E-03 2.085720E+02 4.410382E+00 3.708766E+00 2.480502E+02
3.291503E+03 1.543160E+06 3.947820E+01 1.976709E-03 2.085720E+02 4.410390E+00 3.708773E+00 2.480502E+02
3.291513E+03 1.543170E+06 3.947820E+01 1.977508E-03 2.085720E+02 4.410397E+00 3.708779E+00 2.480502E+02
3.291522E+03 1.543180E+06 3.947820E+01 1.978306E-03 2.085720E+02 4.410405E+00 3.708786E+00 2.480502E+02
3.291532E+03 1.543190E+06 3.947820E+01 1.979103E-03 2.085720E+02 4.410412E+00 3.708792E+00 2.480502E+02
3.291542E+03 1.543200E+06 3.947820E+01 1.979907E-03 2.085720E+02 4.410419E+00 3.708798E+00 2.480502E+02
3.291551E+03 1.543210E+06 3.947820E+01 1.980707E-03 2.085720E+02 4.410427E+00 3.708805E+00 2.480502E+02
3.291561E+03 1.543220E+06 3.947820E+01 1.981510E-03 2.085720E+02 4.410435E+00 3.708812E+00 2.480502E+02
3.291570E+03 1.543230E+06 3.947820E+01 1.982308E-03 2.085720E+02 4.410442E+00 3.708818E+00 2.480502E+02
3.291580E+03 1.543240E+06 3.947820E+01 1.983117E-03 2.085720E+02 4.410449E+00 3.708824E+00 2.480502E+02
3.291590E+03 1.543250E+06 3.947820E+01 1.983931E-03 2.085720E+02 4.410457E+00 3.708830E+00 2.480502E+02
3.291600E+03 1.543260E+06 3.947820E+01 1.984745E-03 2.085720E+02 4.410464E+00 3.708837E+00 2.480502E+02
3.291610E+03 1.543270E+06 3.947820E+01 1.985562E-03 2.085720E+02 4.410472E+00 3.708843E+00 2.480502E+02
3.291619E+03 1.543280E+06 3.947820E+01 1.986354E-03 2.085720E+02 4.410479E+00 3.708850E+00 2.480502E+02
3.291628E+03 1.543290E+06 3.947820E+01 1.987102E-03 2.085720E+02 4.410486E+00 3.708856E+00 2.480502E+02
3.291638E+03 1.543300E+06 3.947820E+01 1.987899E-03 2.085720E+02 4.410494E+00 3.708862E+00 2.480502E+02
3.291647E+03 1.543310E+06 3.947820E+01 1.988700E-03 2.085720E+02 4.410501E+00 3.708869E+00 2.480502E+02
3.291657E+03 1.543320E+06 3.947820E+01 1.989497E-03 2.085720E+02 4.410509E+00 3.708875E+00 2.480502E+02
3.291667E+03 1.543330E+06 3.947820E+01 1.990292E-03 2.085720E+02 4.410516E+00 3.708881E+00 2.480502E+02
3.291676E+03 1.543340E+06 3.947820E+01 1.991089E-03 2.085720E+02 4.410524E+00 3.708888E+00 2.480502E+02
3.291686E+03 1.543350E+06 3.947820E+01 1.991887E-03 2.085720E+02 4.410531E+00 3.708894E+00 2.480502E+02
3.291696E+03 1.543360E+06 3.947820E+01 1.992680E-03 2.085720E+02 4.410539E+00 3.708901E+00 2.480502E+02
3.291705E+03 1.543370E+06 3.947820E+01 1.993476E-03 2.085720E+02 4.410546E+00 3.708907E+00 2.480502E+02
3.291715E+03 1.543380E+06 3.947820E+01 1.994272E-03 2.085720E+02 4.410554E+00 3.708913E+00 2.480502E+02
3.291724E+03 1.543390E+06 3.947820E+01 1.995072E-03 2.085720E+02 4.410561E+00 3.708920E+00 2.480502E+02
3.291734E+03 1.543400E+06 3.947820E+01 1.995882E-03 2.085720E+02 4.410568E+00 3.708926E+00 2.480502E+02
3.291744E+03 1.543410E+06 3.947820E+01 1.996692E-03 2.085720E+02 4.410576E+00 3.708933E+00 2.480502E+02
3.291754E+03 1.543420E+06 3.947820E+01 1.997498E-03 2.085720E+02 4.410584E+00 3.708939E+00 2.480502E+02
3.291764E+03 1.543430E+06 3.947820E+01 1.998308E-03 2.085720E+02 4.410591E+00 3.708946E+00 2.480502E+02
3.291774E+03 1.543440E+06 3.947820E+01 1.999115E-03 2.085720E+02 4.410599E+00 3.708952E+00 2.480502E+02
3.291783E+03 1.543450E+06 3.947820E+01 1.999922E-03 2.085720E+02 4.410606E+00 3.708959E+00 2.480502E+02
3.291793E+03 1.543460E+06 3.947820E+01 2.000727E-03 2.085720E+02 4.410614E+00 3.708966E+00 2.480502E+02
3.291803E+03 1.543470E+06 3.947820E+01 2.001535E-03 2.085720E+02 4.410622E+00 3.708972E+00 2.480502E+02
3.291813E+03 1.543480E+06 3.947820E+01 2.002349E-03 2.085720E+02 4.410630E+00 3.708979E+00 2.480502E+02
3.291823E+03 1.543490E+06 3.947820E+01 2.003163E-03 2.085720E+02 4.410638E+00 3.708986E+00 2.480502E+02
3.291833E+03 1.543500E+06 3.947820E+01 2.003989E-03 2.085720E+02 4.410645E+00 3.708992E+00 2.480502E+02
3.291843E+03 1.543510E+06 3.947820E+01 2.004819E-03 2.085720E+02 4.410653E+00 3.708999E+00 2.480502E+02
3.291853E+03 1.543520E+06 3.947820E+01 2.005650E-03 2.085720E+02 4.410660E+00 3.709005E+00 2.480502E+02
3.291863E+03 1.543530E+06 3.947820E+01 2.006478E-03 2.085720E+02 4.410668E+00 3.709011E+00 2.480502E+02
3.291873E+03 1.543540E+06 3.947820E+01 2.007313E-03 2.085720E+02 4.410675E+00 3.709017E+00 2.480502E+02
3.291883E+03 1.543550E+06 3.947820E+01 2.008173E-03 2.085720E+02 4.410682E+00 3.709024E+00 2.480502E+02
3.291894E+03 1.543560E+06 3.947820E+01 2.009046E-03 2.085720E+02 4.410689E+00 3.709030E+00 2.480502E+02
3.291904E+03 1.543570E+06 3.947820E+01 2.009912E-03 2.085720E+02 4.410695E+00 3.709035E+00 2.480502E+02
3.291914E+03 1.543580E+06 3.947820E+01 2.010733E-03 2.085720E+02 4.410702E+00 3.709041E+00 2.480502E+02
3.291924E+03 1.543590E+06 3.947820E+01 2.011551E-03 2.085720E+02 4.410708E+00 3.709046E+00 2.480502E+02
3.291934E+03 1.543600E+06 3.947820E+01 2.012369E-03 2.085720E+02 4.410714E+00 3.709051E+00 2.480502E+02
3.291943E+03 1.543610E+06 3.947820E+01 2.013185E-03 2.085720E+02 4.410720E+00 3.709057E+00 2.480502E+02
3.291953E+03 1.543620E+06 3.947820E+01 2.013999E-03 2.085720E+02 4.410726E+00 3.709062E+00 2.480502E+02
3.291963E+03 1.543630E+06 3.947820E+01 2.014812E-03 2.085720E+02 4.410732E+00 3.709067E+00 2.480502E+02
3.291973E+03 1.543640E+06 3.947820E+01 2.015648E-03 2.085720E+02 4.410739E+00 3.709073E+00 2.480502E+02
3.291983E+03 1.543650E+06 3.947820E+01 2.016498E-03 2.085720E+02 4.410745E+00 3.709078E+00 2.480502E+02
3.291993E+03 1.543660E+06 3.947820E+01 2.017348E-03 2.085720E+02 4.410751E+00 3.709084E+00 2.480502E+02
3.292004E+03 1.543670E+06 3.947820E+01 2.018197E-03 2.085720E+02 4.410758E+00 3.709089E+00 2.480502E+02
3.292014E+03 1.543680E+06 3.947820E+01 2.019047E-03 2.085720E+02 4.410765E+00 3.709095E+00 2.480502E+02
3.292024E+03 1.543690E+06 3.947820E+01 2.019896E-03 2.085720E+02 4.410772E+00 3.709101E+00 2.480502E+02
3.292034E+03 1.543700E+06 3.947820E+01 2.020741E-03 2.085720E+02 4.410778E+00 3.709107E+00 2.480502E+02
3.292044E+03 1.543710E+06 3.947820E+01 2.021568E-03 2.085720E+02 4.410785E+00 3.709113E+00 2.480502E+02
3.292054E+03 1.543720E+06 3.947820E+01 2.022393E-03 2.085720E+02 4.410792E+00 3.709118E+00 2.480502E+02
3.292064E+03 1.543730E+06 3.947820E+01 2.023213E-03 2.085720E+02 4.410799E+00 3.709124E+00 2.480502E+02
3.292074E+03 1.543740E+06 3.947820E+01 2.024052E-03 2.085720E+02 4.410806E+00 3.709130E+00 2.480502E+02
3.292084E+03 1.543750E+06 3.947820E+01 2.024896E-03 2.085720E+02 4.410813E+00 3.709137E+00 2.480502E+02
3.292095E+03 1.543760E+06 3.947820E+01 2.025740E-03 2.085720E+02 4.410820E+00 3.709143E+00 2.480502E+02
3.292105E+03 1.543770E+06 3.947820E+01 2.026584E-03 2.085720E+02 4.410828E+00 3.709149E+00 2.480502E+02
3.292115E+03 1.543780E+06 3.947820E+01 2.027427E-03 2.085720E+02 4.410836E+00 3.709156E+00 2.480502E+02
3.292126E+03 1.543790E+06 3.947820E+01 2.028285E-03 2.085720E+02 4.410844E+00 3.709163E+00 2.480502E+02
3.292136E+03 1.543800E+06 3.947820E+01 2.029125E-03 2.085720E+02 4.410852E+00 3.709170E+00 2.480502E+02
3.292146E+03 1.543810E+06 3.947820E+01 2.029969E-03 2.085720E+02 4.410860E+00 3.709177E+00 2.480502E+02
3.292156E+03 1.543820E+06 3.947820E+01 2.030806E-03 2.085720E+02 4.410868E+00 3.709184E+00 2.480502E+02
3.292166E+03 1.543830E+06 3.947819E+01 2.031643E-03 2.085720E+02 4.410877E+00 3.709191E+00 2.480502E+02
3.292177E+03 1.543840E+06 3.947819E+01 2.032481E-03 2.085720E+02 4.410885E+00 3.709199E+00 2.480502E+02
3.292187E+03 1.543850E+06 3.947819E+01 2.033316E-03 2.085720E+02 4.410894E+00 3.709206E+00 2.480502E+02
3.292197E+03 1.543860E+06 3.947819E+01 2.034150E-03 2.085720E+02 4.410903E+00 3.709214E+00 2.480502E+02
3.292207E+03 1.543870E+06 3.947819E+01 2.034982E-03 2.085720E+02 4.410912E+00 3.709221E+00 2.480502E+02
3.292217E+03 1.543880E+06 3.947819E+01 2.035812E-03 2.085720E+02 4.410921E+00 3.709229E+00 2.480502E+02
3.292228E+03 1.543890E+06 3.947819E+01 2.036642E-03 2.085720E+02 4.410931E+00 3.709237E+00 2.480502E+02
3.292238E+03 1.543900E+06 3.947819E+01 2.037472E-03 2.085720E+02 4.410940E+00 3.709245E+00 2.480502E+02
3.292248E+03 1.543910E+06 3.947819E+01 2.038304E-03 2.085720E+02 4.410950E+00 3.709254E+00 2.480502E+02
3.292258E+03 1.543920E+06 3.947819E+01 2.039133E-03 2.085720E+02 4.410959E+00 3.709262E+00 2.480502E+02
3.292268E+03 1.543930E+06 3.947819E+01 2.039936E-03 2.085720E+02 4.410970E+00 3.709271E+00 2.480502E+02
3.292278E+03 1.543940E+06 3.947819E+01 2.040717E-03 2.085720E+02 4.410979E+00 3.709278E+00 2.480502E+02
3.292287E+03 1.543950E+06 3.947819E+01 2.041461E-03 2.085720E+02 4.410988E+00 3.709286E+00 2.480502E+02
3.292296E+03 1.543960E+06 3.947819E+01 2.042198E-03 2.085720E+02 4.410997E+00 3.709294E+00 2.480502E+02
3.292305E+03 1.543970E+06 3.947819E+01 2.042921E-03 2.085720E+02 4.411007E+00 3.709302E+00 2.480502E+02
3.292313E+03 1.543980E+06 3.947819E+01 2.043595E-03 2.085720E+02 4.411015E+00 3.709310E+00 2.480502E+02
3.292322E+03 1.543990E+06 3.947819E+01 2.044319E-03 2.085720E+02 4.411025E+00 3.709318E+00 2.480502E+02
3.292331E+03 1.544000E+06 3.947819E+01 2.045040E-03 2.085720E+02 4.411034E+00 3.709325E+00 2.480502E+02
3.292340E+03 1.544010E+06 3.947819E+01 2.045761E-03 2.085720E+02 4.411043E+00 3.709333E+00 2.480502E+02
3.292349E+03 1.544020E+06 3.947819E+01 2.046482E-03 2.085720E+02 4.411053E+00 3.709341E+00 2.480502E+02
3.292358E+03 1.544030E+06 3.947819E+01 2.047208E-03 2.085720E+02 4.411062E+00 3.709350E+00 2.480502E+02
3.292367E+03 1.544040E+06 3.947819E+01 2.047945E-03 2.085720E+02 4.411071E+00 3.709357E+00 2.480502E+02
3.292376E+03 1.544050E+06 3.947819E+01 2.048700E-03 2.085720E+02 4.411081E+00 3.709366E+00 2.480502E+02
3.292386E+03 1.544060E+06 3.947819E+01 2.049475E-03 2.085720E+02 4.411091E+00 3.709374E+00 2.480502E+02
3.292395E+03 1.544070E+06 3.947819E+01 2.050248E-03 2.085720E+02 4.411101E+00 3.709383E+00 2.480502E+02
3.292404E+03 1.544080E+06 3.947819E+01 2.050944E-03 2.085720E+02 4.411109E+00 3.709390E+00 2.480502E+02
3.292412E+03 1.544090E+06 3.947819E+01 2.051613E-03 2.085720E+02 4.411118E+00 3.709397E+00 2.480502E+02
3.292420E+03 1.544100E+06 3.947819E+01 2.052280E-03 2.085720E+02 4.411126E+00 3.709405E+00 2.480502E+02
3.292429E+03 1.544110E+06 3.947819E+01 2.052947E-03 2.085720E+02 4.411135E+00 3.709412E+00 2.480502E+02
3.292437E+03 1.544120E+06 3.947819E+01 2.053622E-03 2.085720E+02 4.411144E+00 3.709419E+00 2.480502E+02
3.292445E+03 1.544130E+06 3.947819E+01 2.054297E-03 2.085720E+02 4.411153E+00 3.709427E+00 2.480502E+02
3.292454E+03 1.544140E+06 3.947819E+01 2.054958E-03 2.085720E+02 4.411161E+00 3.709434E+00 2.480502E+02
3.292461E+03 1.544150E+06 3.947819E+01 2.055581E-03 2.085720E+02 4.411168E+00 3.709440E+00 2.480502E+02
3.292470E+03 1.544160E+06 3.947819E+01 2.056253E-03 2.085720E+02 4.411177E+00 3.709448E+00 2.480502E+02
3.292478E+03 1.544170E+06 3.947819E+01 2.056925E-03 2.085720E+02 4.411186E+00 3.709455E+00 2.480502E+02
3.292486E+03 1.544180E+06 3.947819E+01 2.057597E-03 2.085720E+02 4.411194E+00 3.709462E+00 2.480502E+02
3.292495E+03 1.544190E+06 3.947819E+01 2.058269E-03 2.085720E+02 4.411203E+00 3.709470E+00 2.480502E+02
3.292503E+03 1.544200E+06 3.947819E+01 2.058941E-03 2.085720E+02 4.411212E+00 3.709477E+00 2.480502E+02
3.292511E+03 1.544210E+06 3.947819E+01 2.059619E-03 2.085720E+02 4.411221E+00 3.709485E+00 2.480502E+02
3.292520E+03 1.544220E+06 3.947819E+01 2.060305E-03 2.085720E+02 4.411230E+00 3.709493E+00 2.480502E+02
3.292528E+03 1.544230E+06 3.947819E+01 2.060990E-03 2.085720E+02 4.411239E+00 3.709501E+00 2.480502E+02
3.292537E+03 1.544240E+06 3.947819E+01 2.061673E-03 2.085720E+02 4.411249E+00 3.709509E+00 2.480502E+02
3.292545E+03 1.544250E+06 3.947819E+01 2.062357E-03 2.085720E+02 4.411258E+00 3.709517E+00 2.480502E+02
3.292554E+03 1.544260E+06 3.947819E+01 2.063040E-03 2.085720E+02 4.411267E+00 3.709524E+00 2.480502E+02
3.292562E+03 1.544270E+06 3.947819E+01 2.063739E-03 2.085720E+02 4.411276E+00 3.709532E+00 2.480502E+02
3.292571E+03 1.544280E+06 3.947819E+01 2.064448E-03 2.085720E+02 4.411286E+00 3.709541E+00 2.480502E+02
3.292580E+03 1.544290E+06 3.947819E+01 2.065171E-03 2.085720E+02 4.411296E+00 3.709549E+00 2.480502E+02
3.292589E+03 1.544300E+06 3.947819E+01 2.065896E-03 2.085720E+02 4.411306E+00 3.709557E+00 2.480502E+02
3.292598E+03 1.544310E+06 3.947819E+01 2.066618E-03 2.085720E+02 4.411315E+00 3.709566E+00 2.480502E+02
3.292607E+03 1.544320E+06 3.947819E+01 2.067343E-03 2.085720E+02 4.411325E+00 3.709574E+00 2.480502E+02
3.292616E+03 1.544330E+06 3.947819E+01 2.068072E-03 2.085720E+02 4.411336E+00 3.709583E+00 2.480502E+02
3.292625E+03 1.544340E+06 3.947819E+01 2.068801E-03 2.085720E+02 4.411346E+00 3.709592E+00 2.480502E+02
3.292634E+03 1.544350E+06 3.947819E+01 2.069513E-03 2.085720E+02 4.411356E+00 3.709600E+00 2.480502E+02
3.292643E+03 1.544360E+06 3.947819E+01 2.070225E-03 2.085720E+02 4.411366E+00 3.709609E+00 2.480502E+02
3.292651E+03 1.544370E+06 3.947819E+01 2.070888E-03 2.085720E+02 4.411376E+00 3.709617E+00 2.480502E+02
3.292658E+03 1.544380E+06 3.947819E+01 2.071463E-03 2.085720E+02 4.411384E+00 3.709624E+00 2.480502E+02
3.292666E+03 1.544390E+06 3.947819E+01 2.072081E-03 2.085720E+02 4.411393E+00 3.709632E+00 2.480502E+02
3.292673E+03 1.544400E+06 3.947819E+01 2.072672E-03 2.085720E+02 4.411402E+00 3.709639E+00 2.480502E+02
3.292681E+03 1.544410E+06 3.947819E+01 2.073262E-03 2.085720E+02 4.411410E+00 3.709647E+00 2.480502E+02
3.292688E+03 1.544420E+06 3.947819E+01 2.073857E-03 2.085720E+02 4.411419E+00 3.709654E+00 2.480502E+02
3.292695E+03 1.544430E+06 3.947819E+01 2.074454E-03 2.085720E+02 4.411427E+00 3.709661E+00 2.480502E+02
3.292702E+03 1.544440E+06 3.947819E+01 2.075024E-03 2.085720E+02 4.411435E+00 3.709668E+00 2.480502E+02
3.292709E+03 1.544450E+06 3.947819E+01 2.075581E-03 2.085720E+02 4.411443E+00 3.709674E+00 2.480502E+02
3.292717E+03 1.544460E+06 3.947819E+01 2.076174E-03 2.085720E+02 4.411451E+00 3.709681E+00 2.480502E+02
3.292724E+03 1.544470E+06 3.947819E+01 2.076769E-03 2.085720E+02 4.411459E+00 3.709688E+00 2.480502E+02
3.292731E+03 1.544480E+06 3.947819E+01 2.077363E-03 2.085720E+02 4.411466E+00 3.709695E+00 2.480502E+02
3.292739E+03 1.544490E+06 3.947819E+01 2.077954E-03 2.085720E+02 4.411475E+00 3.709701E+00 2.480502E+02
3.292746E+03 1.544500E+06 3.947819E+01 2.078547E-03 2.085720E+02 4.411483E+00 3.709708E+00 2.480502E+02
3.292753E+03 1.544510E+06 3.947819E+01 2.079143E-03 2.085720E+02 4.411490E+00 3.709715E+00 2.480502E+02
3.292761E+03 1.544520E+06 3.947819E+01 2.079747E-03 2.085720E+02 4.411498E+00 3.709721E+00 2.480502E+02
3.292768E+03 1.544530E+06 3.947819E+01 2.080354E-03 2.085720E+02 4.411505E+00 3.709727E+00 2.480502E+02
3.292776E+03 1.544540E+06 3.947819E+01 2.080958E-03 2.085720E+02 4.411513E+00 3.709734E+00 2.480502E+02
3.292783E+03 1.544550E+06 3.947819E+01 2.081559E-03 2.085720E+02 4.411520E+00 3.709740E+00 2.480502E+02
3.292791E+03 1.544560E+06 3.947819E+01 2.082160E-03 2.085720E+02 4.411527E+00 3.709746E+00 2.480502E+02
3.292798E+03 1.544570E+06 3.947819E+01 2.082763E-03 2.085720E+02 4.411534E+00 3.709752E+00 2.480502E+02
3.292806E+03 1.544580E+06 3.947819E+01 2.083373E-03 2.085720E+02 4.411542E+00 3.709759E+00 2.480502E+02
3.292813E+03 1.544590E+06 3.947819E+01 2.083999E-03 2.085720E+02 4.411549E+00 3.709765E+00 2.480502E+02
3.292821E+03 1.544600E+06 3.947819E+01 2.084632E-03 2.085720E+02 4.411557E+00 3.709772E+00 2.480502E+02
3.292829E+03 1.544610E+06 3.947819E+01 2.085262E-03 2.085720E+02 4.411564E+00 3.709778E+00 2.480502E+02
3.292837E+03 1.544620E+06 3.947819E+01 2.085888E-03 2.085720E+02 4.411572E+00 3.709785E+00 2.480502E+02
3.292844E+03 1.544630E+06 3.947818E+01 2.086518E-03 2.085720E+02 4.411581E+00 3.709792E+00 2.480502E+02
3.292852E+03 1.544640E+06 3.947818E+01 2.087145E-03 2.085720E+02 4.411589E+00 3.709799E+00 2.480502E+02
3.292860E+03 1.544650E+06 3.947818E+01 2.087781E-03 2.085720E+02 4.411597E+00 3.709806E+00 2.480502E+02
3.292868E+03 1.544660E+06 3.947818E+01 2.088416E-03 2.085720E+02 4.411605E+00 3.709813E+00 2.480502E+02
3.292876E+03 1.544670E+06 3.947818E+01 2.089053E-03 2.085720E+02 4.411613E+00 3.709819E+00 2.480502E+02
3.292884E+03 1.544680E+06 3.947818E+01 2.089686E-03 2.085720E+02 4.411621E+00 3.709827E+00 2.480502E+02
3.292892E+03 1.544690E+06 3.947818E+01 2.090322E-03 2.085720E+02 4.411630E+00 3.709834E+00 2.480502E+02
3.292900E+03 1.544700E+06 3.947818E+01 2.090958E-03 2.085720E+02 4.411639E+00 3.709842E+00 2.480502E+02
3.292908E+03 1.544710E+06 3.947818E+01 2.091598E-03 2.085720E+02 4.411648E+00 3.709850E+00 2.480502E+02
3.292916E+03 1.544720E+06 3.947818E+01 2.092246E-03 2.085720E+02 4.411657E+00 3.709857E+00 2.480502E+02
3.292924E+03 1.544730E+06 3.947818E+01 2.092891E-03 2.085720E+02 4.411666E+00 3.709865E+00 2.480502E+02
3.292932E+03 1.544740E+06 3.947818E+01 2.093536E-03 2.085720E+02 4.411675E+00 3.709872E+00 2.480502E+02
3.292940E+03 1.544750E+06 3.947818E+01 2.094177E-03 2.085720E+02 4.411684E+00 3.709880E+00 2.480502E+02
3.292948E+03 1.544760E+06 3.947818E+01 2.094819E-03 2.085720E+02 4.411693E+00 3.709888E+00 2.480502E+02
3.292956E+03 1.544770E+06 3.947818E+01 2.095470E-03 2.085720E+02 4.411702E+00 3.709896E+00 2.480502E+02
3.292964E+03 1.544780E+06 3.947818E+01 2.096120E-03 2.085720E+02 4.411711E+00 3.709903E+00 2.480502E+02
3.292973E+03 1.544790E+06 3.947818E+01 2.096773E-03 2.085720E+02 4.411720E+00 3.709911E+00 2.480502E+02
3.292981E+03 1.544800E+06 3.947818E+01 2.097428E-03 2.085720E+02 4.411729E+00 3.709919E+00 2.480502E+02
3.292989E+03 1.544810E+06 3.947818E+01 2.098081E-03 2.085720E+02 4.411738E+00 3.709926E+00 2.480502E+02
3.292997E+03 1.544820E+06 3.947818E+01 2.098735E-03 2.085720E+02 4.411747E+00 3.709934E+00 2.480502E+02
3.293005E+03 1.544830E+06 3.947818E+01 2.099397E-03 2.085720E+02 4.411755E+00 3.709941E+00 2.480502E+02
3.293014E+03 1.544840E+06 3.947818E+01 2.100059E-03 2.085720E+02 4.411764E+00 3.709948E+00 2.480502E+02
3.293022E+03 1.544850E+06 3.947818E+01 2.100730E-03 2.085720E+02 4.411773E+00 3.709956E+00 2.480502E+02
3.293030E+03 1.544860E+06 3.947818E+01 2.101404E-03 2.085720E+02 4.411781E+00 3.709963E+00 2.480502E+02
3.293039E+03 1.544870E+06 3.947818E+01 2.102075E-03 2.085720E+02 4.411790E+00 3.709971E+00 2.480502E+02
3.293047E+03 1.544880E+06 3.947818E+01 2.102742E-03 2.085720E+02 4.411799E+00 3.709978E+00 2.480502E+02
3.293055E+03 1.544890E+06 3.947818E+01 2.103414E-03 2.085720E+02 4.411807E+00 3.709985E+00 2.480502E+02
3.293064E+03 1.544900E+06 3.947818E+01 2.104085E-03 2.085720E+02 4.411816E+00 3.709992E+00 2.480502E+02
3.293072E+03 1.544910E+06 3.947818E+01 2.104755E-03 2.085720E+02 4.411824E+00 3.709999E+00 2.480502E+02
3.293080E+03 1.544920E+06 3.947818E+01 2.105425E-03 2.085720E+02 4.411831E+00 3.710006E+00 2.480502E+02
3.293089E+03 1.544930E+06 3.947818E+01 2.106096E-03 2.085720E+02 4.411839E+00 3.710012E+00 2.480502E+02
3.293097E+03 1.544940E+06 3.947818E+01 2.106766E-03 2.085720E+02 4.411847E+00 3.710020E+00 2.480502E+02
3.293105E+03 1.544950E+06 3.947818E+01 2.107438E-03 2.085720E+02 4.411856E+00 3.710027E+00 2.480502E+02
3.293113E+03 1.544960E+06 3.947818E+01 2.108098E-03 2.085720E+02 4.411864E+00 3.710034E+00 2.480502E+02
3.293122E+03 1.544970E+06 3.947818E+01 2.108754E-03 2.085720E+02 4.411872E+00 3.710040E+00 2.480502E+02
3.293130E+03 1.544980E+06 3.947818E+01 2.109413E-03 2.085720E+02 4.411880E+00 3.710047E+00 2.480502E+02
3.293138E+03 1.544990E+06 3.947818E+01 2.110073E-03 2.085720E+02 4.411887E+00 3.710054E+00 2.480502E+02
3.293146E+03 1.545000E+06 3.947818E+01 2.110734E-03 2.085720E+02 4.411895E+00 3.710061E+00 2.480502E+02
3.293154E+03 1.545010E+06 3.947818E+01 2.111388E-03 2.085720E+02 4.411904E+00 3.710068E+00 2.480502E+02
3.293162E+03 1.545020E+06 3.947818E+01 2.112040E-03 2.085720E+02 4.411912E+00 3.710075E+00 2.480502E+02
3.293170E+03 1.545030E+06 3.947818E+01 2.112692E-03 2.085720E+02 4.411920E+00 3.710082E+00 2.480502E+02
3.293178E+03 1.545040E+06 3.947818E+01 2.113339E-03 2.085720E+02 4.411928E+00 3.710088E+00 2.480502E+02
3.293186E+03 1.545050E+06 3.947818E+01 2.113988E-03 2.085720E+02 4.411936E+00 3.710095E+00 2.480502E+02
3.293194E+03 1.545060E+06 3.947818E+01 2.114637E-03 2.085720E+02 4.411944E+00 3.710102E+00 2.480502E+02
3.293202E+03 1.545070E+06 3.947818E+01 2.115291E-03 2.085720E+02 4.411952E+00 3.710109E+00 2.480502E+02
3.293210E+03 1.545080E+06 3.947818E+01 2.115940E-03 2.085720E+02 4.411961E+00 3.710116E+00 2.480502E+02
3.293218E+03 1.545090E+06 3.947818E+01 2.116585E-03 2.085720E+02 4.411969E+00 3.710123E+00 2.480502E+02
3.293226E+03 1.545100E+06 3.947818E+01 2.117231E-03 2.085720E+02 4.411977E+00 3.710131E+00 2.480502E+02
3.293235E+03 1.545110E+06 3.947818E+01 2.117877E-03 2.085720E+02 4.411985E+00 3.710137E+00 2.480502E+02
3.293243E+03 1.545120E+06 3.947818E+01 2.118524E-03 2.085720E+02 4.411994E+00 3.710145E+00 2.480502E+02
3.293251E+03 1.545130E+06 3.947818E+01 2.119168E-03 2.085720E+02 4.412003E+00 3.710153E+00 2.480502E+02
3.293259E+03 1.545140E+06 3.947818E+01 2.119812E-03 2.085720E+02 4.412012E+00 3.710160E+00 2.480502E+02
3.293267E+03 1.545150E+06 3.947818E+01 2.120458E-03 2.085720E+02 4.412021E+00 3.710168E+00 2.480502E+02
3.293275E+03 1.545160E+06 3.947818E+01 2.121101E-03 2.085720E+02 4.412030E+00 3.710175E+00 2.480502E+02
3.293283E+03 1.545170E+06 3.947818E+01 2.121744E-03 2.085720E+02 4.412039E+00 3.710183E+00 2.480502E+02
3.293291E+03 1.545180E+06 3.947818E+01 2.122387E-03 2.085720E+02 4.412048E+00 3.710191E+00 2.480502E+02
3.293299E+03 1.545190E+06 3.947818E+01 2.123037E-03 2.085720E+02 4.412057E+00 3.710199E+00 2.480502E+02
3.293307E+03 1.545200E+06 3.947818E+01 2.123690E-03 2.085720E+02 4.412067E+00 3.710207E+00 2.480502E+02
3.293315E+03 1.545210E+06 3.947818E+01 2.124341E-03 2.085720E+02 4.412076E+00 3.710215E+00 2.480502E+02
3.293324E+03 1.545220E+06 3.947818E+01 2.124991E-03 2.085720E+02 4.412086E+00 3.710223E+00 2.480502E+02
3.293332E+03 1.545230E+06 3.947818E+01 2.125640E-03 2.085720E+02 4.412096E+00 3.710231E+00 2.480502E+02
3.293340E+03 1.545240E+06 3.947818E+01 2.126261E-03 2.085720E+02 4.412105E+00 3.710239E+00 2.480502E+02
3.293347E+03 1.545250E+06 3.947818E+01 2.126868E-03 2.085720E+02 4.412114E+00 3.710247E+00 2.480502E+02
3.293355E+03 1.545260E+06 3.947818E+01 2.127506E-03 2.085720E+02 4.412123E+00 3.710255E+00 2.480502E+02
3.293363E+03 1.545270E+06 3.947818E+01 2.128145E-03 2.085720E+02 4.412133E+00 3.710263E+00 2.480502E+02
3.293371E+03 1.545280E+06 3.947818E+01 2.128784E-03 2.085720E+02 4.412142E+00 3.710271E+00 2.480502E+02
3.293379E+03 1.545290E+06 3.947818E+01 2.129423E-03 2.085720E+02 4.412152E+00 3.710279E+00 2.480502E+02
3.293387E+03 1.545300E+06 3.947818E+01 2.130064E-03 2.085720E+02 4.412161E+00 3.710287E+00 2.480502E+02
3.293395E+03 1.545310E+06 3.947818E+01 2.130706E-03 2.085720E+02 4.412170E+00 3.710295E+00 2.480502E+02
3.293404E+03 1.545320E+06 3.947818E+01 2.131355E-03 2.085720E+02 4.412180E+00 3.710303E+00 2.480502E+02
3.293412E+03 1.545330E+06 3.947818E+01 2.131994E-03 2.085720E+02 4.412189E+00 3.710311E+00 2.480502E+02
3.293420E+03 1.545340E+06 3.947818E+01 2.132634E-03 2.085720E+02 4.412199E+00 3.710319E+00 2.480502E+02
3.293428E+03 1.545350E+06 3.947818E+01 2.133271E-03 2.085720E+02 4.412208E+00 3.710327E+00 2.480502E+02
3.293436E+03 1.545360E+06 3.947818E+01 2.133909E-03 2.085720E+02 4.412217E+00 3.710335E+00 2.480502E+02
3.293444E+03 1.545370E+06 3.947818E+01 2.134560E-03 2.085720E+02 4.412226E+00 3.710342E+00 2.480502E+02
3.293452E+03 1.545380E+06 3.947818E+01 2.135217E-03 2.085720E+02 4.412235E+00 3.710350E+00 2.480502E+02
3.293460E+03 1.545390E+06 3.947818E+01 2.135876E-03 2.085720E+02 4.412245E+00 3.710359E+00 2.480502E+02
3.293469E+03 1.545400E+06 3.947818E+01 2.136544E-03 2.085720E+02 4.412254E+00 3.710367E+00 2.480502E+02
3.293477E+03 1.545410E+06 3.947818E+01 2.137191E-03 2.085720E+02 4.412263E+00 3.710374E+00 2.480502E+02
3.293485E+03 1.545420E+06 3.947818E+01 2.137838E-03 2.085720E+02 4.412272E+00 3.710382E+00 2.480502E+02
3.293493E+03 1.545430E+06 3.947818E+01 2.138491E-03 2.085720E+02 4.412281E+00 3.710389E+00 2.480502E+02
3.293501E+03 1.545440E+06 3.947818E+01 2.139159E-03 2.085720E+02 4.412291E+00 3.710397E+00 2.480502E+02
3.293510E+03 1.545450E+06 3.947818E+01 2.139828E-03 2.085720E+02 4.412300E+00 3.710406E+00 2.480502E+02
3.293518E+03 1.545460E+06 3.947818E+01 2.140495E-03 2.085720E+02 4.412310E+00 3.710414E+00 2.480502E+02
3.293526E+03 1.545470E+06 3.947818E+01 2.141165E-03 2.085720E+02 4.412319E+00 3.710421E+00 2.480502E+02
3.293535E+03 1.545480E+06 3.947818E+01 2.141834E-03 2.085720E+02 4.412327E+00 3.710429E+00 2.480502E+02
3.293543E+03 1.545490E+06 3.947818E+01 2.142511E-03 2.085720E+02 4.412336E+00 3.710436E+00 2.480502E+02
3.293551E+03 1.545500E+06 3.947818E+01 2.143194E-03 2.085720E+02 4.412345E+00 3.710444E+00 2.480502E+02
3.293560E+03 1.545510E+06 3.947818E+01 2.143877E-03 2.085720E+02 4.412354E+00 3.710452E+00 2.480502E+02
3.293568E+03 1.545520E+06 3.947818E+01 2.144560E-03 2.085720E+02 4.412363E+00 3.710460E+00 2.480502E+02
3.293577E+03 1.545530E+06 3.947818E+01 2.145245E-03 2.085720E+02 4.412373E+00 3.710467E+00 2.480502E+02
3.293585E+03 1.545540E+06 3.947818E+01 2.145929E-03 2.085720E+02 4.412382E+00 3.710475E+00 2.480502E+02
3.293594E+03 1.545550E+06 3.947818E+01 2.146631E-03 2.085720E+02 4.412391E+00 3.710483E+00 2.480502E+02
3.293603E+03 1.545560E+06 3.947818E+01 2.147340E-03 2.085720E+02 4.412400E+00 3.710491E+00 2.480502E+02
3.293611E+03 1.545570E+06 3.947818E+01 2.148047E-03 2.085720E+02 4.412409E+00 3.710499E+00 2.480502E+02
3.293620E+03 1.545580E+06 3.947818E+01 2.148753E-03 2.085720E+02 4.412418E+00 3.710506E+00 2.480502E+02
3.293629E+03 1.545590E+06 3.947818E+01 2.149458E-03 2.085720E+02 4.412427E+00 3.710514E+00 2.480502E+02
3.293638E+03 1.545600E+06 3.947818E+01 2.150165E-03 2.085720E+02 4.412437E+00 3.710523E+00 2.480502E+02
3.293646E+03 1.545610E+06 3.947818E+01 2.150859E-03 2.085720E+02 4.412448E+00 3.710531E+00 2.480502E+02
3.293655E+03 1.545620E+06 3.947818E+01 2.151554E-03 2.085720E+02 4.412457E+00 3.710540E+00 2.480502E+02
3.293664E+03 1.545630E+06 3.947817E+01 2.152244E-03 2.085720E+02 4.412467E+00 3.710548E+00 2.480502E+02
3.293672E+03 1.545640E+06 3.947817E+01 2.152935E-03 2.085720E+02 4.412477E+00 3.710556E+00 2.480502E+02
3.293681E+03 1.545650E+06 3.947817E+01 2.153627E-03 2.085720E+02 4.412487E+00 3.710565E+00 2.480502E+02
3.293689E+03 1.545660E+06 3.947817E+01 2.154328E-03 2.085720E+02 4.412497E+00 3.710573E+00 2.480502E+02
3.293698E+03 1.545670E+06 3.947817E+01 2.155038E-03 2.085720E+02 4.412507E+00 3.710582E+00 2.480502E+02
3.293707E+03 1.545680E+06 3.947817E+01 2.155744E-03 2.085720E+02 4.412517E+00 3.710591E+00 2.480502E+02
3.293716E+03 1.545690E+06 3.947817E+01 2.156446E-03 2.085720E+02 4.412528E+00 3.710600E+00 2.480502E+02
3.293725E+03 1.545700E+06 3.947817E+01 2.157146E-03 2.085720E+02 4.412538E+00 3.710608E+00 2.480502E+02
3.293733E+03 1.545710E+06 3.947817E+01 2.157846E-03 2.085720E+02 4.412549E+00 3.710618E+00 2.480502E+02
3.293742E+03 1.545720E+06 3.947817E+01 2.158546E-03 2.085720E+02 4.412560E+00 3.710627E+00 2.480502E+02
3.293751E+03 1.545730E+06 3.947817E+01 2.159247E-03 2.085720E+02 4.412570E+00 3.710636E+00 2.480502E+02
3.293760E+03 1.545740E+06 3.947817E+01 2.159947E-03 2.085720E+02 4.412581E+00 3.710645E+00 2.480502E+02
3.293768E+03 1.545750E+06 3.947817E+01 2.160648E-03 2.085720E+02 4.412592E+00 3.710654E+00 2.480502E+02
3.293777E+03 1.545760E+06 3.947817E+01 2.161343E-03 2.085720E+02 4.412603E+00 3.710664E+00 2.480502E+02
3.293786E+03 1.545770E+06 3.947817E+01 2.162046E-03 2.085720E+02 4.412614E+00 3.710673E+00 2.480502E+02
3.293795E+03 1.545780E+06 3.947817E+01 2.162755E-03 2.085720E+02 4.412625E+00 3.710683E+00 2.480502E+02
3.293804E+03 1.545790E+06 3.947817E+01 2.163466E-03 2.085720E+02 4.412637E+00 3.710692E+00 2.480502E+02
3.293813E+03 1.545800E+06 3.947817E+01 2.164175E-03 2.085720E+02 4.412649E+00 3.710702E+00 2.480502E+02
3.293822E+03 1.545810E+06 3.947817E+01 2.164885E-03 2.085720E+02 4.412660E+00 3.710712E+00 2.480502E+02
3.293831E+03 1.545820E+06 3.947817E+01 2.165594E-03 2.085720E+02 4.412671E+00 3.710722E+00 2.480502E+02
3.293840E+03 1.545830E+06 3.947817E+01 2.166312E-03 2.085720E+02 4.412683E+00 3.710732E+00 2.480502E+02
3.293849E+03 1.545840E+06 3.947817E+01 2.167032E-03 2.085720E+02 4.412694E+00 3.710741E+00 2.480502E+02
3.293858E+03 1.545850E+06 3.947817E+01 2.167758E-03 2.085720E+02 4.412706E+00 3.710751E+00 2.480502E+02
3.293867E+03 1.545860E+06 3.947817E+01 2.168485E-03 2.085720E+02 4.412717E+00 3.710761E+00 2.480502E+02
3.293876E+03 1.545870E+06 3.947817E+01 2.169211E-03 2.085720E+02 4.412728E+00 3.710770E+00 2.480502E+02
3.293885E+03 1.545880E+06 3.947817E+01 2.169937E-03 2.085720E+02 4.412739E+00 3.710779E+00 2.480502E+02
3.293894E+03 1.545890E+06 3.947817E+01 2.170667E-03 2.085720E+02 4.412750E+00 3.710788E+00 2.480502E+02
3.293903E+03 1.545900E+06 3.947817E+01 2.171393E-03 2.085720E+02 4.412760E+00 3.710797E+00 2.480502E+02
3.293912E+03 1.545910E+06 3.947817E+01 2.172120E-03 2.085720E+02 4.412771E+00 3.710806E+00 2.480502E+02
3.293921E+03 1.545920E+06 3.947817E+01 2.172850E-03 2.085720E+02 4.412781E+00 3.710815E+00 2.480502E+02
3.293930E+03 1.545930E+06 3.947817E+01 2.173577E-03 2.085720E+02 4.412792E+00 3.710824E+00 2.480502E+02
3.293940E+03 1.545940E+06 3.947817E+01 2.174327E-03 2.085720E+02 4.412802E+00 3.710833E+00 2.480502E+02
3.293949E+03 1.545950E+06 3.947817E+01 2.175066E-03 2.085720E+02 4.412812E+00 3.710842E+00 2.480502E+02
3.293958E+03 1.545960E+06 3.947817E+01 2.175806E-03 2.085720E+02 4.412823E+00 3.710851E+00 2.480502E+02
3.293968E+03 1.545970E+06 3.947817E+01 2.176547E-03 2.085720E+02 4.412834E+00 3.710860E+00 2.480502E+02
3.293977E+03 1.545980E+06 3.947817E+01 2.177286E-03 2.085720E+02 4.412844E+00 3.710869E+00 2.480502E+02
3.293986E+03 1.545990E+06 3.947817E+01 2.178042E-03 2.085720E+02 4.412855E+00 3.710878E+00 2.480502E+02
3.293996E+03 1.546000E+06 3.947817E+01 2.178800E-03 2.085720E+02 4.412866E+00 3.710887E+00 2.480502E+02
3.294005E+03 1.546010E+06 3.947817E+01 2.179558E-03 2.085720E+02 4.412877E+00 3.710897E+00 2.480502E+02
3.294014E+03 1.546020E+06 3.947817E+01 2.180317E-03 2.085720E+02 4.412888E+00 3.710906E+00 2.480502E+02
3.294023E+03 1.546030E+06 3.947817E+01 2.181036E-03 2.085720E+02 4.412898E+00 3.710915E+00 2.480502E+02
3.294032E+03 1.546040E+06 3.947817E+01 2.181743E-03 2.085720E+02 4.412908E+00 3.710923E+00 2.480502E+02
3.294041E+03 1.546050E+06 3.947817E+01 2.182434E-03 2.085720E+02 4.412918E+00 3.710932E+00 2.480502E+02
3.294049E+03 1.546060E+06 3.947817E+01 2.183125E-03 2.085720E+02 4.412928E+00 3.710940E+00 2.480502E+02
3.294058E+03 1.546070E+06 3.947817E+01 2.183818E-03 2.085720E+02 4.412938E+00 3.710949E+00 2.480502E+02
3.294067E+03 1.546080E+06 3.947817E+01 2.184510E-03 2.085720E+02 4.412947E+00 3.710957E+00 2.480502E+02
3.294075E+03 1.546090E+06 3.947817E+01 2.185207E-03 2.085720E+02 4.412957E+00 3.710965E+00 2.480502E+02
3.294084E+03 1.546100E+06 3.947817E+01 2.185909E-03 2.085720E+02 4.412967E+00 3.710973E+00 2.480502E+02
3.294093E+03 1.546110E+06 3.947817E+01 2.186614E-03 2.085720E+02 4.412977E+00 3.710982E+00 2.480502E+02
3.294101E+03 1.546120E+06 3.947817E+01 2.187321E-03 2.085720E+02 4.412987E+00 3.710991E+00 2.480502E+02
3.294110E+03 1.546130E+06 3.947817E+01 2.188028E-03 2.085720E+02 4.412997E+00 3.711000E+00 2.480502E+02
3.294119E+03 1.546140E+06 3.947817E+01 2.188735E-03 2.085720E+02 4.413007E+00 3.711008E+00 2.480502E+02
3.294128E+03 1.546150E+06 3.947817E+01 2.189441E-03 2.085720E+02 4.413017E+00 3.711016E+00 2.480502E+02
3.294137E+03 1.546160E+06 3.947817E+01 2.190172E-03 2.085720E+02 4.413027E+00 3.711025E+00 2.480502E+02
3.294146E+03 1.546170E+06 3.947817E+01 2.190903E-03 2.085720E+02 4.413038E+00 3.711034E+00 2.480502E+02
3.294155E+03 1.546180E+06 3.947817E+01 2.191634E-03 2.085720E+02 4.413049E+00 3.711043E+00 2.480502E+02
3.294164E+03 1.546190E+06 3.947817E+01 2.192364E-03 2.085720E+02 4.413059E+00 3.711052E+00 2.480502E+02
3.294173E+03 1.546200E+06 3.947817E+01 2.193098E-03 2.085720E+02 4.413069E+00 3.711061E+00 2.480502E+02
3.294183E+03 1.546210E+06 3.947817E+01 2.193848E-03 2.085720E+02 4.413080E+00 3.711070E+00 2.480502E+02
3.294192E+03 1.546220E+06 3.947817E+01 2.194609E-03 2.085720E+02 4.413091E+00 3.711080E+00 2.480502E+02
3.294201E+03 1.546230E+06 3.947817E+01 2.195371E-03 2.085720E+02 4.413102E+00 3.711089E+00 2.480502E+02
3.294211E+03 1.546240E+06 3.947817E+01 2.196132E-03 2.085720E+02 4.413113E+00 3.711099E+00 2.480502E+02
3.294220E+03 1.546250E+06 3.947817E+01 2.196894E-03 2.085720E+02 4.413125E+00 3.711108E+00 2.480502E+02
3.294230E+03 1.546260E+06 3.947817E+01 2.197667E-03 2.085720E+02 4.413136E+00 3.711117E+00 2.480502E+02
3.294240E+03 1.546270E+06 3.947817E+01 2.198460E-03 2.085720E+02 4.413147E+00 3.711127E+00 2.480502E+02
3.294249E+03 1.546280E+06 3.947817E+01 2.199252E-03 2.085720E+02 4.413158E+00 3.711136E+00 2.480502E+02
3.294259E+03 1.546290E+06 3.947817E+01 2.200041E-03 2.085720E+02 4.413169E+00 3.711146E+00 2.480502E+02
3.294269E+03 1.546300E+06 3.947817E+01 2.200830E-03 2.085720E+02 4.413180E+00 3.711155E+00 2.480502E+02
3.294279E+03 1.546310E+06 3.947817E+01 2.201620E-03 2.085720E+02 4.413191E+00 3.711165E+00 2.480502E+02
3.294289E+03 1.546320E+06 3.947817E+01 2.202411E-03 2.085720E+02 4.413202E+00 3.711174E+00 2.480502E+02
3.294299E+03 1.546330E+06 3.947817E+01 2.203201E-03 2.085720E+02 4.413213E+00 3.711184E+00 2.480502E+02
3.294308E+03 1.546340E+06 3.947817E+01 2.203994E-03 2.085720E+02 4.413224E+00 3.711193E+00 2.480502E+02
3.294318E+03 1.546350E+06 3.947817E+01 2.204786E-03 2.085720E+02 4.413235E+00 3.711203E+00 2.480502E+02
3.294327E+03 1.546360E+06 3.947817E+01 2.205493E-03 2.085720E+02 4.413245E+00 3.711211E+00 2.480502E+02
3.294337E+03 1.546370E+06 3.947817E+01 2.206267E-03 2.085720E+02 4.413256E+00 3.711220E+00 2.480502E+02
3.294346E+03 1.546380E+06 3.947817E+01 2.207044E-03 2.085720E+02 4.413266E+00 3.711229E+00 2.480502E+02
3.294356E+03 1.546390E+06 3.947817E+01 2.207805E-03 2.085720E+02 4.413277E+00 3.711238E+00 2.480502E+02
3.294365E+03 1.546400E+06 3.947817E+01 2.208549E-03 2.085720E+02 4.413287E+00 3.711247E+00 2.480502E+02
3.294374E+03 1.546410E+06 3.947817E+01 2.209295E-03 2.085720E+02 4.413297E+00 3.711255E+00 2.480502E+02
3.294384E+03 1.546420E+06 3.947817E+01 2.210069E-03 2.085720E+02 4.413308E+00 3.711265E+00 2.480502E+02
3.294393E+03 1.546430E+06 3.947817E+01 2.210847E-03 2.085720E+02 4.413319E+00 3.711274E+00 2.480502E+02
3.294403E+03 1.546440E+06 3.947817E+01 2.211625E-03 2.085720E+02 4.413330E+00 3.711283E+00 2.480502E+02
3.294413E+03 1.546450E+06 3.947817E+01 2.212402E-03 2.085720E+02 4.413340E+00 3.711292E+00 2.480502E+02
3.294422E+03 1.546460E+06 3.947817E+01 2.213181E-03 2.085720E+02 4.413351E+00 3.711301E+00 2.480502E+02
3.294432E+03 1.546470E+06 3.947817E+01 2.213982E-03 2.085720E+02 4.413363E+00 3.711311E+00 2.480502E+02
3.294442E+03 1.546480E+06 3.947817E+01 2.214773E-03 2.085720E+02 4.413374E+00 3.711320E+00 2.480502E+02
3.294452E+03 1.546490E+06 3.947817E+01 2.215561E-03 2.085720E+02 4.413385E+00 3.711330E+00 2.480502E+02
3.294462E+03 1.546500E+06 3.947817E+01 2.216353E-03 2.085720E+02 4.413395E+00 3.711339E+00 2.480502E+02
3.294471E+03 1.546510E+06 3.947817E+01 2.217078E-03 2.085720E+02 4.413405E+00 3.711348E+00 2.480502E+02
3.294480E+03 1.546520E+06 3.947817E+01 2.217841E-03 2.085720E+02 4.413416E+00 3.711356E+00 2.480502E+02
3.294490E+03 1.546530E+06 3.947817E+01 2.218622E-03 2.085720E+02 4.413427E+00 3.711365E+00 2.480502E+02
3.294499E+03 1.546540E+06 3.947817E+01 2.219397E-03 2.085720E+02 4.413437E+00 3.711374E+00 2.480502E+02
3.294509E+03 1.546550E+06 3.947817E+01 2.220170E-03 2.085720E+02 4.413448E+00 3.711383E+00 2.480502E+02
3.294519E+03 1.546560E+06 3.947817E+01 2.220944E-03 2.085720E+02 4.413458E+00 3.711393E+00 2.480502E+02
3.294528E+03 1.546570E+06 3.947817E+01 2.221745E-03 2.085720E+02 4.413469E+00 3.711402E+00 2.480502E+02
3.294538E+03 1.546580E+06 3.947817E+01 2.222554E-03 2.085720E+02 4.413480E+00 3.711411E+00 2.480502E+02
3.294549E+03 1.546590E+06 3.947817E+01 2.223364E-03 2.085720E+02 4.413491E+00 3.711421E+00 2.480502E+02
3.294559E+03 1.546600E+06 3.947817E+01 2.224174E-03 2.085720E+02 4.413503E+00 3.711430E+00 2.480502E+02
3.294569E+03 1.546610E+06 3.947817E+01 2.224983E-03 2.085720E+02 4.413514E+00 3.711440E+00 2.480502E+02
3.294579E+03 1.546620E+06 3.947817E+01 2.225806E-03 2.085720E+02 4.413525E+00 3.711450E+00 2.480502E+02
3.294589E+03 1.546630E+06 3.947817E+01 2.226629E-03 2.085720E+02 4.413536E+00 3.711459E+00 2.480502E+02
3.294599E+03 1.546640E+06 3.947817E+01 2.227449E-03 2.085720E+02 4.413548E+00 3.711469E+00 2.480502E+02
3.294609E+03 1.546650E+06 3.947817E+01 2.228270E-03 2.085720E+02 4.413559E+00 3.711479E+00 2.480502E+02
3.294620E+03 1.546660E+06 3.947817E+01 2.229095E-03 2.085720E+02 4.413571E+00 3.711488E+00 2.480502E+02
3.294630E+03 1.546670E+06 3.947817E+01 2.229917E-03 2.085720E+02 4.413582E+00 3.711498E+00 2.480502E+02
3.294640E+03 1.546680E+06 3.947817E+01 2.230700E-03 2.085720E+02 4.413593E+00 3.711508E+00 2.480502E+02
3.294649E+03 1.546690E+06 3.947817E+01 2.231475E-03 2.085720E+02 4.413604E+00 3.711517E+00 2.480502E+02
3.294659E+03 1.546700E+06 3.947816E+01 2.232238E-03 2.085720E+02 4.413614E+00 3.711526E+00 2.480502E+02
3.294668E+03 1.546710E+06 3.947816E+01 2.232962E-03 2.085720E+02 4.413624E+00 3.711534E+00 2.480502E+02
3.294677E+03 1.546720E+06 3.947816E+01 2.233737E-03 2.085720E+02 4.413634E+00 3.711543E+00 2.480502E+02
3.294687E+03 1.546730E+06 3.947816E+01 2.234515E-03 2.085720E+02 4.413645E+00 3.711551E+00 2.480502E+02
3.294697E+03 1.546740E+06 3.947816E+01 2.235293E-03 2.085720E+02 4.413655E+00 3.711560E+00 2.480502E+02
3.294706E+03 1.546750E+06 3.947816E+01 2.236070E-03 2.085720E+02 4.413665E+00 3.711569E+00 2.480502E+02
3.294716E+03 1.546760E+06 3.947816E+01 2.236849E-03 2.085720E+02 4.413675E+00 3.711577E+00 2.480502E+02
3.294726E+03 1.546770E+06 3.947816E+01 2.237641E-03 2.085720E+02 4.413685E+00 3.711586E+00 2.480502E+02
3.294735E+03 1.546780E+06 3.947816E+01 2.238433E-03 2.085720E+02 4.413695E+00 3.711595E+00 2.480502E+02
3.294745E+03 1.546790E+06 3.947816E+01 2.239229E-03 2.085720E+02 4.413706E+00 3.711603E+00 2.480502E+02
3.294755E+03 1.546800E+06 3.947816E+01 2.240026E-03 2.085720E+02 4.413716E+00 3.711612E+00 2.480502E+02
3.294765E+03 1.546810E+06 3.947816E+01 2.240822E-03 2.085720E+02 4.413726E+00 3.711621E+00 2.480502E+02
3.294775E+03 1.546820E+06 3.947816E+01 2.241617E-03 2.085720E+02 4.413736E+00 3.711629E+00 2.480502E+02
3.294785E+03 1.546830E+06 3.947816E+01 2.242417E-03 2.085720E+02 4.413746E+00 3.711638E+00 2.480502E+02
3.294794E+03 1.546840E+06 3.947816E+01 2.243215E-03 2.085720E+02 4.413756E+00 3.711647E+00 2.480502E+02
3.294804E+03 1.546850E+06 3.947816E+01 2.244011E-03 2.085720E+02 4.413766E+00 3.711655E+00 2.480502E+02
3.294813E+03 1.546860E+06 3.947816E+01 2.244741E-03 2.085720E+02 4.413776E+00 3.711664E+00 2.480502E+02
3.294822E+03 1.546870E+06 3.947816E+01 2.245459E-03 2.085720E+02 4.413786E+00 3.711672E+00 2.480502E+02
3.294831E+03 1.546880E+06 3.947816E+01 2.246163E-03 2.085720E+02 4.413795E+00 3.711680E+00 2.480502E+02
3.294840E+03 1.546890E+06 3.947816E+01 2.246866E-03 2.085720E+02 4.413805E+00 3.711688E+00 2.480502E+02
3.294848E+03 1.546900E+06 3.947816E+01 2.247545E-03 2.085720E+02 4.413814E+00 3.711696E+00 2.480502E+02
3.294856E+03 1.546910E+06 3.947816E+01 2.248228E-03 2.085720E+02 4.413824E+00 3.711704E+00 2.480502E+02
3.294865E+03 1.546920E+06 3.947816E+01 2.248909E-03 2.085721E+02 4.413833E+00 3.711712E+00 2.480502E+02
3.294873E+03 1.546930E+06 3.947816E+01 2.249591E-03 2.085721E+02 4.413844E+00 3.711721E+00 2.480502E+02
3.294882E+03 1.546940E+06 3.947816E+01 2.250272E-03 2.085721E+02 4.413854E+00 3.711730E+00 2.480502E+02
3.294890E+03 1.546950E+06 3.947816E+01 2.250952E-03 2.085721E+02 4.413864E+00 3.711738E+00 2.480502E+02
3.294899E+03 1.546960E+06 3.947816E+01 2.251631E-03 2.085721E+02 4.413873E+00 3.711746E+00 2.480502E+02
3.294907E+03 1.546970E+06 3.947816E+01 2.252312E-03 2.085721E+02 4.413883E+00 3.711755E+00 2.480502E+02
3.294916E+03 1.546980E+06 3.947816E+01 2.252993E-03 2.085721E+02 4.413893E+00 3.711763E+00 2.480502E+02
3.294924E+03 1.546990E+06 3.947816E+01 2.253673E-03 2.085721E+02 4.413903E+00 3.711772E+00 2.480502E+02
3.294933E+03 1.547000E+06 3.947816E+01 2.254353E-03 2.085721E+02 4.413913E+00 3.711780E+00 2.480502E+02
3.294941E+03 1.547010E+06 3.947816E+01 2.255035E-03 2.085721E+02 4.413923E+00 3.711789E+00 2.480502E+02
3.294950E+03 1.547020E+06 3.947816E+01 2.255715E-03 2.085721E+02 4.413932E+00 3.711797E+00 2.480502E+02
3.294958E+03 1.547030E+06 3.947816E+01 2.256399E-03 2.085721E+02 4.413942E+00 3.711805E+00 2.480502E+02
3.294967E+03 1.547040E+06 3.947816E+01 2.257099E-03 2.085721E+02 4.413952E+00 3.711814E+00 2.480502E+02
3.294976E+03 1.547050E+06 3.947816E+01 2.257822E-03 2.085721E+02 4.413963E+00 3.711822E+00 2.480502E+02
3.294985E+03 1.547060E+06 3.947816E+01 2.258562E-03 2.085721E+02 4.413973E+00 3.711831E+00 2.480502E+02
3.294994E+03 1.547070E+06 3.947816E+01 2.259301E-03 2.085721E+02 4.413982E+00 3.711839E+00 2.480502E+02
3.295003E+03 1.547080E+06 3.947816E+01 2.260040E-03 2.085721E+02 4.413992E+00 3.711848E+00 2.480502E+02
3.295012E+03 1.547090E+06 3.947816E+01 2.260781E-03 2.085721E+02 4.414002E+00 3.711856E+00 2.480502E+02
3.295022E+03 1.547100E+06 3.947816E+01 2.261532E-03 2.085721E+02 4.414011E+00 3.711864E+00 2.480502E+02
3.295031E+03 1.547110E+06 3.947816E+01 2.262282E-03 2.085721E+02 4.414021E+00 3.711873E+00 2.480502E+02
3.295040E+03 1.547120E+06 3.947816E+01 2.263032E-03 2.085721E+02 4.414031E+00 3.711881E+00 2.480502E+02
3.295049E+03 1.547130E+06 3.947816E+01 2.263785E-03 2.085721E+02 4.414040E+00 3.711888E+00 2.480502E+02
3.295059E+03 1.547140E+06 3.947816E+01 2.264538E-03 2.085721E+02 4.414049E+00 3.711896E+00 2.480502E+02
3.295068E+03 1.547150E+06 3.947816E+01 2.265295E-03 2.085721E+02 4.414058E+00 3.711904E+00 2.480502E+02
3.295077E+03 1.547160E+06 3.947816E+01 2.266051E-03 2.085721E+02 4.414067E+00 3.711911E+00 2.480502E+02
3.295086E+03 1.547170E+06 3.947816E+01 2.266810E-03 2.085721E+02 4.414075E+00 3.711919E+00 2.480502E+02
3.295096E+03 1.547180E+06 3.947816E+01 2.267599E-03 2.085721E+02 4.414084E+00 3.711926E+00 2.480502E+02
3.295106E+03 1.547190E+06 3.947816E+01 2.268391E-03 2.085721E+02 4.414092E+00 3.711933E+00 2.480502E+02
3.295114E+03 1.547200E+06 3.947816E+01 2.269084E-03 2.085721E+02 4.414100E+00 3.711940E+00 2.480502E+02
3.295123E+03 1.547210E+06 3.947816E+01 2.269828E-03 2.085721E+02 4.414109E+00 3.711947E+00 2.480502E+02
3.295132E+03 1.547220E+06 3.947816E+01 2.270590E-03 2.085721E+02 4.414118E+00 3.711955E+00 2.480502E+02
3.295142E+03 1.547230E+06 3.947816E+01 2.271351E-03 2.085721E+02 4.414126E+00 3.711962E+00 2.480502E+02
3.295151E+03 1.547240E+06 3.947816E+01 2.272112E-03 2.085721E+02 4.414134E+00 3.711969E+00 2.480502E+02
3.295161E+03 1.547250E+06 3.947816E+01 2.272876E-03 2.085721E+02 4.414143E+00 3.711977E+00 2.480502E+02
3.295170E+03 1.547260E+06 3.947816E+01 2.273648E-03 2.085721E+02 4.414153E+00 3.711985E+00 2.480502E+02
3.295179E+03 1.547270E+06 3.947816E+01 2.274400E-03 2.085721E+02 4.414162E+00 3.711993E+00 2.480502E+02
3.295188E+03 1.547280E+06 3.947816E+01 2.275145E-03 2.085721E+02 4.414171E+00 3.712000E+00 2.480502E+02
3.295197E+03 1.547290E+06 3.947816E+01 2.275853E-03 2.085721E+02 4.414179E+00 3.712008E+00 2.480502E+02
3.295206E+03 1.547300E+06 3.947816E+01 2.276559E-03 2.085721E+02 4.414189E+00 3.712015E+00 2.480502E+02
3.295215E+03 1.547310E+06 3.947816E+01 2.277277E-03 2.085721E+02 4.414198E+00 3.712024E+00 2.480502E+02
3.295224E+03 1.547320E+06 3.947816E+01 2.277983E-03 2.085721E+02 4.414208E+00 3.712032E+00 2.480502E+02
3.295232E+03 1.547330E+06 3.947816E+01 2.278687E-03 2.085721E+02 4.414217E+00 3.712040E+00 2.480502E+02
3.295241E+03 1.547340E+06 3.947816E+01 2.279387E-03 2.085721E+02 4.414227E+00 3.712048E+00 2.480502E+02
3.295250E+03 1.547350E+06 3.947816E+01 2.280091E-03 2.085721E+02 4.414237E+00 3.712057E+00 2.480502E+02
3.295259E+03 1.547360E+06 3.947816E+01 2.280794E-03 2.085721E+02 4.414247E+00 3.712065E+00 2.480502E+02
3.295267E+03 1.547370E+06 3.947816E+01 2.281511E-03 2.085721E+02 4.414257E+00 3.712074E+00 2.480502E+02
3.295276E+03 1.547380E+06 3.947816E+01 2.282228E-03 2.085721E+02 4.414268E+00 3.712083E+00 2.480502E+02
3.295285E+03 1.547390E+06 3.947816E+01 2.282943E-03 2.085721E+02 4.414279E+00 3.712092E+00 2.480502E+02
3.295294E+03 1.547400E+06 3.947816E+01 2.283656E-03 2.085721E+02 4.414290E+00 3.712102E+00 2.480502E+02
3.295303E+03 1.547410E+06 3.947816E+01 2.284367E-03 2.085721E+02 4.414301E+00 3.712111E+00 2.480502E+02
3.295312E+03 1.547420E+06 3.947816E+01 2.285093E-03 2.085721E+02 4.414312E+00 3.712121E+00 2.480502E+02
3.295322E+03 1.547430E+06 3.947816E+01 2.285833E-03 2.085721E+02 4.414324E+00 3.712131E+00 2.480502E+02
3.295331E+03 1.547440E+06 3.947816E+01 2.286571E-03 2.085721E+02 4.414337E+00 3.712142E+00 2.480502E+02
3.295340E+03 1.547450E+06 3.947816E+01 2.287307E-03 2.085721E+02 4.414349E+00 3.712152E+00 2.480502E+02
3.295349E+03 1.547460E+06 3.947816E+01 2.288042E-03 2.085721E+02 4.414362E+00 3.712163E+00 2.480502E+02
3.295359E+03 1.547470E+06 3.947816E+01 2.288782E-03 2.085721E+02 4.414375E+00 3.712174E+00 2.480502E+02
3.295368E+03 1.547480E+06 3.947816E+01 2.289524E-03 2.085721E+02 4.414388E+00 3.712186E+00 2.480502E+02
3.295378E+03 1.547490E+06 3.947816E+01 2.290266E-03 2.085721E+02 4.414402E+00 3.712197E+00 2.480502E+02
3.295387E+03 1.547500E+06 3.947816E+01 2.291007E-03 2.085721E+02 4.414417E+00 3.712210E+00 2.480502E+02
3.295396E+03 1.547510E+06 3.947816E+01 2.291745E-03 2.085721E+02 4.414431E+00 3.712222E+00 2.480502E+02
3.295406E+03 1.547520E+06 3.947816E+01 2.292484E-03 2.085721E+02 4.414445E+00 3.712233E+00 2.480502E+02
3.295415E+03 1.547530E+06 3.947816E+01 2.293221E-03 2.085721E+02 4.414459E+00 3.712246E+00 2.480502E+02
3.295425E+03 1.547540E+06 3.947816E+01 2.293959E-03 2.085721E+02 4.414473E+00 3.712258E+00 2.480502E+02
3.295434E+03 1.547550E+06 3.947816E+01 2.294696E-03 2.085721E+02 4.414488E+00 3.712270E+00 2.480502E+02
3.295444E+03 1.547560E+06 3.947816E+01 2.295434E-03 2.085721E+02 4.414502E+00 3.712282E+00 2.480502E+02
3.295453E+03 1.547570E+06 3.947816E+01 2.296171E-03 2.085721E+02 4.414517E+00 3.712295E+00 2.480502E+02
3.295463E+03 1.547580E+06 3.947816E+01 2.296923E-03 2.085721E+02 4.414532E+00 3.712308E+00 2.480502E+02
3.295472E+03 1.547590E+06 3.947816E+01 2.297678E-03 2.085721E+02 4.414547E+00 3.712320E+00 2.480502E+02
3.295482E+03 1.547600E+06 3.947816E+01 2.298432E-03 2.085721E+02 4.414561E+00 3.712332E+00 2.480502E+02
3.295492E+03 1.547610E+06 3.947816E+01 2.299185E-03 2.085721E+02 4.414575E+00 3.712344E+00 2.480502E+02
3.295501E+03 1.547620E+06 3.947816E+01 2.299941E-03 2.085721E+02 4.414589E+00 3.712356E+00 2.480502E+02
3.295511E+03 1.547630E+06 3.947816E+01 2.300710E-03 2.085721E+02 4.414603E+00 3.712368E+00 2.480502E+02
3.295521E+03 1.547640E+06 3.947816E+01 2.301484E-03 2.085721E+02 4.414617E+00 3.712379E+00 2.480502E+02
3.295531E+03 1.547650E+06 3.947816E+01 2.302258E-03 2.085721E+02 4.414630E+00 3.712391E+00 2.480502E+02
3.295540E+03 1.547660E+06 3.947816E+01 2.303037E-03 2.085721E+02 4.414643E+00 3.712402E+00 2.480502E+02
3.295550E+03 1.547670E+06 3.947816E+01 2.303817E-03 2.085721E+02 4.414656E+00 3.712413E+00 2.480502E+02
3.295560E+03 1.547680E+06 3.947816E+01 2.304617E-03 2.085721E+02 4.414669E+00 3.712424E+00 2.480502E+02
3.295570E+03 1.547690E+06 3.947816E+01 2.305415E-03 2.085721E+02 4.414682E+00 3.712435E+00 2.480502E+02
3.295581E+03 1.547700E+06 3.947816E+01 2.306240E-03 2.085721E+02 4.414694E+00 3.712445E+00 2.480502E+02
3.295591E+03 1.547710E+06 3.947816E+01 2.307064E-03 2.085721E+02 4.414707E+00 3.712456E+00 2.480502E+02
3.295601E+03 1.547720E+06 3.947816E+01 2.307891E-03 2.085721E+02 4.414719E+00 3.712467E+00 2.480502E+02
3.295612E+03 1.547730E+06 3.947816E+01 2.308727E-03 2.085721E+02 4.414731E+00 3.712477E+00 2.480502E+02
3.295622E+03 1.547740E+06 3.947816E+01 2.309568E-03 2.085721E+02 4.414744E+00 3.712488E+00 2.480502E+02
3.295633E+03 1.547750E+06 3.947816E+01 2.310408E-03 2.085721E+02 4.414756E+00 3.712498E+00 2.480502E+02
3.295643E+03 1.547760E+06 3.947816E+01 2.311247E-03 2.085721E+02 4.414768E+00 3.712508E+00 2.480502E+02
3.295654E+03 1.547770E+06 3.947816E+01 2.312091E-03 2.085721E+02 4.414779E+00 3.712518E+00 2.480502E+02
3.295664E+03 1.547780E+06 3.947816E+01 2.312932E-03 2.085721E+02 4.414790E+00 3.712527E+00 2.480502E+02
3.295674E+03 1.547790E+06 3.947816E+01 2.313741E-03 2.085721E+02 4.414801E+00 3.712537E+00 2.480502E+02
3.295683E+03 1.547800E+06 3.947816E+01 2.314472E-03 2.085721E+02 4.414811E+00 3.712545E+00 2.480502E+02
3.295692E+03 1.547810E+06 3.947816E+01 2.315163E-03 2.085721E+02 4.414820E+00 3.712553E+00 2.480502E+02
3.295700E+03 1.547820E+06 3.947816E+01 2.315859E-03 2.085721E+02 4.414829E+00 3.712560E+00 2.480502E+02
3.295709E+03 1.547830E+06 3.947816E+01 2.316579E-03 2.085721E+02 4.414839E+00 3.712569E+00 2.480502E+02
3.295718E+03 1.547840E+06 3.947816E+01 2.317298E-03 2.085721E+02 4.414848E+00 3.712577E+00 2.480502E+02
3.295727E+03 1.547850E+06 3.947816E+01 2.318019E-03 2.085721E+02 4.414858E+00 3.712585E+00 2.480502E+02
3.295736E+03 1.547860E+06 3.947816E+01 2.318738E-03 2.085721E+02 4.414867E+00 3.712593E+00 2.480502E+02
3.295745E+03 1.547870E+06 3.947816E+01 2.319459E-03 2.085721E+02 4.414877E+00 3.712601E+00 2.480502E+02
3.295754E+03 1.547880E+06 3.947816E+01 2.320179E-03 2.085721E+02 4.414886E+00 3.712609E+00 2.480502E+02
3.295763E+03 1.547890E+06 3.947815E+01 2.320897E-03 2.085721E+02 4.414895E+00 3.712617E+00 2.480502E+02
3.295770E+03 1.547900E+06 3.947815E+01 2.321435E-03 2.085721E+02 4.414903E+00 3.712624E+00 2.480502E+02
3.295775E+03 1.547910E+06 3.947815E+01 2.321852E-03 2.085721E+02 4.414908E+00 3.712628E+00 2.480502E+02
3.295782E+03 1.547920E+06 3.947815E+01 2.322456E-03 2.085721E+02 4.414917E+00 3.712635E+00 2.480502E+02
3.295791E+03 1.547930E+06 3.947815E+01 2.323132E-03 2.085721E+02 4.414926E+00 3.712643E+00 2.480502E+02
3.295800E+03 1.547940E+06 3.947815E+01 2.323834E-03 2.085721E+02 4.414936E+00 3.712651E+00 2.480502E+02
3.295809E+03 1.547950E+06 3.947815E+01 2.324591E-03 2.085721E+02 4.414946E+00 3.712660E+00 2.480502E+02
3.295818E+03 1.547960E+06 3.947815E+01 2.325351E-03 2.085721E+02 4.414957E+00 3.712669E+00 2.480502E+02
3.295828E+03 1.547970E+06 3.947815E+01 2.326112E-03 2.085721E+02 4.414967E+00 3.712678E+00 2.480502E+02
3.295837E+03 1.547980E+06 3.947815E+01 2.326872E-03 2.085721E+02 4.414978E+00 3.712688E+00 2.480502E+02
3.295847E+03 1.547990E+06 3.947815E+01 2.327633E-03 2.085721E+02 4.414989E+00 3.712697E+00 2.480502E+02
3.295856E+03 1.548000E+06 3.947815E+01 2.328405E-03 2.085721E+02 4.415000E+00 3.712706E+00 2.480502E+02
3.295866E+03 1.548010E+06 3.947815E+01 2.329150E-03 2.085721E+02 4.415011E+00 3.712715E+00 2.480502E+02
3.295875E+03 1.548020E+06 3.947815E+01 2.329883E-03 2.085721E+02 4.415021E+00 3.712724E+00 2.480502E+02
3.295884E+03 1.548030E+06 3.947815E+01 2.330586E-03 2.085721E+02 4.415032E+00 3.712733E+00 2.480502E+02
3.295892E+03 1.548040E+06 3.947815E+01 2.331247E-03 2.085721E+02 4.415041E+00 3.712742E+00 2.480502E+02
3.295900E+03 1.548050E+06 3.947815E+01 2.331901E-03 2.085721E+02 4.415051E+00 3.712750E+00 2.480502E+02
3.295908E+03 1.548060E+06 3.947815E+01 2.332569E-03 2.085721E+02 4.415062E+00 3.712759E+00 2.480502E+02
3.295916E+03 1.548070E+06 3.947815E+01 2.333214E-03 2.085721E+02 4.415071E+00 3.712767E+00 2.480502E+02
3.295924E+03 1.548080E+06 3.947815E+01 2.333841E-03 2.085721E+02 4.415081E+00 3.712775E+00 2.480502E+02
3.295932E+03 1.548090E+06 3.947815E+01 2.334466E-03 2.085721E+02 4.415090E+00 3.712783E+00 2.480502E+02
3.295940E+03 1.548100E+06 3.947815E+01 2.335091E-03 2.085721E+02 4.415100E+00 3.712791E+00 2.480502E+02
3.295948E+03 1.548110E+06 3.947815E+01 2.335731E-03 2.085721E+02 4.415110E+00 3.712800E+00 2.480502E+02
3.295956E+03 1.548120E+06 3.947815E+01 2.336381E-03 2.085721E+02 4.415120E+00 3.712808E+00 2.480502E+02
3.295964E+03 1.548130E+06 3.947815E+01 2.337029E-03 2.085721E+02 4.415130E+00 3.712817E+00 2.480502E+02
3.295972E+03 1.548140E+06 3.947815E+01 2.337663E-03 2.085721E+02 4.415140E+00 3.712825E+00 2.480502E+02
3.295980E+03 1.548150E+06 3.947815E+01 2.338295E-03 2.085721E+02 4.415150E+00 3.712834E+00 2.480502E+02
3.295988E+03 1.548160E+06 3.947815E+01 2.338927E-03 2.085721E+02 4.415160E+00 3.712842E+00 2.480502E+02
3.295996E+03 1.548170E+06 3.947815E+01 2.339565E-03 2.085721E+02 4.415170E+00 3.712851E+00 2.480502E+02
3.296004E+03 1.548180E+06 3.947815E+01 2.340201E-03 2.085721E+02 4.415180E+00 3.712859E+00 2.480502E+02
3.296012E+03 1.548190E+06 3.947815E+01 2.340836E-03 2.085721E+02 4.415190E+00 3.712868E+00 2.480502E+02
3.296020E+03 1.548200E+06 3.947815E+01 2.341462E-03 2.085721E+02 4.415200E+00 3.712876E+00 2.480502E+02
3.296028E+03 1.548210E+06 3.947815E+01 2.342077E-03 2.085721E+02 4.415210E+00 3.712885E+00 2.480502E+02
3.296036E+03 1.548220E+06 3.947815E+01 2.342694E-03 2.085721E+02 4.415220E+00 3.712894E+00 2.480502E+02
3.296044E+03 1.548230E+06 3.947815E+01 2.343316E-03 2.085721E+02 4.415231E+00 3.712903E+00 2.480502E+02
3.296052E+03 1.548240E+06 3.947815E+01 2.343970E-03 2.085721E+02 4.415241E+00 3.712912E+00 2.480502E+02
3.296060E+03 1.548250E+06 3.947815E+01 2.344626E-03 2.085721E+02 4.415252E+00 3.712921E+00 2.480502E+02
3.296069E+03 1.548260E+06 3.947815E+01 2.345283E-03 2.085721E+02 4.415263E+00 3.712930E+00 2.480502E+02
3.296077E+03 1.548270E+06 3.947815E+01 2.345941E-03 2.085721E+02 4.415274E+00 3.712940E+00 2.480502E+02
3.296085E+03 1.548280E+06 3.947815E+01 2.346598E-03 2.085721E+02 4.415286E+00 3.712949E+00 2.480502E+02
3.296094E+03 1.548290E+06 3.947815E+01 2.347257E-03 2.085721E+02 4.415297E+00 3.712959E+00 2.480502E+02
3.296102E+03 1.548300E+06 3.947815E+01 2.347907E-03 2.085721E+02 4.415308E+00 3.712968E+00 2.480502E+02
3.296110E+03 1.548310E+06 3.947815E+01 2.348551E-03 2.085721E+02 4.415319E+00 3.712977E+00 2.480502E+02
3.296118E+03 1.548320E+06 3.947815E+01 2.349194E-03 2.085721E+02 4.415330E+00 3.712987E+00 2.480502E+02
3.296126E+03 1.548330E+06 3.947815E+01 2.349837E-03 2.085721E+02 4.415342E+00 3.712997E+00 2.480502E+02
3.296134E+03 1.548340E+06 3.947815E+01 2.350458E-03 2.085721E+02 4.415353E+00 3.713006E+00 2.480502E+02
3.296142E+03 1.548350E+06 3.947815E+01 2.351055E-03 2.085721E+02 4.415363E+00 3.713015E+00 2.480502E+02
3.296150E+03 1.548360E+06 3.947815E+01 2.351686E-03 2.085721E+02 4.415374E+00 3.713024E+00 2.480502E+02
3.296158E+03 1.548370E+06 3.947815E+01 2.352307E-03 2.085721E+02 4.415385E+00 3.713034E+00 2.480502E+02
3.296166E+03 1.548380E+06 3.947815E+01 2.352938E-03 2.085721E+02 4.415397E+00 3.713044E+00 2.480502E+02
3.296174E+03 1.548390E+06 3.947815E+01 2.353571E-03 2.085721E+02 4.415409E+00 3.713054E+00 2.480502E+02
3.296182E+03 1.548400E+06 3.947815E+01 2.354204E-03 2.085721E+02 4.415420E+00 3.713063E+00 2.480502E+02
3.296190E+03 1.548410E+06 3.947815E+01 2.354839E-03 2.085721E+02 4.415431E+00 3.713073E+00 2.480502E+02
3.296198E+03 1.548420E+06 3.947815E+01 2.355480E-03 2.085721E+02 4.415443E+00 3.713083E+00 2.480502E+02
3.296207E+03 1.548430E+06 3.947815E+01 2.356121E-03 2.085721E+02 4.415455E+00 3.713094E+00 2.480502E+02
3.296215E+03 1.548440E+06 3.947815E+01 2.356760E-03 2.085721E+02 4.415468E+00 3.713104E+00 2.480502E+02
3.296223E+03 1.548450E+06 3.947815E+01 2.357379E-03 2.085721E+02 4.415479E+00 3.713114E+00 2.480502E+02
3.296231E+03 1.548460E+06 3.947815E+01 2.357998E-03 2.085721E+02 4.415490E+00 3.713123E+00 2.480502E+02
3.296239E+03 1.548470E+06 3.947815E+01 2.358620E-03 2.085721E+02 4.415501E+00 3.713133E+00 2.480502E+02
3.296247E+03 1.548480E+06 3.947815E+01 2.359285E-03 2.085721E+02 4.415513E+00 3.713143E+00 2.480502E+02
3.296255E+03 1.548490E+06 3.947815E+01 2.359942E-03 2.085721E+02 4.415525E+00 3.713153E+00 2.480502E+02
3.296264E+03 1.548500E+06 3.947815E+01 2.360590E-03 2.085721E+02 4.415537E+00 3.713163E+00 2.480502E+02
3.296272E+03 1.548510E+06 3.947815E+01 2.361238E-03 2.085721E+02 4.415549E+00 3.713173E+00 2.480502E+02
3.296280E+03 1.548520E+06 3.947815E+01 2.361884E-03 2.085721E+02 4.415560E+00 3.713183E+00 2.480502E+02
3.296288E+03 1.548530E+06 3.947815E+01 2.362533E-03 2.085721E+02 4.415572E+00 3.713193E+00 2.480502E+02
3.296297E+03 1.548540E+06 3.947815E+01 2.363208E-03 2.085721E+02 4.415584E+00 3.713203E+00 2.480502E+02
3.296306E+03 1.548550E+06 3.947815E+01 2.363881E-03 2.085721E+02 4.415596E+00 3.713213E+00 2.480502E+02
3.296314E+03 1.548560E+06 3.947815E+01 2.364554E-03 2.085721E+02 4.415608E+00 3.713224E+00 2.480502E+02
3.296323E+03 1.548570E+06 3.947815E+01 2.365209E-03 2.085721E+02 4.415620E+00 3.713234E+00 2.480502E+02
3.296331E+03 1.548580E+06 3.947815E+01 2.365852E-03 2.085721E+02 4.415632E+00 3.713244E+00 2.480502E+02
3.296339E+03 1.548590E+06 3.947815E+01 2.366501E-03 2.085721E+02 4.415645E+00 3.713254E+00 2.480502E+02
3.296348E+03 1.548600E+06 3.947815E+01 2.367194E-03 2.085721E+02 4.415657E+00 3.713265E+00 2.480502E+02
3.296357E+03 1.548610E+06 3.947815E+01 2.367911E-03 2.085721E+02 4.415671E+00 3.713277E+00 2.480502E+02
3.296366E+03 1.548620E+06 3.947815E+01 2.368629E-03 2.085721E+02 4.415685E+00 3.713288E+00 2.480502E+02
3.296376E+03 1.548630E+06 3.947815E+01 2.369349E-03 2.085721E+02 4.415698E+00 3.713300E+00 2.480502E+02
3.296385E+03 1.548640E+06 3.947815E+01 2.370065E-03 2.085721E+02 4.415712E+00 3.713312E+00 2.480502E+02
3.296394E+03 1.548650E+06 3.947815E+01 2.370772E-03 2.085721E+02 4.415726E+00 3.713323E+00 2.480502E+02
3.296403E+03 1.548660E+06 3.947815E+01 2.371481E-03 2.085721E+02 4.415740E+00 3.713335E+00 2.480502E+02
3.296412E+03 1.548670E+06 3.947815E+01 2.372170E-03 2.085721E+02 4.415753E+00 3.713347E+00 2.480502E+02
3.296420E+03 1.548680E+06 3.947815E+01 2.372833E-03 2.085721E+02 4.415766E+00 3.713357E+00 2.480502E+02
3.296429E+03 1.548690E+06 3.947815E+01 2.373460E-03 2.085721E+02 4.415778E+00 3.713367E+00 2.480502E+02
3.296437E+03 1.548700E+06 3.947815E+01 2.374082E-03 2.085721E+02 4.415790E+00 3.713377E+00 2.480502E+02
3.296445E+03 1.548710E+06 3.947815E+01 2.374730E-03 2.085721E+02 4.415802E+00 3.713388E+00 2.480502E+02
3.296453E+03 1.548720E+06 3.947815E+01 2.375378E-03 2.085721E+02 4.415814E+00 3.713398E+00 2.480502E+02
3.296461E+03 1.548730E+06 3.947815E+01 2.376031E-03 2.085721E+02 4.415826E+00 3.713409E+00 2.480502E+02
3.296470E+03 1.548740E+06 3.947815E+01 2.376681E-03 2.085721E+02 4.415838E+00 3.713418E+00 2.480502E+02
3.296478E+03 1.548750E+06 3.947814E+01 2.377331E-03 2.085721E+02 4.415849E+00 3.713428E+00 2.480502E+02
3.296486E+03 1.548760E+06 3.947814E+01 2.377981E-03 2.085721E+02 4.415860E+00 3.713438E+00 2.480502E+02
3.296495E+03 1.548770E+06 3.947814E+01 2.378634E-03 2.085721E+02 4.415872E+00 3.713447E+00 2.480502E+02
3.296503E+03 1.548780E+06 3.947814E+01 2.379288E-03 2.085721E+02 4.415883E+00 3.713457E+00 2.480502E+02
3.296511E+03 1.548790E+06 3.947814E+01 2.379942E-03 2.085721E+02 4.415894E+00 3.713467E+00 2.480502E+02
3.296520E+03 1.548800E+06 3.947814E+01 2.380595E-03 2.085721E+02 4.415906E+00 3.713476E+00 2.480502E+02
3.296528E+03 1.548810E+06 3.947814E+01 2.381249E-03 2.085721E+02 4.415917E+00 3.713485E+00 2.480502E+02
3.296536E+03 1.548820E+06 3.947814E+01 2.381906E-03 2.085721E+02 4.415928E+00 3.713495E+00 2.480502E+02
3.296545E+03 1.548830E+06 3.947814E+01 2.382573E-03 2.085721E+02 4.415939E+00 3.713505E+00 2.480502E+02
3.296553E+03 1.548840E+06 3.947814E+01 2.383239E-03 2.085721E+02 4.415951E+00 3.713515E+00 2.480502E+02
3.296562E+03 1.548850E+06 3.947814E+01 2.383904E-03 2.085721E+02 4.415963E+00 3.713525E+00 2.480502E+02
3.296570E+03 1.548860E+06 3.947814E+01 2.384571E-03 2.085721E+02 4.415974E+00 3.713535E+00 2.480502E+02
3.296579E+03 1.548870E+06 3.947814E+01 2.385235E-03 2.085721E+02 4.415986E+00 3.713544E+00 2.480502E+02
3.296587E+03 1.548880E+06 3.947814E+01 2.385915E-03 2.085721E+02 4.415997E+00 3.713554E+00 2.480502E+02
3.296596E+03 1.548890E+06 3.947814E+01 2.386606E-03 2.085721E+02 4.416009E+00 3.713564E+00 2.480502E+02
3.296605E+03 1.548900E+06 3.947814E+01 2.387310E-03 2.085721E+02 4.416021E+00 3.713574E+00 2.480502E+02
3.296614E+03 1.548910E+06 3.947814E+01 2.388017E-03 2.085721E+02 4.416032E+00 3.713584E+00 2.480502E+02
3.296623E+03 1.548920E+06 3.947814E+01 2.388702E-03 2.085721E+02 4.416045E+00 3.713594E+00 2.480502E+02
3.296631E+03 1.548930E+06 3.947814E+01 2.389356E-03 2.085721E+02 4.416056E+00 3.713604E+00 2.480502E+02
3.296640E+03 1.548940E+06 3.947814E+01 2.390036E-03 2.085721E+02 4.416067E+00 3.713613E+00 2.480502E+02
3.296648E+03 1.548950E+06 3.947814E+01 2.390658E-03 2.085721E+02 4.416078E+00 3.713623E+00 2.480502E+02
3.296655E+03 1.548960E+06 3.947814E+01 2.391259E-03 2.085721E+02 4.416088E+00 3.713631E+00 2.480502E+02
3.296663E+03 1.548970E+06 3.947814E+01 2.391848E-03 2.085721E+02 4.416098E+00 3.713640E+00 2.480502E+02
3.296670E+03 1.548980E+06 3.947814E+01 2.392413E-03 2.085721E+02 4.416108E+00 3.713649E+00 2.480502E+02
3.296677E+03 1.548990E+06 3.947814E+01 2.392980E-03 2.085721E+02 4.416118E+00 3.713657E+00 2.480502E+02
3.296685E+03 1.549000E+06 3.947814E+01 2.393559E-03 2.085721E+02 4.416128E+00 3.713665E+00 2.480502E+02
3.296692E+03 1.549010E+06 3.947814E+01 2.394135E-03 2.085721E+02 4.416137E+00 3.713673E+00 2.480502E+02
3.296699E+03 1.549020E+06 3.947814E+01 2.394708E-03 2.085721E+02 4.416147E+00 3.713682E+00 2.480502E+02
3.296707E+03 1.549030E+06 3.947814E+01 2.395281E-03 2.085721E+02 4.416157E+00 3.713690E+00 2.480502E+02
3.296714E+03 1.549040E+06 3.947814E+01 2.395853E-03 2.085721E+02 4.416167E+00 3.713699E+00 2.480502E+02
3.296721E+03 1.549050E+06 3.947814E+01 2.396425E-03 2.085721E+02 4.416177E+00 3.713707E+00 2.480502E+02
3.296729E+03 1.549060E+06 3.947814E+01 2.396996E-03 2.085721E+02 4.416187E+00 3.713716E+00 2.480502E+02
3.296736E+03 1.549070E+06 3.947814E+01 2.397577E-03 2.085721E+02 4.416197E+00 3.713724E+00 2.480502E+02
3.296744E+03 1.549080E+06 3.947814E+01 2.398157E-03 2.085721E+02 4.416207E+00 3.713733E+00 2.480502E+02
3.296751E+03 1.549090E+06 3.947814E+01 2.398735E-03 2.085721E+02 4.416218E+00 3.713742E+00 2.480502E+02
3.296758E+03 1.549100E+06 3.947814E+01 2.399313E-03 2.085721E+02 4.416228E+00 3.713750E+00 2.480502E+02
3.296766E+03 1.549110E+06 3.947814E+01 2.399893E-03 2.085721E+02 4.416239E+00 3.713760E+00 2.480502E+02
3.296773E+03 1.549120E+06 3.947814E+01 2.400470E-03 2.085721E+02 4.416250E+00 3.713769E+00 2.480502E+02
3.296781E+03 1.549130E+06 3.947814E+01 2.401051E-03 2.085721E+02 4.416260E+00 3.713778E+00 2.480502E+02
3.296788E+03 1.549140E+06 3.947814E+01 2.401636E-03 2.085721E+02 4.416271E+00 3.713787E+00 2.480502E+02
3.296796E+03 1.549150E+06 3.947814E+01 2.402223E-03 2.085721E+02 4.416283E+00 3.713797E+00 2.480502E+02
3.296803E+03 1.549160E+06 3.947814E+01 2.402810E-03 2.085721E+02 4.416294E+00 3.713806E+00 2.480502E+02
3.296811E+03 1.549170E+06 3.947814E+01 2.403396E-03 2.085721E+02 4.416305E+00 3.713816E+00 2.480502E+02
3.296819E+03 1.549180E+06 3.947814E+01 2.403981E-03 2.085721E+02 4.416316E+00 3.713825E+00 2.480502E+02
3.296826E+03 1.549190E+06 3.947814E+01 2.404564E-03 2.085721E+02 4.416328E+00 3.713835E+00 2.480502E+02
3.296834E+03 1.549200E+06 3.947814E+01 2.405157E-03 2.085721E+02 4.416339E+00 3.713845E+00 2.480502E+02
3.296841E+03 1.549210E+06 3.947814E+01 2.405749E-03 2.085721E+02 4.416351E+00 3.713855E+00 2.480502E+02
3.296849E+03 1.549220E+06 3.947814E+01 2.406341E-03 2.085721E+02 4.416363E+00 3.713865E+00 2.480502E+02
3.296857E+03 1.549230E+06 3.947814E+01 2.406932E-03 2.085721E+02 4.416374E+00 3.713875E+00 2.480502E+02
3.296864E+03 1.549240E+06 3.947814E+01 2.407523E-03 2.085721E+02 4.416386E+00 3.713885E+00 2.480502E+02
3.296872E+03 1.549250E+06 3.947814E+01 2.408112E-03 2.085721E+02 4.416398E+00 3.713895E+00 2.480502E+02
3.296880E+03 1.549260E+06 3.947814E+01 2.408710E-03 2.085721E+02 4.416410E+00 3.713905E+00 2.480502E+02
3.296888E+03 1.549270E+06 3.947814E+01 2.409319E-03 2.085721E+02 4.416423E+00 3.713915E+00 2.480502E+02
3.296896E+03 1.549280E+06 3.947814E+01 2.409928E-03 2.085721E+02 4.416436E+00 3.713927E+00 2.480502E+02
3.296904E+03 1.549290E+06 3.947814E+01 2.410538E-03 2.085721E+02 4.416448E+00 3.713937E+00 2.480502E+02
3.296911E+03 1.549300E+06 3.947814E+01 2.411147E-03 2.085721E+02 4.416461E+00 3.713948E+00 2.480502E+02
3.296919E+03 1.549310E+06 3.947814E+01 2.411753E-03 2.085721E+02 4.416474E+00 3.713959E+00 2.480502E+02
3.296927E+03 1.549320E+06 3.947814E+01 2.412363E-03 2.085721E+02 4.416486E+00 3.713970E+00 2.480502E+02
3.296935E+03 1.549330E+06 3.947814E+01 2.412980E-03 2.085721E+02 4.416499E+00 3.713981E+00 2.480502E+02
3.296944E+03 1.549340E+06 3.947814E+01 2.413608E-03 2.085721E+02 4.416513E+00 3.713992E+00 2.480502E+02
3.296952E+03 1.549350E+06 3.947814E+01 2.414236E-03 2.085721E+02 4.416526E+00 3.714004E+00 2.480502E+02
3.296960E+03 1.549360E+06 3.947814E+01 2.414867E-03 2.085721E+02 4.416540E+00 3.714016E+00 2.480502E+02
3.296968E+03 1.549370E+06 3.947814E+01 2.415500E-03 2.085721E+02 4.416554E+00 3.714027E+00 2.480502E+02
3.296976E+03 1.549380E+06 3.947814E+01 2.416131E-03 2.085721E+02 4.416568E+00 3.714039E+00 2.480502E+02
3.296985E+03 1.549390E+06 3.947814E+01 2.416767E-03 2.085721E+02 4.416582E+00 3.714051E+00 2.480502E+02
3.296993E+03 1.549400E+06 3.947814E+01 2.417404E-03 2.085721E+02 4.416596E+00 3.714062E+00 2.480502E+02
3.297001E+03 1.549410E+06 3.947814E+01 2.418042E-03 2.085721E+02 4.416610E+00 3.714075E+00 2.480502E+02
3.297010E+03 1.549420E+06 3.947814E+01 2.418680E-03 2.085721E+02 4.416624E+00 3.714087E+00 2.480502E+02
3.297018E+03 1.549430E+06 3.947814E+01 2.419317E-03 2.085721E+02 4.416639E+00 3.714099E+00 2.480502E+02
3.297026E+03 1.549440E+06 3.947814E+01 2.419962E-03 2.085721E+02 4.416653E+00 3.714111E+00 2.480502E+02
3.297035E+03 1.549450E+06 3.947814E+01 2.420613E-03 2.085721E+02 4.416667E+00 3.714123E+00 2.480502E+02
3.297043E+03 1.549460E+06 3.947814E+01 2.421262E-03 2.085721E+02 4.416682E+00 3.714135E+00 2.480502E+02
3.297052E+03 1.549470E+06 3.947814E+01 2.421911E-03 2.085721E+02 4.416696E+00 3.714148E+00 2.480502E+02
3.297060E+03 1.549480E+06 3.947814E+01 2.422560E-03 2.085721E+02 4.416711E+00 3.714160E+00 2.480502E+02
3.297069E+03 1.549490E+06 3.947814E+01 2.423209E-03 2.085721E+02 4.416725E+00 3.714172E+00 2.480502E+02
3.297077E+03 1.549500E+06 3.947814E+01 2.423870E-03 2.085721E+02 4.416739E+00 3.714184E+00 2.480502E+02
3.297086E+03 1.549510E+06 3.947814E+01 2.424544E-03 2.085721E+02 4.416754E+00 3.714197E+00 2.480502E+02
3.297095E+03 1.549520E+06 3.947814E+01 2.425207E-03 2.085721E+02 4.416769E+00 3.714209E+00 2.480502E+02
3.297103E+03 1.549530E+06 3.947814E+01 2.425858E-03 2.085721E+02 4.416784E+00 3.714222E+00 2.480502E+02
3.297112E+03 1.549540E+06 3.947814E+01 2.426510E-03 2.085721E+02 4.416799E+00 3.714235E+00 2.480502E+02
3.297120E+03 1.549550E+06 3.947814E+01 2.427163E-03 2.085721E+02 4.416814E+00 3.714247E+00 2.480502E+02
3.297129E+03 1.549560E+06 3.947814E+01 2.427848E-03 2.085721E+02 4.416830E+00 3.714261E+00 2.480502E+02
3.297139E+03 1.549570E+06 3.947814E+01 2.428554E-03 2.085721E+02 4.416846E+00 3.714275E+00 2.480502E+02
3.297148E+03 1.549580E+06 3.947814E+01 2.429283E-03 2.085721E+02 4.416863E+00 3.714289E+00 2.480502E+02
3.297158E+03 1.549590E+06 3.947814E+01 2.430017E-03 2.085721E+02 4.416880E+00 3.714304E+00 2.480502E+02
3.297167E+03 1.549600E+06 3.947814E+01 2.430752E-03 2.085721E+02 4.416897E+00 3.714318E+00 2.480502E+02
3.297177E+03 1.549610E+06 3.947814E+01 2.431488E-03 2.085721E+02 4.416914E+00 3.714332E+00 2.480502E+02
3.297187E+03 1.549620E+06 3.947814E+01 2.432254E-03 2.085721E+02 4.416932E+00 3.714348E+00 2.480502E+02
3.297197E+03 1.549630E+06 3.947814E+01 2.433029E-03 2.085721E+02 4.416950E+00 3.714363E+00 2.480502E+02
3.297207E+03 1.549640E+06 3.947814E+01 2.433801E-03 2.085721E+02 4.416969E+00 3.714379E+00 2.480502E+02
3.297217E+03 1.549650E+06 3.947814E+01 2.434518E-03 2.085721E+02 4.416985E+00 3.714393E+00 2.480502E+02
3.297226E+03 1.549660E+06 3.947814E+01 2.435256E-03 2.085721E+02 4.417002E+00 3.714407E+00 2.480502E+02
3.297236E+03 1.549670E+06 3.947814E+01 2.436005E-03 2.085721E+02 4.417020E+00 3.714422E+00 2.480502E+02
3.297246E+03 1.549680E+06 3.947814E+01 2.436756E-03 2.085721E+02 4.417037E+00 3.714437E+00 2.480502E+02
3.297256E+03 1.549690E+06 3.947814E+01 2.437508E-03 2.085721E+02 4.417055E+00 3.714452E+00 2.480502E+02
3.297265E+03 1.549700E+06 3.947814E+01 2.438262E-03 2.085721E+02 4.417073E+00 3.714467E+00 2.480502E+02
3.297275E+03 1.549710E+06 3.947814E+01 2.439034E-03 2.085721E+02 4.417091E+00 3.714482E+00 2.480502E+02
3.297286E+03 1.549720E+06 3.947814E+01 2.439805E-03 2.085721E+02 4.417108E+00 3.714497E+00 2.480502E+02
3.297295E+03 1.549730E+06 3.947814E+01 2.440572E-03 2.085721E+02 4.417125E+00 3.714512E+00 2.480502E+02
3.297305E+03 1.549740E+06 3.947814E+01 2.441339E-03 2.085721E+02 4.417142E+00 3.714526E+00 2.480502E+02
3.297315E+03 1.549750E+06 3.947813E+01 2.442114E-03 2.085721E+02 4.417159E+00 3.714540E+00 2.480502E+02
3.297326E+03 1.549760E+06 3.947813E+01 2.442893E-03 2.085721E+02 4.417176E+00 3.714555E+00 2.480502E+02
3.297336E+03 1.549770E+06 3.947813E+01 2.443685E-03 2.085721E+02 4.417193E+00 3.714569E+00 2.480502E+02
3.297346E+03 1.549780E+06 3.947813E+01 2.444477E-03 2.085721E+02 4.417211E+00 3.714584E+00 2.480502E+02
3.297356E+03 1.549790E+06 3.947813E+01 2.445271E-03 2.085721E+02 4.417227E+00 3.714598E+00 2.480502E+02
3.297366E+03 1.549800E+06 3.947813E+01 2.446014E-03 2.085721E+02 4.417242E+00 3.714611E+00 2.480502E+02
3.297376E+03 1.549810E+06 3.947813E+01 2.446773E-03 2.085721E+02 4.417258E+00 3.714624E+00 2.480502E+02
3.297386E+03 1.549820E+06 3.947813E+01 2.447558E-03 2.085721E+02 4.417274E+00 3.714638E+00 2.480502E+02
3.297396E+03 1.549830E+06 3.947813E+01 2.448345E-03 2.085721E+02 4.417290E+00 3.714651E+00 2.480502E+02
3.297406E+03 1.549840E+06 3.947813E+01 2.449132E-03 2.085721E+02 4.417305E+00 3.714664E+00 2.480502E+02
3.297416E+03 1.549850E+06 3.947813E+01 2.449917E-03 2.085721E+02 4.417321E+00 3.714677E+00 2.480502E+02
3.297426E+03 1.549860E+06 3.947813E+01 2.450705E-03 2.085721E+02 4.417336E+00 3.714690E+00 2.480502E+02
3.297435E+03 1.549870E+06 3.947813E+01 2.451473E-03 2.085721E+02 4.417351E+00 3.714703E+00 2.480502E+02
3.297445E+03 1.549880E+06 3.947813E+01 2.452238E-03 2.085721E+02 4.417365E+00 3.714715E+00 2.480502E+02
3.297455E+03 1.549890E+06 3.947813E+01 2.453007E-03 2.085721E+02 4.417379E+00 3.714727E+00 2.480502E+02
3.297465E+03 1.549900E+06 3.947813E+01 2.453775E-03 2.085721E+02 4.417393E+00 3.714739E+00 2.480502E+02
3.297475E+03 1.549910E+06 3.947813E+01 2.454548E-03 2.085721E+02 4.417407E+00 3.714751E+00 2.480502E+02
3.297484E+03 1.549920E+06 3.947813E+01 2.455309E-03 2.085721E+02 4.417421E+00 3.714763E+00 2.480502E+02
3.297494E+03 1.549930E+06 3.947813E+01 2.456059E-03 2.085721E+02 4.417435E+00 3.714775E+00 2.480502E+02
3.297503E+03 1.549940E+06 3.947813E+01 2.456809E-03 2.085721E+02 4.417450E+00 3.714787E+00 2.480502E+02
3.297513E+03 1.549950E+06 3.947813E+01 2.457556E-03 2.085721E+02 4.417464E+00 3.714799E+00 2.480502E+02
3.297522E+03 1.549960E+06 3.947813E+01 2.458310E-03 2.085721E+02 4.417477E+00 3.714810E+00 2.480502E+02
3.297532E+03 1.549970E+06 3.947813E+01 2.459066E-03 2.085721E+02 4.417491E+00 3.714822E+00 2.480502E+02
3.297542E+03 1.549980E+06 3.947813E+01 2.459821E-03 2.085721E+02 4.417505E+00 3.714834E+00 2.480502E+02
3.297551E+03 1.549990E+06 3.947813E+01 2.460575E-03 2.085721E+02 4.417520E+00 3.714846E+00 2.480502E+02
3.297561E+03 1.550000E+06 3.947813E+01 2.461329E-03 2.085721E+02 4.417534E+00 3.714859E+00 2.480502E+02
3.297571E+03 1.550010E+06 3.947813E+01 2.462082E-03 2.085721E+02 4.417549E+00 3.714871E+00 2.480502E+02
3.297580E+03 1.550020E+06 3.947813E+01 2.462834E-03 2.085721E+02 4.417563E+00 3.714883E+00 2.480502E+02
3.297590E+03 1.550030E+06 3.947813E+01 2.463585E-03 2.085721E+02 4.417578E+00 3.714896E+00 2.480502E+02
3.297599E+03 1.550040E+06 3.947813E+01 2.464335E-03 2.085721E+02 4.417593E+00 3.714909E+00 2.480502E+02
3.297609E+03 1.550050E+06 3.947813E+01 2.465086E-03 2.085721E+02 4.417608E+00 3.714921E+00 2.480502E+02
3.297619E+03 1.550060E+06 3.947813E+01 2.465823E-03 2.085721E+02 4.417623E+00 3.714934E+00 2.480502E+02
3.297627E+03 1.550070E+06 3.947813E+01 2.466494E-03 2.085721E+02 4.417635E+00 3.714944E+00 2.480502E+02
3.297635E+03 1.550080E+06 3.947813E+01 2.467146E-03 2.085721E+02 4.417648E+00 3.714955E+00 2.480502E+02
3.297644E+03 1.550090E+06 3.947813E+01 2.467795E-03 2.085721E+02 4.417661E+00 3.714966E+00 2.480502E+02
3.297652E+03 1.550100E+06 3.947813E+01 2.468445E-03 2.085721E+02 4.417674E+00 3.714977E+00 2.480502E+02
3.297660E+03 1.550110E+06 3.947813E+01 2.469099E-03 2.085721E+02 4.417687E+00 3.714988E+00 2.480502E+02
3.297669E+03 1.550120E+06 3.947813E+01 2.469754E-03 2.085721E+02 4.417699E+00 3.714999E+00 2.480502E+02
3.297677E+03 1.550130E+06 3.947813E+01 2.470404E-03 2.085721E+02 4.417712E+00 3.715009E+00 2.480502E+02
3.297685E+03 1.550140E+06 3.947813E+01 2.471054E-03 2.085721E+02 4.417724E+00 3.715020E+00 2.480502E+02
3.297694E+03 1.550150E+06 3.947813E+01 2.471705E-03 2.085721E+02 4.417737E+00 3.715031E+00 2.480502E+02
3.297702E+03 1.550160E+06 3.947813E+01 2.472354E-03 2.085721E+02 4.417749E+00 3.715041E+00 2.480502E+02
3.297710E+03 1.550170E+06 3.947813E+01 2.473004E-03 2.085721E+02 4.417761E+00 3.715052E+00 2.480502E+02
3.297719E+03 1.550180E+06 3.947813E+01 2.473688E-03 2.085721E+02 4.417774E+00 3.715062E+00 2.480502E+02
3.297728E+03 1.550190E+06 3.947813E+01 2.474389E-03 2.085721E+02 4.417787E+00 3.715073E+00 2.480502E+02
3.297737E+03 1.550200E+06 3.947813E+01 2.475092E-03 2.085721E+02 4.417800E+00 3.715084E+00 2.480502E+02
3.297746E+03 1.550210E+06 3.947813E+01 2.475774E-03 2.085721E+02 4.417812E+00 3.715094E+00 2.480502E+02
3.297754E+03 1.550220E+06 3.947813E+01 2.476451E-03 2.085721E+02 4.417824E+00 3.715105E+00 2.480502E+02
3.297762E+03 1.550230E+06 3.947813E+01 2.477071E-03 2.085721E+02 4.417835E+00 3.715114E+00 2.480502E+02
3.297770E+03 1.550240E+06 3.947813E+01 2.477717E-03 2.085721E+02 4.417846E+00 3.715123E+00 2.480502E+02
3.297778E+03 1.550250E+06 3.947813E+01 2.478339E-03 2.085721E+02 4.417857E+00 3.715132E+00 2.480502E+02
3.297786E+03 1.550260E+06 3.947813E+01 2.478959E-03 2.085721E+02 4.417867E+00 3.715141E+00 2.480502E+02
3.297793E+03 1.550270E+06 3.947813E+01 2.479562E-03 2.085721E+02 4.417876E+00 3.715149E+00 2.480502E+02
3.297801E+03 1.550280E+06 3.947813E+01 2.480165E-03 2.085721E+02 4.417886E+00 3.715158E+00 2.480502E+02
3.297809E+03 1.550290E+06 3.947813E+01 2.480769E-03 2.085721E+02 4.417896E+00 3.715166E+00 2.480502E+02
3.297816E+03 1.550300E+06 3.947813E+01 2.481388E-03 2.085721E+02 4.417907E+00 3.715175E+00 2.480502E+02
3.297824E+03 1.550310E+06 3.947813E+01 2.482007E-03 2.085721E+02 4.417917E+00 3.715184E+00 2.480502E+02
3.297832E+03 1.550320E+06 3.947813E+01 2.482627E-03 2.085721E+02 4.417927E+00 3.715192E+00 2.480502E+02
3.297840E+03 1.550330E+06 3.947813E+01 2.483246E-03 2.085721E+02 4.417937E+00 3.715200E+00 2.480502E+02
3.297847E+03 1.550340E+06 3.947813E+01 2.483865E-03 2.085721E+02 4.417947E+00 3.715209E+00 2.480502E+02
3.297855E+03 1.550350E+06 3.947813E+01 2.484482E-03 2.085721E+02 4.417957E+00 3.715218E+00 2.480502E+02
3.297863E+03 1.550360E+06 3.947813E+01 2.485101E-03 2.085721E+02 4.417967E+00 3.715226E+00 2.480502E+02
3.297871E+03 1.550370E+06 3.947813E+01 2.485721E-03 2.085721E+02 4.417977E+00 3.715235E+00 2.480502E+02
3.297879E+03 1.550380E+06 3.947813E+01 2.486340E-03 2.085721E+02 4.417988E+00 3.715244E+00 2.480502E+02
3.297886E+03 1.550390E+06 3.947813E+01 2.486960E-03 2.085721E+02 4.417998E+00 3.715253E+00 2.480502E+02
3.297894E+03 1.550400E+06 3.947813E+01 2.487582E-03 2.085721E+02 4.418008E+00 3.715261E+00 2.480502E+02
3.297902E+03 1.550410E+06 3.947813E+01 2.488201E-03 2.085721E+02 4.418018E+00 3.715270E+00 2.480502E+02
3.297910E+03 1.550420E+06 3.947813E+01 2.488828E-03 2.085721E+02 4.418029E+00 3.715279E+00 2.480502E+02
3.297918E+03 1.550430E+06 3.947813E+01 2.489476E-03 2.085721E+02 4.418040E+00 3.715288E+00 2.480502E+02
3.297926E+03 1.550440E+06 3.947813E+01 2.490126E-03 2.085721E+02 4.418051E+00 3.715298E+00 2.480502E+02
3.297934E+03 1.550450E+06 3.947813E+01 2.490775E-03 2.085721E+02 4.418062E+00 3.715307E+00 2.480502E+02
3.297943E+03 1.550460E+06 3.947813E+01 2.491425E-03 2.085721E+02 4.418074E+00 3.715317E+00 2.480502E+02
3.297951E+03 1.550470E+06 3.947813E+01 2.492076E-03 2.085721E+02 4.418085E+00 3.715326E+00 2.480502E+02
3.297959E+03 1.550480E+06 3.947813E+01 2.492733E-03 2.085721E+02 4.418096E+00 3.715336E+00 2.480502E+02
3.297968E+03 1.550490E+06 3.947813E+01 2.493402E-03 2.085721E+02 4.418108E+00 3.715346E+00 2.480502E+02
3.297976E+03 1.550500E+06 3.947813E+01 2.494070E-03 2.085721E+02 4.418120E+00 3.715356E+00 2.480502E+02
3.297985E+03 1.550510E+06 3.947813E+01 2.494738E-03 2.085721E+02 4.418132E+00 3.715366E+00 2.480502E+02
3.297993E+03 1.550520E+06 3.947813E+01 2.495405E-03 2.085721E+02 4.418144E+00 3.715377E+00 2.480502E+02
3.298001E+03 1.550530E+06 3.947813E+01 2.496071E-03 2.085721E+02 4.418156E+00 3.715387E+00 2.480502E+02
3.298010E+03 1.550540E+06 3.947813E+01 2.496743E-03 2.085721E+02 4.418168E+00 3.715397E+00 2.480502E+02
3.298019E+03 1.550550E+06 3.947813E+01 2.497422E-03 2.085721E+02 4.418181E+00 3.715408E+00 2.480502E+02
3.298027E+03 1.550560E+06 3.947813E+01 2.498098E-03 2.085721E+02 4.418193E+00 3.715419E+00 2.480502E+02
3.298036E+03 1.550570E+06 3.947813E+01 2.498776E-03 2.085721E+02 4.418206E+00 3.715430E+00 2.480502E+02
3.298044E+03 1.550580E+06 3.947813E+01 2.499452E-03 2.085721E+02 4.418219E+00 3.715441E+00 2.480502E+02
3.298053E+03 1.550590E+06 3.947812E+01 2.500128E-03 2.085721E+02 4.418232E+00 3.715451E+00 2.480502E+02
3.298062E+03 1.550600E+06 3.947812E+01 2.500805E-03 2.085721E+02 4.418245E+00 3.715462E+00 2.480502E+02
3.298070E+03 1.550610E+06 3.947812E+01 2.501481E-03 2.085721E+02 4.418257E+00 3.715473E+00 2.480502E+02
3.298079E+03 1.550620E+06 3.947812E+01 2.502157E-03 2.085721E+02 4.418271E+00 3.715484E+00 2.480502E+02
3.298087E+03 1.550630E+06 3.947812E+01 2.502835E-03 2.085721E+02 4.418283E+00 3.715495E+00 2.480502E+02
3.298096E+03 1.550640E+06 3.947812E+01 2.503514E-03 2.085721E+02 4.418296E+00 3.715506E+00 2.480502E+02
3.298105E+03 1.550650E+06 3.947812E+01 2.504194E-03 2.085721E+02 4.418309E+00 3.715517E+00 2.480502E+02
3.298114E+03 1.550660E+06 3.947812E+01 2.504895E-03 2.085721E+02 4.418321E+00 3.715527E+00 2.480502E+02
3.298123E+03 1.550670E+06 3.947812E+01 2.505600E-03 2.085721E+02 4.418334E+00 3.715539E+00 2.480502E+02
3.298131E+03 1.550680E+06 3.947812E+01 2.506304E-03 2.085721E+02 4.418347E+00 3.715550E+00 2.480502E+02
3.298140E+03 1.550690E+06 3.947812E+01 2.507011E-03 2.085721E+02 4.418360E+00 3.715560E+00 2.480502E+02
3.298149E+03 1.550700E+06 3.947812E+01 2.507718E-03 2.085721E+02 4.418372E+00 3.715571E+00 2.480502E+02
3.298158E+03 1.550710E+06 3.947812E+01 2.508443E-03 2.085721E+02 4.418385E+00 3.715582E+00 2.480502E+02
3.298168E+03 1.550720E+06 3.947812E+01 2.509179E-03 2.085721E+02 4.418398E+00 3.715593E+00 2.480502E+02
3.298177E+03 1.550730E+06 3.947812E+01 2.509916E-03 2.085721E+02 4.418411E+00 3.715603E+00 2.480502E+02
3.298186E+03 1.550740E+06 3.947812E+01 2.510654E-03 2.085721E+02 4.418423E+00 3.715614E+00 2.480502E+02
3.298196E+03 1.550750E+06 3.947812E+01 2.511391E-03 2.085721E+02 4.418436E+00 3.715625E+00 2.480502E+02
3.298205E+03 1.550760E+06 3.947812E+01 2.512134E-03 2.085721E+02 4.418448E+00 3.715635E+00 2.480502E+02
3.298214E+03 1.550770E+06 3.947812E+01 2.512887E-03 2.085721E+02 4.418461E+00 3.715647E+00 2.480502E+02
3.298224E+03 1.550780E+06 3.947812E+01 2.513642E-03 2.085721E+02 4.418474E+00 3.715657E+00 2.480502E+02
3.298233E+03 1.550790E+06 3.947812E+01 2.514395E-03 2.085721E+02 4.418486E+00 3.715668E+00 2.480502E+02
3.298243E+03 1.550800E+06 3.947812E+01 2.515147E-03 2.085721E+02 4.418499E+00 3.715679E+00 2.480502E+02
3.298252E+03 1.550810E+06 3.947812E+01 2.515904E-03 2.085721E+02 4.418512E+00 3.715690E+00 2.480502E+02
3.298262E+03 1.550820E+06 3.947812E+01 2.516673E-03 2.085721E+02 4.418525E+00 3.715700E+00 2.480502E+02
3.298271E+03 1.550830E+06 3.947812E+01 2.517440E-03 2.085721E+02 4.418538E+00 3.715712E+00 2.480502E+02
3.298281E+03 1.550840E+06 3.947812E+01 2.518203E-03 2.085721E+02 4.418551E+00 3.715723E+00 2.480502E+02
3.298291E+03 1.550850E+06 3.947812E+01 2.518969E-03 2.085721E+02 4.418564E+00 3.715734E+00 2.480502E+02
3.298300E+03 1.550860E+06 3.947812E+01 2.519733E-03 2.085721E+02 4.418577E+00 3.715745E+00 2.480502E+02
3.298310E+03 1.550870E+06 3.947812E+01 2.520544E-03 2.085721E+02 4.418592E+00 3.715757E+00 2.480502E+02
3.298321E+03 1.550880E+06 3.947812E+01 2.521354E-03 2.085721E+02 4.418606E+00 3.715770E+00 2.480502E+02
3.298331E+03 1.550890E+06 3.947812E+01 2.522165E-03 2.085721E+02 4.418621E+00 3.715782E+00 2.480502E+02
3.298341E+03 1.550900E+06 3.947812E+01 2.522974E-03 2.085721E+02 4.418635E+00 3.715794E+00 2.480502E+02
3.298351E+03 1.550910E+06 3.947812E+01 2.523783E-03 2.085721E+02 4.418650E+00 3.715807E+00 2.480502E+02
3.298361E+03 1.550920E+06 3.947812E+01 2.524580E-03 2.085721E+02 4.418664E+00 3.715819E+00 2.480502E+02
3.298371E+03 1.550930E+06 3.947812E+01 2.525362E-03 2.085721E+02 4.418678E+00 3.715831E+00 2.480502E+02
3.298380E+03 1.550940E+06 3.947812E+01 2.526065E-03 2.085721E+02 4.418691E+00 3.715841E+00 2.480502E+02
3.298389E+03 1.550950E+06 3.947812E+01 2.526723E-03 2.085721E+02 4.418703E+00 3.715852E+00 2.480502E+02
3.298397E+03 1.550960E+06 3.947812E+01 2.527369E-03 2.085721E+02 4.418714E+00 3.715862E+00 2.480502E+02
3.298405E+03 1.550970E+06 3.947812E+01 2.528022E-03 2.085721E+02 4.418726E+00 3.715871E+00 2.480502E+02
3.298413E+03 1.550980E+06 3.947812E+01 2.528679E-03 2.085721E+02 4.418737E+00 3.715881E+00 2.480502E+02
3.298422E+03 1.550990E+06 3.947812E+01 2.529336E-03 2.085721E+02 4.418749E+00 3.715891E+00 2.480502E+02
3.298430E+03 1.551000E+06 3.947812E+01 2.529980E-03 2.085721E+02 4.418760E+00 3.715901E+00 2.480502E+02
3.298438E+03 1.551010E+06 3.947812E+01 2.530617E-03 2.085721E+02 4.418771E+00 3.715910E+00 2.480502E+02
3.298446E+03 1.551020E+06 3.947812E+01 2.531252E-03 2.085721E+02 4.418782E+00 3.715919E+00 2.480502E+02
3.298454E+03 1.551030E+06 3.947812E+01 2.531891E-03 2.085721E+02 4.418793E+00 3.715929E+00 2.480502E+02
3.298462E+03 1.551040E+06 3.947812E+01 2.532527E-03 2.085721E+02 4.418804E+00 3.715938E+00 2.480502E+02
3.298470E+03 1.551050E+06 3.947812E+01 2.533159E-03 2.085721E+02 4.418815E+00 3.715947E+00 2.480502E+02
3.298478E+03 1.551060E+06 3.947812E+01 2.533785E-03 2.085721E+02 4.418826E+00 3.715956E+00 2.480502E+02
3.298486E+03 1.551070E+06 3.947812E+01 2.534411E-03 2.085721E+02 4.418836E+00 3.715965E+00 2.480502E+02
3.298493E+03 1.551080E+06 3.947812E+01 2.535039E-03 2.085721E+02 4.418846E+00 3.715974E+00 2.480502E+02
3.298501E+03 1.551090E+06 3.947812E+01 2.535673E-03 2.085721E+02 4.418857E+00 3.715983E+00 2.480502E+02
3.298509E+03 1.551100E+06 3.947812E+01 2.536315E-03 2.085721E+02 4.418867E+00 3.715992E+00 2.480502E+02
3.298517E+03 1.551110E+06 3.947812E+01 2.536959E-03 2.085721E+02 4.418878E+00 3.716001E+00 2.480502E+02
3.298525E+03 1.551120E+06 3.947812E+01 2.537582E-03 2.085721E+02 4.418888E+00 3.716009E+00 2.480502E+02
3.298533E+03 1.551130E+06 3.947812E+01 2.538186E-03 2.085721E+02 4.418898E+00 3.716018E+00 2.480502E+02
3.298540E+03 1.551140E+06 3.947812E+01 2.538792E-03 2.085721E+02 4.418907E+00 3.716026E+00 2.480502E+02
3.298548E+03 1.551150E+06 3.947812E+01 2.539402E-03 2.085721E+02 4.418917E+00 3.716034E+00 2.480502E+02
3.298556E+03 1.551160E+06 3.947812E+01 2.540025E-03 2.085721E+02 4.418926E+00 3.716042E+00 2.480502E+02
3.298564E+03 1.551170E+06 3.947812E+01 2.540648E-03 2.085721E+02 4.418936E+00 3.716050E+00 2.480502E+02
3.298571E+03 1.551180E+06 3.947812E+01 2.541272E-03 2.085721E+02 4.418946E+00 3.716059E+00 2.480502E+02
3.298579E+03 1.551190E+06 3.947812E+01 2.541895E-03 2.085721E+02 4.418956E+00 3.716067E+00 2.480502E+02
3.298587E+03 1.551200E+06 3.947812E+01 2.542517E-03 2.085721E+02 4.418966E+00 3.716076E+00 2.480502E+02
3.298595E+03 1.551210E+06 3.947812E+01 2.543138E-03 2.085721E+02 4.418976E+00 3.716084E+00 2.480502E+02
3.298603E+03 1.551220E+06 3.947812E+01 2.543780E-03 2.085721E+02 4.418987E+00 3.716093E+00 2.480502E+02
3.298611E+03 1.551230E+06 3.947812E+01 2.544421E-03 2.085721E+02 4.418997E+00 3.716102E+00 2.480502E+02
3.298619E+03 1.551240E+06 3.947812E+01 2.545062E-03 2.085721E+02 4.419008E+00 3.716112E+00 2.480502E+02
3.298627E+03 1.551250E+06 3.947812E+01 2.545705E-03 2.085721E+02 4.419019E+00 3.716120E+00 2.480502E+02
3.298635E+03 1.551260E+06 3.947812E+01 2.546346E-03 2.085721E+02 4.419029E+00 3.716129E+00 2.480502E+02
3.298643E+03 1.551270E+06 3.947812E+01 2.546987E-03 2.085721E+02 4.419040E+00 3.716139E+00 2.480502E+02
3.298652E+03 1.551280E+06 3.947812E+01 2.547667E-03 2.085721E+02 4.419052E+00 3.716149E+00 2.480502E+02
3.298660E+03 1.551290E+06 3.947812E+01 2.548349E-03 2.085721E+02 4.419064E+00 3.716159E+00 2.480502E+02
3.298669E+03 1.551300E+06 3.947812E+01 2.549030E-03 2.085721E+02 4.419076E+00 3.716169E+00 2.480502E+02
3.298677E+03 1.551310E+06 3.947812E+01 2.549709E-03 2.085721E+02 4.419088E+00 3.716179E+00 2.480502E+02
3.298686E+03 1.551320E+06 3.947812E+01 2.550389E-03 2.085721E+02 4.419100E+00 3.716190E+00 2.480502E+02
3.298695E+03 1.551330E+06 3.947812E+01 2.551068E-03 2.085721E+02 4.419112E+00 3.716200E+00 2.480502E+02
3.298703E+03 1.551340E+06 3.947812E+01 2.551747E-03 2.085721E+02 4.419125E+00 3.716211E+00 2.480502E+02
3.298712E+03 1.551350E+06 3.947812E+01 2.552426E-03 2.085721E+02 4.419137E+00 3.716221E+00 2.480502E+02
3.298720E+03 1.551360E+06 3.947812E+01 2.553103E-03 2.085721E+02 4.419149E+00 3.716231E+00 2.480502E+02
3.298729E+03 1.551370E+06 3.947811E+01 2.553760E-03 2.085721E+02 4.419161E+00 3.716242E+00 2.480502E+02
3.298737E+03 1.551380E+06 3.947811E+01 2.554412E-03 2.085721E+02 4.419172E+00 3.716251E+00 2.480502E+02
3.298745E+03 1.551390E+06 3.947811E+01 2.555075E-03 2.085721E+02 4.419184E+00 3.716261E+00 2.480502E+02
3.298754E+03 1.551400E+06 3.947811E+01 2.555752E-03 2.085721E+02 4.419197E+00 3.716272E+00 2.480502E+02
3.298763E+03 1.551410E+06 3.947811E+01 2.556426E-03 2.085721E+02 4.419209E+00 3.716282E+00 2.480502E+02
3.298771E+03 1.551420E+06 3.947811E+01 2.557087E-03 2.085721E+02 4.419221E+00 3.716292E+00 2.480502E+02
3.298779E+03 1.551430E+06 3.947811E+01 2.557749E-03 2.085721E+02 4.419232E+00 3.716302E+00 2.480502E+02
3.298788E+03 1.551440E+06 3.947811E+01 2.558410E-03 2.085721E+02 4.419244E+00 3.716312E+00 2.480502E+02
3.298796E+03 1.551450E+06 3.947811E+01 2.559089E-03 2.085721E+02 4.419256E+00 3.716322E+00 2.480502E+02
3.298805E+03 1.551460E+06 3.947811E+01 2.559779E-03 2.085721E+02 4.419268E+00 3.716333E+00 2.480502E+02
3.298814E+03 1.551470E+06 3.947811E+01 2.560471E-03 2.085721E+02 4.419281E+00 3.716343E+00 2.480502E+02
3.298823E+03 1.551480E+06 3.947811E+01 2.561165E-03 2.085721E+02 4.419293E+00 3.716354E+00 2.480502E+02
3.298831E+03 1.551490E+06 3.947811E+01 2.561859E-03 2.085721E+02 4.419305E+00 3.716364E+00 2.480502E+02
3.298840E+03 1.551500E+06 3.947811E+01 2.562553E-03 2.085721E+02 4.419317E+00 3.716374E+00 2.480502E+02
3.298849E+03 1.551510E+06 3.947811E+01 2.563272E-03 2.085721E+02 4.419329E+00 3.716384E+00 2.480502E+02
3.298858E+03 1.551520E+06 3.947811E+01 2.563991E-03 2.085721E+02 4.419341E+00 3.716395E+00 2.480502E+02
3.298867E+03 1.551530E+06 3.947811E+01 2.564709E-03 2.085721E+02 4.419353E+00 3.716405E+00 2.480502E+02
3.298877E+03 1.551540E+06 3.947811E+01 2.565426E-03 2.085721E+02 4.419366E+00 3.716415E+00 2.480502E+02
3.298886E+03 1.551550E+06 3.947811E+01 2.566142E-03 2.085721E+02 4.419378E+00 3.716426E+00 2.480502E+02
3.298895E+03 1.551560E+06 3.947811E+01 2.566884E-03 2.085721E+02 4.419391E+00 3.716437E+00 2.480502E+02
3.298905E+03 1.551570E+06 3.947811E+01 2.567645E-03 2.085721E+02 4.419404E+00 3.716448E+00 2.480502E+02
3.298914E+03 1.551580E+06 3.947811E+01 2.568407E-03 2.085721E+02 4.419417E+00 3.716459E+00 2.480502E+02
3.298924E+03 1.551590E+06 3.947811E+01 2.569168E-03 2.085721E+02 4.419430E+00 3.716470E+00 2.480502E+02
3.298934E+03 1.551600E+06 3.947811E+01 2.569929E-03 2.085721E+02 4.419443E+00 3.716481E+00 2.480502E+02
3.298943E+03 1.551610E+06 3.947811E+01 2.570688E-03 2.085721E+02 4.419457E+00 3.716493E+00 2.480502E+02
3.298953E+03 1.551620E+06 3.947811E+01 2.571460E-03 2.085721E+02 4.419470E+00 3.716504E+00 2.480502E+02
3.298963E+03 1.551630E+06 3.947811E+01 2.572242E-03 2.085721E+02 4.419484E+00 3.716517E+00 2.480502E+02
3.298973E+03 1.551640E+06 3.947811E+01 2.573044E-03 2.085721E+02 4.419499E+00 3.716529E+00 2.480502E+02
3.298983E+03 1.551650E+06 3.947811E+01 2.573844E-03 2.085721E+02 4.419514E+00 3.716541E+00 2.480502E+02
3.298994E+03 1.551660E+06 3.947811E+01 2.574658E-03 2.085721E+02 4.419529E+00 3.716554E+00 2.480502E+02
3.299004E+03 1.551670E+06 3.947811E+01 2.575492E-03 2.085721E+02 4.419546E+00 3.716568E+00 2.480502E+02
3.299015E+03 1.551680E+06 3.947811E+01 2.576325E-03 2.085721E+02 4.419562E+00 3.716582E+00 2.480502E+02
3.299026E+03 1.551690E+06 3.947811E+01 2.577157E-03 2.085721E+02 4.419578E+00 3.716596E+00 2.480502E+02
3.299036E+03 1.551700E+06 3.947811E+01 2.577987E-03 2.085721E+02 4.419594E+00 3.716610E+00 2.480502E+02
3.299047E+03 1.551710E+06 3.947811E+01 2.578802E-03 2.085721E+02 4.419610E+00 3.716623E+00 2.480502E+02
3.299057E+03 1.551720E+06 3.947811E+01 2.579574E-03 2.085721E+02 4.419626E+00 3.716637E+00 2.480502E+02
3.299067E+03 1.551730E+06 3.947811E+01 2.580343E-03 2.085721E+02 4.419641E+00 3.716650E+00 2.480502E+02
3.299077E+03 1.551740E+06 3.947811E+01 2.581114E-03 2.085721E+02 4.419656E+00 3.716662E+00 2.480502E+02
3.299087E+03 1.551750E+06 3.947811E+01 2.581885E-03 2.085721E+02 4.419671E+00 3.716675E+00 2.480502E+02
3.299097E+03 1.551760E+06 3.947811E+01 2.582659E-03 2.085721E+02 4.419686E+00 3.716687E+00 2.480502E+02
3.299107E+03 1.551770E+06 3.947811E+01 2.583436E-03 2.085721E+02 4.419700E+00 3.716700E+00 2.480502E+02
3.299117E+03 1.551780E+06 3.947811E+01 2.584221E-03 2.085721E+02 4.419715E+00 3.716713E+00 2.480502E+02
3.299126E+03 1.551790E+06 3.947811E+01 2.584967E-03 2.085721E+02 4.419729E+00 3.716724E+00 2.480502E+02
3.299136E+03 1.551800E+06 3.947811E+01 2.585718E-03 2.085721E+02 4.419743E+00 3.716736E+00 2.480502E+02
3.299146E+03 1.551810E+06 3.947811E+01 2.586504E-03 2.085721E+02 4.419756E+00 3.716747E+00 2.480502E+02
3.299156E+03 1.551820E+06 3.947811E+01 2.587292E-03 2.085721E+02 4.419769E+00 3.716759E+00 2.480502E+02
3.299165E+03 1.551830E+06 3.947811E+01 2.588057E-03 2.085721E+02 4.419783E+00 3.716770E+00 2.480502E+02
3.299175E+03 1.551840E+06 3.947811E+01 2.588821E-03 2.085721E+02 4.419795E+00 3.716781E+00 2.480502E+02
3.299185E+03 1.551850E+06 3.947811E+01 2.589591E-03 2.085721E+02 4.419808E+00 3.716792E+00 2.480502E+02
3.299195E+03 1.551860E+06 3.947811E+01 2.590427E-03 2.085721E+02 4.419822E+00 3.716803E+00 2.480502E+02
3.299206E+03 1.551870E+06 3.947811E+01 2.591287E-03 2.085721E+02 4.419836E+00 3.716815E+00 2.480502E+02
3.299217E+03 1.551880E+06 3.947811E+01 2.592157E-03 2.085721E+02 4.419850E+00 3.716827E+00 2.480502E+02
3.299227E+03 1.551890E+06 3.947811E+01 2.592947E-03 2.085721E+02 4.419864E+00 3.716839E+00 2.480502E+02
3.299237E+03 1.551900E+06 3.947811E+01 2.593724E-03 2.085721E+02 4.419876E+00 3.716849E+00 2.480502E+02
3.299247E+03 1.551910E+06 3.947811E+01 2.594523E-03 2.085721E+02 4.419890E+00 3.716861E+00 2.480502E+02
3.299257E+03 1.551920E+06 3.947811E+01 2.595320E-03 2.085721E+02 4.419903E+00 3.716872E+00 2.480502E+02
3.299267E+03 1.551930E+06 3.947811E+01 2.596099E-03 2.085721E+02 4.419916E+00 3.716883E+00 2.480502E+02
3.299277E+03 1.551940E+06 3.947811E+01 2.596894E-03 2.085721E+02 4.419929E+00 3.716894E+00 2.480502E+02
3.299286E+03 1.551950E+06 3.947811E+01 2.597601E-03 2.085721E+02 4.419941E+00 3.716904E+00 2.480502E+02
3.299296E+03 1.551960E+06 3.947811E+01 2.598385E-03 2.085721E+02 4.419954E+00 3.716915E+00 2.480502E+02
3.299306E+03 1.551970E+06 3.947811E+01 2.599161E-03 2.085721E+02 4.419967E+00 3.716927E+00 2.480502E+02
3.299315E+03 1.551980E+06 3.947811E+01 2.599935E-03 2.085721E+02 4.419981E+00 3.716938E+00 2.480502E+02
3.299325E+03 1.551990E+06 3.947811E+01 2.600706E-03 2.085721E+02 4.419994E+00 3.716950E+00 2.480502E+02
3.299335E+03 1.552000E+06 3.947811E+01 2.601481E-03 2.085721E+02 4.420007E+00 3.716961E+00 2.480502E+02
3.299345E+03 1.552010E+06 3.947811E+01 2.602268E-03 2.085721E+02 4.420021E+00 3.716972E+00 2.480502E+02
3.299355E+03 1.552020E+06 3.947811E+01 2.603056E-03 2.085721E+02 4.420035E+00 3.716984E+00 2.480502E+02
3.299365E+03 1.552030E+06 3.947811E+01 2.603843E-03 2.085721E+02 4.420049E+00 3.716996E+00 2.480502E+02
3.299375E+03 1.552040E+06 3.947811E+01 2.604601E-03 2.085721E+02 4.420063E+00 3.717008E+00 2.480502E+02
3.299384E+03 1.552050E+06 3.947811E+01 2.605326E-03 2.085721E+02 4.420076E+00 3.717019E+00 2.480502E+02
3.299394E+03 1.552060E+06 3.947811E+01 2.606090E-03 2.085721E+02 4.420091E+00 3.717032E+00 2.480502E+02
3.299404E+03 1.552070E+06 3.947811E+01 2.606857E-03 2.085721E+02 4.420106E+00 3.717044E+00 2.480502E+02
3.299413E+03 1.552080E+06 3.947811E+01 2.607622E-03 2.085721E+02 4.420120E+00 3.717057E+00 2.480502E+02
3.299423E+03 1.552090E+06 3.947811E+01 2.608389E-03 2.085721E+02 4.420135E+00 3.717069E+00 2.480502E+02
3.299433E+03 1.552100E+06 3.947811E+01 2.609156E-03 2.085721E+02 4.420149E+00 3.717082E+00 2.480502E+02
3.299443E+03 1.552110E+06 3.947811E+01 2.609922E-03 2.085721E+02 4.420164E+00 3.717094E+00 2.480502E+02
3.299453E+03 1.552120E+06 3.947811E+01 2.610691E-03 2.085721E+02 4.420179E+00 3.717107E+00 2.480502E+02
3.299463E+03 1.552130E+06 3.947811E+01 2.611460E-03 2.085721E+02 4.420193E+00 3.717119E+00 2.480502E+02
3.299472E+03 1.552140E+06 3.947811E+01 2.612230E-03 2.085721E+02 4.420207E+00 3.717131E+00 2.480502E+02
3.299482E+03 1.552150E+06 3.947811E+01 2.613008E-03 2.085721E+02 4.420222E+00 3.717143E+00 2.480502E+02
3.299492E+03 1.552160E+06 3.947811E+01 2.613780E-03 2.085721E+02 4.420236E+00 3.717155E+00 2.480502E+02
3.299502E+03 1.552170E+06 3.947811E+01 2.614548E-03 2.085721E+02 4.420250E+00 3.717167E+00 2.480502E+02
3.299511E+03 1.552180E+06 3.947811E+01 2.615281E-03 2.085721E+02 4.420263E+00 3.717178E+00 2.480502E+02
3.299520E+03 1.552190E+06 3.947811E+01 2.615958E-03 2.085721E+02 4.420275E+00 3.717188E+00 2.480502E+02
3.299528E+03 1.552200E+06 3.947811E+01 2.616622E-03 2.085721E+02 4.420286E+00 3.717198E+00 2.480502E+02
3.299537E+03 1.552210E+06 3.947811E+01 2.617317E-03 2.085721E+02 4.420298E+00 3.717208E+00 2.480502E+02
3.299546E+03 1.552220E+06 3.947811E+01 2.618011E-03 2.085721E+02 4.420311E+00 3.717218E+00 2.480502E+02
3.299554E+03 1.552230E+06 3.947811E+01 2.618691E-03 2.085721E+02 4.420322E+00 3.717228E+00 2.480502E+02
3.299563E+03 1.552240E+06 3.947811E+01 2.619367E-03 2.085721E+02 4.420334E+00 3.717238E+00 2.480502E+02
3.299571E+03 1.552250E+06 3.947810E+01 2.620044E-03 2.085721E+02 4.420345E+00 3.717248E+00 2.480502E+02
3.299580E+03 1.552260E+06 3.947810E+01 2.620718E-03 2.085721E+02 4.420356E+00 3.717257E+00 2.480502E+02
3.299588E+03 1.552270E+06 3.947810E+01 2.621391E-03 2.085721E+02 4.420367E+00 3.717266E+00 2.480502E+02
3.299597E+03 1.552280E+06 3.947810E+01 2.622063E-03 2.085721E+02 4.420377E+00 3.717275E+00 2.480502E+02
3.299605E+03 1.552290E+06 3.947810E+01 2.622736E-03 2.085721E+02 4.420388E+00 3.717285E+00 2.480502E+02
3.299614E+03 1.552300E+06 3.947810E+01 2.623410E-03 2.085721E+02 4.420399E+00 3.717294E+00 2.480502E+02
3.299622E+03 1.552310E+06 3.947810E+01 2.624084E-03 2.085721E+02 4.420410E+00 3.717303E+00 2.480502E+02
3.299631E+03 1.552320E+06 3.947810E+01 2.624756E-03 2.085721E+02 4.420420E+00 3.717312E+00 2.480502E+02
3.299639E+03 1.552330E+06 3.947810E+01 2.625431E-03 2.085721E+02 4.420432E+00 3.717321E+00 2.480502E+02
3.299648E+03 1.552340E+06 3.947810E+01 2.626102E-03 2.085721E+02 4.420442E+00 3.717330E+00 2.480502E+02
3.299656E+03 1.552350E+06 3.947810E+01 2.626764E-03 2.085721E+02 4.420453E+00 3.717339E+00 2.480502E+02
3.299664E+03 1.552360E+06 3.947810E+01 2.627413E-03 2.085721E+02 4.420463E+00 3.717348E+00 2.480502E+02
3.299672E+03 1.552370E+06 3.947810E+01 2.628059E-03 2.085721E+02 4.420473E+00 3.717357E+00 2.480502E+02
3.299680E+03 1.552380E+06 3.947810E+01 2.628715E-03 2.085721E+02 4.420483E+00 3.717366E+00 2.480502E+02
3.299689E+03 1.552390E+06 3.947810E+01 2.629373E-03 2.085721E+02 4.420494E+00 3.717375E+00 2.480502E+02
3.299697E+03 1.552400E+06 3.947810E+01 2.630021E-03 2.085721E+02 4.420504E+00 3.717383E+00 2.480502E+02
3.299705E+03 1.552410E+06 3.947810E+01 2.630666E-03 2.085721E+02 4.420515E+00 3.717392E+00 2.480502E+02
3.299713E+03 1.552420E+06 3.947810E+01 2.631312E-03 2.085721E+02 4.420525E+00 3.717401E+00 2.480502E+02
3.299721E+03 1.552430E+06 3.947810E+01 2.631960E-03 2.085721E+02 4.420535E+00 3.717409E+00 2.480502E+02
3.299730E+03 1.552440E+06 3.947810E+01 2.632617E-03 2.085721E+02 4.420546E+00 3.717418E+00 2.480502E+02
3.299738E+03 1.552450E+06 3.947810E+01 2.633278E-03 2.085721E+02 4.420556E+00 3.717428E+00 2.480502E+02
3.299746E+03 1.552460E+06 3.947810E+01 2.633939E-03 2.085721E+02 4.420567E+00 3.717437E+00 2.480502E+02
3.299755E+03 1.552470E+06 3.947810E+01 2.634598E-03 2.085721E+02 4.420577E+00 3.717446E+00 2.480502E+02
3.299763E+03 1.552480E+06 3.947810E+01 2.635258E-03 2.085721E+02 4.420588E+00 3.717455E+00 2.480502E+02
3.299771E+03 1.552490E+06 3.947810E+01 2.635919E-03 2.085721E+02 4.420598E+00 3.717463E+00 2.480502E+02
3.299780E+03 1.552500E+06 3.947810E+01 2.636584E-03 2.085721E+02 4.420609E+00 3.717473E+00 2.480502E+02
3.299788E+03 1.552510E+06 3.947810E+01 2.637250E-03 2.085721E+02 4.420620E+00 3.717482E+00 2.480502E+02
3.299796E+03 1.552520E+06 3.947810E+01 2.637918E-03 2.085721E+02 4.420631E+00 3.717491E+00 2.480502E+02
3.299805E+03 1.552530E+06 3.947810E+01 2.638596E-03 2.085721E+02 4.420642E+00 3.717500E+00 2.480502E+02
3.299813E+03 1.552540E+06 3.947810E+01 2.639241E-03 2.085721E+02 4.420652E+00 3.717509E+00 2.480502E+02
3.299821E+03 1.552550E+06 3.947810E+01 2.639887E-03 2.085721E+02 4.420663E+00 3.717518E+00 2.480502E+02
3.299830E+03 1.552560E+06 3.947810E+01 2.640568E-03 2.085721E+02 4.420673E+00 3.717527E+00 2.480502E+02
3.299838E+03 1.552570E+06 3.947810E+01 2.641250E-03 2.085721E+02 4.420685E+00 3.717537E+00 2.480502E+02
3.299847E+03 1.552580E+06 3.947810E+01 2.641933E-03 2.085721E+02 4.420696E+00 3.717546E+00 2.480502E+02
3.299855E+03 1.552590E+06 3.947810E+01 2.642617E-03 2.085721E+02 4.420707E+00 3.717556E+00 2.480502E+02
3.299864E+03 1.552600E+06 3.947810E+01 2.643300E-03 2.085721E+02 4.420718E+00 3.717565E+00 2.480502E+02
3.299873E+03 1.552610E+06 3.947810E+01 2.643985E-03 2.085721E+02 4.420729E+00 3.717574E+00 2.480502E+02
3.299881E+03 1.552620E+06 3.947810E+01 2.644681E-03 2.085721E+02 4.420740E+00 3.717584E+00 2.480502E+02
3.299890E+03 1.552630E+06 3.947810E+01 2.645377E-03 2.085721E+02 4.420751E+00 3.717593E+00 2.480502E+02
3.299899E+03 1.552640E+06 3.947810E+01 2.646073E-03 2.085721E+02 4.420762E+00 3.717603E+00 2.480502E+02
3.299908E+03 1.552650E+06 3.947810E+01 2.646768E-03 2.085721E+02 4.420773E+00 3.717612E+00 2.480502E+02
3.299917E+03 1.552660E+06 3.947810E+01 2.647466E-03 2.085721E+02 4.420784E+00 3.717621E+00 2.480502E+02
3.299925E+03 1.552670E+06 3.947810E+01 2.648175E-03 2.085721E+02 4.420795E+00 3.717631E+00 2.480502E+02
3.299935E+03 1.552680E+06 3.947810E+01 2.648901E-03 2.085721E+02 4.420806E+00 3.717640E+00 2.480502E+02
3.299944E+03 1.552690E+06 3.947810E+01 2.649631E-03 2.085721E+02 4.420817E+00 3.717649E+00 2.480502E+02
3.299953E+03 1.552700E+06 3.947810E+01 2.650362E-03 2.085721E+02 4.420828E+00 3.717659E+00 2.480502E+02
3.299962E+03 1.552710E+06 3.947810E+01 2.651095E-03 2.085721E+02 4.420839E+00 3.717668E+00 2.480502E+02
3.299971E+03 1.552720E+06 3.947810E+01 2.651831E-03 2.085721E+02 4.420850E+00 3.717677E+00 2.480502E+02
3.299980E+03 1.552730E+06 3.947810E+01 2.652577E-03 2.085721E+02 4.420860E+00 3.717686E+00 2.480502E+02
3.299990E+03 1.552740E+06 3.947810E+01 2.653326E-03 2.085721E+02 4.420870E+00 3.717695E+00 2.480502E+02
3.299999E+03 1.552750E+06 3.947810E+01 2.654073E-03 2.085721E+02 4.420881E+00 3.717704E+00 2.480502E+02
3.300008E+03 1.552760E+06 3.947810E+01 2.654823E-03 2.085721E+02 4.420891E+00 3.717713E+00 2.480502E+02
3.300017E+03 1.552770E+06 3.947810E+01 2.655571E-03 2.085721E+02 4.420901E+00 3.717721E+00 2.480502E+02
3.300027E+03 1.552780E+06 3.947810E+01 2.656338E-03 2.085721E+02 4.420911E+00 3.717730E+00 2.480502E+02
3.300036E+03 1.552790E+06 3.947810E+01 2.657109E-03 2.085721E+02 4.420921E+00 3.717738E+00 2.480502E+02
3.300046E+03 1.552800E+06 3.947810E+01 2.657872E-03 2.085721E+02 4.420931E+00 3.717747E+00 2.480502E+02
3.300055E+03 1.552810E+06 3.947810E+01 2.658634E-03 2.085721E+02 4.420941E+00 3.717755E+00 2.480502E+02
3.300065E+03 1.552820E+06 3.947810E+01 2.659396E-03 2.085721E+02 4.420951E+00 3.717763E+00 2.480502E+02
3.300074E+03 1.552830E+06 3.947810E+01 2.660171E-03 2.085721E+02 4.420960E+00 3.717772E+00 2.480502E+02
3.300084E+03 1.552840E+06 3.947810E+01 2.660953E-03 2.085721E+02 4.420970E+00 3.717780E+00 2.480502E+02
3.300093E+03 1.552850E+06 3.947810E+01 2.661735E-03 2.085721E+02 4.420980E+00 3.717789E+00 2.480502E+02
3.300103E+03 1.552860E+06 3.947810E+01 2.662519E-03 2.085721E+02 4.420990E+00 3.717797E+00 2.480502E+02
3.300113E+03 1.552870E+06 3.947810E+01 2.663300E-03 2.085721E+02 4.421000E+00 3.717806E+00 2.480502E+02
3.300122E+03 1.552880E+06 3.947810E+01 2.664091E-03 2.085721E+02 4.421010E+00 3.717814E+00 2.480502E+02
3.300132E+03 1.552890E+06 3.947810E+01 2.664883E-03 2.085721E+02 4.421020E+00 3.717823E+00 2.480502E+02
3.300142E+03 1.552900E+06 3.947810E+01 2.665660E-03 2.085721E+02 4.421030E+00 3.717831E+00 2.480502E+02
3.300151E+03 1.552910E+06 3.947810E+01 2.666437E-03 2.085721E+02 4.421040E+00 3.717839E+00 2.480502E+02
3.300161E+03 1.552920E+06 3.947810E+01 2.667213E-03 2.085721E+02 4.421050E+00 3.717848E+00 2.480502E+02
3.300170E+03 1.552930E+06 3.947810E+01 2.668000E-03 2.085721E+02 4.421060E+00 3.717857E+00 2.480502E+02
3.300180E+03 1.552940E+06 3.947810E+01 2.668780E-03 2.085721E+02 4.421069E+00 3.717865E+00 2.480502E+02
3.300190E+03 1.552950E+06 3.947810E+01 2.669560E-03 2.085721E+02 4.421079E+00 3.717873E+00 2.480502E+02
3.300199E+03 1.552960E+06 3.947810E+01 2.670342E-03 2.085721E+02 4.421088E+00 3.717881E+00 2.480502E+02
3.300209E+03 1.552970E+06 3.947810E+01 2.671125E-03 2.085721E+02 4.421097E+00 3.717889E+00 2.480502E+02
3.300219E+03 1.552980E+06 3.947810E+01 2.671915E-03 2.085721E+02 4.421107E+00 3.717897E+00 2.480502E+02
3.300228E+03 1.552990E+06 3.947810E+01 2.672703E-03 2.085721E+02 4.421116E+00 3.717905E+00 2.480502E+02
3.300238E+03 1.553000E+06 3.947810E+01 2.673477E-03 2.085721E+02 4.421125E+00 3.717912E+00 2.480502E+02
3.300247E+03 1.553010E+06 3.947810E+01 2.674211E-03 2.085721E+02 4.421133E+00 3.717919E+00 2.480502E+02
3.300256E+03 1.553020E+06 3.947810E+01 2.674945E-03 2.085721E+02 4.421141E+00 3.717926E+00 2.480502E+02
3.300265E+03 1.553030E+06 3.947810E+01 2.675680E-03 2.085721E+02 4.421150E+00 3.717934E+00 2.480502E+02
3.300274E+03 1.553040E+06 3.947810E+01 2.676436E-03 2.085721E+02 4.421159E+00 3.717941E+00 2.480502E+02
3.300283E+03 1.553050E+06 3.947810E+01 2.677194E-03 2.085721E+02 4.421167E+00 3.717948E+00 2.480502E+02
3.300292E+03 1.553060E+06 3.947810E+01 2.677952E-03 2.085721E+02 4.421175E+00 3.717955E+00 2.480502E+02
3.300302E+03 1.553070E+06 3.947810E+01 2.678709E-03 2.085721E+02 4.421184E+00 3.717963E+00 2.480502E+02
3.300311E+03 1.553080E+06 3.947810E+01 2.679468E-03 2.085721E+02 4.421192E+00 3.717970E+00 2.480502E+02
3.300321E+03 1.553090E+06 3.947810E+01 2.680262E-03 2.085721E+02 4.421201E+00 3.717978E+00 2.480502E+02
3.300330E+03 1.553100E+06 3.947810E+01 2.681064E-03 2.085721E+02 4.421211E+00 3.717986E+00 2.480502E+02
3.300340E+03 1.553110E+06 3.947810E+01 2.681865E-03 2.085721E+02 4.421220E+00 3.717994E+00 2.480502E+02
3.300350E+03 1.553120E+06 3.947810E+01 2.682667E-03 2.085721E+02 4.421229E+00 3.718001E+00 2.480502E+02
3.300360E+03 1.553130E+06 3.947810E+01 2.683467E-03 2.085721E+02 4.421239E+00 3.718010E+00 2.480502E+02
3.300370E+03 1.553140E+06 3.947810E+01 2.684264E-03 2.085721E+02 4.421249E+00 3.718018E+00 2.480502E+02
3.300380E+03 1.553150E+06 3.947810E+01 2.685062E-03 2.085721E+02 4.421259E+00 3.718027E+00 2.480502E+02
3.300389E+03 1.553160E+06 3.947810E+01 2.685860E-03 2.085721E+02 4.421269E+00 3.718036E+00 2.480502E+02
3.300399E+03 1.553170E+06 3.947810E+01 2.686654E-03 2.085721E+02 4.421279E+00 3.718044E+00 2.480502E+02
3.300409E+03 1.553180E+06 3.947810E+01 2.687449E-03 2.085721E+02 4.421289E+00 3.718053E+00 2.480502E+02
3.300419E+03 1.553190E+06 3.947810E+01 2.688255E-03 2.085721E+02 4.421300E+00 3.718062E+00 2.480502E+02
3.300429E+03 1.553200E+06 3.947810E+01 2.689065E-03 2.085721E+02 4.421312E+00 3.718072E+00 2.480502E+02
3.300439E+03 1.553210E+06 3.947810E+01 2.689872E-03 2.085721E+02 4.421323E+00 3.718082E+00 2.480502E+02
3.300449E+03 1.553220E+06 3.947810E+01 2.690681E-03 2.085721E+02 4.421334E+00 3.718091E+00 2.480502E+02
3.300459E+03 1.553230E+06 3.947810E+01 2.691489E-03 2.085721E+02 4.421346E+00 3.718101E+00 2.480502E+02
3.300469E+03 1.553240E+06 3.947810E+01 2.692303E-03 2.085721E+02 4.421357E+00 3.718110E+00 2.480502E+02
3.300479E+03 1.553250E+06 3.947810E+01 2.693115E-03 2.085721E+02 4.421369E+00 3.718120E+00 2.480502E+02
3.300489E+03 1.553260E+06 3.947810E+01 2.693919E-03 2.085721E+02 4.421380E+00 3.718130E+00 2.480502E+02
3.300498E+03 1.553270E+06 3.947810E+01 2.694664E-03 2.085721E+02 4.421390E+00 3.718138E+00 2.480502E+02
3.300507E+03 1.553280E+06 3.947809E+01 2.695386E-03 2.085721E+02 4.421400E+00 3.718147E+00 2.480502E+02
3.300517E+03 1.553290E+06 3.947809E+01 2.696130E-03 2.085721E+02 4.421410E+00 3.718155E+00 2.480502E+02
3.300526E+03 1.553300E+06 3.947809E+01 2.696881E-03 2.085721E+02 4.421420E+00 3.718164E+00 2.480502E+02
3.300535E+03 1.553310E+06 3.947809E+01 2.697632E-03 2.085721E+02 4.421430E+00 3.718172E+00 2.480502E+02
3.300544E+03 1.553320E+06 3.947809E+01 2.698383E-03 2.085721E+02 4.421439E+00 3.718181E+00 2.480502E+02
3.300554E+03 1.553330E+06 3.947809E+01 2.699131E-03 2.085721E+02 4.421450E+00 3.718189E+00 2.480502E+02
3.300563E+03 1.553340E+06 3.947809E+01 2.699881E-03 2.085721E+02 4.421460E+00 3.718198E+00 2.480502E+02
3.300572E+03 1.553350E+06 3.947809E+01 2.700631E-03 2.085721E+02 4.421469E+00 3.718206E+00 2.480502E+02
3.300581E+03 1.553360E+06 3.947809E+01 2.701381E-03 2.085721E+02 4.421479E+00 3.718215E+00 2.480502E+02
3.300591E+03 1.553370E+06 3.947809E+01 2.702130E-03 2.085721E+02 4.421489E+00 3.718223E+00 2.480502E+02
3.300600E+03 1.553380E+06 3.947809E+01 2.702880E-03 2.085721E+02 4.421498E+00 3.718231E+00 2.480502E+02
3.300609E+03 1.553390E+06 3.947809E+01 2.703632E-03 2.085721E+02 4.421509E+00 3.718240E+00 2.480502E+02
3.300619E+03 1.553400E+06 3.947809E+01 2.704408E-03 2.085721E+02 4.421519E+00 3.718249E+00 2.480502E+02
3.300628E+03 1.553410E+06 3.947809E+01 2.705187E-03 2.085721E+02 4.421529E+00 3.718257E+00 2.480502E+02
3.300638E+03 1.553420E+06 3.947809E+01 2.705967E-03 2.085721E+02 4.421540E+00 3.718266E+00 2.480502E+02
3.300648E+03 1.553430E+06 3.947809E+01 2.706747E-03 2.085721E+02 4.421550E+00 3.718275E+00 2.480502E+02
3.300657E+03 1.553440E+06 3.947809E+01 2.707530E-03 2.085721E+02 4.421560E+00 3.718284E+00 2.480502E+02
3.300668E+03 1.553450E+06 3.947809E+01 2.708356E-03 2.085721E+02 4.421571E+00 3.718293E+00 2.480502E+02
3.300678E+03 1.553460E+06 3.947809E+01 2.709205E-03 2.085721E+02 4.421582E+00 3.718303E+00 2.480502E+02
3.300689E+03 1.553470E+06 3.947809E+01 2.710054E-03 2.085721E+02 4.421593E+00 3.718312E+00 2.480502E+02
3.300698E+03 1.553480E+06 3.947809E+01 2.710846E-03 2.085721E+02 4.421604E+00 3.718321E+00 2.480502E+02
3.300707E+03 1.553490E+06 3.947809E+01 2.711558E-03 2.085721E+02 4.421613E+00 3.718329E+00 2.480502E+02
3.300716E+03 1.553500E+06 3.947809E+01 2.712271E-03 2.085721E+02 4.421623E+00 3.718337E+00 2.480502E+02
3.300725E+03 1.553510E+06 3.947809E+01 2.712983E-03 2.085721E+02 4.421632E+00 3.718345E+00 2.480502E+02
3.300734E+03 1.553520E+06 3.947809E+01 2.713694E-03 2.085721E+02 4.421641E+00 3.718352E+00 2.480502E+02
3.300742E+03 1.553530E+06 3.947809E+01 2.714405E-03 2.085721E+02 4.421650E+00 3.718360E+00 2.480502E+02
3.300751E+03 1.553540E+06 3.947809E+01 2.715116E-03 2.085721E+02 4.421658E+00 3.718368E+00 2.480502E+02
3.300760E+03 1.553550E+06 3.947809E+01 2.715845E-03 2.085721E+02 4.421667E+00 3.718375E+00 2.480502E+02
3.300769E+03 1.553560E+06 3.947809E+01 2.716587E-03 2.085721E+02 4.421676E+00 3.718383E+00 2.480502E+02
3.300778E+03 1.553570E+06 3.947809E+01 2.717328E-03 2.085721E+02 4.421685E+00 3.718390E+00 2.480502E+02
3.300787E+03 1.553580E+06 3.947809E+01 2.718073E-03 2.085721E+02 4.421693E+00 3.718397E+00 2.480502E+02
3.300796E+03 1.553590E+06 3.947809E+01 2.718815E-03 2.085721E+02 4.421702E+00 3.718405E+00 2.480502E+02
3.300805E+03 1.553600E+06 3.947809E+01 2.719560E-03 2.085721E+02 4.421710E+00 3.718412E+00 2.480502E+02
3.300815E+03 1.553610E+06 3.947809E+01 2.720330E-03 2.085721E+02 4.421720E+00 3.718420E+00 2.480502E+02
3.300824E+03 1.553620E+06 3.947809E+01 2.721098E-03 2.085721E+02 4.421729E+00 3.718428E+00 2.480502E+02
3.300833E+03 1.553630E+06 3.947809E+01 2.721841E-03 2.085721E+02 4.421737E+00 3.718434E+00 2.480502E+02
3.300842E+03 1.553640E+06 3.947809E+01 2.722556E-03 2.085721E+02 4.421745E+00 3.718441E+00 2.480502E+02
3.300851E+03 1.553650E+06 3.947809E+01 2.723271E-03 2.085721E+02 4.421753E+00 3.718449E+00 2.480502E+02
3.300860E+03 1.553660E+06 3.947809E+01 2.723986E-03 2.085721E+02 4.421763E+00 3.718457E+00 2.480502E+02
3.300869E+03 1.553670E+06 3.947809E+01 2.724698E-03 2.085721E+02 4.421771E+00 3.718464E+00 2.480502E+02
3.300877E+03 1.553680E+06 3.947809E+01 2.725390E-03 2.085721E+02 4.421780E+00 3.718471E+00 2.480502E+02
3.300885E+03 1.553690E+06 3.947809E+01 2.726060E-03 2.085721E+02 4.421787E+00 3.718478E+00 2.480502E+02
3.300893E+03 1.553700E+06 3.947809E+01 2.726719E-03 2.085721E+02 4.421796E+00 3.718485E+00 2.480502E+02
3.300901E+03 1.553710E+06 3.947809E+01 2.727335E-03 2.085721E+02 4.421804E+00 3.718492E+00 2.480502E+02
3.300909E+03 1.553720E+06 3.947809E+01 2.727966E-03 2.085721E+02 4.421813E+00 3.718499E+00 2.480502E+02
3.300917E+03 1.553730E+06 3.947809E+01 2.728593E-03 2.085721E+02 4.421821E+00 3.718507E+00 2.480502E+02
3.300924E+03 1.553740E+06 3.947809E+01 2.729215E-03 2.085721E+02 4.421830E+00 3.718514E+00 2.480502E+02
3.300932E+03 1.553750E+06 3.947809E+01 2.729834E-03 2.085721E+02 4.421838E+00 3.718521E+00 2.480502E+02
3.300940E+03 1.553760E+06 3.947809E+01 2.730456E-03 2.085721E+02 4.421847E+00 3.718529E+00 2.480502E+02
3.300948E+03 1.553770E+06 3.947809E+01 2.731076E-03 2.085721E+02 4.421856E+00 3.718537E+00 2.480502E+02
3.300955E+03 1.553780E+06 3.947809E+01 2.731628E-03 2.085721E+02 4.421865E+00 3.718544E+00 2.480502E+02
3.300962E+03 1.553790E+06 3.947809E+01 2.732243E-03 2.085721E+02 4.421874E+00 3.718551E+00 2.480502E+02
3.300970E+03 1.553800E+06 3.947809E+01 2.732856E-03 2.085721E+02 4.421883E+00 3.718559E+00 2.480502E+02
3.300978E+03 1.553810E+06 3.947809E+01 2.733468E-03 2.085721E+02 4.421891E+00 3.718566E+00 2.480502E+02
3.300985E+03 1.553820E+06 3.947809E+01 2.734080E-03 2.085721E+02 4.421900E+00 3.718574E+00 2.480502E+02
3.300993E+03 1.553830E+06 3.947809E+01 2.734689E-03 2.085721E+02 4.421909E+00 3.718582E+00 2.480502E+02
3.301001E+03 1.553840E+06 3.947809E+01 2.735298E-03 2.085721E+02 4.421919E+00 3.718590E+00 2.480502E+02
3.301008E+03 1.553850E+06 3.947809E+01 2.735906E-03 2.085721E+02 4.421928E+00 3.718598E+00 2.480502E+02
3.301016E+03 1.553860E+06 3.947809E+01 2.736514E-03 2.085721E+02 4.421937E+00 3.718605E+00 2.480502E+02
3.301024E+03 1.553870E+06 3.947809E+01 2.737125E-03 2.085721E+02 4.421946E+00 3.718613E+00 2.480502E+02
3.301031E+03 1.553880E+06 3.947809E+01 2.737735E-03 2.085721E+02 4.421956E+00 3.718621E+00 2.480502E+02
3.301039E+03 1.553890E+06 3.947809E+01 2.738345E-03 2.085721E+02 4.421965E+00 3.718629E+00 2.480502E+02
3.301047E+03 1.553900E+06 3.947809E+01 2.738955E-03 2.085721E+02 4.421974E+00 3.718637E+00 2.480502E+02
3.301054E+03 1.553910E+06 3.947809E+01 2.739563E-03 2.085721E+02 4.421983E+00 3.718644E+00 2.480502E+02
3.301062E+03 1.553920E+06 3.947809E+01 2.740171E-03 2.085721E+02 4.421992E+00 3.718652E+00 2.480502E+02
3.301070E+03 1.553930E+06 3.947809E+01 2.740779E-03 2.085721E+02 4.422002E+00 3.718660E+00 2.480502E+02
3.301077E+03 1.553940E+06 3.947809E+01 2.741388E-03 2.085721E+02 4.422011E+00 3.718668E+00 2.480502E+02
3.301085E+03 1.553950E+06 3.947809E+01 2.741995E-03 2.085721E+02 4.422020E+00 3.718676E+00 2.480502E+02
3.301093E+03 1.553960E+06 3.947809E+01 2.742602E-03 2.085721E+02 4.422029E+00 3.718683E+00 2.480502E+02
3.301100E+03 1.553970E+06 3.947809E+01 2.743210E-03 2.085721E+02 4.422038E+00 3.718691E+00 2.480502E+02
3.301108E+03 1.553980E+06 3.947809E+01 2.743819E-03 2.085721E+02 4.422047E+00 3.718699E+00 2.480502E+02
3.301116E+03 1.553990E+06 3.947809E+01 2.744431E-03 2.085721E+02 4.422056E+00 3.718707E+00 2.480502E+02
3.301123E+03 1.554000E+06 3.947809E+01 2.745041E-03 2.085721E+02 4.422066E+00 3.718715E+00 2.480502E+02
3.301131E+03 1.554010E+06 3.947809E+01 2.745651E-03 2.085721E+02 4.422075E+00 3.718723E+00 2.480502E+02
3.301139E+03 1.554020E+06 3.947809E+01 2.746261E-03 2.085721E+02 4.422084E+00 3.718731E+00 2.480502E+02
3.301146E+03 1.554030E+06 3.947809E+01 2.746870E-03 2.085721E+02 4.422093E+00 3.718738E+00 2.480502E+02
3.301154E+03 1.554040E+06 3.947809E+01 2.747483E-03 2.085721E+02 4.422102E+00 3.718745E+00 2.480502E+02
3.301162E+03 1.554050E+06 3.947809E+01 2.748118E-03 2.085721E+02 4.422110E+00 3.718753E+00 2.480502E+02
3.301170E+03 1.554060E+06 3.947809E+01 2.748753E-03 2.085721E+02 4.422120E+00 3.718761E+00 2.480502E+02
3.301178E+03 1.554070E+06 3.947809E+01 2.749387E-03 2.085721E+02 4.422129E+00 3.718769E+00 2.480502E+02
3.301186E+03 1.554080E+06 3.947809E+01 2.750023E-03 2.085721E+02 4.422138E+00 3.718776E+00 2.480502E+02
3.301194E+03 1.554090E+06 3.947809E+01 2.750660E-03 2.085721E+02 4.422147E+00 3.718784E+00 2.480502E+02
3.301202E+03 1.554100E+06 3.947809E+01 2.751324E-03 2.085721E+02 4.422156E+00 3.718792E+00 2.480502E+02
3.301211E+03 1.554110E+06 3.947809E+01 2.752001E-03 2.085721E+02 4.422166E+00 3.718800E+00 2.480502E+02
3.301219E+03 1.554120E+06 3.947809E+01 2.752678E-03 2.085721E+02 4.422175E+00 3.718808E+00 2.480502E+02
3.301228E+03 1.554130E+06 3.947808E+01 2.753358E-03 2.085721E+02 4.422185E+00 3.718816E+00 2.480502E+02
3.301236E+03 1.554140E+06 3.947808E+01 2.754035E-03 2.085721E+02 4.422194E+00 3.718825E+00 2.480502E+02
3.301245E+03 1.554150E+06 3.947808E+01 2.754712E-03 2.085721E+02 4.422204E+00 3.718833E+00 2.480502E+02
3.301253E+03 1.554160E+06 3.947808E+01 2.755400E-03 2.085721E+02 4.422213E+00 3.718841E+00 2.480502E+02
3.301262E+03 1.554170E+06 3.947808E+01 2.756092E-03 2.085721E+02 4.422223E+00 3.718849E+00 2.480502E+02
3.301270E+03 1.554180E+06 3.947808E+01 2.756783E-03 2.085721E+02 4.422233E+00 3.718857E+00 2.480502E+02
3.301279E+03 1.554190E+06 3.947808E+01 2.757476E-03 2.085721E+02 4.422242E+00 3.718865E+00 2.480502E+02
3.301288E+03 1.554200E+06 3.947808E+01 2.758168E-03 2.085721E+02 4.422252E+00 3.718873E+00 2.480502E+02
3.301296E+03 1.554210E+06 3.947808E+01 2.758863E-03 2.085721E+02 4.422261E+00 3.718881E+00 2.480502E+02
3.301305E+03 1.554220E+06 3.947808E+01 2.759554E-03 2.085721E+02 4.422271E+00 3.718889E+00 2.480502E+02
3.301313E+03 1.554230E+06 3.947808E+01 2.760245E-03 2.085721E+02 4.422279E+00 3.718897E+00 2.480502E+02
3.301322E+03 1.554240E+06 3.947808E+01 2.760936E-03 2.085721E+02 4.422289E+00 3.718905E+00 2.480502E+02
3.301331E+03 1.554250E+06 3.947808E+01 2.761630E-03 2.085721E+02 4.422298E+00 3.718913E+00 2.480502E+02
3.301339E+03 1.554260E+06 3.947808E+01 2.762322E-03 2.085721E+02 4.422307E+00 3.718920E+00 2.480502E+02
3.301348E+03 1.554270E+06 3.947808E+01 2.763026E-03 2.085721E+02 4.422317E+00 3.718929E+00 2.480502E+02
3.301357E+03 1.554280E+06 3.947808E+01 2.763746E-03 2.085721E+02 4.422326E+00 3.718937E+00 2.480502E+02
3.301366E+03 1.554290E+06 3.947808E+01 2.764465E-03 2.085721E+02 4.422336E+00 3.718945E+00 2.480502E+02
3.301375E+03 1.554300E+06 3.947808E+01 2.765186E-03 2.085721E+02 4.422346E+00 3.718953E+00 2.480502E+02
3.301384E+03 1.554310E+06 3.947808E+01 2.765906E-03 2.085721E+02 4.422355E+00 3.718962E+00 2.480502E+02
3.301393E+03 1.554320E+06 3.947808E+01 2.766625E-03 2.085721E+02 4.422365E+00 3.718970E+00 2.480502E+02
3.301402E+03 1.554330E+06 3.947808E+01 2.767344E-03 2.085721E+02 4.422375E+00 3.718979E+00 2.480502E+02
3.301410E+03 1.554340E+06 3.947808E+01 2.768005E-03 2.085721E+02 4.422384E+00 3.718986E+00 2.480502E+02
3.301418E+03 1.554350E+06 3.947808E+01 2.768657E-03 2.085721E+02 4.422393E+00 3.718994E+00 2.480502E+02
3.301426E+03 1.554360E+06 3.947808E+01 2.769300E-03 2.085721E+02 4.422402E+00 3.719001E+00 2.480502E+02
3.301434E+03 1.554370E+06 3.947808E+01 2.769944E-03 2.085721E+02 4.422411E+00 3.719009E+00 2.480502E+02
3.301442E+03 1.554380E+06 3.947808E+01 2.770588E-03 2.085721E+02 4.422420E+00 3.719017E+00 2.480502E+02
3.301450E+03 1.554390E+06 3.947808E+01 2.771238E-03 2.085721E+02 4.422429E+00 3.719025E+00 2.480502E+02
3.301458E+03 1.554400E+06 3.947808E+01 2.771890E-03 2.085721E+02 4.422438E+00 3.719032E+00 2.480502E+02
3.301466E+03 1.554410E+06 3.947808E+01 2.772538E-03 2.085721E+02 4.422446E+00 3.719039E+00 2.480502E+02
3.301474E+03 1.554420E+06 3.947808E+01 2.773187E-03 2.085721E+02 4.422455E+00 3.719047E+00 2.480502E+02
3.301482E+03 1.554430E+06 3.947808E+01 2.773835E-03 2.085721E+02 4.422464E+00 3.719054E+00 2.480502E+02
3.301490E+03 1.554440E+06 3.947808E+01 2.774483E-03 2.085721E+02 4.422472E+00 3.719061E+00 2.480502E+02
3.301498E+03 1.554450E+06 3.947808E+01 2.775132E-03 2.085721E+02 4.422481E+00 3.719069E+00 2.480502E+02
3.301506E+03 1.554460E+06 3.947808E+01 2.775780E-03 2.085721E+02 4.422489E+00 3.719076E+00 2.480502E+02
3.301514E+03 1.554470E+06 3.947808E+01 2.776429E-03 2.085721E+02 4.422498E+00 3.719083E+00 2.480502E+02
3.301522E+03 1.554480E+06 3.947808E+01 2.777079E-03 2.085721E+02 4.422506E+00 3.719090E+00 2.480502E+02
3.301530E+03 1.554490E+06 3.947808E+01 2.777711E-03 2.085721E+02 4.422514E+00 3.719097E+00 2.480502E+02
3.301538E+03 1.554500E+06 3.947808E+01 2.778324E-03 2.085721E+02 4.422523E+00 3.719104E+00 2.480502E+02
3.301545E+03 1.554510E+06 3.947808E+01 2.778951E-03 2.085721E+02 4.422531E+00 3.719111E+00 2.480502E+02
3.301553E+03 1.554520E+06 3.947808E+01 2.779579E-03 2.085721E+02 4.422539E+00 3.719118E+00 2.480502E+02
3.301561E+03 1.554530E+06 3.947808E+01 2.780206E-03 2.085721E+02 4.422547E+00 3.719125E+00 2.480502E+02
3.301569E+03 1.554540E+06 3.947808E+01 2.780834E-03 2.085721E+02 4.422555E+00 3.719132E+00 2.480502E+02
3.301577E+03 1.554550E+06 3.947808E+01 2.781460E-03 2.085721E+02 4.422563E+00 3.719139E+00 2.480502E+02
3.301584E+03 1.554560E+06 3.947808E+01 2.782086E-03 2.085721E+02 4.422572E+00 3.719146E+00 2.480502E+02
3.301592E+03 1.554570E+06 3.947808E+01 2.782713E-03 2.085721E+02 4.422580E+00 3.719154E+00 2.480502E+02
3.301600E+03 1.554580E+06 3.947808E+01 2.783338E-03 2.085721E+02 4.422589E+00 3.719161E+00 2.480502E+02
3.301608E+03 1.554590E+06 3.947808E+01 2.783964E-03 2.085721E+02 4.422597E+00 3.719168E+00 2.480502E+02
3.301616E+03 1.554600E+06 3.947808E+01 2.784591E-03 2.085721E+02 4.422605E+00 3.719175E+00 2.480502E+02
3.301623E+03 1.554610E+06 3.947808E+01 2.785216E-03 2.085721E+02 4.422614E+00 3.719183E+00 2.480502E+02
3.301631E+03 1.554620E+06 3.947808E+01 2.785840E-03 2.085721E+02 4.422623E+00 3.719190E+00 2.480502E+02
3.301639E+03 1.554630E+06 3.947808E+01 2.786466E-03 2.085721E+02 4.422632E+00 3.719198E+00 2.480502E+02
3.301647E+03 1.554640E+06 3.947808E+01 2.787108E-03 2.085721E+02 4.422641E+00 3.719206E+00 2.480502E+02
3.301655E+03 1.554650E+06 3.947808E+01 2.787760E-03 2.085721E+02 4.422651E+00 3.719214E+00 2.480502E+02
3.301663E+03 1.554660E+06 3.947808E+01 2.788411E-03 2.085721E+02 4.422660E+00 3.719221E+00 2.480502E+02
3.301671E+03 1.554670E+06 3.947808E+01 2.789046E-03 2.085721E+02 4.422669E+00 3.719229E+00 2.480502E+02
3.301679E+03 1.554680E+06 3.947808E+01 2.789682E-03 2.085721E+02 4.422678E+00 3.719237E+00 2.480502E+02
3.301687E+03 1.554690E+06 3.947808E+01 2.790320E-03 2.085721E+02 4.422687E+00 3.719245E+00 2.480502E+02
3.301695E+03 1.554700E+06 3.947808E+01 2.790974E-03 2.085721E+02 4.422696E+00 3.719253E+00 2.480502E+02
3.301704E+03 1.554710E+06 3.947808E+01 2.791637E-03 2.085721E+02 4.422706E+00 3.719261E+00 2.480502E+02
3.301712E+03 1.554720E+06 3.947808E+01 2.792272E-03 2.085721E+02 4.422715E+00 3.719268E+00 2.480502E+02
3.301720E+03 1.554730E+06 3.947808E+01 2.792907E-03 2.085721E+02 4.422724E+00 3.719276E+00 2.480502E+02
3.301728E+03 1.554740E+06 3.947808E+01 2.793542E-03 2.085721E+02 4.422732E+00 3.719283E+00 2.480502E+02
3.301736E+03 1.554750E+06 3.947808E+01 2.794179E-03 2.085721E+02 4.422741E+00 3.719291E+00 2.480502E+02
3.301744E+03 1.554760E+06 3.947808E+01 2.794826E-03 2.085721E+02 4.422750E+00 3.719298E+00 2.480502E+02
3.301752E+03 1.554770E+06 3.947808E+01 2.795470E-03 2.085721E+02 4.422759E+00 3.719306E+00 2.480502E+02
3.301760E+03 1.554780E+06 3.947808E+01 2.796127E-03 2.085721E+02 4.422767E+00 3.719313E+00 2.480502E+02
3.301768E+03 1.554790E+06 3.947808E+01 2.796791E-03 2.085721E+02 4.422776E+00 3.719320E+00 2.480502E+02
3.301776E+03 1.554800E+06 3.947808E+01 2.797455E-03 2.085721E+02 4.422784E+00 3.719327E+00 2.480502E+02
3.301785E+03 1.554810E+06 3.947808E+01 2.798119E-03 2.085721E+02 4.422792E+00 3.719334E+00 2.480502E+02
3.301793E+03 1.554820E+06 3.947808E+01 2.798830E-03 2.085721E+02 4.422801E+00 3.719342E+00 2.480502E+02
3.301802E+03 1.554830E+06 3.947808E+01 2.799558E-03 2.085721E+02 4.422811E+00 3.719350E+00 2.480502E+02
3.301812E+03 1.554840E+06 3.947808E+01 2.800299E-03 2.085721E+02 4.422820E+00 3.719358E+00 2.480502E+02
3.301821E+03 1.554850E+06 3.947808E+01 2.801041E-03 2.085721E+02 4.422829E+00 3.719366E+00 2.480502E+02
3.301830E+03 1.554860E+06 3.947808E+01 2.801784E-03 2.085721E+02 4.422838E+00 3.719373E+00 2.480502E+02
3.301839E+03 1.554870E+06 3.947808E+01 2.802525E-03 2.085721E+02 4.422846E+00 3.719380E+00 2.480502E+02
3.301848E+03 1.554880E+06 3.947808E+01 2.803265E-03 2.085721E+02 4.422855E+00 3.719388E+00 2.480502E+02
3.301857E+03 1.554890E+06 3.947808E+01 2.804007E-03 2.085721E+02 4.422863E+00 3.719395E+00 2.480502E+02
3.301866E+03 1.554900E+06 3.947808E+01 2.804751E-03 2.085721E+02 4.422872E+00 3.719402E+00 2.480502E+02
3.301875E+03 1.554910E+06 3.947808E+01 2.805492E-03 2.085721E+02 4.422880E+00 3.719410E+00 2.480502E+02
3.301884E+03 1.554920E+06 3.947808E+01 2.806233E-03 2.085721E+02 4.422888E+00 3.719417E+00 2.480502E+02
3.301894E+03 1.554930E+06 3.947808E+01 2.806975E-03 2.085721E+02 4.422896E+00 3.719423E+00 2.480502E+02
3.301903E+03 1.554940E+06 3.947808E+01 2.807717E-03 2.085721E+02 4.422904E+00 3.719430E+00 2.480502E+02
3.301912E+03 1.554950E+06 3.947808E+01 2.808458E-03 2.085721E+02 4.422912E+00 3.719437E+00 2.480502E+02
3.301921E+03 1.554960E+06 3.947808E+01 2.809202E-03 2.085721E+02 4.422920E+00 3.719444E+00 2.480502E+02
3.301930E+03 1.554970E+06 3.947808E+01 2.809946E-03 2.085721E+02 4.422928E+00 3.719451E+00 2.480502E+02
3.301939E+03 1.554980E+06 3.947808E+01 2.810703E-03 2.085721E+02 4.422936E+00 3.719457E+00 2.480502E+02
3.301948E+03 1.554990E+06 3.947808E+01 2.811462E-03 2.085721E+02 4.422944E+00 3.719464E+00 2.480502E+02
3.301958E+03 1.555000E+06 3.947808E+01 2.812217E-03 2.085721E+02 4.422951E+00 3.719470E+00 2.480502E+02
3.301967E+03 1.555010E+06 3.947808E+01 2.812976E-03 2.085721E+02 4.422959E+00 3.719477E+00 2.480502E+02
3.301976E+03 1.555020E+06 3.947808E+01 2.813739E-03 2.085721E+02 4.422967E+00 3.719484E+00 2.480502E+02
3.301985E+03 1.555030E+06 3.947808E+01 2.814501E-03 2.085721E+02 4.422975E+00 3.719491E+00 2.480502E+02
3.301995E+03 1.555040E+06 3.947808E+01 2.815248E-03 2.085721E+02 4.422982E+00 3.719497E+00 2.480502E+02
3.302004E+03 1.555050E+06 3.947808E+01 2.815995E-03 2.085721E+02 4.422990E+00 3.719503E+00 2.480502E+02
3.302013E+03 1.555060E+06 3.947808E+01 2.816742E-03 2.085721E+02 4.422998E+00 3.719510E+00 2.480502E+02
3.302022E+03 1.555070E+06 3.947807E+01 2.817492E-03 2.085721E+02 4.423005E+00 3.719517E+00 2.480502E+02
3.302031E+03 1.555080E+06 3.947807E+01 2.818241E-03 2.085721E+02 4.423013E+00 3.719524E+00 2.480502E+02
3.302040E+03 1.555090E+06 3.947807E+01 2.818991E-03 2.085721E+02 4.423021E+00 3.719530E+00 2.480502E+02
3.302049E+03 1.555100E+06 3.947807E+01 2.819740E-03 2.085721E+02 4.423029E+00 3.719537E+00 2.480502E+02
3.302058E+03 1.555110E+06 3.947807E+01 2.820485E-03 2.085721E+02 4.423037E+00 3.719544E+00 2.480502E+02
3.302067E+03 1.555120E+06 3.947807E+01 2.821231E-03 2.085721E+02 4.423046E+00 3.719551E+00 2.480502E+02
3.302076E+03 1.555130E+06 3.947807E+01 2.821977E-03 2.085721E+02 4.423054E+00 3.719559E+00 2.480502E+02
3.302085E+03 1.555140E+06 3.947807E+01 2.822731E-03 2.085721E+02 4.423063E+00 3.719566E+00 2.480502E+02
3.302095E+03 1.555150E+06 3.947807E+01 2.823492E-03 2.085721E+02 4.423071E+00 3.719573E+00 2.480502E+02
3.302104E+03 1.555160E+06 3.947807E+01 2.824250E-03 2.085721E+02 4.423080E+00 3.719581E+00 2.480502E+02
3.302113E+03 1.555170E+06 3.947807E+01 2.825006E-03 2.085721E+02 4.423088E+00 3.719588E+00 2.480502E+02
3.302123E+03 1.555180E+06 3.947807E+01 2.825766E-03 2.085721E+02 4.423097E+00 3.719595E+00 2.480502E+02
3.302132E+03 1.555190E+06 3.947807E+01 2.826525E-03 2.085721E+02 4.423105E+00 3.719602E+00 2.480502E+02
3.302141E+03 1.555200E+06 3.947807E+01 2.827284E-03 2.085721E+02 4.423114E+00 3.719610E+00 2.480502E+02
3.302150E+03 1.555210E+06 3.947807E+01 2.828043E-03 2.085721E+02 4.423123E+00 3.719617E+00 2.480502E+02
3.302160E+03 1.555220E+06 3.947807E+01 2.828802E-03 2.085721E+02 4.423131E+00 3.719625E+00 2.480502E+02
3.302169E+03 1.555230E+06 3.947807E+01 2.829563E-03 2.085721E+02 4.423140E+00 3.719632E+00 2.480502E+02
3.302178E+03 1.555240E+06 3.947807E+01 2.830324E-03 2.085721E+02 4.423149E+00 3.719640E+00 2.480502E+02
3.302188E+03 1.555250E+06 3.947807E+01 2.831099E-03 2.085721E+02 4.423158E+00 3.719647E+00 2.480502E+02
3.302197E+03 1.555260E+06 3.947807E+01 2.831876E-03 2.085721E+02 4.423167E+00 3.719655E+00 2.480502E+02
3.302206E+03 1.555270E+06 3.947807E+01 2.832653E-03 2.085721E+02 4.423175E+00 3.719662E+00 2.480502E+02
3.302216E+03 1.555280E+06 3.947807E+01 2.833429E-03 2.085721E+02 4.423184E+00 3.719669E+00 2.480502E+02
3.302225E+03 1.555290E+06 3.947807E+01 2.834205E-03 2.085721E+02 4.423193E+00 3.719677E+00 2.480502E+02
3.302235E+03 1.555300E+06 3.947807E+01 2.834975E-03 2.085721E+02 4.423202E+00 3.719685E+00 2.480502E+02
3.302244E+03 1.555310E+06 3.947807E+01 2.835734E-03 2.085721E+02 4.423210E+00 3.719692E+00 2.480502E+02
3.302253E+03 1.555320E+06 3.947807E+01 2.836495E-03 2.085721E+02 4.423219E+00 3.719699E+00 2.480502E+02
3.302262E+03 1.555330E+06 3.947807E+01 2.837230E-03 2.085721E+02 4.423227E+00 3.719706E+00 2.480502E+02
3.302271E+03 1.555340E+06 3.947807E+01 2.837958E-03 2.085721E+02 4.423235E+00 3.719714E+00 2.480502E+02
3.302280E+03 1.555350E+06 3.947807E+01 2.838695E-03 2.085721E+02 4.423244E+00 3.719721E+00 2.480502E+02
3.302289E+03 1.555360E+06 3.947807E+01 2.839432E-03 2.085721E+02 4.423253E+00 3.719728E+00 2.480502E+02
3.302298E+03 1.555370E+06 3.947807E+01 2.840164E-03 2.085721E+02 4.423261E+00 3.719735E+00 2.480502E+02
3.302307E+03 1.555380E+06 3.947807E+01 2.840895E-03 2.085721E+02 4.423270E+00 3.719743E+00 2.480502E+02
3.302316E+03 1.555390E+06 3.947807E+01 2.841625E-03 2.085721E+02 4.423279E+00 3.719751E+00 2.480502E+02
3.302324E+03 1.555400E+06 3.947807E+01 2.842355E-03 2.085721E+02 4.423288E+00 3.719759E+00 2.480502E+02
3.302333E+03 1.555410E+06 3.947807E+01 2.843086E-03 2.085721E+02 4.423297E+00 3.719766E+00 2.480502E+02
3.302342E+03 1.555420E+06 3.947807E+01 2.843816E-03 2.085721E+02 4.423306E+00 3.719774E+00 2.480502E+02
3.302351E+03 1.555430E+06 3.947807E+01 2.844546E-03 2.085721E+02 4.423315E+00 3.719781E+00 2.480502E+02
3.302360E+03 1.555440E+06 3.947807E+01 2.845277E-03 2.085721E+02 4.423324E+00 3.719789E+00 2.480502E+02
3.302369E+03 1.555450E+06 3.947807E+01 2.846007E-03 2.085721E+02 4.423333E+00 3.719797E+00 2.480502E+02
3.302378E+03 1.555460E+06 3.947807E+01 2.846737E-03 2.085721E+02 4.423342E+00 3.719805E+00 2.480502E+02
3.302387E+03 1.555470E+06 3.947807E+01 2.847468E-03 2.085721E+02 4.423352E+00 3.719813E+00 2.480502E+02
3.302396E+03 1.555480E+06 3.947807E+01 2.848200E-03 2.085721E+02 4.423361E+00 3.719821E+00 2.480502E+02
3.302405E+03 1.555490E+06 3.947807E+01 2.848934E-03 2.085721E+02 4.423370E+00 3.719829E+00 2.480502E+02
3.302414E+03 1.555500E+06 3.947807E+01 2.849667E-03 2.085721E+02 4.423379E+00 3.719836E+00 2.480502E+02
3.302423E+03 1.555510E+06 3.947807E+01 2.850399E-03 2.085721E+02 4.423388E+00 3.719844E+00 2.480502E+02
3.302432E+03 1.555520E+06 3.947807E+01 2.851144E-03 2.085721E+02 4.423397E+00 3.719851E+00 2.480502E+02
3.302441E+03 1.555530E+06 3.947807E+01 2.851892E-03 2.085721E+02 4.423406E+00 3.719859E+00 2.480502E+02
3.302450E+03 1.555540E+06 3.947807E+01 2.852642E-03 2.085721E+02 4.423415E+00 3.719867E+00 2.480502E+02
3.302459E+03 1.555550E+06 3.947807E+01 2.853392E-03 2.085721E+02 4.423423E+00 3.719874E+00 2.480502E+02
3.302468E+03 1.555560E+06 3.947807E+01 2.854105E-03 2.085721E+02 4.423432E+00 3.719881E+00 2.480502E+02
3.302476E+03 1.555570E+06 3.947807E+01 2.854810E-03 2.085721E+02 4.423440E+00 3.719888E+00 2.480502E+02
3.302485E+03 1.555580E+06 3.947807E+01 2.855517E-03 2.085721E+02 4.423448E+00 3.719895E+00 2.480502E+02
3.302493E+03 1.555590E+06 3.947807E+01 2.856203E-03 2.085721E+02 4.423456E+00 3.719902E+00 2.480502E+02
3.302501E+03 1.555600E+06 3.947807E+01 2.856881E-03 2.085721E+02 4.423463E+00 3.719908E+00 2.480502E+02
3.302509E+03 1.555610E+06 3.947807E+01 2.857557E-03 2.085721E+02 4.423471E+00 3.719915E+00 2.480502E+02
3.302518E+03 1.555620E+06 3.947807E+01 2.858234E-03 2.085721E+02 4.423478E+00 3.719921E+00 2.480502E+02
3.302526E+03 1.555630E+06 3.947807E+01 2.858915E-03 2.085721E+02 4.423486E+00 3.719928E+00 2.480502E+02
3.302534E+03 1.555640E+06 3.947807E+01 2.859601E-03 2.085721E+02 4.423493E+00 3.719934E+00 2.480502E+02
3.302542E+03 1.555650E+06 3.947807E+01 2.860288E-03 2.085721E+02 4.423501E+00 3.719941E+00 2.480502E+02
3.302551E+03 1.555660E+06 3.947807E+01 2.860976E-03 2.085721E+02 4.423509E+00 3.719947E+00 2.480502E+02
3.302559E+03 1.555670E+06 3.947807E+01 2.861661E-03 2.085721E+02 4.423517E+00 3.719954E+00 2.480502E+02
3.302567E+03 1.555680E+06 3.947807E+01 2.862345E-03 2.085721E+02 4.423524E+00 3.719960E+00 2.480502E+02
3.302576E+03 1.555690E+06 3.947807E+01 2.863039E-03 2.085721E+02 4.423532E+00 3.719967E+00 2.480502E+02
3.302584E+03 1.555700E+06 3.947807E+01 2.863735E-03 2.085721E+02 4.423539E+00 3.719973E+00 2.480502E+02
3.302593E+03 1.555710E+06 3.947807E+01 2.864431E-03 2.085721E+02 4.423547E+00 3.719980E+00 2.480502E+02
3.302601E+03 1.555720E+06 3.947807E+01 2.865127E-03 2.085721E+02 4.423555E+00 3.719987E+00 2.480502E+02
3.302610E+03 1.555730E+06 3.947807E+01 2.865826E-03 2.085721E+02 4.423563E+00 3.719993E+00 2.480502E+02
3.302618E+03 1.555740E+06 3.947807E+01 2.866523E-03 2.085721E+02 4.423570E+00 3.720000E+00 2.480502E+02
3.302627E+03 1.555750E+06 3.947807E+01 2.867242E-03 2.085721E+02 4.423578E+00 3.720006E+00 2.480502E+02
3.302636E+03 1.555760E+06 3.947807E+01 2.867974E-03 2.085721E+02 4.423586E+00 3.720013E+00 2.480502E+02
3.302645E+03 1.555770E+06 3.947807E+01 2.868710E-03 2.085721E+02 4.423595E+00 3.720020E+00 2.480502E+02
3.302654E+03 1.555780E+06 3.947807E+01 2.869443E-03 2.085721E+02 4.423604E+00 3.720028E+00 2.480502E+02
3.302663E+03 1.555790E+06 3.947806E+01 2.870177E-03 2.085721E+02 4.423612E+00 3.720035E+00 2.480502E+02
3.302672E+03 1.555800E+06 3.947806E+01 2.870926E-03 2.085721E+02 4.423621E+00 3.720043E+00 2.480502E+02
3.302681E+03 1.555810E+06 3.947806E+01 2.871702E-03 2.085721E+02 4.423629E+00 3.720050E+00 2.480502E+02
3.302691E+03 1.555820E+06 3.947806E+01 2.872476E-03 2.085721E+02 4.423639E+00 3.720058E+00 2.480502E+02
3.302700E+03 1.555830E+06 3.947806E+01 2.873249E-03 2.085721E+02 4.423648E+00 3.720066E+00 2.480502E+02
3.302710E+03 1.555840E+06 3.947806E+01 2.874022E-03 2.085721E+02 4.423658E+00 3.720075E+00 2.480502E+02
3.302719E+03 1.555850E+06 3.947806E+01 2.874802E-03 2.085721E+02 4.423667E+00 3.720083E+00 2.480502E+02
3.302729E+03 1.555860E+06 3.947806E+01 2.875626E-03 2.085721E+02 4.423677E+00 3.720091E+00 2.480502E+02
3.302739E+03 1.555870E+06 3.947806E+01 2.876450E-03 2.085721E+02 4.423687E+00 3.720100E+00 2.480502E+02
3.302749E+03 1.555880E+06 3.947806E+01 2.877274E-03 2.085721E+02 4.423697E+00 3.720108E+00 2.480502E+02
3.302759E+03 1.555890E+06 3.947806E+01 2.878099E-03 2.085721E+02 4.423707E+00 3.720117E+00 2.480502E+02
3.302769E+03 1.555900E+06 3.947806E+01 2.878931E-03 2.085721E+02 4.423717E+00 3.720125E+00 2.480502E+02
3.302780E+03 1.555910E+06 3.947806E+01 2.879793E-03 2.085721E+02 4.423727E+00 3.720134E+00 2.480502E+02
3.302790E+03 1.555920E+06 3.947806E+01 2.880652E-03 2.085722E+02 4.423738E+00 3.720143E+00 2.480502E+02
3.302799E+03 1.555930E+06 3.947806E+01 2.881418E-03 2.085722E+02 4.423747E+00 3.720151E+00 2.480502E+02
3.302808E+03 1.555940E+06 3.947806E+01 2.882147E-03 2.085722E+02 4.423756E+00 3.720159E+00 2.480502E+02
3.302817E+03 1.555950E+06 3.947806E+01 2.882875E-03 2.085722E+02 4.423765E+00 3.720166E+00 2.480502E+02
3.302826E+03 1.555960E+06 3.947806E+01 2.883623E-03 2.085722E+02 4.423774E+00 3.720174E+00 2.480502E+02
3.302835E+03 1.555970E+06 3.947806E+01 2.884372E-03 2.085722E+02 4.423783E+00 3.720182E+00 2.480502E+02
3.302844E+03 1.555980E+06 3.947806E+01 2.885124E-03 2.085722E+02 4.423793E+00 3.720190E+00 2.480502E+02
3.302853E+03 1.555990E+06 3.947806E+01 2.885874E-03 2.085722E+02 4.423801E+00 3.720197E+00 2.480502E+02
3.302863E+03 1.556000E+06 3.947806E+01 2.886624E-03 2.085722E+02 4.423810E+00 3.720205E+00 2.480502E+02
3.302872E+03 1.556010E+06 3.947806E+01 2.887374E-03 2.085722E+02 4.423819E+00 3.720213E+00 2.480502E+02
3.302881E+03 1.556020E+06 3.947806E+01 2.888124E-03 2.085722E+02 4.423828E+00 3.720220E+00 2.480502E+02
3.302890E+03 1.556030E+06 3.947806E+01 2.888874E-03 2.085722E+02 4.423837E+00 3.720227E+00 2.480502E+02
3.302899E+03 1.556040E+06 3.947806E+01 2.889623E-03 2.085722E+02 4.423845E+00 3.720235E+00 2.480502E+02
3.302908E+03 1.556050E+06 3.947806E+01 2.890371E-03 2.085722E+02 4.423854E+00 3.720242E+00 2.480502E+02
3.302917E+03 1.556060E+06 3.947806E+01 2.891133E-03 2.085722E+02 4.423863E+00 3.720250E+00 2.480502E+02
3.302927E+03 1.556070E+06 3.947806E+01 2.891927E-03 2.085722E+02 4.423872E+00 3.720257E+00 2.480502E+02
3.302937E+03 1.556080E+06 3.947806E+01 2.892722E-03 2.085722E+02 4.423881E+00 3.720265E+00 2.480502E+02
3.302946E+03 1.556090E+06 3.947806E+01 2.893517E-03 2.085722E+02 4.423890E+00 3.720273E+00 2.480502E+02
3.302955E+03 1.556100E+06 3.947806E+01 2.894275E-03 2.085722E+02 4.423899E+00 3.720280E+00 2.480502E+02
3.302964E+03 1.556110E+06 3.947806E+01 2.895022E-03 2.085722E+02 4.423907E+00 3.720288E+00 2.480502E+02
3.302969E+03 1.556120E+06 3.947806E+01 2.895361E-03 2.085722E+02 4.423912E+00 3.720292E+00 2.480502E+02
3.302976E+03 1.556130E+06 3.947806E+01 2.895940E-03 2.085722E+02 4.423919E+00 3.720297E+00 2.480502E+02
3.302984E+03 1.556140E+06 3.947806E+01 2.896624E-03 2.085722E+02 4.423926E+00 3.720304E+00 2.480502E+02
3.302993E+03 1.556150E+06 3.947806E+01 2.897347E-03 2.085722E+02 4.423934E+00 3.720311E+00 2.480502E+02
3.303002E+03 1.556160E+06 3.947806E+01 2.898088E-03 2.085722E+02 4.423942E+00 3.720318E+00 2.480502E+02
3.303011E+03 1.556170E+06 3.947806E+01 2.898827E-03 2.085722E+02 4.423950E+00 3.720324E+00 2.480502E+02
3.303020E+03 1.556180E+06 3.947806E+01 2.899584E-03 2.085722E+02 4.423958E+00 3.720331E+00 2.480502E+02
3.303029E+03 1.556190E+06 3.947806E+01 2.900346E-03 2.085722E+02 4.423967E+00 3.720339E+00 2.480502E+02
3.303039E+03 1.556200E+06 3.947806E+01 2.901107E-03 2.085722E+02 4.423975E+00 3.720346E+00 2.480502E+02
3.303048E+03 1.556210E+06 3.947806E+01 2.901867E-03 2.085722E+02 4.423983E+00 3.720353E+00 2.480502E+02
3.303057E+03 1.556220E+06 3.947806E+01 2.902628E-03 2.085722E+02 4.423991E+00 3.720359E+00 2.480502E+02
3.303066E+03 1.556230E+06 3.947806E+01 2.903402E-03 2.085722E+02 4.423999E+00 3.720367E+00 2.480502E+02
3.303076E+03 1.556240E+06 3.947806E+01 2.904190E-03 2.085722E+02 4.424009E+00 3.720374E+00 2.480502E+02
3.303086E+03 1.556250E+06 3.947806E+01 2.904976E-03 2.085722E+02 4.424018E+00 3.720382E+00 2.480502E+02
3.303095E+03 1.556260E+06 3.947806E+01 2.905763E-03 2.085722E+02 4.424026E+00 3.720390E+00 2.480502E+02
3.303105E+03 1.556270E+06 3.947806E+01 2.906551E-03 2.085722E+02 4.424035E+00 3.720397E+00 2.480502E+02
3.303115E+03 1.556280E+06 3.947806E+01 2.907350E-03 2.085722E+02 4.424045E+00 3.720405E+00 2.480502E+02
3.303125E+03 1.556290E+06 3.947806E+01 2.908170E-03 2.085722E+02 4.424054E+00 3.720414E+00 2.480502E+02
3.303135E+03 1.556300E+06 3.947806E+01 2.908990E-03 2.085722E+02 4.424064E+00 3.720422E+00 2.480502E+02
3.303145E+03 1.556310E+06 3.947806E+01 2.909811E-03 2.085722E+02 4.424074E+00 3.720430E+00 2.480502E+02
3.303155E+03 1.556320E+06 3.947806E+01 2.910628E-03 2.085722E+02 4.424084E+00 3.720439E+00 2.480502E+02
3.303165E+03 1.556330E+06 3.947806E+01 2.911455E-03 2.085722E+02 4.424093E+00 3.720447E+00 2.480502E+02
3.303175E+03 1.556340E+06 3.947806E+01 2.912291E-03 2.085722E+02 4.424104E+00 3.720456E+00 2.480502E+02
3.303185E+03 1.556350E+06 3.947806E+01 2.913128E-03 2.085722E+02 4.424114E+00 3.720464E+00 2.480502E+02
3.303195E+03 1.556360E+06 3.947806E+01 2.913940E-03 2.085722E+02 4.424123E+00 3.720472E+00 2.480502E+02
3.303205E+03 1.556370E+06 3.947806E+01 2.914735E-03 2.085722E+02 4.424132E+00 3.720480E+00 2.480502E+02
3.303215E+03 1.556380E+06 3.947806E+01 2.915544E-03 2.085722E+02 4.424142E+00 3.720488E+00 2.480502E+02
3.303225E+03 1.556390E+06 3.947806E+01 2.916356E-03 2.085722E+02 4.424152E+00 3.720497E+00 2.480502E+02
3.303235E+03 1.556400E+06 3.947806E+01 2.917150E-03 2.085722E+02 4.424161E+00 3.720505E+00 2.480502E+02
3.303244E+03 1.556410E+06 3.947806E+01 2.917943E-03 2.085722E+02 4.424171E+00 3.720513E+00 2.480502E+02
3.303253E+03 1.556420E+06 3.947806E+01 2.918689E-03 2.085722E+02 4.424180E+00 3.720521E+00 2.480502E+02
3.303263E+03 1.556430E+06 3.947806E+01 2.919447E-03 2.085722E+02 4.424189E+00 3.720529E+00 2.480502E+02
3.303272E+03 1.556440E+06 3.947806E+01 2.920215E-03 2.085722E+02 4.424199E+00 3.720537E+00 2.480502E+02
3.303282E+03 1.556450E+06 3.947806E+01 2.920983E-03 2.085722E+02 4.424209E+00 3.720545E+00 2.480502E+02
3.303291E+03 1.556460E+06 3.947806E+01 2.921751E-03 2.085722E+02 4.424218E+00 3.720554E+00 2.480502E+02
3.303300E+03 1.556470E+06 3.947806E+01 2.922519E-03 2.085722E+02 4.424228E+00 3.720561E+00 2.480502E+02
3.303310E+03 1.556480E+06 3.947806E+01 2.923287E-03 2.085722E+02 4.424237E+00 3.720570E+00 2.480502E+02
3.303319E+03 1.556490E+06 3.947806E+01 2.924043E-03 2.085722E+02 4.424247E+00 3.720578E+00 2.480502E+02
3.303328E+03 1.556500E+06 3.947806E+01 2.924794E-03 2.085722E+02 4.424257E+00 3.720587E+00 2.480502E+02
3.303338E+03 1.556510E+06 3.947806E+01 2.925543E-03 2.085722E+02 4.424268E+00 3.720596E+00 2.480502E+02
3.303347E+03 1.556520E+06 3.947806E+01 2.926293E-03 2.085722E+02 4.424278E+00 3.720605E+00 2.480502E+02
3.303356E+03 1.556530E+06 3.947805E+01 2.927041E-03 2.085722E+02 4.424288E+00 3.720613E+00 2.480502E+02
3.303365E+03 1.556540E+06 3.947805E+01 2.927789E-03 2.085722E+02 4.424298E+00 3.720622E+00 2.480502E+02
3.303375E+03 1.556550E+06 3.947805E+01 2.928536E-03 2.085722E+02 4.424308E+00 3.720630E+00 2.480502E+02
3.303384E+03 1.556560E+06 3.947805E+01 2.929283E-03 2.085722E+02 4.424319E+00 3.720640E+00 2.480502E+02
3.303393E+03 1.556570E+06 3.947805E+01 2.929999E-03 2.085722E+02 4.424330E+00 3.720648E+00 2.480502E+02
3.303402E+03 1.556580E+06 3.947805E+01 2.930713E-03 2.085722E+02 4.424340E+00 3.720657E+00 2.480502E+02
3.303411E+03 1.556590E+06 3.947805E+01 2.931429E-03 2.085722E+02 4.424350E+00 3.720666E+00 2.480502E+02
3.303420E+03 1.556600E+06 3.947805E+01 2.932147E-03 2.085722E+02 4.424360E+00 3.720674E+00 2.480502E+02
3.303428E+03 1.556610E+06 3.947805E+01 2.932863E-03 2.085722E+02 4.424371E+00 3.720683E+00 2.480502E+02
3.303437E+03 1.556620E+06 3.947805E+01 2.933578E-03 2.085722E+02 4.424381E+00 3.720692E+00 2.480502E+02
3.303446E+03 1.556630E+06 3.947805E+01 2.934296E-03 2.085722E+02 4.424391E+00 3.720701E+00 2.480502E+02
3.303455E+03 1.556640E+06 3.947805E+01 2.935013E-03 2.085722E+02 4.424401E+00 3.720710E+00 2.480502E+02
3.303464E+03 1.556650E+06 3.947805E+01 2.935743E-03 2.085722E+02 4.424412E+00 3.720719E+00 2.480502E+02
3.303473E+03 1.556660E+06 3.947805E+01 2.936476E-03 2.085722E+02 4.424423E+00 3.720728E+00 2.480502E+02
3.303483E+03 1.556670E+06 3.947805E+01 2.937206E-03 2.085722E+02 4.424433E+00 3.720737E+00 2.480502E+02
3.303492E+03 1.556680E+06 3.947805E+01 2.937935E-03 2.085722E+02 4.424444E+00 3.720746E+00 2.480502E+02
3.303501E+03 1.556690E+06 3.947805E+01 2.938664E-03 2.085722E+02 4.424455E+00 3.720755E+00 2.480502E+02
3.303510E+03 1.556700E+06 3.947805E+01 2.939393E-03 2.085722E+02 4.424466E+00 3.720765E+00 2.480502E+02
3.303519E+03 1.556710E+06 3.947805E+01 2.940121E-03 2.085722E+02 4.424476E+00 3.720774E+00 2.480502E+02
3.303528E+03 1.556720E+06 3.947805E+01 2.940850E-03 2.085722E+02 4.424487E+00 3.720783E+00 2.480502E+02
3.303537E+03 1.556730E+06 3.947805E+01 2.941582E-03 2.085722E+02 4.424498E+00 3.720792E+00 2.480502E+02
3.303546E+03 1.556740E+06 3.947805E+01 2.942313E-03 2.085722E+02 4.424508E+00 3.720801E+00 2.480502E+02
3.303555E+03 1.556750E+06 3.947805E+01 2.943052E-03 2.085722E+02 4.424519E+00 3.720810E+00 2.480502E+02
3.303565E+03 1.556760E+06 3.947805E+01 2.943809E-03 2.085722E+02 4.424530E+00 3.720819E+00 2.480502E+02
3.303574E+03 1.556770E+06 3.947805E+01 2.944564E-03 2.085722E+02 4.424541E+00 3.720828E+00 2.480502E+02
3.303584E+03 1.556780E+06 3.947805E+01 2.945320E-03 2.085722E+02 4.424552E+00 3.720838E+00 2.480502E+02
3.303593E+03 1.556790E+06 3.947805E+01 2.946077E-03 2.085722E+02 4.424563E+00 3.720847E+00 2.480502E+02
3.303603E+03 1.556800E+06 3.947805E+01 2.946835E-03 2.085722E+02 4.424574E+00 3.720857E+00 2.480502E+02
3.303612E+03 1.556810E+06 3.947805E+01 2.947586E-03 2.085722E+02 4.424585E+00 3.720866E+00 2.480502E+02
3.303621E+03 1.556820E+06 3.947805E+01 2.948329E-03 2.085722E+02 4.424595E+00 3.720875E+00 2.480502E+02
3.303630E+03 1.556830E+06 3.947805E+01 2.949071E-03 2.085722E+02 4.424605E+00 3.720883E+00 2.480502E+02
3.303640E+03 1.556840E+06 3.947805E+01 2.949811E-03 2.085722E+02 4.424616E+00 3.720892E+00 2.480502E+02
3.303649E+03 1.556850E+06 3.947805E+01 2.950553E-03 2.085722E+02 4.424626E+00 3.720901E+00 2.480502E+02
3.303658E+03 1.556860E+06 3.947805E+01 2.951308E-03 2.085722E+02 4.424637E+00 3.720910E+00 2.480502E+02
3.303668E+03 1.556870E+06 3.947805E+01 2.952064E-03 2.085722E+02 4.424647E+00 3.720919E+00 2.480502E+02
3.303677E+03 1.556880E+06 3.947805E+01 2.952824E-03 2.085722E+02 4.424657E+00 3.720928E+00 2.480502E+02
3.303687E+03 1.556890E+06 3.947805E+01 2.953582E-03 2.085722E+02 4.424668E+00 3.720937E+00 2.480502E+02
3.303696E+03 1.556900E+06 3.947805E+01 2.954340E-03 2.085722E+02 4.424678E+00 3.720946E+00 2.480502E+02
3.303706E+03 1.556910E+06 3.947805E+01 2.955136E-03 2.085722E+02 4.424690E+00 3.720955E+00 2.480502E+02
3.303716E+03 1.556920E+06 3.947805E+01 2.955956E-03 2.085722E+02 4.424701E+00 3.720965E+00 2.480502E+02
3.303726E+03 1.556930E+06 3.947805E+01 2.956781E-03 2.085722E+02 4.424711E+00 3.720974E+00 2.480502E+02
3.303737E+03 1.556940E+06 3.947805E+01 2.957603E-03 2.085722E+02 4.424722E+00 3.720983E+00 2.480502E+02
3.303746E+03 1.556950E+06 3.947805E+01 2.958370E-03 2.085722E+02 4.424733E+00 3.720992E+00 2.480502E+02
3.303756E+03 1.556960E+06 3.947805E+01 2.959152E-03 2.085722E+02 4.424744E+00 3.721001E+00 2.480502E+02
3.303766E+03 1.556970E+06 3.947805E+01 2.959957E-03 2.085722E+02 4.424755E+00 3.721011E+00 2.480502E+02
3.303776E+03 1.556980E+06 3.947805E+01 2.960739E-03 2.085722E+02 4.424765E+00 3.721020E+00 2.480502E+02
3.303785E+03 1.556990E+06 3.947805E+01 2.961518E-03 2.085722E+02 4.424776E+00 3.721029E+00 2.480502E+02
3.303795E+03 1.557000E+06 3.947805E+01 2.962298E-03 2.085722E+02 4.424787E+00 3.721038E+00 2.480502E+02
3.303805E+03 1.557010E+06 3.947805E+01 2.963084E-03 2.085722E+02 4.424798E+00 3.721047E+00 2.480502E+02
3.303815E+03 1.557020E+06 3.947805E+01 2.963872E-03 2.085722E+02 4.424808E+00 3.721057E+00 2.480502E+02
3.303824E+03 1.557030E+06 3.947805E+01 2.964657E-03 2.085722E+02 4.424819E+00 3.721066E+00 2.480502E+02
3.303834E+03 1.557040E+06 3.947805E+01 2.965444E-03 2.085722E+02 4.424830E+00 3.721075E+00 2.480502E+02
3.303844E+03 1.557050E+06 3.947805E+01 2.966229E-03 2.085722E+02 4.424841E+00 3.721084E+00 2.480502E+02
3.303854E+03 1.557060E+06 3.947805E+01 2.967014E-03 2.085722E+02 4.424851E+00 3.721093E+00 2.480502E+02
3.303864E+03 1.557070E+06 3.947805E+01 2.967799E-03 2.085722E+02 4.424862E+00 3.721102E+00 2.480502E+02
3.303874E+03 1.557080E+06 3.947805E+01 2.968584E-03 2.085722E+02 4.424872E+00 3.721111E+00 2.480502E+02
3.303883E+03 1.557090E+06 3.947805E+01 2.969368E-03 2.085722E+02 4.424883E+00 3.721120E+00 2.480502E+02
3.303893E+03 1.557100E+06 3.947805E+01 2.970152E-03 2.085722E+02 4.424894E+00 3.721129E+00 2.480502E+02
3.303903E+03 1.557110E+06 3.947805E+01 2.970948E-03 2.085722E+02 4.424905E+00 3.721139E+00 2.480502E+02
3.303913E+03 1.557120E+06 3.947805E+01 2.971749E-03 2.085722E+02 4.424916E+00 3.721148E+00 2.480502E+02
3.303923E+03 1.557130E+06 3.947805E+01 2.972547E-03 2.085722E+02 4.424927E+00 3.721158E+00 2.480502E+02
3.303933E+03 1.557140E+06 3.947805E+01 2.973344E-03 2.085722E+02 4.424939E+00 3.721168E+00 2.480502E+02
3.303943E+03 1.557150E+06 3.947805E+01 2.974142E-03 2.085722E+02 4.424950E+00 3.721178E+00 2.480502E+02
3.303953E+03 1.557160E+06 3.947805E+01 2.974940E-03 2.085722E+02 4.424962E+00 3.721187E+00 2.480502E+02
3.303963E+03 1.557170E+06 3.947805E+01 2.975757E-03 2.085722E+02 4.424974E+00 3.721198E+00 2.480502E+02
3.303974E+03 1.557180E+06 3.947805E+01 2.976576E-03 2.085722E+02 4.424986E+00 3.721208E+00 2.480502E+02
3.303984E+03 1.557190E+06 3.947805E+01 2.977395E-03 2.085722E+02 4.424998E+00 3.721218E+00 2.480502E+02
3.303994E+03 1.557200E+06 3.947805E+01 2.978215E-03 2.085722E+02 4.425011E+00 3.721229E+00 2.480502E+02
3.304005E+03 1.557210E+06 3.947805E+01 2.979063E-03 2.085722E+02 4.425023E+00 3.721240E+00 2.480502E+02
3.304016E+03 1.557220E+06 3.947805E+01 2.979913E-03 2.085722E+02 4.425036E+00 3.721250E+00 2.480502E+02
3.304026E+03 1.557230E+06 3.947805E+01 2.980762E-03 2.085722E+02 4.425049E+00 3.721261E+00 2.480502E+02
3.304037E+03 1.557240E+06 3.947805E+01 2.981611E-03 2.085722E+02 4.425061E+00 3.721272E+00 2.480502E+02
3.304048E+03 1.557250E+06 3.947805E+01 2.982469E-03 2.085722E+02 4.425074E+00 3.721283E+00 2.480502E+02
3.304058E+03 1.557260E+06 3.947805E+01 2.983315E-03 2.085722E+02 4.425087E+00 3.721294E+00 2.480502E+02
3.304069E+03 1.557270E+06 3.947805E+01 2.984136E-03 2.085722E+02 4.425099E+00 3.721304E+00 2.480502E+02
3.304079E+03 1.557280E+06 3.947805E+01 2.984927E-03 2.085722E+02 4.425111E+00 3.721315E+00 2.480502E+02
3.304089E+03 1.557290E+06 3.947805E+01 2.985713E-03 2.085722E+02 4.425123E+00 3.721325E+00 2.480502E+02
3.304098E+03 1.557300E+06 3.947805E+01 2.986503E-03 2.085722E+02 4.425135E+00 3.721335E+00 2.480502E+02
3.304108E+03 1.557310E+06 3.947805E+01 2.987285E-03 2.085722E+02 4.425147E+00 3.721345E+00 2.480502E+02
3.304118E+03 1.557320E+06 3.947805E+01 2.988067E-03 2.085722E+02 4.425159E+00 3.721356E+00 2.480502E+02
3.304128E+03 1.557330E+06 3.947805E+01 2.988834E-03 2.085722E+02 4.425171E+00 3.721365E+00 2.480502E+02
3.304137E+03 1.557340E+06 3.947805E+01 2.989574E-03 2.085722E+02 4.425182E+00 3.721375E+00 2.480502E+02
3.304146E+03 1.557350E+06 3.947805E+01 2.990329E-03 2.085722E+02 4.425193E+00 3.721384E+00 2.480502E+02
3.304156E+03 1.557360E+06 3.947804E+01 2.991094E-03 2.085722E+02 4.425204E+00 3.721394E+00 2.480502E+02
3.304165E+03 1.557370E+06 3.947804E+01 2.991846E-03 2.085722E+02 4.425215E+00 3.721403E+00 2.480502E+02
3.304175E+03 1.557380E+06 3.947804E+01 2.992597E-03 2.085722E+02 4.425226E+00 3.721412E+00 2.480502E+02
3.304184E+03 1.557390E+06 3.947804E+01 2.993349E-03 2.085722E+02 4.425236E+00 3.721421E+00 2.480502E+02
3.304194E+03 1.557400E+06 3.947804E+01 2.994102E-03 2.085722E+02 4.425247E+00 3.721430E+00 2.480502E+02
3.304203E+03 1.557410E+06 3.947804E+01 2.994857E-03 2.085722E+02 4.425258E+00 3.721439E+00 2.480502E+02
3.304212E+03 1.557420E+06 3.947804E+01 2.995611E-03 2.085722E+02 4.425269E+00 3.721449E+00 2.480502E+02
3.304222E+03 1.557430E+06 3.947804E+01 2.996367E-03 2.085722E+02 4.425279E+00 3.721458E+00 2.480502E+02
3.304231E+03 1.557440E+06 3.947804E+01 2.997120E-03 2.085722E+02 4.425289E+00 3.721466E+00 2.480502E+02
3.304241E+03 1.557450E+06 3.947804E+01 2.997876E-03 2.085722E+02 4.425300E+00 3.721475E+00 2.480502E+02
3.304250E+03 1.557460E+06 3.947804E+01 2.998629E-03 2.085722E+02 4.425310E+00 3.721484E+00 2.480502E+02
3.304259E+03 1.557470E+06 3.947804E+01 2.999320E-03 2.085722E+02 4.425320E+00 3.721492E+00 2.480502E+02
3.304267E+03 1.557480E+06 3.947804E+01 3.000007E-03 2.085722E+02 4.425330E+00 3.721501E+00 2.480502E+02
3.304276E+03 1.557490E+06 3.947804E+01 3.000696E-03 2.085722E+02 4.425339E+00 3.721509E+00 2.480502E+02
3.304285E+03 1.557500E+06 3.947804E+01 3.001384E-03 2.085722E+02 4.425349E+00 3.721517E+00 2.480502E+02
3.304293E+03 1.557510E+06 3.947804E+01 3.002083E-03 2.085722E+02 4.425359E+00 3.721525E+00 2.480502E+02
3.304302E+03 1.557520E+06 3.947804E+01 3.002805E-03 2.085722E+02 4.425369E+00 3.721535E+00 2.480502E+02
3.304311E+03 1.557530E+06 3.947804E+01 3.003535E-03 2.085722E+02 4.425380E+00 3.721544E+00 2.480502E+02
3.304321E+03 1.557540E+06 3.947804E+01 3.004262E-03 2.085722E+02 4.425391E+00 3.721553E+00 2.480502E+02
3.304330E+03 1.557550E+06 3.947804E+01 3.004988E-03 2.085722E+02 4.425402E+00 3.721562E+00 2.480502E+02
3.304339E+03 1.557560E+06 3.947804E+01 3.005718E-03 2.085722E+02 4.425412E+00 3.721571E+00 2.480502E+02
3.304349E+03 1.557570E+06 3.947804E+01 3.006499E-03 2.085722E+02 4.425423E+00 3.721581E+00 2.480502E+02
3.304359E+03 1.557580E+06 3.947804E+01 3.007282E-03 2.085722E+02 4.425435E+00 3.721591E+00 2.480502E+02
3.304368E+03 1.557590E+06 3.947804E+01 3.008063E-03 2.085722E+02 4.425447E+00 3.721601E+00 2.480502E+02
3.304378E+03 1.557600E+06 3.947804E+01 3.008846E-03 2.085722E+02 4.425459E+00 3.721611E+00 2.480502E+02
3.304388E+03 1.557610E+06 3.947804E+01 3.009625E-03 2.085722E+02 4.425471E+00 3.721621E+00 2.480502E+02
3.304398E+03 1.557620E+06 3.947804E+01 3.010404E-03 2.085722E+02 4.425483E+00 3.721631E+00 2.480502E+02
3.304408E+03 1.557630E+06 3.947804E+01 3.011182E-03 2.085722E+02 4.425495E+00 3.721641E+00 2.480502E+02
3.304417E+03 1.557640E+06 3.947804E+01 3.011961E-03 2.085722E+02 4.425507E+00 3.721652E+00 2.480502E+02
3.304427E+03 1.557650E+06 3.947804E+01 3.012738E-03 2.085722E+02 4.425519E+00 3.721662E+00 2.480502E+02
3.304437E+03 1.557660E+06 3.947804E+01 3.013515E-03 2.085722E+02 4.425532E+00 3.721673E+00 2.480502E+02
3.304447E+03 1.557670E+06 3.947804E+01 3.014292E-03 2.085722E+02 4.425545E+00 3.721684E+00 2.480502E+02
3.304457E+03 1.557680E+06 3.947804E+01 3.015066E-03 2.085722E+02 4.425557E+00 3.721694E+00 2.480502E+02
3.304467E+03 1.557690E+06 3.947804E+01 3.015842E-03 2.085722E+02 4.425570E+00 3.721706E+00 2.480502E+02
3.304476E+03 1.557700E+06 3.947804E+01 3.016614E-03 2.085722E+02 4.425583E+00 3.721717E+00 2.480502E+02
3.304486E+03 1.557710E+06 3.947804E+01 3.017387E-03 2.085722E+02 4.425597E+00 3.721728E+00 2.480502E+02
3.304496E+03 1.557720E+06 3.947804E+01 3.018174E-03 2.085722E+02 4.425610E+00 3.721740E+00 2.480502E+02
3.304506E+03 1.557730E+06 3.947804E+01 3.018959E-03 2.085722E+02 4.425624E+00 3.721751E+00 2.480502E+02
3.304516E+03 1.557740E+06 3.947804E+01 3.019747E-03 2.085722E+02 4.425638E+00 3.721763E+00 2.480502E+02
3.304526E+03 1.557750E+06 3.947804E+01 3.020533E-03 2.085722E+02 4.425652E+00 3.721775E+00 2.480502E+02
3.304536E+03 1.557760E+06 3.947804E+01 3.021322E-03 2.085722E+02 4.425667E+00 3.721788E+00 2.480502E+02
3.304547E+03 1.557770E+06 3.947804E+01 3.022122E-03 2.085722E+02 4.425681E+00 3.721800E+00 2.480502E+02
3.304557E+03 1.557780E+06 3.947804E+01 3.022921E-03 2.085722E+02 4.425696E+00 3.721812E+00 2.480502E+02
3.304567E+03 1.557790E+06 3.947804E+01 3.023721E-03 2.085722E+02 4.425711E+00 3.721825E+00 2.480502E+02
3.304577E+03 1.557800E+06 3.947804E+01 3.024523E-03 2.085722E+02 4.425726E+00 3.721838E+00 2.480502E+02
3.304588E+03 1.557810E+06 3.947804E+01 3.025332E-03 2.085722E+02 4.425740E+00 3.721850E+00 2.480502E+02
3.304598E+03 1.557820E+06 3.947804E+01 3.026151E-03 2.085722E+02 4.425755E+00 3.721862E+00 2.480502E+02
3.304608E+03 1.557830E+06 3.947804E+01 3.026969E-03 2.085722E+02 4.425769E+00 3.721875E+00 2.480502E+02
3.304619E+03 1.557840E+06 3.947804E+01 3.027788E-03 2.085722E+02 4.425784E+00 3.721887E+00 2.480502E+02
3.304629E+03 1.557850E+06 3.947804E+01 3.028608E-03 2.085722E+02 4.425799E+00 3.721900E+00 2.480502E+02
3.304640E+03 1.557860E+06 3.947804E+01 3.029426E-03 2.085722E+02 4.425814E+00 3.721912E+00 2.480502E+02
3.304650E+03 1.557870E+06 3.947804E+01 3.030245E-03 2.085722E+02 4.425828E+00 3.721925E+00 2.480502E+02
3.304661E+03 1.557880E+06 3.947804E+01 3.031062E-03 2.085722E+02 4.425843E+00 3.721937E+00 2.480502E+02
3.304671E+03 1.557890E+06 3.947804E+01 3.031883E-03 2.085722E+02 4.425858E+00 3.721950E+00 2.480502E+02
3.304682E+03 1.557900E+06 3.947804E+01 3.032704E-03 2.085722E+02 4.425872E+00 3.721962E+00 2.480502E+02
3.304692E+03 1.557910E+06 3.947804E+01 3.033509E-03 2.085722E+02 4.425886E+00 3.721974E+00 2.480502E+02
3.304702E+03 1.557920E+06 3.947804E+01 3.034304E-03 2.085722E+02 4.425900E+00 3.721986E+00 2.480502E+02
3.304712E+03 1.557930E+06 3.947804E+01 3.035086E-03 2.085722E+02 4.425914E+00 3.721997E+00 2.480502E+02
3.304722E+03 1.557940E+06 3.947804E+01 3.035871E-03 2.085722E+02 4.425927E+00 3.722009E+00 2.480502E+02
3.304732E+03 1.557950E+06 3.947804E+01 3.036653E-03 2.085722E+02 4.425940E+00 3.722020E+00 2.480502E+02
3.304741E+03 1.557960E+06 3.947804E+01 3.037427E-03 2.085722E+02 4.425954E+00 3.722032E+00 2.480502E+02
3.304751E+03 1.557970E+06 3.947804E+01 3.038200E-03 2.085722E+02 4.425967E+00 3.722043E+00 2.480502E+02
3.304761E+03 1.557980E+06 3.947804E+01 3.038972E-03 2.085722E+02 4.425980E+00 3.722054E+00 2.480502E+02
3.304771E+03 1.557990E+06 3.947804E+01 3.039744E-03 2.085722E+02 4.425994E+00 3.722066E+00 2.480502E+02
3.304781E+03 1.558000E+06 3.947804E+01 3.040517E-03 2.085722E+02 4.426007E+00 3.722077E+00 2.480502E+02
3.304791E+03 1.558010E+06 3.947804E+01 3.041317E-03 2.085722E+02 4.426022E+00 3.722089E+00 2.480502E+02
3.304801E+03 1.558020E+06 3.947804E+01 3.042120E-03 2.085722E+02 4.426036E+00 3.722102E+00 2.480502E+02
3.304811E+03 1.558030E+06 3.947804E+01 3.042923E-03 2.085722E+02 4.426051E+00 3.722114E+00 2.480502E+02
3.304822E+03 1.558040E+06 3.947804E+01 3.043726E-03 2.085722E+02 4.426066E+00 3.722127E+00 2.480502E+02
3.304832E+03 1.558050E+06 3.947804E+01 3.044544E-03 2.085722E+02 4.426081E+00 3.722140E+00 2.480502E+02
3.304843E+03 1.558060E+06 3.947804E+01 3.045396E-03 2.085722E+02 4.426097E+00 3.722153E+00 2.480502E+02
3.304854E+03 1.558070E+06 3.947804E+01 3.046244E-03 2.085722E+02 4.426113E+00 3.722167E+00 2.480502E+02
3.304865E+03 1.558080E+06 3.947804E+01 3.047097E-03 2.085722E+02 4.426129E+00 3.722180E+00 2.480502E+02
3.304876E+03 1.558090E+06 3.947804E+01 3.047947E-03 2.085722E+02 4.426146E+00 3.722195E+00 2.480502E+02
3.304887E+03 1.558100E+06 3.947804E+01 3.048828E-03 2.085722E+02 4.426162E+00 3.722209E+00 2.480502E+02
3.304898E+03 1.558110E+06 3.947804E+01 3.049722E-03 2.085722E+02 4.426180E+00 3.722224E+00 2.480502E+02
3.304910E+03 1.558120E+06 3.947804E+01 3.050613E-03 2.085722E+02 4.426197E+00 3.722239E+00 2.480502E+02
3.304921E+03 1.558130E+06 3.947804E+01 3.051505E-03 2.085722E+02 4.426215E+00 3.722253E+00 2.480502E+02
3.304931E+03 1.558140E+06 3.947804E+01 3.052291E-03 2.085722E+02 4.426230E+00 3.722266E+00 2.480502E+02
3.304942E+03 1.558150E+06 3.947804E+01 3.053145E-03 2.085722E+02 4.426247E+00 3.722280E+00 2.480502E+02
3.304953E+03 1.558160E+06 3.947804E+01 3.053997E-03 2.085722E+02 4.426263E+00 3.722295E+00 2.480502E+02
3.304964E+03 1.558170E+06 3.947804E+01 3.054820E-03 2.085722E+02 4.426279E+00 3.722308E+00 2.480502E+02
3.304974E+03 1.558180E+06 3.947804E+01 3.055626E-03 2.085722E+02 4.426295E+00 3.722321E+00 2.480502E+02
3.304985E+03 1.558190E+06 3.947804E+01 3.056454E-03 2.085722E+02 4.426310E+00 3.722334E+00 2.480502E+02
3.304995E+03 1.558200E+06 3.947803E+01 3.057276E-03 2.085722E+02 4.426326E+00 3.722348E+00 2.480502E+02
3.305005E+03 1.558210E+06 3.947803E+01 3.058084E-03 2.085722E+02 4.426342E+00 3.722361E+00 2.480502E+02
3.305016E+03 1.558220E+06 3.947803E+01 3.058893E-03 2.085722E+02 4.426357E+00 3.722374E+00 2.480502E+02
3.305025E+03 1.558230E+06 3.947803E+01 3.059622E-03 2.085722E+02 4.426371E+00 3.722386E+00 2.480502E+02
3.305035E+03 1.558240E+06 3.947803E+01 3.060411E-03 2.085722E+02 4.426386E+00 3.722399E+00 2.480502E+02
3.305045E+03 1.558250E+06 3.947803E+01 3.061185E-03 2.085722E+02 4.426401E+00 3.722411E+00 2.480502E+02
3.305055E+03 1.558260E+06 3.947803E+01 3.061945E-03 2.085722E+02 4.426415E+00 3.722423E+00 2.480502E+02
3.305065E+03 1.558270E+06 3.947803E+01 3.062706E-03 2.085722E+02 4.426430E+00 3.722436E+00 2.480502E+02
3.305073E+03 1.558280E+06 3.947803E+01 3.063403E-03 2.085722E+02 4.426443E+00 3.722447E+00 2.480502E+02
3.305083E+03 1.558290E+06 3.947803E+01 3.064134E-03 2.085722E+02 4.426456E+00 3.722458E+00 2.480502E+02
3.305092E+03 1.558300E+06 3.947803E+01 3.064869E-03 2.085722E+02 4.426470E+00 3.722470E+00 2.480502E+02
3.305101E+03 1.558310E+06 3.947803E+01 3.065590E-03 2.085722E+02 4.426483E+00 3.722481E+00 2.480502E+02
3.305110E+03 1.558320E+06 3.947803E+01 3.066309E-03 2.085722E+02 4.426496E+00 3.722492E+00 2.480502E+02
3.305119E+03 1.558330E+06 3.947803E+01 3.066998E-03 2.085722E+02 4.426509E+00 3.722503E+00 2.480502E+02
3.305128E+03 1.558340E+06 3.947803E+01 3.067665E-03 2.085722E+02 4.426521E+00 3.722514E+00 2.480502E+02
3.305137E+03 1.558350E+06 3.947803E+01 3.068363E-03 2.085722E+02 4.426534E+00 3.722525E+00 2.480502E+02
3.305146E+03 1.558360E+06 3.947803E+01 3.069061E-03 2.085722E+02 4.426547E+00 3.722536E+00 2.480502E+02
3.305155E+03 1.558370E+06 3.947803E+01 3.069756E-03 2.085722E+02 4.426560E+00 3.722546E+00 2.480502E+02
3.305163E+03 1.558380E+06 3.947803E+01 3.070447E-03 2.085722E+02 4.426573E+00 3.722557E+00 2.480502E+02
3.305172E+03 1.558390E+06 3.947803E+01 3.071087E-03 2.085722E+02 4.426585E+00 3.722568E+00 2.480502E+02
3.305180E+03 1.558400E+06 3.947803E+01 3.071767E-03 2.085722E+02 4.426598E+00 3.722579E+00 2.480502E+02
3.305189E+03 1.558410E+06 3.947803E+01 3.072452E-03 2.085722E+02 4.426611E+00 3.722590E+00 2.480502E+02
3.305198E+03 1.558420E+06 3.947803E+01 3.073135E-03 2.085722E+02 4.426624E+00 3.722601E+00 2.480502E+02
3.305207E+03 1.558430E+06 3.947803E+01 3.073819E-03 2.085722E+02 4.426637E+00 3.722612E+00 2.480502E+02
3.305215E+03 1.558440E+06 3.947803E+01 3.074505E-03 2.085722E+02 4.426650E+00 3.722623E+00 2.480502E+02
3.305224E+03 1.558450E+06 3.947803E+01 3.075196E-03 2.085722E+02 4.426664E+00 3.722635E+00 2.480502E+02
3.305233E+03 1.558460E+06 3.947803E+01 3.075892E-03 2.085722E+02 4.426677E+00 3.722646E+00 2.480502E+02
3.305242E+03 1.558470E+06 3.947803E+01 3.076588E-03 2.085722E+02 4.426691E+00 3.722658E+00 2.480502E+02
3.305251E+03 1.558480E+06 3.947803E+01 3.077284E-03 2.085722E+02 4.426704E+00 3.722669E+00 2.480502E+02
3.305260E+03 1.558490E+06 3.947803E+01 3.077978E-03 2.085722E+02 4.426718E+00 3.722681E+00 2.480502E+02
3.305269E+03 1.558500E+06 3.947803E+01 3.078673E-03 2.085722E+02 4.426732E+00 3.722693E+00 2.480502E+02
3.305278E+03 1.558510E+06 3.947803E+01 3.079368E-03 2.085722E+02 4.426746E+00 3.722705E+00 2.480502E+02
3.305287E+03 1.558520E+06 3.947803E+01 3.080065E-03 2.085722E+02 4.426760E+00 3.722716E+00 2.480502E+02
3.305296E+03 1.558530E+06 3.947803E+01 3.080755E-03 2.085722E+02 4.426774E+00 3.722728E+00 2.480502E+02
3.305304E+03 1.558540E+06 3.947803E+01 3.081426E-03 2.085722E+02 4.426787E+00 3.722739E+00 2.480502E+02
3.305313E+03 1.558550E+06 3.947803E+01 3.082097E-03 2.085722E+02 4.426800E+00 3.722750E+00 2.480502E+02
3.305321E+03 1.558560E+06 3.947803E+01 3.082773E-03 2.085722E+02 4.426814E+00 3.722762E+00 2.480502E+02
3.305330E+03 1.558570E+06 3.947803E+01 3.083451E-03 2.085722E+02 4.426827E+00 3.722774E+00 2.480502E+02
3.305339E+03 1.558580E+06 3.947803E+01 3.084118E-03 2.085722E+02 4.426840E+00 3.722785E+00 2.480502E+02
3.305347E+03 1.558590E+06 3.947803E+01 3.084787E-03 2.085722E+02 4.426854E+00 3.722796E+00 2.480502E+02
3.305356E+03 1.558600E+06 3.947803E+01 3.085457E-03 2.085722E+02 4.426866E+00 3.722807E+00 2.480502E+02
3.305364E+03 1.558610E+06 3.947803E+01 3.086127E-03 2.085722E+02 4.426879E+00 3.722818E+00 2.480502E+02
3.305373E+03 1.558620E+06 3.947803E+01 3.086792E-03 2.085722E+02 4.426893E+00 3.722829E+00 2.480502E+02
3.305381E+03 1.558630E+06 3.947803E+01 3.087452E-03 2.085722E+02 4.426906E+00 3.722840E+00 2.480502E+02
3.305390E+03 1.558640E+06 3.947803E+01 3.088114E-03 2.085722E+02 4.426919E+00 3.722851E+00 2.480502E+02
3.305398E+03 1.558650E+06 3.947803E+01 3.088775E-03 2.085722E+02 4.426932E+00 3.722862E+00 2.480502E+02
3.305406E+03 1.558660E+06 3.947803E+01 3.089413E-03 2.085722E+02 4.426944E+00 3.722873E+00 2.480502E+02
3.305415E+03 1.558670E+06 3.947803E+01 3.090051E-03 2.085722E+02 4.426957E+00 3.722883E+00 2.480502E+02
3.305423E+03 1.558680E+06 3.947803E+01 3.090695E-03 2.085722E+02 4.426969E+00 3.722894E+00 2.480502E+02
3.305431E+03 1.558690E+06 3.947803E+01 3.091344E-03 2.085722E+02 4.426982E+00 3.722905E+00 2.480502E+02
3.305439E+03 1.558700E+06 3.947803E+01 3.091993E-03 2.085722E+02 4.426995E+00 3.722916E+00 2.480502E+02
3.305448E+03 1.558710E+06 3.947803E+01 3.092644E-03 2.085722E+02 4.427008E+00 3.722927E+00 2.480502E+02
3.305456E+03 1.558720E+06 3.947803E+01 3.093294E-03 2.085722E+02 4.427021E+00 3.722938E+00 2.480502E+02
3.305464E+03 1.558730E+06 3.947803E+01 3.093942E-03 2.085722E+02 4.427034E+00 3.722949E+00 2.480502E+02
3.305473E+03 1.558740E+06 3.947803E+01 3.094597E-03 2.085722E+02 4.427047E+00 3.722960E+00 2.480502E+02
3.305481E+03 1.558750E+06 3.947803E+01 3.095259E-03 2.085722E+02 4.427060E+00 3.722971E+00 2.480502E+02
3.305490E+03 1.558760E+06 3.947803E+01 3.095918E-03 2.085722E+02 4.427074E+00 3.722983E+00 2.480502E+02
3.305498E+03 1.558770E+06 3.947803E+01 3.096577E-03 2.085722E+02 4.427088E+00 3.722994E+00 2.480502E+02
3.305507E+03 1.558780E+06 3.947803E+01 3.097234E-03 2.085722E+02 4.427101E+00 3.723006E+00 2.480502E+02
3.305515E+03 1.558790E+06 3.947803E+01 3.097888E-03 2.085722E+02 4.427115E+00 3.723018E+00 2.480502E+02
3.305524E+03 1.558800E+06 3.947803E+01 3.098568E-03 2.085722E+02 4.427129E+00 3.723029E+00 2.480502E+02
3.305533E+03 1.558810E+06 3.947803E+01 3.099264E-03 2.085722E+02 4.427142E+00 3.723041E+00 2.480502E+02
3.305542E+03 1.558820E+06 3.947803E+01 3.099962E-03 2.085722E+02 4.427157E+00 3.723053E+00 2.480502E+02
3.305551E+03 1.558830E+06 3.947803E+01 3.100660E-03 2.085722E+02 4.427171E+00 3.723065E+00 2.480502E+02
3.305560E+03 1.558840E+06 3.947803E+01 3.101359E-03 2.085722E+02 4.427185E+00 3.723077E+00 2.480502E+02
3.305569E+03 1.558850E+06 3.947803E+01 3.102068E-03 2.085722E+02 4.427200E+00 3.723090E+00 2.480502E+02
3.305578E+03 1.558860E+06 3.947803E+01 3.102792E-03 2.085722E+02 4.427213E+00 3.723101E+00 2.480502E+02
3.305587E+03 1.558870E+06 3.947803E+01 3.103516E-03 2.085722E+02 4.427228E+00 3.723113E+00 2.480502E+02
3.305597E+03 1.558880E+06 3.947803E+01 3.104240E-03 2.085722E+02 4.427242E+00 3.723125E+00 2.480502E+02
3.305606E+03 1.558890E+06 3.947803E+01 3.104965E-03 2.085722E+02 4.427256E+00 3.723137E+00 2.480502E+02
3.305615E+03 1.558900E+06 3.947803E+01 3.105697E-03 2.085722E+02 4.427270E+00 3.723149E+00 2.480502E+02
3.305625E+03 1.558910E+06 3.947803E+01 3.106453E-03 2.085722E+02 4.427284E+00 3.723161E+00 2.480502E+02
3.305634E+03 1.558920E+06 3.947803E+01 3.107208E-03 2.085722E+02 4.427297E+00 3.723173E+00 2.480502E+02
3.305644E+03 1.558930E+06 3.947803E+01 3.107963E-03 2.085722E+02 4.427312E+00 3.723185E+00 2.480502E+02
3.305654E+03 1.558940E+06 3.947803E+01 3.108719E-03 2.085722E+02 4.427326E+00 3.723197E+00 2.480502E+02
3.305663E+03 1.558950E+06 3.947803E+01 3.109476E-03 2.085722E+02 4.427340E+00 3.723209E+00 2.480502E+02
3.305673E+03 1.558960E+06 3.947803E+01 3.110265E-03 2.085722E+02 4.427354E+00 3.723221E+00 2.480502E+02
3.305683E+03 1.558970E+06 3.947803E+01 3.111054E-03 2.085722E+02 4.427368E+00 3.723233E+00 2.480502E+02
3.305693E+03 1.558980E+06 3.947803E+01 3.111842E-03 2.085722E+02 4.427383E+00 3.723245E+00 2.480502E+02
3.305703E+03 1.558990E+06 3.947803E+01 3.112632E-03 2.085722E+02 4.427397E+00 3.723257E+00 2.480502E+02
3.305713E+03 1.559000E+06 3.947803E+01 3.113422E-03 2.085722E+02 4.427411E+00 3.723269E+00 2.480502E+02
3.305724E+03 1.559010E+06 3.947803E+01 3.114224E-03 2.085722E+02 4.427426E+00 3.723282E+00 2.480502E+02
3.305734E+03 1.559020E+06 3.947803E+01 3.115027E-03 2.085722E+02 4.427441E+00 3.723294E+00 2.480502E+02
3.305744E+03 1.559030E+06 3.947803E+01 3.115829E-03 2.085722E+02 4.427455E+00 3.723307E+00 2.480502E+02
3.305754E+03 1.559040E+06 3.947803E+01 3.116634E-03 2.085722E+02 4.427470E+00 3.723319E+00 2.480502E+02
3.305765E+03 1.559050E+06 3.947803E+01 3.117446E-03 2.085722E+02 4.427485E+00 3.723332E+00 2.480502E+02
3.305775E+03 1.559060E+06 3.947803E+01 3.118281E-03 2.085722E+02 4.427501E+00 3.723346E+00 2.480502E+02
3.305786E+03 1.559070E+06 3.947803E+01 3.119115E-03 2.085722E+02 4.427516E+00 3.723359E+00 2.480502E+02
3.305797E+03 1.559080E+06 3.947803E+01 3.119950E-03 2.085722E+02 4.427533E+00 3.723372E+00 2.480502E+02
3.305807E+03 1.559090E+06 3.947802E+01 3.120785E-03 2.085722E+02 4.427548E+00 3.723386E+00 2.480502E+02
3.305818E+03 1.559100E+06 3.947802E+01 3.121621E-03 2.085722E+02 4.427564E+00 3.723399E+00 2.480502E+02
3.305829E+03 1.559110E+06 3.947802E+01 3.122456E-03 2.085722E+02 4.427580E+00 3.723412E+00 2.480502E+02
3.305839E+03 1.559120E+06 3.947802E+01 3.123292E-03 2.085722E+02 4.427595E+00 3.723426E+00 2.480502E+02
3.305850E+03 1.559130E+06 3.947802E+01 3.124128E-03 2.085722E+02 4.427611E+00 3.723439E+00 2.480502E+02
3.305861E+03 1.559140E+06 3.947802E+01 3.124966E-03 2.085722E+02 4.427627E+00 3.723452E+00 2.480502E+02
3.305872E+03 1.559150E+06 3.947802E+01 3.125820E-03 2.085722E+02 4.427642E+00 3.723466E+00 2.480502E+02
3.305883E+03 1.559160E+06 3.947802E+01 3.126674E-03 2.085722E+02 4.427658E+00 3.723479E+00 2.480502E+02
3.305893E+03 1.559170E+06 3.947802E+01 3.127528E-03 2.085722E+02 4.427674E+00 3.723493E+00 2.480502E+02
3.305904E+03 1.559180E+06 3.947802E+01 3.128377E-03 2.085722E+02 4.427691E+00 3.723507E+00 2.480502E+02
3.305915E+03 1.559190E+06 3.947802E+01 3.129240E-03 2.085722E+02 4.427707E+00 3.723520E+00 2.480502E+02
3.305927E+03 1.559200E+06 3.947802E+01 3.130110E-03 2.085722E+02 4.427723E+00 3.723534E+00 2.480502E+02
3.305938E+03 1.559210E+06 3.947802E+01 3.130979E-03 2.085722E+02 4.427739E+00 3.723548E+00 2.480502E+02
3.305949E+03 1.559220E+06 3.947802E+01 3.131850E-03 2.085722E+02 4.427756E+00 3.723562E+00 2.480502E+02
3.305960E+03 1.559230E+06 3.947802E+01 3.132723E-03 2.085722E+02 4.427771E+00 3.723575E+00 2.480502E+02
3.305971E+03 1.559240E+06 3.947802E+01 3.133597E-03 2.085722E+02 4.427787E+00 3.723588E+00 2.480502E+02
3.305982E+03 1.559250E+06 3.947802E+01 3.134414E-03 2.085722E+02 4.427802E+00 3.723601E+00 2.480502E+02
3.305992E+03 1.559260E+06 3.947802E+01 3.135205E-03 2.085722E+02 4.427816E+00 3.723614E+00 2.480502E+02
3.306002E+03 1.559270E+06 3.947802E+01 3.135997E-03 2.085722E+02 4.427830E+00 3.723625E+00 2.480502E+02
3.306012E+03 1.559280E+06 3.947802E+01 3.136802E-03 2.085722E+02 4.427844E+00 3.723637E+00 2.480502E+02
3.306022E+03 1.559290E+06 3.947802E+01 3.137569E-03 2.085722E+02 4.427858E+00 3.723649E+00 2.480502E+02
3.306031E+03 1.559300E+06 3.947802E+01 3.138270E-03 2.085722E+02 4.427871E+00 3.723660E+00 2.480502E+02
3.306040E+03 1.559310E+06 3.947802E+01 3.138947E-03 2.085722E+02 4.427883E+00 3.723670E+00 2.480502E+02
3.306048E+03 1.559320E+06 3.947802E+01 3.139624E-03 2.085722E+02 4.427895E+00 3.723681E+00 2.480502E+02
3.306056E+03 1.559330E+06 3.947802E+01 3.140236E-03 2.085722E+02 4.427906E+00 3.723690E+00 2.480502E+02
3.306065E+03 1.559340E+06 3.947802E+01 3.140911E-03 2.085722E+02 4.427918E+00 3.723700E+00 2.480502E+02
3.306073E+03 1.559350E+06 3.947802E+01 3.141581E-03 2.085722E+02 4.427929E+00 3.723710E+00 2.480502E+02
3.306082E+03 1.559360E+06 3.947802E+01 3.142239E-03 2.085722E+02 4.427941E+00 3.723720E+00 2.480502E+02
3.306090E+03 1.559370E+06 3.947802E+01 3.142898E-03 2.085722E+02 4.427953E+00 3.723730E+00 2.480502E+02
3.306098E+03 1.559380E+06 3.947802E+01 3.143532E-03 2.085722E+02 4.427964E+00 3.723739E+00 2.480502E+02
3.306106E+03 1.559390E+06 3.947802E+01 3.144146E-03 2.085722E+02 4.427975E+00 3.723748E+00 2.480502E+02
3.306114E+03 1.559400E+06 3.947802E+01 3.144792E-03 2.085722E+02 4.427986E+00 3.723758E+00 2.480502E+02
3.306122E+03 1.559410E+06 3.947802E+01 3.145441E-03 2.085722E+02 4.427997E+00 3.723767E+00 2.480502E+02
3.306131E+03 1.559420E+06 3.947802E+01 3.146087E-03 2.085722E+02 4.428008E+00 3.723777E+00 2.480502E+02
3.306139E+03 1.559430E+06 3.947802E+01 3.146723E-03 2.085722E+02 4.428019E+00 3.723786E+00 2.480502E+02
3.306147E+03 1.559440E+06 3.947802E+01 3.147359E-03 2.085722E+02 4.428030E+00 3.723796E+00 2.480502E+02
3.306155E+03 1.559450E+06 3.947802E+01 3.147999E-03 2.085722E+02 4.428042E+00 3.723805E+00 2.480502E+02
3.306163E+03 1.559460E+06 3.947802E+01 3.148650E-03 2.085722E+02 4.428053E+00 3.723815E+00 2.480502E+02
3.306172E+03 1.559470E+06 3.947802E+01 3.149302E-03 2.085722E+02 4.428065E+00 3.723825E+00 2.480502E+02
3.306180E+03 1.559480E+06 3.947802E+01 3.149956E-03 2.085722E+02 4.428076E+00 3.723834E+00 2.480502E+02
3.306188E+03 1.559490E+06 3.947802E+01 3.150608E-03 2.085722E+02 4.428088E+00 3.723844E+00 2.480502E+02
3.306197E+03 1.559500E+06 3.947802E+01 3.151260E-03 2.085722E+02 4.428099E+00 3.723854E+00 2.480502E+02
3.306205E+03 1.559510E+06 3.947802E+01 3.151915E-03 2.085722E+02 4.428111E+00 3.723864E+00 2.480502E+02
3.306213E+03 1.559520E+06 3.947802E+01 3.152577E-03 2.085722E+02 4.428123E+00 3.723874E+00 2.480502E+02
3.306222E+03 1.559530E+06 3.947802E+01 3.153237E-03 2.085722E+02 4.428135E+00 3.723885E+00 2.480502E+02
3.306230E+03 1.559540E+06 3.947802E+01 3.153899E-03 2.085722E+02 4.428148E+00 3.723895E+00 2.480502E+02
3.306239E+03 1.559550E+06 3.947802E+01 3.154559E-03 2.085722E+02 4.428161E+00 3.723906E+00 2.480502E+02
3.306247E+03 1.559560E+06 3.947802E+01 3.155220E-03 2.085722E+02 4.428173E+00 3.723917E+00 2.480502E+02
3.306256E+03 1.559570E+06 3.947802E+01 3.155883E-03 2.085722E+02 4.428186E+00 3.723927E+00 2.480502E+02
3.306264E+03 1.559580E+06 3.947802E+01 3.156557E-03 2.085722E+02 4.428199E+00 3.723939E+00 2.480502E+02
3.306273E+03 1.559590E+06 3.947802E+01 3.157227E-03 2.085722E+02 4.428212E+00 3.723950E+00 2.480502E+02
3.306282E+03 1.559600E+06 3.947802E+01 3.157894E-03 2.085722E+02 4.428226E+00 3.723961E+00 2.480502E+02
3.306290E+03 1.559610E+06 3.947802E+01 3.158560E-03 2.085722E+02 4.428239E+00 3.723973E+00 2.480502E+02
3.306299E+03 1.559620E+06 3.947802E+01 3.159226E-03 2.085722E+02 4.428252E+00 3.723984E+00 2.480502E+02
3.306308E+03 1.559630E+06 3.947802E+01 3.159927E-03 2.085722E+02 4.428266E+00 3.723996E+00 2.480502E+02
3.306317E+03 1.559640E+06 3.947802E+01 3.160643E-03 2.085722E+02 4.428281E+00 3.724008E+00 2.480502E+02
3.306326E+03 1.559650E+06 3.947802E+01 3.161358E-03 2.085722E+02 4.428296E+00 3.724021E+00 2.480502E+02
3.306336E+03 1.559660E+06 3.947802E+01 3.162074E-03 2.085722E+02 4.428310E+00 3.724033E+00 2.480502E+02
3.306345E+03 1.559670E+06 3.947802E+01 3.162790E-03 2.085722E+02 4.428325E+00 3.724046E+00 2.480502E+02
3.306354E+03 1.559680E+06 3.947802E+01 3.163523E-03 2.085722E+02 4.428340E+00 3.724058E+00 2.480502E+02
3.306364E+03 1.559690E+06 3.947802E+01 3.164281E-03 2.085722E+02 4.428356E+00 3.724072E+00 2.480502E+02
3.306374E+03 1.559700E+06 3.947802E+01 3.165039E-03 2.085722E+02 4.428371E+00 3.724085E+00 2.480502E+02
3.306384E+03 1.559710E+06 3.947802E+01 3.165796E-03 2.085722E+02 4.428387E+00 3.724098E+00 2.480502E+02
3.306394E+03 1.559720E+06 3.947802E+01 3.166554E-03 2.085722E+02 4.428403E+00 3.724112E+00 2.480502E+02
3.306404E+03 1.559730E+06 3.947802E+01 3.167319E-03 2.085722E+02 4.428419E+00 3.724125E+00 2.480502E+02
3.306414E+03 1.559740E+06 3.947802E+01 3.168095E-03 2.085722E+02 4.428434E+00 3.724139E+00 2.480502E+02
3.306424E+03 1.559750E+06 3.947802E+01 3.168869E-03 2.085722E+02 4.428450E+00 3.724152E+00 2.480502E+02
3.306434E+03 1.559760E+06 3.947802E+01 3.169644E-03 2.085722E+02 4.428467E+00 3.724166E+00 2.480502E+02
3.306443E+03 1.559770E+06 3.947802E+01 3.170384E-03 2.085722E+02 4.428482E+00 3.724179E+00 2.480502E+02
3.306453E+03 1.559780E+06 3.947802E+01 3.171105E-03 2.085722E+02 4.428496E+00 3.724191E+00 2.480502E+02
3.306462E+03 1.559790E+06 3.947802E+01 3.171853E-03 2.085722E+02 4.428511E+00 3.724204E+00 2.480502E+02
3.306472E+03 1.559800E+06 3.947802E+01 3.172599E-03 2.085722E+02 4.428526E+00 3.724216E+00 2.480502E+02
3.306481E+03 1.559810E+06 3.947802E+01 3.173346E-03 2.085722E+02 4.428541E+00 3.724229E+00 2.480502E+02
3.306491E+03 1.559820E+06 3.947802E+01 3.174098E-03 2.085722E+02 4.428556E+00 3.724241E+00 2.480502E+02
3.306501E+03 1.559830E+06 3.947802E+01 3.174855E-03 2.085722E+02 4.428570E+00 3.724254E+00 2.480502E+02
3.306511E+03 1.559840E+06 3.947802E+01 3.175623E-03 2.085722E+02 4.428585E+00 3.724266E+00 2.480502E+02
3.306520E+03 1.559850E+06 3.947802E+01 3.176390E-03 2.085722E+02 4.428599E+00 3.724278E+00 2.480502E+02
3.306530E+03 1.559860E+06 3.947802E+01 3.177160E-03 2.085722E+02 4.428614E+00 3.724291E+00 2.480502E+02
3.306540E+03 1.559870E+06 3.947802E+01 3.177928E-03 2.085722E+02 4.428628E+00 3.724303E+00 2.480502E+02
3.306549E+03 1.559880E+06 3.947802E+01 3.178605E-03 2.085722E+02 4.428640E+00 3.724313E+00 2.480502E+02
3.306557E+03 1.559890E+06 3.947802E+01 3.179285E-03 2.085722E+02 4.428652E+00 3.724323E+00 2.480502E+02
3.306566E+03 1.559900E+06 3.947802E+01 3.179961E-03 2.085722E+02 4.428663E+00 3.724333E+00 2.480502E+02
3.306574E+03 1.559910E+06 3.947802E+01 3.180639E-03 2.085722E+02 4.428676E+00 3.724343E+00 2.480502E+02
3.306583E+03 1.559920E+06 3.947802E+01 3.181318E-03 2.085722E+02 4.428688E+00 3.724354E+00 2.480502E+02
3.306592E+03 1.559930E+06 3.947802E+01 3.181996E-03 2.085722E+02 4.428699E+00 3.724363E+00 2.480502E+02
3.306600E+03 1.559940E+06 3.947802E+01 3.182674E-03 2.085722E+02 4.428710E+00 3.724373E+00 2.480502E+02
3.306609E+03 1.559950E+06 3.947802E+01 3.183356E-03 2.085722E+02 4.428722E+00 3.724383E+00 2.480502E+02
3.306617E+03 1.559960E+06 3.947802E+01 3.184040E-03 2.085722E+02 4.428733E+00 3.724392E+00 2.480502E+02
3.306626E+03 1.559970E+06 3.947802E+01 3.184705E-03 2.085722E+02 4.428744E+00 3.724402E+00 2.480502E+02
3.306634E+03 1.559980E+06 3.947802E+01 3.185364E-03 2.085722E+02 4.428755E+00 3.724411E+00 2.480502E+02
3.306642E+03 1.559990E+06 3.947802E+01 3.185985E-03 2.085722E+02 4.428765E+00 3.724420E+00 2.480502E+02
3.306650E+03 1.560000E+06 3.947802E+01 3.186599E-03 2.085722E+02 4.428775E+00 3.724428E+00 2.480502E+02
3.306658E+03 1.560010E+06 3.947802E+01 3.187222E-03 2.085722E+02 4.428786E+00 3.724437E+00 2.480502E+02
3.306665E+03 1.560020E+06 3.947802E+01 3.187836E-03 2.085722E+02 4.428796E+00 3.724445E+00 2.480502E+02
3.306673E+03 1.560030E+06 3.947802E+01 3.188450E-03 2.085722E+02 4.428806E+00 3.724454E+00 2.480502E+02
3.306681E+03 1.560040E+06 3.947802E+01 3.189062E-03 2.085722E+02 4.428816E+00 3.724463E+00 2.480502E+02
3.306689E+03 1.560050E+06 3.947802E+01 3.189676E-03 2.085722E+02 4.428826E+00 3.724471E+00 2.480502E+02
3.306697E+03 1.560060E+06 3.947802E+01 3.190292E-03 2.085722E+02 4.428836E+00 3.724480E+00 2.480502E+02
3.306704E+03 1.560070E+06 3.947802E+01 3.190919E-03 2.085722E+02 4.428847E+00 3.724489E+00 2.480502E+02
3.306712E+03 1.560080E+06 3.947802E+01 3.191546E-03 2.085722E+02 4.428857E+00 3.724498E+00 2.480502E+02
3.306720E+03 1.560090E+06 3.947802E+01 3.192172E-03 2.085722E+02 4.428868E+00 3.724507E+00 2.480502E+02
3.306728E+03 1.560100E+06 3.947802E+01 3.192796E-03 2.085722E+02 4.428878E+00 3.724516E+00 2.480502E+02
3.306736E+03 1.560110E+06 3.947801E+01 3.193420E-03 2.085722E+02 4.428889E+00 3.724525E+00 2.480502E+02
3.306744E+03 1.560120E+06 3.947801E+01 3.194043E-03 2.085722E+02 4.428900E+00 3.724534E+00 2.480502E+02
3.306752E+03 1.560130E+06 3.947801E+01 3.194675E-03 2.085722E+02 4.428911E+00 3.724544E+00 2.480502E+02
3.306760E+03 1.560140E+06 3.947801E+01 3.195311E-03 2.085722E+02 4.428923E+00 3.724554E+00 2.480502E+02
3.306768E+03 1.560150E+06 3.947801E+01 3.195961E-03 2.085722E+02 4.428934E+00 3.724563E+00 2.480502E+02
3.306777E+03 1.560160E+06 3.947801E+01 3.196611E-03 2.085722E+02 4.428945E+00 3.724573E+00 2.480502E+02
3.306785E+03 1.560170E+06 3.947801E+01 3.197262E-03 2.085722E+02 4.428957E+00 3.724582E+00 2.480502E+02
3.306793E+03 1.560180E+06 3.947801E+01 3.197912E-03 2.085722E+02 4.428969E+00 3.724592E+00 2.480502E+02
3.306802E+03 1.560190E+06 3.947801E+01 3.198579E-03 2.085722E+02 4.428981E+00 3.724603E+00 2.480502E+02
3.306810E+03 1.560200E+06 3.947801E+01 3.199243E-03 2.085722E+02 4.428993E+00 3.724613E+00 2.480502E+02
3.306819E+03 1.560210E+06 3.947801E+01 3.199909E-03 2.085722E+02 4.429005E+00 3.724624E+00 2.480502E+02
3.306827E+03 1.560220E+06 3.947801E+01 3.200574E-03 2.085722E+02 4.429017E+00 3.724634E+00 2.480502E+02
3.306835E+03 1.560230E+06 3.947801E+01 3.201236E-03 2.085722E+02 4.429029E+00 3.724644E+00 2.480502E+02
3.306844E+03 1.560240E+06 3.947801E+01 3.201900E-03 2.085722E+02 4.429042E+00 3.724654E+00 2.480502E+02
3.306852E+03 1.560250E+06 3.947801E+01 3.202564E-03 2.085722E+02 4.429054E+00 3.724665E+00 2.480502E+02
3.306861E+03 1.560260E+06 3.947801E+01 3.203229E-03 2.085722E+02 4.429066E+00 3.724675E+00 2.480502E+02
3.306869E+03 1.560270E+06 3.947801E+01 3.203893E-03 2.085722E+02 4.429078E+00 3.724686E+00 2.480502E+02
3.306878E+03 1.560280E+06 3.947801E+01 3.204555E-03 2.085722E+02 4.429091E+00 3.724696E+00 2.480502E+02
3.306886E+03 1.560290E+06 3.947801E+01 3.205219E-03 2.085722E+02 4.429102E+00 3.724706E+00 2.480502E+02
3.306895E+03 1.560300E+06 3.947801E+01 3.205886E-03 2.085722E+02 4.429114E+00 3.724716E+00 2.480502E+02
3.306903E+03 1.560310E+06 3.947801E+01 3.206551E-03 2.085722E+02 4.429125E+00 3.724725E+00 2.480502E+02
3.306912E+03 1.560320E+06 3.947801E+01 3.207214E-03 2.085722E+02 4.429136E+00 3.724735E+00 2.480502E+02
3.306920E+03 1.560330E+06 3.947801E+01 3.207878E-03 2.085722E+02 4.429148E+00 3.724745E+00 2.480502E+02
3.306929E+03 1.560340E+06 3.947801E+01 3.208546E-03 2.085722E+02 4.429159E+00 3.724755E+00 2.480502E+02
3.306937E+03 1.560350E+06 3.947801E+01 3.209214E-03 2.085722E+02 4.429170E+00 3.724764E+00 2.480502E+02
3.306945E+03 1.560360E+06 3.947801E+01 3.209886E-03 2.085722E+02 4.429181E+00 3.724773E+00 2.480502E+02
3.306954E+03 1.560370E+06 3.947801E+01 3.210557E-03 2.085722E+02 4.429192E+00 3.724782E+00 2.480502E+02
3.306962E+03 1.560380E+06 3.947801E+01 3.211228E-03 2.085722E+02 4.429203E+00 3.724792E+00 2.480502E+02
3.306971E+03 1.560390E+06 3.947801E+01 3.211900E-03 2.085722E+02 4.429213E+00 3.724801E+00 2.480502E+02
3.306979E+03 1.560400E+06 3.947801E+01 3.212574E-03 2.085722E+02 4.429224E+00 3.724810E+00 2.480502E+02
3.306988E+03 1.560410E+06 3.947801E+01 3.213249E-03 2.085722E+02 4.429234E+00 3.724818E+00 2.480502E+02
3.306996E+03 1.560420E+06 3.947801E+01 3.213923E-03 2.085722E+02 4.429244E+00 3.724827E+00 2.480502E+02
3.307005E+03 1.560430E+06 3.947801E+01 3.214597E-03 2.085722E+02 4.429254E+00 3.724835E+00 2.480502E+02
3.307013E+03 1.560440E+06 3.947801E+01 3.215271E-03 2.085722E+02 4.429264E+00 3.724844E+00 2.480502E+02
3.307022E+03 1.560450E+06 3.947801E+01 3.215947E-03 2.085722E+02 4.429274E+00 3.724852E+00 2.480502E+02
3.307030E+03 1.560460E+06 3.947801E+01 3.216624E-03 2.085722E+02 4.429283E+00 3.724860E+00 2.480502E+02
3.307039E+03 1.560470E+06 3.947801E+01 3.217303E-03 2.085722E+02 4.429293E+00 3.724868E+00 2.480502E+02
3.307047E+03 1.560480E+06 3.947801E+01 3.217981E-03 2.085722E+02 4.429302E+00 3.724876E+00 2.480502E+02
3.307056E+03 1.560490E+06 3.947801E+01 3.218663E-03 2.085722E+02 4.429311E+00 3.724884E+00 2.480502E+02
3.307064E+03 1.560500E+06 3.947801E+01 3.219347E-03 2.085722E+02 4.429320E+00 3.724891E+00 2.480502E+02
3.307072E+03 1.560510E+06 3.947801E+01 3.220030E-03 2.085722E+02 4.429329E+00 3.724899E+00 2.480502E+02
3.307081E+03 1.560520E+06 3.947801E+01 3.220715E-03 2.085722E+02 4.429337E+00 3.724906E+00 2.480502E+02
3.307089E+03 1.560530E+06 3.947801E+01 3.221403E-03 2.085722E+02 4.429346E+00 3.724914E+00 2.480502E+02
3.307098E+03 1.560540E+06 3.947801E+01 3.222103E-03 2.085722E+02 4.429355E+00 3.724922E+00 2.480502E+02
3.307107E+03 1.560550E+06 3.947801E+01 3.222803E-03 2.085722E+02 4.429364E+00 3.724929E+00 2.480502E+02
3.307115E+03 1.560560E+06 3.947801E+01 3.223503E-03 2.085722E+02 4.429373E+00 3.724937E+00 2.480502E+02
3.307124E+03 1.560570E+06 3.947801E+01 3.224203E-03 2.085722E+02 4.429382E+00 3.724944E+00 2.480502E+02
3.307132E+03 1.560580E+06 3.947801E+01 3.224904E-03 2.085722E+02 4.429390E+00 3.724952E+00 2.480502E+02
3.307141E+03 1.560590E+06 3.947801E+01 3.225620E-03 2.085722E+02 4.429399E+00 3.724959E+00 2.480502E+02
3.307150E+03 1.560600E+06 3.947801E+01 3.226346E-03 2.085722E+02 4.429408E+00 3.724967E+00 2.480502E+02
3.307158E+03 1.560610E+06 3.947801E+01 3.226996E-03 2.085722E+02 4.429417E+00 3.724974E+00 2.480502E+02
3.307166E+03 1.560620E+06 3.947801E+01 3.227617E-03 2.085722E+02 4.429424E+00 3.724981E+00 2.480502E+02
3.307174E+03 1.560630E+06 3.947801E+01 3.228240E-03 2.085722E+02 4.429432E+00 3.724987E+00 2.480502E+02
3.307181E+03 1.560640E+06 3.947801E+01 3.228862E-03 2.085722E+02 4.429440E+00 3.724994E+00 2.480502E+02
3.307189E+03 1.560650E+06 3.947801E+01 3.229484E-03 2.085722E+02 4.429448E+00 3.725000E+00 2.480502E+02
3.307197E+03 1.560660E+06 3.947801E+01 3.230105E-03 2.085722E+02 4.429456E+00 3.725007E+00 2.480502E+02
3.307204E+03 1.560670E+06 3.947801E+01 3.230729E-03 2.085722E+02 4.429464E+00 3.725014E+00 2.480502E+02
3.307212E+03 1.560680E+06 3.947801E+01 3.231350E-03 2.085722E+02 4.429472E+00 3.725021E+00 2.480502E+02
3.307220E+03 1.560690E+06 3.947801E+01 3.231970E-03 2.085722E+02 4.429480E+00 3.725028E+00 2.480502E+02
3.307227E+03 1.560700E+06 3.947801E+01 3.232592E-03 2.085722E+02 4.429489E+00 3.725036E+00 2.480502E+02
3.307235E+03 1.560710E+06 3.947801E+01 3.233212E-03 2.085722E+02 4.429497E+00 3.725043E+00 2.480502E+02
3.307243E+03 1.560720E+06 3.947801E+01 3.233830E-03 2.085722E+02 4.429506E+00 3.725050E+00 2.480502E+02
3.307250E+03 1.560730E+06 3.947801E+01 3.234448E-03 2.085722E+02 4.429515E+00 3.725058E+00 2.480502E+02
3.307258E+03 1.560740E+06 3.947801E+01 3.235065E-03 2.085722E+02 4.429523E+00 3.725065E+00 2.480502E+02
3.307266E+03 1.560750E+06 3.947801E+01 3.235682E-03 2.085722E+02 4.429532E+00 3.725073E+00 2.480502E+02
3.307273E+03 1.560760E+06 3.947801E+01 3.236300E-03 2.085722E+02 4.429541E+00 3.725080E+00 2.480502E+02
3.307281E+03 1.560770E+06 3.947801E+01 3.236915E-03 2.085722E+02 4.429550E+00 3.725088E+00 2.480502E+02
3.307289E+03 1.560780E+06 3.947801E+01 3.237531E-03 2.085722E+02 4.429559E+00 3.725095E+00 2.480502E+02
3.307296E+03 1.560790E+06 3.947801E+01 3.238146E-03 2.085722E+02 4.429568E+00 3.725103E+00 2.480502E+02
3.307304E+03 1.560800E+06 3.947801E+01 3.238759E-03 2.085722E+02 4.429577E+00 3.725110E+00 2.480502E+02
3.307311E+03 1.560810E+06 3.947801E+01 3.239362E-03 2.085722E+02 4.429586E+00 3.725118E+00 2.480502E+02
3.307319E+03 1.560820E+06 3.947800E+01 3.239957E-03 2.085722E+02 4.429595E+00 3.725126E+00 2.480502E+02
3.307326E+03 1.560830E+06 3.947800E+01 3.240551E-03 2.085722E+02 4.429604E+00 3.725133E+00 2.480502E+02
3.307334E+03 1.560840E+06 3.947800E+01 3.241148E-03 2.085722E+02 4.429612E+00 3.725141E+00 2.480502E+02
3.307341E+03 1.560850E+06 3.947800E+01 3.241753E-03 2.085722E+02 4.429621E+00 3.725148E+00 2.480502E+02
3.307349E+03 1.560860E+06 3.947800E+01 3.242359E-03 2.085722E+02 4.429630E+00 3.725156E+00 2.480502E+02
3.307356E+03 1.560870E+06 3.947800E+01 3.242964E-03 2.085722E+02 4.429638E+00 3.725163E+00 2.480502E+02
3.307364E+03 1.560880E+06 3.947800E+01 3.243571E-03 2.085722E+02 4.429647E+00 3.725171E+00 2.480502E+02
3.307372E+03 1.560890E+06 3.947800E+01 3.244177E-03 2.085722E+02 4.429656E+00 3.725178E+00 2.480502E+02
3.307379E+03 1.560900E+06 3.947800E+01 3.244782E-03 2.085722E+02 4.429665E+00 3.725185E+00 2.480502E+02
3.307387E+03 1.560910E+06 3.947800E+01 3.245405E-03 2.085722E+02 4.429673E+00 3.725193E+00 2.480502E+02
3.307395E+03 1.560920E+06 3.947800E+01 3.246045E-03 2.085722E+02 4.429682E+00 3.725200E+00 2.480502E+02
3.307403E+03 1.560930E+06 3.947800E+01 3.246737E-03 2.085722E+02 4.429691E+00 3.725208E+00 2.480502E+02
3.307413E+03 1.560940E+06 3.947800E+01 3.247481E-03 2.085722E+02 4.429701E+00 3.725217E+00 2.480502E+02
3.307422E+03 1.560950E+06 3.947800E+01 3.248234E-03 2.085722E+02 4.429711E+00 3.725225E+00 2.480502E+02
3.307431E+03 1.560960E+06 3.947800E+01 3.248992E-03 2.085722E+02 4.429721E+00 3.725234E+00 2.480502E+02
3.307441E+03 1.560970E+06 3.947800E+01 3.249796E-03 2.085722E+02 4.429732E+00 3.725243E+00 2.480502E+02
3.307451E+03 1.560980E+06 3.947800E+01 3.250609E-03 2.085722E+02 4.429742E+00 3.725251E+00 2.480502E+02
3.307461E+03 1.560990E+06 3.947800E+01 3.251422E-03 2.085722E+02 4.429752E+00 3.725260E+00 2.480502E+02
3.307471E+03 1.561000E+06 3.947800E+01 3.252232E-03 2.085722E+02 4.429762E+00 3.725269E+00 2.480502E+02
3.307482E+03 1.561010E+06 3.947800E+01 3.253045E-03 2.085722E+02 4.429772E+00 3.725277E+00 2.480502E+02
3.307492E+03 1.561020E+06 3.947800E+01 3.253861E-03 2.085722E+02 4.429783E+00 3.725286E+00 2.480502E+02
3.307502E+03 1.561030E+06 3.947800E+01 3.254675E-03 2.085722E+02 4.429793E+00 3.725295E+00 2.480502E+02
3.307512E+03 1.561040E+06 3.947800E+01 3.255491E-03 2.085722E+02 4.429803E+00 3.725303E+00 2.480502E+02
3.307522E+03 1.561050E+06 3.947800E+01 3.256307E-03 2.085722E+02 4.429813E+00 3.725312E+00 2.480502E+02
3.307530E+03 1.561060E+06 3.947800E+01 3.257019E-03 2.085722E+02 4.429822E+00 3.725319E+00 2.480502E+02
3.307539E+03 1.561070E+06 3.947800E+01 3.257733E-03 2.085722E+02 4.429831E+00 3.725327E+00 2.480502E+02
3.307548E+03 1.561080E+06 3.947800E+01 3.258447E-03 2.085722E+02 4.429839E+00 3.725335E+00 2.480502E+02
3.307557E+03 1.561090E+06 3.947800E+01 3.259160E-03 2.085722E+02 4.429847E+00 3.725341E+00 2.480502E+02
3.307565E+03 1.561100E+06 3.947800E+01 3.259875E-03 2.085722E+02 4.429856E+00 3.725348E+00 2.480502E+02
3.307574E+03 1.561110E+06 3.947800E+01 3.260592E-03 2.085722E+02 4.429864E+00 3.725355E+00 2.480502E+02
3.307583E+03 1.561120E+06 3.947800E+01 3.261325E-03 2.085722E+02 4.429872E+00 3.725362E+00 2.480502E+02
3.307592E+03 1.561130E+06 3.947800E+01 3.262068E-03 2.085722E+02 4.429880E+00 3.725370E+00 2.480502E+02
3.307601E+03 1.561140E+06 3.947800E+01 3.262813E-03 2.085722E+02 4.429888E+00 3.725376E+00 2.480502E+02
3.307610E+03 1.561150E+06 3.947800E+01 3.263560E-03 2.085722E+02 4.429896E+00 3.725383E+00 2.480502E+02
3.307620E+03 1.561160E+06 3.947800E+01 3.264306E-03 2.085722E+02 4.429904E+00 3.725390E+00 2.480502E+02
3.307628E+03 1.561170E+06 3.947800E+01 3.264976E-03 2.085722E+02 4.429911E+00 3.725396E+00 2.480502E+02
3.307636E+03 1.561180E+06 3.947800E+01 3.265688E-03 2.085722E+02 4.429918E+00 3.725402E+00 2.480502E+02
3.307645E+03 1.561190E+06 3.947800E+01 3.266395E-03 2.085722E+02 4.429925E+00 3.725408E+00 2.480502E+02
3.307654E+03 1.561200E+06 3.947800E+01 3.267102E-03 2.085722E+02 4.429933E+00 3.725414E+00 2.480502E+02
3.307662E+03 1.561210E+06 3.947800E+01 3.267811E-03 2.085722E+02 4.429940E+00 3.725420E+00 2.480502E+02
3.307671E+03 1.561220E+06 3.947800E+01 3.268518E-03 2.085722E+02 4.429947E+00 3.725426E+00 2.480502E+02
3.307679E+03 1.561230E+06 3.947800E+01 3.269224E-03 2.085722E+02 4.429954E+00 3.725432E+00 2.480502E+02
3.307688E+03 1.561240E+06 3.947800E+01 3.269931E-03 2.085722E+02 4.429961E+00 3.725438E+00 2.480502E+02
3.307697E+03 1.561250E+06 3.947800E+01 3.270640E-03 2.085722E+02 4.429967E+00 3.725444E+00 2.480502E+02
3.307705E+03 1.561260E+06 3.947800E+01 3.271350E-03 2.085722E+02 4.429974E+00 3.725450E+00 2.480502E+02
3.307714E+03 1.561270E+06 3.947800E+01 3.272061E-03 2.085722E+02 4.429981E+00 3.725456E+00 2.480502E+02
3.307722E+03 1.561280E+06 3.947800E+01 3.272772E-03 2.085722E+02 4.429989E+00 3.725462E+00 2.480502E+02
3.307731E+03 1.561290E+06 3.947800E+01 3.273491E-03 2.085722E+02 4.429996E+00 3.725468E+00 2.480502E+02
3.307740E+03 1.561300E+06 3.947800E+01 3.274218E-03 2.085722E+02 4.430003E+00 3.725475E+00 2.480502E+02
3.307749E+03 1.561310E+06 3.947800E+01 3.274943E-03 2.085722E+02 4.430010E+00 3.725481E+00 2.480502E+02
3.307757E+03 1.561320E+06 3.947800E+01 3.275667E-03 2.085722E+02 4.430017E+00 3.725487E+00 2.480502E+02
3.307766E+03 1.561330E+06 3.947800E+01 3.276392E-03 2.085722E+02 4.430024E+00 3.725493E+00 2.480502E+02
3.307775E+03 1.561340E+06 3.947800E+01 3.277118E-03 2.085722E+02 4.430031E+00 3.725499E+00 2.480502E+02
3.307784E+03 1.561350E+06 3.947800E+01 3.277856E-03 2.085722E+02 4.430038E+00 3.725505E+00 2.480502E+02
3.307793E+03 1.561360E+06 3.947800E+01 3.278592E-03 2.085722E+02 4.430045E+00 3.725511E+00 2.480502E+02
3.307802E+03 1.561370E+06 3.947800E+01 3.279333E-03 2.085722E+02 4.430052E+00 3.725517E+00 2.480502E+02
3.307811E+03 1.561380E+06 3.947800E+01 3.280072E-03 2.085722E+02 4.430059E+00 3.725523E+00 2.480502E+02
3.307820E+03 1.561390E+06 3.947800E+01 3.280811E-03 2.085722E+02 4.430066E+00 3.725529E+00 2.480502E+02
3.307829E+03 1.561400E+06 3.947800E+01 3.281560E-03 2.085722E+02 4.430073E+00 3.725535E+00 2.480502E+02
3.307838E+03 1.561410E+06 3.947800E+01 3.282329E-03 2.085722E+02 4.430080E+00 3.725541E+00 2.480502E+02
3.307847E+03 1.561420E+06 3.947800E+01 3.283097E-03 2.085722E+02 4.430088E+00 3.725547E+00 2.480502E+02
3.307856E+03 1.561430E+06 3.947800E+01 3.283845E-03 2.085722E+02 4.430095E+00 3.725554E+00 2.480502E+02
3.307865E+03 1.561440E+06 3.947800E+01 3.284583E-03 2.085722E+02 4.430103E+00 3.725561E+00 2.480502E+02
3.307874E+03 1.561450E+06 3.947800E+01 3.285324E-03 2.085722E+02 4.430111E+00 3.725567E+00 2.480502E+02
3.307883E+03 1.561460E+06 3.947800E+01 3.286086E-03 2.085722E+02 4.430118E+00 3.725573E+00 2.480502E+02
3.307893E+03 1.561470E+06 3.947800E+01 3.286852E-03 2.085722E+02 4.430126E+00 3.725580E+00 2.480502E+02
3.307902E+03 1.561480E+06 3.947800E+01 3.287618E-03 2.085722E+02 4.430134E+00 3.725587E+00 2.480502E+02
3.307911E+03 1.561490E+06 3.947800E+01 3.288384E-03 2.085722E+02 4.430143E+00 3.725595E+00 2.480502E+02
3.307920E+03 1.561500E+06 3.947800E+01 3.289147E-03 2.085722E+02 4.430151E+00 3.725602E+00 2.480502E+02
3.307930E+03 1.561510E+06 3.947800E+01 3.289924E-03 2.085722E+02 4.430159E+00 3.725609E+00 2.480502E+02
3.307939E+03 1.561520E+06 3.947800E+01 3.290708E-03 2.085722E+02 4.430168E+00 3.725616E+00 2.480502E+02
3.307949E+03 1.561530E+06 3.947800E+01 3.291509E-03 2.085722E+02 4.430178E+00 3.725625E+00 2.480502E+02
3.307959E+03 1.561540E+06 3.947800E+01 3.292300E-03 2.085722E+02 4.430188E+00 3.725633E+00 2.480502E+02
3.307968E+03 1.561550E+06 3.947800E+01 3.293047E-03 2.085722E+02 4.430196E+00 3.725640E+00 2.480502E+02
3.307977E+03 1.561560E+06 3.947800E+01 3.293816E-03 2.085722E+02 4.430205E+00 3.725647E+00 2.480502E+02
3.307986E+03 1.561570E+06 3.947800E+01 3.294590E-03 2.085722E+02 4.430213E+00 3.725655E+00 2.480502E+02
3.307996E+03 1.561580E+06 3.947800E+01 3.295368E-03 2.085722E+02 4.430223E+00 3.725663E+00 2.480502E+02
3.308005E+03 1.561590E+06 3.947800E+01 3.296145E-03 2.085722E+02 4.430233E+00 3.725671E+00 2.480502E+02
3.308015E+03 1.561600E+06 3.947800E+01 3.296922E-03 2.085722E+02 4.430241E+00 3.725679E+00 2.480502E+02
3.308024E+03 1.561610E+06 3.947800E+01 3.297700E-03 2.085722E+02 4.430251E+00 3.725687E+00 2.480502E+02
3.308034E+03 1.561620E+06 3.947800E+01 3.298479E-03 2.085722E+02 4.430259E+00 3.725694E+00 2.480502E+02
3.308043E+03 1.561630E+06 3.947800E+01 3.299253E-03 2.085722E+02 4.430268E+00 3.725702E+00 2.480502E+02
3.308053E+03 1.561640E+06 3.947800E+01 3.300029E-03 2.085722E+02 4.430278E+00 3.725710E+00 2.480502E+02
3.308062E+03 1.561650E+06 3.947800E+01 3.300804E-03 2.085722E+02 4.430287E+00 3.725718E+00 2.480502E+02
3.308071E+03 1.561660E+06 3.947799E+01 3.301580E-03 2.085722E+02 4.430297E+00 3.725726E+00 2.480502E+02
3.308081E+03 1.561670E+06 3.947799E+01 3.302370E-03 2.085722E+02 4.430306E+00 3.725734E+00 2.480502E+02
3.308091E+03 1.561680E+06 3.947799E+01 3.303162E-03 2.085722E+02 4.430316E+00 3.725743E+00 2.480502E+02
3.308100E+03 1.561690E+06 3.947799E+01 3.303955E-03 2.085722E+02 4.430326E+00 3.725751E+00 2.480502E+02
3.308110E+03 1.561700E+06 3.947799E+01 3.304747E-03 2.085722E+02 4.430335E+00 3.725759E+00 2.480502E+02
3.308119E+03 1.561710E+06 3.947799E+01 3.305460E-03 2.085722E+02 4.430344E+00 3.725767E+00 2.480502E+02
3.308128E+03 1.561720E+06 3.947799E+01 3.306233E-03 2.085722E+02 4.430354E+00 3.725775E+00 2.480502E+02
3.308137E+03 1.561730E+06 3.947799E+01 3.306991E-03 2.085722E+02 4.430363E+00 3.725783E+00 2.480502E+02
3.308146E+03 1.561740E+06 3.947799E+01 3.307748E-03 2.085722E+02 4.430372E+00 3.725791E+00 2.480502E+02
3.308156E+03 1.561750E+06 3.947799E+01 3.308507E-03 2.085722E+02 4.430382E+00 3.725799E+00 2.480502E+02
3.308165E+03 1.561760E+06 3.947799E+01 3.309267E-03 2.085722E+02 4.430391E+00 3.725807E+00 2.480502E+02
3.308174E+03 1.561770E+06 3.947799E+01 3.310018E-03 2.085722E+02 4.430400E+00 3.725815E+00 2.480502E+02
3.308183E+03 1.561780E+06 3.947799E+01 3.310767E-03 2.085722E+02 4.430410E+00 3.725823E+00 2.480502E+02
3.308192E+03 1.561790E+06 3.947799E+01 3.311514E-03 2.085722E+02 4.430420E+00 3.725831E+00 2.480502E+02
3.308201E+03 1.561800E+06 3.947799E+01 3.312259E-03 2.085722E+02 4.430429E+00 3.725839E+00 2.480502E+02
3.308210E+03 1.561810E+06 3.947799E+01 3.313006E-03 2.085722E+02 4.430439E+00 3.725848E+00 2.480502E+02
3.308220E+03 1.561820E+06 3.947799E+01 3.313758E-03 2.085722E+02 4.430449E+00 3.725856E+00 2.480502E+02
3.308229E+03 1.561830E+06 3.947799E+01 3.314526E-03 2.085722E+02 4.430459E+00 3.725865E+00 2.480502E+02
3.308238E+03 1.561840E+06 3.947799E+01 3.315285E-03 2.085722E+02 4.430469E+00 3.725873E+00 2.480502E+02
3.308247E+03 1.561850E+06 3.947799E+01 3.316015E-03 2.085722E+02 4.430478E+00 3.725881E+00 2.480502E+02
3.308256E+03 1.561860E+06 3.947799E+01 3.316732E-03 2.085722E+02 4.430487E+00 3.725888E+00 2.480502E+02
3.308264E+03 1.561870E+06 3.947799E+01 3.317411E-03 2.085722E+02 4.430495E+00 3.725896E+00 2.480502E+02
3.308273E+03 1.561880E+06 3.947799E+01 3.318123E-03 2.085722E+02 4.430504E+00 3.725903E+00 2.480502E+02
3.308282E+03 1.561890E+06 3.947799E+01 3.318839E-03 2.085722E+02 4.430513E+00 3.725911E+00 2.480502E+02
3.308290E+03 1.561900E+06 3.947799E+01 3.319557E-03 2.085722E+02 4.430522E+00 3.725918E+00 2.480502E+02
3.308299E+03 1.561910E+06 3.947799E+01 3.320272E-03 2.085722E+02 4.430531E+00 3.725926E+00 2.480502E+02
3.308308E+03 1.561920E+06 3.947799E+01 3.320986E-03 2.085722E+02 4.430539E+00 3.725933E+00 2.480502E+02
3.308317E+03 1.561930E+06 3.947799E+01 3.321705E-03 2.085722E+02 4.430548E+00 3.725941E+00 2.480502E+02
3.308326E+03 1.561940E+06 3.947799E+01 3.322436E-03 2.085722E+02 4.430556E+00 3.725948E+00 2.480502E+02
3.308335E+03 1.561950E+06 3.947799E+01 3.323164E-03 2.085722E+02 4.430565E+00 3.725955E+00 2.480502E+02
3.308343E+03 1.561960E+06 3.947799E+01 3.323892E-03 2.085722E+02 4.430573E+00 3.725962E+00 2.480502E+02
3.308352E+03 1.561970E+06 3.947799E+01 3.324624E-03 2.085722E+02 4.430582E+00 3.725969E+00 2.480502E+02
3.308361E+03 1.561980E+06 3.947799E+01 3.325353E-03 2.085722E+02 4.430589E+00 3.725976E+00 2.480502E+02
3.308371E+03 1.561990E+06 3.947799E+01 3.326118E-03 2.085722E+02 4.430597E+00 3.725982E+00 2.480502E+02
3.308380E+03 1.562000E+06 3.947799E+01 3.326893E-03 2.085722E+02 4.430605E+00 3.725989E+00 2.480502E+02
3.308390E+03 1.562010E+06 3.947799E+01 3.327669E-03 2.085722E+02 4.430612E+00 3.725996E+00 2.480502E+02
3.308399E+03 1.562020E+06 3.947799E+01 3.328444E-03 2.085722E+02 4.430620E+00 3.726002E+00 2.480502E+02
3.308408E+03 1.562030E+06 3.947799E+01 3.329220E-03 2.085722E+02 4.430628E+00 3.726009E+00 2.480502E+02
3.308418E+03 1.562040E+06 3.947799E+01 3.330004E-03 2.085722E+02 4.430635E+00 3.726015E+00 2.480502E+02
3.308428E+03 1.562050E+06 3.947799E+01 3.330795E-03 2.085722E+02 4.430643E+00 3.726022E+00 2.480502E+02
3.308437E+03 1.562060E+06 3.947799E+01 3.331582E-03 2.085722E+02 4.430651E+00 3.726029E+00 2.480502E+02
3.308447E+03 1.562070E+06 3.947799E+01 3.332372E-03 2.085722E+02 4.430659E+00 3.726036E+00 2.480502E+02
3.308456E+03 1.562080E+06 3.947799E+01 3.333161E-03 2.085722E+02 4.430667E+00 3.726043E+00 2.480502E+02
3.308466E+03 1.562090E+06 3.947799E+01 3.333946E-03 2.085722E+02 4.430675E+00 3.726050E+00 2.480502E+02
3.308475E+03 1.562100E+06 3.947799E+01 3.334718E-03 2.085722E+02 4.430683E+00 3.726057E+00 2.480502E+02
3.308485E+03 1.562110E+06 3.947799E+01 3.335479E-03 2.085722E+02 4.430692E+00 3.726064E+00 2.480502E+02
3.308494E+03 1.562120E+06 3.947799E+01 3.336223E-03 2.085722E+02 4.430700E+00 3.726071E+00 2.480502E+02
3.308503E+03 1.562130E+06 3.947799E+01 3.336968E-03 2.085722E+02 4.430708E+00 3.726078E+00 2.480502E+02
3.308512E+03 1.562140E+06 3.947799E+01 3.337714E-03 2.085722E+02 4.430716E+00 3.726085E+00 2.480502E+02
3.308521E+03 1.562150E+06 3.947799E+01 3.338468E-03 2.085722E+02 4.430725E+00 3.726092E+00 2.480502E+02
3.308531E+03 1.562160E+06 3.947799E+01 3.339222E-03 2.085722E+02 4.430733E+00 3.726099E+00 2.480502E+02
3.308540E+03 1.562170E+06 3.947799E+01 3.339975E-03 2.085722E+02 4.430742E+00 3.726107E+00 2.480502E+02
3.308549E+03 1.562180E+06 3.947799E+01 3.340726E-03 2.085722E+02 4.430751E+00 3.726114E+00 2.480502E+02
3.308559E+03 1.562190E+06 3.947799E+01 3.341476E-03 2.085722E+02 4.430760E+00 3.726122E+00 2.480502E+02
3.308568E+03 1.562200E+06 3.947799E+01 3.342219E-03 2.085722E+02 4.430769E+00 3.726130E+00 2.480502E+02
3.308577E+03 1.562210E+06 3.947799E+01 3.342954E-03 2.085722E+02 4.430779E+00 3.726138E+00 2.480502E+02
3.308586E+03 1.562220E+06 3.947799E+01 3.343689E-03 2.085722E+02 4.430788E+00 3.726146E+00 2.480502E+02
3.308595E+03 1.562230E+06 3.947799E+01 3.344419E-03 2.085722E+02 4.430798E+00 3.726154E+00 2.480502E+02
3.308604E+03 1.562240E+06 3.947799E+01 3.345149E-03 2.085722E+02 4.430808E+00 3.726163E+00 2.480502E+02
3.308612E+03 1.562250E+06 3.947799E+01 3.345801E-03 2.085722E+02 4.430816E+00 3.726170E+00 2.480502E+02
3.308621E+03 1.562260E+06 3.947799E+01 3.346516E-03 2.085722E+02 4.430826E+00 3.726178E+00 2.480502E+02
3.308630E+03 1.562270E+06 3.947799E+01 3.347232E-03 2.085722E+02 4.430835E+00 3.726186E+00 2.480502E+02
3.308639E+03 1.562280E+06 3.947799E+01 3.347946E-03 2.085722E+02 4.430845E+00 3.726195E+00 2.480502E+02
3.308648E+03 1.562290E+06 3.947799E+01 3.348658E-03 2.085722E+02 4.430855E+00 3.726204E+00 2.480502E+02
3.308657E+03 1.562300E+06 3.947798E+01 3.349368E-03 2.085722E+02 4.430866E+00 3.726213E+00 2.480502E+02
3.308666E+03 1.562310E+06 3.947798E+01 3.350079E-03 2.085722E+02 4.430876E+00 3.726221E+00 2.480502E+02
3.308675E+03 1.562320E+06 3.947798E+01 3.350787E-03 2.085722E+02 4.430886E+00 3.726230E+00 2.480502E+02
3.308684E+03 1.562330E+06 3.947798E+01 3.351496E-03 2.085722E+02 4.430897E+00 3.726239E+00 2.480502E+02
3.308692E+03 1.562340E+06 3.947798E+01 3.352205E-03 2.085722E+02 4.430907E+00 3.726248E+00 2.480502E+02
3.308701E+03 1.562350E+06 3.947798E+01 3.352911E-03 2.085722E+02 4.430918E+00 3.726257E+00 2.480502E+02
3.308710E+03 1.562360E+06 3.947798E+01 3.353622E-03 2.085722E+02 4.430929E+00 3.726266E+00 2.480502E+02
3.308719E+03 1.562370E+06 3.947798E+01 3.354343E-03 2.085722E+02 4.430939E+00 3.726275E+00 2.480502E+02
3.308729E+03 1.562380E+06 3.947798E+01 3.355064E-03 2.085722E+02 4.430950E+00 3.726284E+00 2.480502E+02
3.308738E+03 1.562390E+06 3.947798E+01 3.355786E-03 2.085722E+02 4.430961E+00 3.726294E+00 2.480502E+02
3.308747E+03 1.562400E+06 3.947798E+01 3.356507E-03 2.085722E+02 4.430972E+00 3.726303E+00 2.480502E+02
3.308756E+03 1.562410E+06 3.947798E+01 3.357226E-03 2.085722E+02 4.430983E+00 3.726312E+00 2.480502E+02
3.308765E+03 1.562420E+06 3.947798E+01 3.357959E-03 2.085722E+02 4.430994E+00 3.726322E+00 2.480502E+02
3.308774E+03 1.562430E+06 3.947798E+01 3.358693E-03 2.085722E+02 4.431005E+00 3.726331E+00 2.480502E+02
3.308784E+03 1.562440E+06 3.947798E+01 3.359427E-03 2.085722E+02 4.431016E+00 3.726341E+00 2.480502E+02
3.308793E+03 1.562450E+06 3.947798E+01 3.360160E-03 2.085722E+02 4.431027E+00 3.726350E+00 2.480502E+02
3.308802E+03 1.562460E+06 3.947798E+01 3.360892E-03 2.085722E+02 4.431039E+00 3.726360E+00 2.480502E+02
3.308811E+03 1.562470E+06 3.947798E+01 3.361602E-03 2.085722E+02 4.431049E+00 3.726369E+00 2.480502E+02
3.308819E+03 1.562480E+06 3.947798E+01 3.362261E-03 2.085722E+02 4.431059E+00 3.726377E+00 2.480502E+02
3.308828E+03 1.562490E+06 3.947798E+01 3.362913E-03 2.085722E+02 4.431069E+00 3.726386E+00 2.480502E+02
3.308836E+03 1.562500E+06 3.947798E+01 3.363564E-03 2.085722E+02 4.431079E+00 3.726394E+00 2.480502E+02
3.308844E+03 1.562510E+06 3.947798E+01 3.364217E-03 2.085722E+02 4.431089E+00 3.726402E+00 2.480502E+02
3.308852E+03 1.562520E+06 3.947798E+01 3.364870E-03 2.085722E+02 4.431099E+00 3.726411E+00 2.480502E+02
3.308861E+03 1.562530E+06 3.947798E+01 3.365538E-03 2.085722E+02 4.431109E+00 3.726420E+00 2.480502E+02
3.308869E+03 1.562540E+06 3.947798E+01 3.366208E-03 2.085722E+02 4.431119E+00 3.726428E+00 2.480502E+02
3.308878E+03 1.562550E+06 3.947798E+01 3.366879E-03 2.085722E+02 4.431129E+00 3.726437E+00 2.480502E+02
3.308886E+03 1.562560E+06 3.947798E+01 3.367539E-03 2.085722E+02 4.431139E+00 3.726445E+00 2.480502E+02
3.308894E+03 1.562570E+06 3.947798E+01 3.368159E-03 2.085722E+02 4.431148E+00 3.726453E+00 2.480502E+02
3.308902E+03 1.562580E+06 3.947798E+01 3.368769E-03 2.085722E+02 4.431157E+00 3.726461E+00 2.480502E+02
3.308909E+03 1.562590E+06 3.947798E+01 3.369403E-03 2.085722E+02 4.431166E+00 3.726468E+00 2.480502E+02
3.308918E+03 1.562600E+06 3.947798E+01 3.370043E-03 2.085722E+02 4.431175E+00 3.726476E+00 2.480502E+02
3.308926E+03 1.562610E+06 3.947798E+01 3.370699E-03 2.085722E+02 4.431185E+00 3.726484E+00 2.480502E+02
3.308934E+03 1.562620E+06 3.947798E+01 3.371375E-03 2.085722E+02 4.431194E+00 3.726492E+00 2.480502E+02
3.308943E+03 1.562630E+06 3.947798E+01 3.372050E-03 2.085722E+02 4.431204E+00 3.726500E+00 2.480502E+02
3.308951E+03 1.562640E+06 3.947798E+01 3.372726E-03 2.085722E+02 4.431213E+00 3.726508E+00 2.480502E+02
3.308960E+03 1.562650E+06 3.947798E+01 3.373411E-03 2.085722E+02 4.431223E+00 3.726516E+00 2.480502E+02
3.308969E+03 1.562660E+06 3.947798E+01 3.374095E-03 2.085722E+02 4.431233E+00 3.726525E+00 2.480502E+02
3.308977E+03 1.562670E+06 3.947798E+01 3.374779E-03 2.085722E+02 4.431243E+00 3.726533E+00 2.480502E+02
3.308986E+03 1.562680E+06 3.947798E+01 3.375463E-03 2.085722E+02 4.431252E+00 3.726541E+00 2.480502E+02
3.308994E+03 1.562690E+06 3.947798E+01 3.376146E-03 2.085722E+02 4.431262E+00 3.726550E+00 2.480502E+02
3.309003E+03 1.562700E+06 3.947798E+01 3.376836E-03 2.085722E+02 4.431272E+00 3.726558E+00 2.480502E+02
3.309012E+03 1.562710E+06 3.947798E+01 3.377543E-03 2.085722E+02 4.431282E+00 3.726567E+00 2.480502E+02
3.309021E+03 1.562720E+06 3.947798E+01 3.378244E-03 2.085722E+02 4.431293E+00 3.726576E+00 2.480502E+02
3.309029E+03 1.562730E+06 3.947798E+01 3.378931E-03 2.085722E+02 4.431303E+00 3.726585E+00 2.480502E+02
3.309038E+03 1.562740E+06 3.947798E+01 3.379616E-03 2.085722E+02 4.431314E+00 3.726594E+00 2.480502E+02
3.309047E+03 1.562750E+06 3.947798E+01 3.380299E-03 2.085722E+02 4.431325E+00 3.726603E+00 2.480502E+02
3.309056E+03 1.562760E+06 3.947798E+01 3.380993E-03 2.085722E+02 4.431336E+00 3.726613E+00 2.480502E+02
3.309065E+03 1.562770E+06 3.947798E+01 3.381693E-03 2.085722E+02 4.431348E+00 3.726623E+00 2.480502E+02
3.309074E+03 1.562780E+06 3.947798E+01 3.382394E-03 2.085722E+02 4.431359E+00 3.726633E+00 2.480502E+02
3.309082E+03 1.562790E+06 3.947798E+01 3.383093E-03 2.085722E+02 4.431370E+00 3.726642E+00 2.480502E+02
3.309091E+03 1.562800E+06 3.947798E+01 3.383790E-03 2.085722E+02 4.431383E+00 3.726652E+00 2.480502E+02
3.309100E+03 1.562810E+06 3.947798E+01 3.384486E-03 2.085722E+02 4.431394E+00 3.726663E+00 2.480502E+02
3.309109E+03 1.562820E+06 3.947798E+01 3.385181E-03 2.085722E+02 4.431407E+00 3.726673E+00 2.480502E+02
3.309118E+03 1.562830E+06 3.947798E+01 3.385873E-03 2.085722E+02 4.431419E+00 3.726683E+00 2.480502E+02
3.309127E+03 1.562840E+06 3.947798E+01 3.386567E-03 2.085722E+02 4.431431E+00 3.726694E+00 2.480502E+02
3.309136E+03 1.562850E+06 3.947798E+01 3.387260E-03 2.085722E+02 4.431444E+00 3.726705E+00 2.480502E+02
3.309145E+03 1.562860E+06 3.947798E+01 3.387952E-03 2.085722E+02 4.431457E+00 3.726716E+00 2.480502E+02
3.309154E+03 1.562870E+06 3.947798E+01 3.388651E-03 2.085722E+02 4.431470E+00 3.726727E+00 2.480502E+02
3.309163E+03 1.562880E+06 3.947798E+01 3.389367E-03 2.085722E+02 4.431483E+00 3.726738E+00 2.480502E+02
3.309172E+03 1.562890E+06 3.947798E+01 3.390085E-03 2.085722E+02 4.431497E+00 3.726749E+00 2.480502E+02
3.309182E+03 1.562900E+06 3.947798E+01 3.390804E-03 2.085722E+02 4.431511E+00 3.726761E+00 2.480502E+02
3.309191E+03 1.562910E+06 3.947798E+01 3.391524E-03 2.085722E+02 4.431524E+00 3.726773E+00 2.480502E+02
3.309200E+03 1.562920E+06 3.947798E+01 3.392240E-03 2.085722E+02 4.431538E+00 3.726784E+00 2.480502E+02
3.309209E+03 1.562930E+06 3.947798E+01 3.392946E-03 2.085722E+02 4.431551E+00 3.726795E+00 2.480502E+02
3.309218E+03 1.562940E+06 3.947798E+01 3.393640E-03 2.085722E+02 4.431564E+00 3.726806E+00 2.480502E+02
3.309227E+03 1.562950E+06 3.947798E+01 3.394312E-03 2.085722E+02 4.431576E+00 3.726817E+00 2.480502E+02
3.309236E+03 1.562960E+06 3.947798E+01 3.394978E-03 2.085722E+02 4.431589E+00 3.726828E+00 2.480502E+02
3.309244E+03 1.562970E+06 3.947798E+01 3.395647E-03 2.085722E+02 4.431601E+00 3.726838E+00 2.480502E+02
3.309252E+03 1.562980E+06 3.947798E+01 3.396302E-03 2.085722E+02 4.431613E+00 3.726849E+00 2.480502E+02
3.309261E+03 1.562990E+06 3.947798E+01 3.396938E-03 2.085722E+02 4.431625E+00 3.726859E+00 2.480502E+02
3.309269E+03 1.563000E+06 3.947798E+01 3.397574E-03 2.085722E+02 4.431637E+00 3.726869E+00 2.480502E+02
3.309277E+03 1.563010E+06 3.947798E+01 3.398211E-03 2.085722E+02 4.431648E+00 3.726878E+00 2.480502E+02
3.309285E+03 1.563020E+06 3.947798E+01 3.398850E-03 2.085722E+02 4.431659E+00 3.726887E+00 2.480502E+02
3.309293E+03 1.563030E+06 3.947798E+01 3.399489E-03 2.085722E+02 4.431670E+00 3.726897E+00 2.480502E+02
3.309302E+03 1.563040E+06 3.947798E+01 3.400137E-03 2.085722E+02 4.431682E+00 3.726907E+00 2.480502E+02
3.309310E+03 1.563050E+06 3.947798E+01 3.400801E-03 2.085722E+02 4.431693E+00 3.726917E+00 2.480502E+02
3.309319E+03 1.563060E+06 3.947798E+01 3.401467E-03 2.085722E+02 4.431705E+00 3.726926E+00 2.480502E+02
3.309327E+03 1.563070E+06 3.947797E+01 3.402110E-03 2.085722E+02 4.431715E+00 3.726935E+00 2.480502E+02
3.309335E+03 1.563080E+06 3.947797E+01 3.402749E-03 2.085722E+02 4.431726E+00 3.726944E+00 2.480502E+02
3.309343E+03 1.563090E+06 3.947797E+01 3.403348E-03 2.085722E+02 4.431736E+00 3.726953E+00 2.480502E+02
3.309350E+03 1.563100E+06 3.947797E+01 3.403971E-03 2.085722E+02 4.431747E+00 3.726962E+00 2.480502E+02
3.309358E+03 1.563110E+06 3.947797E+01 3.404600E-03 2.085722E+02 4.431758E+00 3.726972E+00 2.480502E+02
3.309366E+03 1.563120E+06 3.947797E+01 3.405217E-03 2.085722E+02 4.431769E+00 3.726981E+00 2.480502E+02
3.309374E+03 1.563130E+06 3.947797E+01 3.405833E-03 2.085722E+02 4.431780E+00 3.726990E+00 2.480502E+02
3.309382E+03 1.563140E+06 3.947797E+01 3.406449E-03 2.085722E+02 4.431791E+00 3.726999E+00 2.480502E+02
3.309390E+03 1.563150E+06 3.947797E+01 3.407065E-03 2.085722E+02 4.431802E+00 3.727009E+00 2.480502E+02
3.309398E+03 1.563160E+06 3.947797E+01 3.407683E-03 2.085722E+02 4.431814E+00 3.727019E+00 2.480502E+02
3.309406E+03 1.563170E+06 3.947797E+01 3.408303E-03 2.085722E+02 4.431825E+00 3.727029E+00 2.480502E+02
3.309414E+03 1.563180E+06 3.947797E+01 3.408922E-03 2.085722E+02 4.431836E+00 3.727038E+00 2.480502E+02
3.309422E+03 1.563190E+06 3.947797E+01 3.409541E-03 2.085722E+02 4.431848E+00 3.727048E+00 2.480502E+02
3.309430E+03 1.563200E+06 3.947797E+01 3.410160E-03 2.085722E+02 4.431859E+00 3.727058E+00 2.480502E+02
3.309437E+03 1.563210E+06 3.947797E+01 3.410777E-03 2.085722E+02 4.431871E+00 3.727067E+00 2.480502E+02
3.309445E+03 1.563220E+06 3.947797E+01 3.411401E-03 2.085722E+02 4.431883E+00 3.727078E+00 2.480502E+02
3.309454E+03 1.563230E+06 3.947797E+01 3.412038E-03 2.085722E+02 4.431895E+00 3.727088E+00 2.480502E+02
3.309462E+03 1.563240E+06 3.947797E+01 3.412674E-03 2.085722E+02 4.431907E+00 3.727098E+00 2.480502E+02
3.309470E+03 1.563250E+06 3.947797E+01 3.413310E-03 2.085722E+02 4.431919E+00 3.727109E+00 2.480502E+02
3.309478E+03 1.563260E+06 3.947797E+01 3.413948E-03 2.085722E+02 4.431932E+00 3.727119E+00 2.480502E+02
3.309486E+03 1.563270E+06 3.947797E+01 3.414583E-03 2.085722E+02 4.431944E+00 3.727129E+00 2.480502E+02
3.309495E+03 1.563280E+06 3.947797E+01 3.415222E-03 2.085722E+02 4.431956E+00 3.727140E+00 2.480502E+02
3.309503E+03 1.563290E+06 3.947797E+01 3.415878E-03 2.085722E+02 4.431969E+00 3.727151E+00 2.480502E+02
3.309512E+03 1.563300E+06 3.947797E+01 3.416537E-03 2.085722E+02 4.431983E+00 3.727162E+00 2.480502E+02
3.309520E+03 1.563310E+06 3.947797E+01 3.417194E-03 2.085722E+02 4.431996E+00 3.727174E+00 2.480502E+02
3.309529E+03 1.563320E+06 3.947797E+01 3.417848E-03 2.085722E+02 4.432009E+00 3.727185E+00 2.480502E+02
3.309537E+03 1.563330E+06 3.947797E+01 3.418503E-03 2.085722E+02 4.432022E+00 3.727196E+00 2.480502E+02
3.309545E+03 1.563340E+06 3.947797E+01 3.419158E-03 2.085722E+02 4.432036E+00 3.727207E+00 2.480502E+02
3.309554E+03 1.563350E+06 3.947797E+01 3.419811E-03 2.085722E+02 4.432048E+00 3.727218E+00 2.480502E+02
3.309562E+03 1.563360E+06 3.947797E+01 3.420466E-03 2.085722E+02 4.432062E+00 3.727230E+00 2.480502E+02
3.309571E+03 1.563370E+06 3.947797E+01 3.421120E-03 2.085722E+02 4.432075E+00 3.727241E+00 2.480502E+02
3.309579E+03 1.563380E+06 3.947797E+01 3.421775E-03 2.085722E+02 4.432088E+00 3.727252E+00 2.480502E+02
3.309588E+03 1.563390E+06 3.947797E+01 3.422430E-03 2.085722E+02 4.432101E+00 3.727263E+00 2.480502E+02
3.309596E+03 1.563400E+06 3.947797E+01 3.423092E-03 2.085722E+02 4.432115E+00 3.727275E+00 2.480502E+02
3.309605E+03 1.563410E+06 3.947797E+01 3.423759E-03 2.085722E+02 4.432128E+00 3.727286E+00 2.480502E+02
3.309614E+03 1.563420E+06 3.947797E+01 3.424428E-03 2.085722E+02 4.432141E+00 3.727297E+00 2.480502E+02
3.309622E+03 1.563430E+06 3.947797E+01 3.425097E-03 2.085722E+02 4.432154E+00 3.727308E+00 2.480502E+02
3.309631E+03 1.563440E+06 3.947797E+01 3.425767E-03 2.085722E+02 4.432167E+00 3.727319E+00 2.480502E+02
3.309639E+03 1.563450E+06 3.947797E+01 3.426390E-03 2.085722E+02 4.432179E+00 3.727329E+00 2.480502E+02
3.309647E+03 1.563460E+06 3.947797E+01 3.427038E-03 2.085722E+02 4.432191E+00 3.727340E+00 2.480502E+02
3.309656E+03 1.563470E+06 3.947797E+01 3.427702E-03 2.085722E+02 4.432204E+00 3.727350E+00 2.480502E+02
3.309664E+03 1.563480E+06 3.947797E+01 3.428359E-03 2.085722E+02 4.432216E+00 3.727361E+00 2.480502E+02
3.309672E+03 1.563490E+06 3.947797E+01 3.429016E-03 2.085722E+02 4.432228E+00 3.727371E+00 2.480502E+02
3.309681E+03 1.563500E+06 3.947797E+01 3.429674E-03 2.085722E+02 4.432241E+00 3.727382E+00 2.480502E+02
3.309689E+03 1.563510E+06 3.947797E+01 3.430332E-03 2.085722E+02 4.432253E+00 3.727392E+00 2.480502E+02
3.309698E+03 1.563520E+06 3.947797E+01 3.430993E-03 2.085722E+02 4.432265E+00 3.727402E+00 2.480502E+02
3.309706E+03 1.563530E+06 3.947797E+01 3.431653E-03 2.085722E+02 4.432277E+00 3.727412E+00 2.480502E+02
3.309715E+03 1.563540E+06 3.947797E+01 3.432313E-03 2.085722E+02 4.432289E+00 3.727422E+00 2.480502E+02
3.309723E+03 1.563550E+06 3.947797E+01 3.432974E-03 2.085722E+02 4.432301E+00 3.727433E+00 2.480502E+02
3.309732E+03 1.563560E+06 3.947797E+01 3.433635E-03 2.085722E+02 4.432313E+00 3.727443E+00 2.480502E+02
3.309740E+03 1.563570E+06 3.947797E+01 3.434297E-03 2.085722E+02 4.432325E+00 3.727453E+00 2.480502E+02
3.309749E+03 1.563580E+06 3.947797E+01 3.434957E-03 2.085722E+02 4.432337E+00 3.727463E+00 2.480502E+02
3.309757E+03 1.563590E+06 3.947797E+01 3.435616E-03 2.085722E+02 4.432349E+00 3.727473E+00 2.480502E+02
3.309765E+03 1.563600E+06 3.947797E+01 3.436277E-03 2.085722E+02 4.432360E+00 3.727483E+00 2.480502E+02
3.309774E+03 1.563610E+06 3.947797E+01 3.436937E-03 2.085722E+02 4.432372E+00 3.727493E+00 2.480502E+02
3.309782E+03 1.563620E+06 3.947797E+01 3.437598E-03 2.085722E+02 4.432384E+00 3.727503E+00 2.480502E+02
3.309791E+03 1.563630E+06 3.947797E+01 3.438256E-03 2.085722E+02 4.432396E+00 3.727514E+00 2.480502E+02
3.309799E+03 1.563640E+06 3.947797E+01 3.438915E-03 2.085722E+02 4.432408E+00 3.727524E+00 2.480502E+02
3.309808E+03 1.563650E+06 3.947797E+01 3.439574E-03 2.085722E+02 4.432420E+00 3.727534E+00 2.480502E+02
3.309816E+03 1.563660E+06 3.947797E+01 3.440233E-03 2.085722E+02 4.432432E+00 3.727544E+00 2.480502E+02
3.309825E+03 1.563670E+06 3.947797E+01 3.440891E-03 2.085722E+02 4.432445E+00 3.727555E+00 2.480502E+02
3.309833E+03 1.563680E+06 3.947797E+01 3.441550E-03 2.085722E+02 4.432457E+00 3.727566E+00 2.480502E+02
3.309842E+03 1.563690E+06 3.947797E+01 3.442207E-03 2.085722E+02 4.432470E+00 3.727576E+00 2.480502E+02
3.309850E+03 1.563700E+06 3.947797E+01 3.442863E-03 2.085722E+02 4.432482E+00 3.727587E+00 2.480502E+02
3.309859E+03 1.563710E+06 3.947797E+01 3.443517E-03 2.085722E+02 4.432495E+00 3.727598E+00 2.480502E+02
3.309867E+03 1.563720E+06 3.947797E+01 3.444175E-03 2.085722E+02 4.432507E+00 3.727608E+00 2.480502E+02
3.309875E+03 1.563730E+06 3.947797E+01 3.444831E-03 2.085722E+02 4.432520E+00 3.727619E+00 2.480502E+02
3.309884E+03 1.563740E+06 3.947797E+01 3.445489E-03 2.085722E+02 4.432532E+00 3.727629E+00 2.480502E+02
3.309893E+03 1.563750E+06 3.947797E+01 3.446156E-03 2.085722E+02 4.432545E+00 3.727640E+00 2.480502E+02
3.309901E+03 1.563760E+06 3.947797E+01 3.446827E-03 2.085722E+02 4.432558E+00 3.727651E+00 2.480502E+02
3.309910E+03 1.563770E+06 3.947797E+01 3.447498E-03 2.085722E+02 4.432571E+00 3.727662E+00 2.480502E+02
3.309918E+03 1.563780E+06 3.947797E+01 3.448169E-03 2.085722E+02 4.432584E+00 3.727673E+00 2.480502E+02
3.309927E+03 1.563790E+06 3.947796E+01 3.448819E-03 2.085722E+02 4.432597E+00 3.727684E+00 2.480502E+02
3.309935E+03 1.563800E+06 3.947796E+01 3.449443E-03 2.085722E+02 4.432609E+00 3.727695E+00 2.480502E+02
3.309943E+03 1.563810E+06 3.947796E+01 3.450103E-03 2.085722E+02 4.432622E+00 3.727705E+00 2.480502E+02
3.309952E+03 1.563820E+06 3.947796E+01 3.450763E-03 2.085722E+02 4.432634E+00 3.727716E+00 2.480502E+02
3.309960E+03 1.563830E+06 3.947796E+01 3.451424E-03 2.085722E+02 4.432647E+00 3.727727E+00 2.480502E+02
3.309969E+03 1.563840E+06 3.947796E+01 3.452085E-03 2.085722E+02 4.432659E+00 3.727737E+00 2.480502E+02
3.309977E+03 1.563850E+06 3.947796E+01 3.452747E-03 2.085722E+02 4.432672E+00 3.727748E+00 2.480502E+02
3.309986E+03 1.563860E+06 3.947796E+01 3.453408E-03 2.085722E+02 4.432685E+00 3.727759E+00 2.480502E+02
3.309994E+03 1.563870E+06 3.947796E+01 3.454070E-03 2.085722E+02 4.432697E+00 3.727769E+00 2.480502E+02
3.310000E+03 1.563880E+06 3.947796E+01 3.454566E-03 2.085722E+02 4.432707E+00 3.727778E+00 2.480502E+02
3.310005E+03 1.563890E+06 3.947796E+01 3.454946E-03 2.085722E+02 4.432714E+00 3.727784E+00 2.480502E+02
3.310012E+03 1.563900E+06 3.947796E+01 3.455499E-03 2.085722E+02 4.432725E+00 3.727793E+00 2.480502E+02
3.310020E+03 1.563910E+06 3.947796E+01 3.456114E-03 2.085722E+02 4.432736E+00 3.727802E+00 2.480502E+02
3.310028E+03 1.563920E+06 3.947796E+01 3.456734E-03 2.085722E+02 4.432748E+00 3.727812E+00 2.480502E+02
3.310036E+03 1.563930E+06 3.947796E+01 3.457378E-03 2.085723E+02 4.432760E+00 3.727822E+00 2.480502E+02
3.310045E+03 1.563940E+06 3.947796E+01 3.458050E-03 2.085723E+02 4.432772E+00 3.727833E+00 2.480502E+02
3.310054E+03 1.563950E+06 3.947796E+01 3.458728E-03 2.085723E+02 4.432785E+00 3.727844E+00 2.480502E+02
3.310062E+03 1.563960E+06 3.947796E+01 3.459407E-03 2.085723E+02 4.432798E+00 3.727855E+00 2.480502E+02
3.310071E+03 1.563970E+06 3.947796E+01 3.460086E-03 2.085723E+02 4.432810E+00 3.727865E+00 2.480502E+02
3.310079E+03 1.563980E+06 3.947796E+01 3.460766E-03 2.085723E+02 4.432822E+00 3.727876E+00 2.480502E+02
3.310088E+03 1.563990E+06 3.947796E+01 3.461455E-03 2.085723E+02 4.432835E+00 3.727886E+00 2.480502E+02
3.310097E+03 1.564000E+06 3.947796E+01 3.462147E-03 2.085723E+02 4.432848E+00 3.727897E+00 2.480502E+02
3.310106E+03 1.564010E+06 3.947796E+01 3.462837E-03 2.085723E+02 4.432861E+00 3.727908E+00 2.480502E+02
3.310114E+03 1.564020E+06 3.947796E+01 3.463528E-03 2.085723E+02 4.432873E+00 3.727919E+00 2.480502E+02
3.310123E+03 1.564030E+06 3.947796E+01 3.464218E-03 2.085723E+02 4.432886E+00 3.727930E+00 2.480502E+02
3.310132E+03 1.564040E+06 3.947796E+01 3.464914E-03 2.085723E+02 4.432899E+00 3.727941E+00 2.480502E+02
3.310141E+03 1.564050E+06 3.947796E+01 3.465629E-03 2.085723E+02 4.432912E+00 3.727952E+00 2.480502E+02
3.310150E+03 1.564060E+06 3.947796E+01 3.466342E-03 2.085723E+02 4.432926E+00 3.727964E+00 2.480502E+02
3.310159E+03 1.564070E+06 3.947796E+01 3.467056E-03 2.085723E+02 4.432939E+00 3.727975E+00 2.480502E+02
3.310168E+03 1.564080E+06 3.947796E+01 3.467770E-03 2.085723E+02 4.432952E+00 3.727986E+00 2.480502E+02
3.310178E+03 1.564090E+06 3.947796E+01 3.468483E-03 2.085723E+02 4.432965E+00 3.727997E+00 2.480502E+02
3.310187E+03 1.564100E+06 3.947796E+01 3.469210E-03 2.085723E+02 4.432979E+00 3.728009E+00 2.480502E+02
3.310196E+03 1.564110E+06 3.947796E+01 3.469955E-03 2.085723E+02 4.432993E+00 3.728021E+00 2.480502E+02
3.310206E+03 1.564120E+06 3.947796E+01 3.470698E-03 2.085723E+02 4.433008E+00 3.728033E+00 2.480502E+02
3.310215E+03 1.564130E+06 3.947796E+01 3.471441E-03 2.085723E+02 4.433022E+00 3.728045E+00 2.480502E+02
3.310225E+03 1.564140E+06 3.947796E+01 3.472185E-03 2.085723E+02 4.433037E+00 3.728058E+00 2.480502E+02
3.310234E+03 1.564150E+06 3.947796E+01 3.472942E-03 2.085723E+02 4.433052E+00 3.728071E+00 2.480502E+02
3.310244E+03 1.564160E+06 3.947796E+01 3.473711E-03 2.085723E+02 4.433067E+00 3.728084E+00 2.480502E+02
3.310254E+03 1.564170E+06 3.947796E+01 3.474499E-03 2.085723E+02 4.433083E+00 3.728097E+00 2.480502E+02
3.310264E+03 1.564180E+06 3.947796E+01 3.475286E-03 2.085723E+02 4.433099E+00 3.728111E+00 2.480502E+02
3.310274E+03 1.564190E+06 3.947796E+01 3.476076E-03 2.085723E+02 4.433115E+00 3.728124E+00 2.480502E+02
3.310285E+03 1.564200E+06 3.947796E+01 3.476870E-03 2.085723E+02 4.433132E+00 3.728138E+00 2.480502E+02
3.310295E+03 1.564210E+06 3.947796E+01 3.477655E-03 2.085723E+02 4.433148E+00 3.728152E+00 2.480502E+02
3.310304E+03 1.564220E+06 3.947796E+01 3.478413E-03 2.085723E+02 4.433163E+00 3.728165E+00 2.480502E+02
3.310313E+03 1.564230E+06 3.947796E+01 3.479114E-03 2.085723E+02 4.433177E+00 3.728177E+00 2.480502E+02
3.310322E+03 1.564240E+06 3.947796E+01 3.479796E-03 2.085723E+02 4.433191E+00 3.728189E+00 2.480502E+02
3.310331E+03 1.564250E+06 3.947796E+01 3.480479E-03 2.085723E+02 4.433205E+00 3.728200E+00 2.480502E+02
3.310340E+03 1.564260E+06 3.947796E+01 3.481191E-03 2.085723E+02 4.433220E+00 3.728213E+00 2.480502E+02
3.310349E+03 1.564270E+06 3.947796E+01 3.481882E-03 2.085723E+02 4.433234E+00 3.728225E+00 2.480502E+02
3.310358E+03 1.564280E+06 3.947796E+01 3.482589E-03 2.085723E+02 4.433247E+00 3.728237E+00 2.480502E+02
3.310367E+03 1.564290E+06 3.947796E+01 3.483306E-03 2.085723E+02 4.433262E+00 3.728249E+00 2.480502E+02
3.310377E+03 1.564300E+06 3.947796E+01 3.484023E-03 2.085723E+02 4.433277E+00 3.728262E+00 2.480502E+02
3.310386E+03 1.564310E+06 3.947796E+01 3.484771E-03 2.085723E+02 4.433292E+00 3.728275E+00 2.480502E+02
3.310396E+03 1.564320E+06 3.947796E+01 3.485518E-03 2.085723E+02 4.433308E+00 3.728288E+00 2.480502E+02
3.310406E+03 1.564330E+06 3.947796E+01 3.486266E-03 2.085723E+02 4.433323E+00 3.728301E+00 2.480502E+02
3.310415E+03 1.564340E+06 3.947796E+01 3.487017E-03 2.085723E+02 4.433338E+00 3.728313E+00 2.480502E+02
3.310425E+03 1.564350E+06 3.947796E+01 3.487768E-03 2.085723E+02 4.433353E+00 3.728326E+00 2.480502E+02
3.310435E+03 1.564360E+06 3.947796E+01 3.488534E-03 2.085723E+02 4.433368E+00 3.728339E+00 2.480502E+02
3.310444E+03 1.564370E+06 3.947796E+01 3.489285E-03 2.085723E+02 4.433383E+00 3.728351E+00 2.480502E+02
3.310454E+03 1.564380E+06 3.947796E+01 3.490036E-03 2.085723E+02 4.433397E+00 3.728364E+00 2.480502E+02
3.310463E+03 1.564390E+06 3.947796E+01 3.490780E-03 2.085723E+02 4.433411E+00 3.728376E+00 2.480502E+02
3.310472E+03 1.564400E+06 3.947796E+01 3.491474E-03 2.085723E+02 4.433425E+00 3.728388E+00 2.480502E+02
3.310481E+03 1.564410E+06 3.947796E+01 3.492197E-03 2.085723E+02 4.433439E+00 3.728400E+00 2.480502E+02
3.310491E+03 1.564420E+06 3.947796E+01 3.492921E-03 2.085723E+02 4.433453E+00 3.728411E+00 2.480502E+02
3.310500E+03 1.564430E+06 3.947796E+01 3.493646E-03 2.085723E+02 4.433466E+00 3.728423E+00 2.480502E+02
3.310509E+03 1.564440E+06 3.947796E+01 3.494372E-03 2.085723E+02 4.433480E+00 3.728434E+00 2.480502E+02
3.310518E+03 1.564450E+06 3.947796E+01 3.495060E-03 2.085723E+02 4.433494E+00 3.728446E+00 2.480502E+02
3.310527E+03 1.564460E+06 3.947796E+01 3.495749E-03 2.085723E+02 4.433507E+00 3.728457E+00 2.480502E+02
3.310536E+03 1.564470E+06 3.947796E+01 3.496462E-03 2.085723E+02 4.433520E+00 3.728468E+00 2.480502E+02
3.310545E+03 1.564480E+06 3.947796E+01 3.497176E-03 2.085723E+02 4.433534E+00 3.728480E+00 2.480502E+02
3.310554E+03 1.564490E+06 3.947796E+01 3.497890E-03 2.085723E+02 4.433548E+00 3.728492E+00 2.480502E+02
3.310563E+03 1.564500E+06 3.947796E+01 3.498603E-03 2.085723E+02 4.433561E+00 3.728503E+00 2.480502E+02
3.310572E+03 1.564510E+06 3.947796E+01 3.499313E-03 2.085723E+02 4.433575E+00 3.728515E+00 2.480502E+02
3.310581E+03 1.564520E+06 3.947796E+01 3.500023E-03 2.085723E+02 4.433589E+00 3.728527E+00 2.480502E+02
3.310590E+03 1.564530E+06 3.947796E+01 3.500737E-03 2.085723E+02 4.433603E+00 3.728538E+00 2.480502E+02
3.310599E+03 1.564540E+06 3.947796E+01 3.501454E-03 2.085723E+02 4.433617E+00 3.728550E+00 2.480502E+02
3.310608E+03 1.564550E+06 3.947796E+01 3.502172E-03 2.085723E+02 4.433630E+00 3.728562E+00 2.480502E+02
3.310617E+03 1.564560E+06 3.947796E+01 3.502887E-03 2.085723E+02 4.433644E+00 3.728574E+00 2.480502E+02
3.310627E+03 1.564570E+06 3.947796E+01 3.503606E-03 2.085723E+02 4.433658E+00 3.728585E+00 2.480502E+02
3.310636E+03 1.564580E+06 3.947796E+01 3.504324E-03 2.085723E+02 4.433672E+00 3.728597E+00 2.480502E+02
3.310645E+03 1.564590E+06 3.947795E+01 3.505036E-03 2.085723E+02 4.433685E+00 3.728608E+00 2.480502E+02
3.310654E+03 1.564600E+06 3.947795E+01 3.505749E-03 2.085723E+02 4.433699E+00 3.728620E+00 2.480502E+02
3.310663E+03 1.564610E+06 3.947795E+01 3.506462E-03 2.085723E+02 4.433712E+00 3.728631E+00 2.480502E+02
3.310672E+03 1.564620E+06 3.947795E+01 3.507175E-03 2.085723E+02 4.433726E+00 3.728643E+00 2.480502E+02
3.310681E+03 1.564630E+06 3.947795E+01 3.507888E-03 2.085723E+02 4.433739E+00 3.728654E+00 2.480502E+02
3.310690E+03 1.564640E+06 3.947795E+01 3.508602E-03 2.085723E+02 4.433752E+00 3.728665E+00 2.480502E+02
3.310699E+03 1.564650E+06 3.947795E+01 3.509302E-03 2.085723E+02 4.433765E+00 3.728676E+00 2.480502E+02
3.310708E+03 1.564660E+06 3.947795E+01 3.509964E-03 2.085723E+02 4.433777E+00 3.728686E+00 2.480502E+02
3.310716E+03 1.564670E+06 3.947795E+01 3.510628E-03 2.085723E+02 4.433789E+00 3.728697E+00 2.480502E+02
3.310725E+03 1.564680E+06 3.947795E+01 3.511307E-03 2.085723E+02 4.433801E+00 3.728707E+00 2.480502E+02
3.310733E+03 1.564690E+06 3.947795E+01 3.511991E-03 2.085723E+02 4.433813E+00 3.728717E+00 2.480502E+02
3.310742E+03 1.564700E+06 3.947795E+01 3.512677E-03 2.085723E+02 4.433825E+00 3.728727E+00 2.480502E+02
3.310750E+03 1.564710E+06 3.947795E+01 3.513356E-03 2.085723E+02 4.433837E+00 3.728737E+00 2.480502E+02
3.310759E+03 1.564720E+06 3.947795E+01 3.514038E-03 2.085723E+02 4.433849E+00 3.728747E+00 2.480502E+02
3.310768E+03 1.564730E+06 3.947795E+01 3.514719E-03 2.085723E+02 4.433860E+00 3.728757E+00 2.480502E+02
3.310776E+03 1.564740E+06 3.947795E+01 3.515412E-03 2.085723E+02 4.433872E+00 3.728767E+00 2.480502E+02
3.310785E+03 1.564750E+06 3.947795E+01 3.516108E-03 2.085723E+02 4.433883E+00 3.728777E+00 2.480502E+02
3.310794E+03 1.564760E+06 3.947795E+01 3.516801E-03 2.085723E+02 4.433894E+00 3.728786E+00 2.480502E+02
3.310802E+03 1.564770E+06 3.947795E+01 3.517480E-03 2.085723E+02 4.433905E+00 3.728795E+00 2.480502E+02
3.310811E+03 1.564780E+06 3.947795E+01 3.518159E-03 2.085723E+02 4.433916E+00 3.728804E+00 2.480502E+02
3.310819E+03 1.564790E+06 3.947795E+01 3.518846E-03 2.085723E+02 4.433926E+00 3.728813E+00 2.480502E+02
3.310828E+03 1.564800E+06 3.947795E+01 3.519569E-03 2.085723E+02 4.433938E+00 3.728823E+00 2.480502E+02
3.310837E+03 1.564810E+06 3.947795E+01 3.520300E-03 2.085723E+02 4.433949E+00 3.728833E+00 2.480502E+02
3.310846E+03 1.564820E+06 3.947795E+01 3.521019E-03 2.085723E+02 4.433960E+00 3.728842E+00 2.480502E+02
3.310855E+03 1.564830E+06 3.947795E+01 3.521722E-03 2.085723E+02 4.433971E+00 3.728851E+00 2.480502E+02
3.310864E+03 1.564840E+06 3.947795E+01 3.522425E-03 2.085723E+02 4.433982E+00 3.728861E+00 2.480502E+02
3.310873E+03 1.564850E+06 3.947795E+01 3.523136E-03 2.085723E+02 4.433993E+00 3.728870E+00 2.480502E+02
3.310882E+03 1.564860E+06 3.947795E+01 3.523856E-03 2.085723E+02 4.434005E+00 3.728880E+00 2.480502E+02
3.310891E+03 1.564870E+06 3.947795E+01 3.524587E-03 2.085723E+02 4.434017E+00 3.728890E+00 2.480502E+02
3.310900E+03 1.564880E+06 3.947795E+01 3.525317E-03 2.085723E+02 4.434028E+00 3.728900E+00 2.480502E+02
3.310909E+03 1.564890E+06 3.947795E+01 3.526047E-03 2.085723E+02 4.434040E+00 3.728910E+00 2.480502E+02
3.310918E+03 1.564900E+06 3.947795E+01 3.526779E-03 2.085723E+02 4.434052E+00 3.728921E+00 2.480502E+02
3.310927E+03 1.564910E+06 3.947795E+01 3.527446E-03 2.085723E+02 4.434063E+00 3.728930E+00 2.480502E+02
3.310935E+03 1.564920E+06 3.947795E+01 3.528098E-03 2.085723E+02 4.434074E+00 3.728939E+00 2.480502E+02
3.310943E+03 1.564930E+06 3.947795E+01 3.528740E-03 2.085723E+02 4.434085E+00 3.728948E+00 2.480502E+02
3.310951E+03 1.564940E+06 3.947795E+01 3.529362E-03 2.085723E+02 4.434095E+00 3.728957E+00 2.480502E+02
3.310959E+03 1.564950E+06 3.947795E+01 3.529975E-03 2.085723E+02 4.434105E+00 3.728965E+00 2.480502E+02
3.310966E+03 1.564960E+06 3.947795E+01 3.530590E-03 2.085723E+02 4.434115E+00 3.728974E+00 2.480502E+02
3.310974E+03 1.564970E+06 3.947795E+01 3.531212E-03 2.085723E+02 4.434126E+00 3.728983E+00 2.480502E+02
3.310982E+03 1.564980E+06 3.947795E+01 3.531831E-03 2.085723E+02 4.434136E+00 3.728992E+00 2.480502E+02
3.310989E+03 1.564990E+06 3.947795E+01 3.532438E-03 2.085723E+02 4.434146E+00 3.729001E+00 2.480502E+02
3.310997E+03 1.565000E+06 3.947795E+01 3.533046E-03 2.085723E+02 4.434156E+00 3.729009E+00 2.480502E+02
3.311005E+03 1.565010E+06 3.947795E+01 3.533654E-03 2.085723E+02 4.434166E+00 3.729017E+00 2.480502E+02
3.311012E+03 1.565020E+06 3.947795E+01 3.534260E-03 2.085723E+02 4.434175E+00 3.729025E+00 2.480502E+02
3.311020E+03 1.565030E+06 3.947795E+01 3.534871E-03 2.085723E+02 4.434185E+00 3.729033E+00 2.480502E+02
3.311028E+03 1.565040E+06 3.947795E+01 3.535484E-03 2.085723E+02 4.434195E+00 3.729042E+00 2.480502E+02
3.311035E+03 1.565050E+06 3.947795E+01 3.536096E-03 2.085723E+02 4.434204E+00 3.729050E+00 2.480502E+02
3.311043E+03 1.565060E+06 3.947795E+01 3.536709E-03 2.085723E+02 4.434214E+00 3.729058E+00 2.480502E+02
3.311051E+03 1.565070E+06 3.947795E+01 3.537348E-03 2.085723E+02 4.434223E+00 3.729066E+00 2.480502E+02
3.311059E+03 1.565080E+06 3.947795E+01 3.538025E-03 2.085723E+02 4.434233E+00 3.729074E+00 2.480502E+02
3.311069E+03 1.565090E+06 3.947795E+01 3.538780E-03 2.085723E+02 4.434244E+00 3.729084E+00 2.480502E+02
3.311079E+03 1.565100E+06 3.947795E+01 3.539587E-03 2.085723E+02 4.434256E+00 3.729094E+00 2.480502E+02
3.311089E+03 1.565110E+06 3.947795E+01 3.540393E-03 2.085723E+02 4.434268E+00 3.729104E+00 2.480502E+02
3.311099E+03 1.565120E+06 3.947795E+01 3.541201E-03 2.085723E+02 4.434279E+00 3.729114E+00 2.480502E+02
3.311109E+03 1.565130E+06 3.947795E+01 3.542008E-03 2.085723E+02 4.434291E+00 3.729124E+00 2.480502E+02
3.311119E+03 1.565140E+06 3.947795E+01 3.542813E-03 2.085723E+02 4.434302E+00 3.729133E+00 2.480502E+02
3.311129E+03 1.565150E+06 3.947795E+01 3.543619E-03 2.085723E+02 4.434313E+00 3.729143E+00 2.480502E+02
3.311139E+03 1.565160E+06 3.947795E+01 3.544399E-03 2.085723E+02 4.434325E+00 3.729153E+00 2.480502E+02
3.311148E+03 1.565170E+06 3.947795E+01 3.545143E-03 2.085723E+02 4.434335E+00 3.729162E+00 2.480502E+02
3.311157E+03 1.565180E+06 3.947795E+01 3.545843E-03 2.085723E+02 4.434346E+00 3.729170E+00 2.480502E+02
3.311165E+03 1.565190E+06 3.947795E+01 3.546535E-03 2.085723E+02 4.434355E+00 3.729179E+00 2.480502E+02
3.311174E+03 1.565200E+06 3.947795E+01 3.547214E-03 2.085723E+02 4.434365E+00 3.729187E+00 2.480502E+02
3.311182E+03 1.565210E+06 3.947795E+01 3.547894E-03 2.085723E+02 4.434374E+00 3.729195E+00 2.480502E+02
3.311191E+03 1.565220E+06 3.947795E+01 3.548573E-03 2.085723E+02 4.434384E+00 3.729203E+00 2.480502E+02
3.311199E+03 1.565230E+06 3.947795E+01 3.549253E-03 2.085723E+02 4.434394E+00 3.729212E+00 2.480502E+02
3.311208E+03 1.565240E+06 3.947795E+01 3.549934E-03 2.085723E+02 4.434404E+00 3.729220E+00 2.480502E+02
3.311216E+03 1.565250E+06 3.947795E+01 3.550637E-03 2.085723E+02 4.434414E+00 3.729228E+00 2.480502E+02
3.311225E+03 1.565260E+06 3.947795E+01 3.551354E-03 2.085723E+02 4.434423E+00 3.729236E+00 2.480502E+02
3.311234E+03 1.565270E+06 3.947795E+01 3.552051E-03 2.085723E+02 4.434433E+00 3.729245E+00 2.480502E+02
3.311243E+03 1.565280E+06 3.947795E+01 3.552751E-03 2.085723E+02 4.434443E+00 3.729253E+00 2.480502E+02
3.311251E+03 1.565290E+06 3.947795E+01 3.553422E-03 2.085723E+02 4.434452E+00 3.729261E+00 2.480502E+02
3.311259E+03 1.565300E+06 3.947795E+01 3.554079E-03 2.085723E+02 4.434462E+00 3.729269E+00 2.480502E+02
3.311268E+03 1.565310E+06 3.947795E+01 3.554748E-03 2.085723E+02 4.434471E+00 3.729278E+00 2.480502E+02
3.311276E+03 1.565320E+06 3.947795E+01 3.555412E-03 2.085723E+02 4.434480E+00 3.729285E+00 2.480502E+02
3.311284E+03 1.565330E+06 3.947795E+01 3.556079E-03 2.085723E+02 4.434490E+00 3.729293E+00 2.480502E+02
3.311292E+03 1.565340E+06 3.947795E+01 3.556738E-03 2.085723E+02 4.434499E+00 3.729301E+00 2.480502E+02
3.311300E+03 1.565350E+06 3.947795E+01 3.557376E-03 2.085723E+02 4.434508E+00 3.729309E+00 2.480502E+02
3.311308E+03 1.565360E+06 3.947795E+01 3.558013E-03 2.085723E+02 4.434517E+00 3.729316E+00 2.480502E+02
3.311317E+03 1.565370E+06 3.947795E+01 3.558671E-03 2.085723E+02 4.434526E+00 3.729324E+00 2.480502E+02
3.311325E+03 1.565380E+06 3.947795E+01 3.559316E-03 2.085723E+02 4.434535E+00 3.729331E+00 2.480502E+02
3.311333E+03 1.565390E+06 3.947795E+01 3.559958E-03 2.085723E+02 4.434543E+00 3.729339E+00 2.480502E+02
3.311340E+03 1.565400E+06 3.947795E+01 3.560583E-03 2.085723E+02 4.434552E+00 3.729346E+00 2.480502E+02
3.311348E+03 1.565410E+06 3.947794E+01 3.561208E-03 2.085723E+02 4.434561E+00 3.729354E+00 2.480502E+02
3.311356E+03 1.565420E+06 3.947794E+01 3.561834E-03 2.085723E+02 4.434570E+00 3.729361E+00 2.480502E+02
3.311364E+03 1.565430E+06 3.947794E+01 3.562470E-03 2.085723E+02 4.434578E+00 3.729368E+00 2.480502E+02
3.311372E+03 1.565440E+06 3.947794E+01 3.563107E-03 2.085723E+02 4.434586E+00 3.729376E+00 2.480502E+02
3.311380E+03 1.565450E+06 3.947794E+01 3.563743E-03 2.085723E+02 4.434595E+00 3.729383E+00 2.480502E+02
3.311388E+03 1.565460E+06 3.947794E+01 3.564381E-03 2.085723E+02 4.434603E+00 3.729390E+00 2.480502E+02
3.311395E+03 1.565470E+06 3.947794E+01 3.565019E-03 2.085723E+02 4.434612E+00 3.729397E+00 2.480502E+02
3.311403E+03 1.565480E+06 3.947794E+01 3.565658E-03 2.085723E+02 4.434620E+00 3.729404E+00 2.480502E+02
3.311411E+03 1.565490E+06 3.947794E+01 3.566296E-03 2.085723E+02 4.434628E+00 3.729411E+00 2.480502E+02
3.311419E+03 1.565500E+06 3.947794E+01 3.566936E-03 2.085723E+02 4.434636E+00 3.729418E+00 2.480502E+02
3.311427E+03 1.565510E+06 3.947794E+01 3.567576E-03 2.085723E+02 4.434644E+00 3.729425E+00 2.480502E+02
3.311435E+03 1.565520E+06 3.947794E+01 3.568202E-03 2.085723E+02 4.434651E+00 3.729431E+00 2.480502E+02
3.311443E+03 1.565530E+06 3.947794E+01 3.568824E-03 2.085723E+02 4.434659E+00 3.729437E+00 2.480502E+02
3.311450E+03 1.565540E+06 3.947794E+01 3.569448E-03 2.085723E+02 4.434666E+00 3.729444E+00 2.480502E+02
3.311458E+03 1.565550E+06 3.947794E+01 3.570072E-03 2.085723E+02 4.434673E+00 3.729450E+00 2.480502E+02
3.311466E+03 1.565560E+06 3.947794E+01 3.570694E-03 2.085723E+02 4.434681E+00 3.729456E+00 2.480502E+02
3.311473E+03 1.565570E+06 3.947794E+01 3.571315E-03 2.085723E+02 4.434688E+00 3.729462E+00 2.480502E+02
3.311481E+03 1.565580E+06 3.947794E+01 3.571937E-03 2.085723E+02 4.434695E+00 3.729468E+00 2.480502E+02
3.311489E+03 1.565590E+06 3.947794E+01 3.572559E-03 2.085723E+02 4.434702E+00 3.729474E+00 2.480502E+02
3.311496E+03 1.565600E+06 3.947794E+01 3.573181E-03 2.085723E+02 4.434709E+00 3.729480E+00 2.480502E+02
3.311504E+03 1.565610E+06 3.947794E+01 3.573804E-03 2.085723E+02 4.434716E+00 3.729486E+00 2.480502E+02
3.311512E+03 1.565620E+06 3.947794E+01 3.574446E-03 2.085723E+02 4.434723E+00 3.729492E+00 2.480502E+02
3.311520E+03 1.565630E+06 3.947794E+01 3.575090E-03 2.085723E+02 4.434731E+00 3.729499E+00 2.480502E+02
3.311528E+03 1.565640E+06 3.947794E+01 3.575733E-03 2.085723E+02 4.434738E+00 3.729505E+00 2.480502E+02
3.311536E+03 1.565650E+06 3.947794E+01 3.576378E-03 2.085723E+02 4.434745E+00 3.729512E+00 2.480502E+02
3.311543E+03 1.565660E+06 3.947794E+01 3.577021E-03 2.085723E+02 4.434753E+00 3.729518E+00 2.480502E+02
3.311551E+03 1.565670E+06 3.947794E+01 3.577666E-03 2.085723E+02 4.434760E+00 3.729524E+00 2.480502E+02
3.311560E+03 1.565680E+06 3.947794E+01 3.578330E-03 2.085723E+02 4.434768E+00 3.729531E+00 2.480502E+02
3.311568E+03 1.565690E+06 3.947794E+01 3.579015E-03 2.085723E+02 4.434776E+00 3.729537E+00 2.480502E+02
3.311577E+03 1.565700E+06 3.947794E+01 3.579704E-03 2.085723E+02 4.434784E+00 3.729544E+00 2.480502E+02
3.311585E+03 1.565710E+06 3.947794E+01 3.580391E-03 2.085723E+02 4.434792E+00 3.729551E+00 2.480502E+02
3.311594E+03 1.565720E+06 3.947794E+01 3.581080E-03 2.085723E+02 4.434800E+00 3.729558E+00 2.480502E+02
3.311602E+03 1.565730E+06 3.947794E+01 3.581769E-03 2.085723E+02 4.434808E+00 3.729565E+00 2.480502E+02
3.311611E+03 1.565740E+06 3.947794E+01 3.582460E-03 2.085723E+02 4.434816E+00 3.729572E+00 2.480502E+02
3.311619E+03 1.565750E+06 3.947794E+01 3.583142E-03 2.085723E+02 4.434824E+00 3.729579E+00 2.480502E+02
3.311627E+03 1.565760E+06 3.947794E+01 3.583824E-03 2.085723E+02 4.434833E+00 3.729586E+00 2.480502E+02
3.311636E+03 1.565770E+06 3.947794E+01 3.584495E-03 2.085723E+02 4.434841E+00 3.729593E+00 2.480502E+02
3.311644E+03 1.565780E+06 3.947794E+01 3.585149E-03 2.085723E+02 4.434848E+00 3.729600E+00 2.480502E+02
3.311652E+03 1.565790E+06 3.947794E+01 3.585803E-03 2.085723E+02 4.434856E+00 3.729606E+00 2.480502E+02
3.311660E+03 1.565800E+06 3.947794E+01 3.586475E-03 2.085723E+02 4.434864E+00 3.729613E+00 2.480502E+02
3.311669E+03 1.565810E+06 3.947794E+01 3.587146E-03 2.085723E+02 4.434872E+00 3.729620E+00 2.480502E+02
3.311677E+03 1.565820E+06 3.947794E+01 3.587819E-03 2.085723E+02 4.434880E+00 3.729627E+00 2.480502E+02
3.311685E+03 1.565830E+06 3.947794E+01 3.588478E-03 2.085723E+02 4.434888E+00 3.729633E+00 2.480502E+02
3.311693E+03 1.565840E+06 3.947794E+01 3.589124E-03 2.085723E+02 4.434896E+00 3.729640E+00 2.480502E+02
3.311701E+03 1.565850E+06 3.947794E+01 3.589773E-03 2.085723E+02 4.434903E+00 3.729646E+00 2.480502E+02
3.311709E+03 1.565860E+06 3.947794E+01 3.590444E-03 2.085723E+02 4.434910E+00 3.729653E+00 2.480502E+02
3.311718E+03 1.565870E+06 3.947794E+01 3.591118E-03 2.085723E+02 4.434918E+00 3.729659E+00 2.480502E+02
3.311726E+03 1.565880E+06 3.947794E+01 3.591781E-03 2.085723E+02 4.434925E+00 3.729665E+00 2.480502E+02
3.311734E+03 1.565890E+06 3.947794E+01 3.592445E-03 2.085723E+02 4.434931E+00 3.729671E+00 2.480502E+02
3.311742E+03 1.565900E+06 3.947794E+01 3.593112E-03 2.085723E+02 4.434938E+00 3.729676E+00 2.480502E+02
3.311750E+03 1.565910E+06 3.947794E+01 3.593778E-03 2.085723E+02 4.434945E+00 3.729682E+00 2.480502E+02
3.311758E+03 1.565920E+06 3.947794E+01 3.594460E-03 2.085723E+02 4.434951E+00 3.729688E+00 2.480502E+02
3.311767E+03 1.565930E+06 3.947794E+01 3.595139E-03 2.085723E+02 4.434958E+00 3.729693E+00 2.480502E+02
3.311775E+03 1.565940E+06 3.947794E+01 3.595808E-03 2.085723E+02 4.434964E+00 3.729698E+00 2.480502E+02
3.311783E+03 1.565950E+06 3.947794E+01 3.596476E-03 2.085723E+02 4.434970E+00 3.729703E+00 2.480502E+02
3.311791E+03 1.565960E+06 3.947794E+01 3.597125E-03 2.085723E+02 4.434975E+00 3.729708E+00 2.480502E+02
3.311798E+03 1.565970E+06 3.947794E+01 3.597752E-03 2.085723E+02 4.434981E+00 3.729713E+00 2.480502E+02
3.311806E+03 1.565980E+06 3.947794E+01 3.598400E-03 2.085723E+02 4.434987E+00 3.729718E+00 2.480502E+02
3.311814E+03 1.565990E+06 3.947794E+01 3.599039E-03 2.085723E+02 4.434992E+00 3.729723E+00 2.480502E+02
3.311822E+03 1.566000E+06 3.947794E+01 3.599670E-03 2.085723E+02 4.434997E+00 3.729727E+00 2.480502E+02
3.311829E+03 1.566010E+06 3.947794E+01 3.600302E-03 2.085723E+02 4.435002E+00 3.729731E+00 2.480502E+02
3.311837E+03 1.566020E+06 3.947794E+01 3.600935E-03 2.085723E+02 4.435007E+00 3.729735E+00 2.480502E+02
3.311844E+03 1.566030E+06 3.947794E+01 3.601567E-03 2.085723E+02 4.435012E+00 3.729740E+00 2.480502E+02
3.311852E+03 1.566040E+06 3.947794E+01 3.602200E-03 2.085723E+02 4.435018E+00 3.729745E+00 2.480502E+02
3.311860E+03 1.566050E+06 3.947794E+01 3.602836E-03 2.085723E+02 4.435023E+00 3.729749E+00 2.480502E+02
3.311867E+03 1.566060E+06 3.947794E+01 3.603473E-03 2.085723E+02 4.435028E+00 3.729753E+00 2.480502E+02
3.311875E+03 1.566070E+06 3.947794E+01 3.604109E-03 2.085723E+02 4.435033E+00 3.729758E+00 2.480502E+02
3.311883E+03 1.566080E+06 3.947794E+01 3.604743E-03 2.085723E+02 4.435038E+00 3.729762E+00 2.480502E+02
3.311890E+03 1.566090E+06 3.947794E+01 3.605375E-03 2.085723E+02 4.435044E+00 3.729767E+00 2.480502E+02
3.311898E+03 1.566100E+06 3.947794E+01 3.606011E-03 2.085723E+02 4.435050E+00 3.729772E+00 2.480502E+02
3.311906E+03 1.566110E+06 3.947794E+01 3.606657E-03 2.085723E+02 4.435056E+00 3.729777E+00 2.480502E+02
3.311914E+03 1.566120E+06 3.947794E+01 3.607310E-03 2.085723E+02 4.435062E+00 3.729782E+00 2.480502E+02
3.311922E+03 1.566130E+06 3.947794E+01 3.607964E-03 2.085723E+02 4.435068E+00 3.729787E+00 2.480502E+02
3.311930E+03 1.566140E+06 3.947794E+01 3.608615E-03 2.085723E+02 4.435074E+00 3.729793E+00 2.480502E+02
3.311938E+03 1.566150E+06 3.947794E+01 3.609266E-03 2.085723E+02 4.435080E+00 3.729798E+00 2.480502E+02
3.311946E+03 1.566160E+06 3.947794E+01 3.609915E-03 2.085723E+02 4.435087E+00 3.729804E+00 2.480502E+02
3.311954E+03 1.566170E+06 3.947794E+01 3.610583E-03 2.085723E+02 4.435094E+00 3.729810E+00 2.480502E+02
3.311962E+03 1.566180E+06 3.947794E+01 3.611252E-03 2.085723E+02 4.435100E+00 3.729816E+00 2.480502E+02
3.311970E+03 1.566190E+06 3.947794E+01 3.611920E-03 2.085723E+02 4.435108E+00 3.729822E+00 2.480502E+02
3.311978E+03 1.566200E+06 3.947794E+01 3.612588E-03 2.085723E+02 4.435115E+00 3.729828E+00 2.480502E+02
3.311987E+03 1.566210E+06 3.947794E+01 3.613258E-03 2.085723E+02 4.435122E+00 3.729834E+00 2.480502E+02
3.311995E+03 1.566220E+06 3.947794E+01 3.613930E-03 2.085723E+02 4.435129E+00 3.729840E+00 2.480502E+02
3.312003E+03 1.566230E+06 3.947794E+01 3.614608E-03 2.085723E+02 4.435137E+00 3.729847E+00 2.480502E+02
3.312011E+03 1.566240E+06 3.947794E+01 3.615287E-03 2.085723E+02 4.435144E+00 3.729853E+00 2.480502E+02
3.312020E+03 1.566250E+06 3.947794E+01 3.615963E-03 2.085723E+02 4.435152E+00 3.729860E+00 2.480502E+02
3.312028E+03 1.566260E+06 3.947793E+01 3.616641E-03 2.085723E+02 4.435161E+00 3.729867E+00 2.480502E+02
3.312036E+03 1.566270E+06 3.947793E+01 3.617319E-03 2.085723E+02 4.435169E+00 3.729874E+00 2.480502E+02
3.312045E+03 1.566280E+06 3.947793E+01 3.617998E-03 2.085723E+02 4.435177E+00 3.729881E+00 2.480502E+02
3.312053E+03 1.566290E+06 3.947793E+01 3.618687E-03 2.085723E+02 4.435185E+00 3.729888E+00 2.480502E+02
3.312062E+03 1.566300E+06 3.947793E+01 3.619375E-03 2.085723E+02 4.435193E+00 3.729895E+00 2.480502E+02
3.312070E+03 1.566310E+06 3.947793E+01 3.620067E-03 2.085723E+02 4.435202E+00 3.729902E+00 2.480502E+02
3.312078E+03 1.566320E+06 3.947793E+01 3.620747E-03 2.085723E+02 4.435211E+00 3.729910E+00 2.480502E+02
3.312086E+03 1.566330E+06 3.947793E+01 3.621405E-03 2.085723E+02 4.435219E+00 3.729917E+00 2.480502E+02
3.312094E+03 1.566340E+06 3.947793E+01 3.622000E-03 2.085723E+02 4.435226E+00 3.729923E+00 2.480502E+02
3.312101E+03 1.566350E+06 3.947793E+01 3.622616E-03 2.085723E+02 4.435234E+00 3.729929E+00 2.480502E+02
3.312109E+03 1.566360E+06 3.947793E+01 3.623231E-03 2.085723E+02 4.435241E+00 3.729936E+00 2.480502E+02
3.312116E+03 1.566370E+06 3.947793E+01 3.623846E-03 2.085723E+02 4.435249E+00 3.729943E+00 2.480502E+02
3.312124E+03 1.566380E+06 3.947793E+01 3.624461E-03 2.085723E+02 4.435257E+00 3.729949E+00 2.480502E+02
3.312131E+03 1.566390E+06 3.947793E+01 3.625075E-03 2.085723E+02 4.435265E+00 3.729956E+00 2.480502E+02
3.312139E+03 1.566400E+06 3.947793E+01 3.625691E-03 2.085723E+02 4.435272E+00 3.729962E+00 2.480502E+02
3.312147E+03 1.566410E+06 3.947793E+01 3.626313E-03 2.085723E+02 4.435280E+00 3.729969E+00 2.480502E+02
3.312154E+03 1.566420E+06 3.947793E+01 3.626938E-03 2.085723E+02 4.435287E+00 3.729975E+00 2.480502E+02
3.312162E+03 1.566430E+06 3.947793E+01 3.627564E-03 2.085723E+02 4.435296E+00 3.729982E+00 2.480502E+02
3.312170E+03 1.566440E+06 3.947793E+01 3.628177E-03 2.085723E+02 4.435304E+00 3.729989E+00 2.480502E+02
3.312177E+03 1.566450E+06 3.947793E+01 3.628787E-03 2.085723E+02 4.435311E+00 3.729995E+00 2.480502E+02
3.312184E+03 1.566460E+06 3.947793E+01 3.629397E-03 2.085723E+02 4.435318E+00 3.730002E+00 2.480502E+02
3.312192E+03 1.566470E+06 3.947793E+01 3.630008E-03 2.085723E+02 4.435326E+00 3.730008E+00 2.480502E+02
3.312199E+03 1.566480E+06 3.947793E+01 3.630622E-03 2.085723E+02 4.435333E+00 3.730015E+00 2.480502E+02
3.312207E+03 1.566490E+06 3.947793E+01 3.631239E-03 2.085723E+02 4.435341E+00 3.730021E+00 2.480502E+02
3.312215E+03 1.566500E+06 3.947793E+01 3.631858E-03 2.085723E+02 4.435349E+00 3.730028E+00 2.480502E+02
3.312222E+03 1.566510E+06 3.947793E+01 3.632460E-03 2.085723E+02 4.435357E+00 3.730034E+00 2.480502E+02
3.312229E+03 1.566520E+06 3.947793E+01 3.633063E-03 2.085723E+02 4.435364E+00 3.730041E+00 2.480502E+02
3.312237E+03 1.566530E+06 3.947793E+01 3.633667E-03 2.085723E+02 4.435371E+00 3.730047E+00 2.480502E+02
3.312244E+03 1.566540E+06 3.947793E+01 3.634274E-03 2.085723E+02 4.435379E+00 3.730053E+00 2.480502E+02
3.312251E+03 1.566550E+06 3.947793E+01 3.634875E-03 2.085723E+02 4.435386E+00 3.730060E+00 2.480502E+02
3.312259E+03 1.566560E+06 3.947793E+01 3.635478E-03 2.085723E+02 4.435394E+00 3.730066E+00 2.480502E+02
3.312266E+03 1.566570E+06 3.947793E+01 3.636082E-03 2.085723E+02 4.435401E+00 3.730073E+00 2.480502E+02
3.312273E+03 1.566580E+06 3.947793E+01 3.636684E-03 2.085723E+02 4.435409E+00 3.730079E+00 2.480502E+02
3.312281E+03 1.566590E+06 3.947793E+01 3.637286E-03 2.085723E+02 4.435416E+00 3.730085E+00 2.480502E+02
3.312288E+03 1.566600E+06 3.947793E+01 3.637889E-03 2.085723E+02 4.435423E+00 3.730091E+00 2.480502E+02
3.312295E+03 1.566610E+06 3.947793E+01 3.638499E-03 2.085723E+02 4.435430E+00 3.730097E+00 2.480502E+02
3.312303E+03 1.566620E+06 3.947793E+01 3.639114E-03 2.085723E+02 4.435437E+00 3.730103E+00 2.480502E+02
3.312310E+03 1.566630E+06 3.947793E+01 3.639729E-03 2.085723E+02 4.435444E+00 3.730109E+00 2.480502E+02
3.312318E+03 1.566640E+06 3.947793E+01 3.640344E-03 2.085723E+02 4.435451E+00 3.730115E+00 2.480502E+02
3.312325E+03 1.566650E+06 3.947793E+01 3.640961E-03 2.085723E+02 4.435458E+00 3.730121E+00 2.480502E+02
3.312332E+03 1.566660E+06 3.947793E+01 3.641577E-03 2.085723E+02 4.435464E+00 3.730127E+00 2.480502E+02
3.312340E+03 1.566670E+06 3.947793E+01 3.642195E-03 2.085723E+02 4.435471E+00 3.730132E+00 2.480502E+02
3.312348E+03 1.566680E+06 3.947793E+01 3.642827E-03 2.085723E+02 4.435478E+00 3.730138E+00 2.480502E+02
3.312355E+03 1.566690E+06 3.947793E+01 3.643463E-03 2.085723E+02 4.435484E+00 3.730144E+00 2.480502E+02
3.312363E+03 1.566700E+06 3.947793E+01 3.644099E-03 2.085723E+02 4.435491E+00 3.730149E+00 2.480502E+02
3.312371E+03 1.566710E+06 3.947793E+01 3.644742E-03 2.085723E+02 4.435497E+00 3.730155E+00 2.480502E+02
3.312379E+03 1.566720E+06 3.947793E+01 3.645407E-03 2.085723E+02 4.435504E+00 3.730161E+00 2.480502E+02
3.312387E+03 1.566730E+06 3.947793E+01 3.646070E-03 2.085723E+02 4.435511E+00 3.730167E+00 2.480502E+02
3.312395E+03 1.566740E+06 3.947793E+01 3.646757E-03 2.085723E+02 4.435518E+00 3.730172E+00 2.480502E+02
3.312403E+03 1.566750E+06 3.947793E+01 3.647449E-03 2.085723E+02 4.435525E+00 3.730178E+00 2.480502E+02
3.312412E+03 1.566760E+06 3.947793E+01 3.648142E-03 2.085723E+02 4.435531E+00 3.730184E+00 2.480502E+02
3.312420E+03 1.566770E+06 3.947793E+01 3.648837E-03 2.085723E+02 4.435538E+00 3.730189E+00 2.480502E+02
3.312428E+03 1.566780E+06 3.947793E+01 3.649533E-03 2.085723E+02 4.435544E+00 3.730195E+00 2.480502E+02
3.312437E+03 1.566790E+06 3.947793E+01 3.650230E-03 2.085723E+02 4.435551E+00 3.730201E+00 2.480502E+02
3.312445E+03 1.566800E+06 3.947793E+01 3.650927E-03 2.085723E+02 4.435557E+00 3.730206E+00 2.480502E+02
3.312453E+03 1.566810E+06 3.947793E+01 3.651623E-03 2.085723E+02 4.435564E+00 3.730212E+00 2.480502E+02
3.312461E+03 1.566820E+06 3.947793E+01 3.652321E-03 2.085723E+02 4.435570E+00 3.730217E+00 2.480502E+02
3.312470E+03 1.566830E+06 3.947793E+01 3.653019E-03 2.085723E+02 4.435577E+00 3.730223E+00 2.480502E+02
3.312478E+03 1.566840E+06 3.947793E+01 3.653718E-03 2.085723E+02 4.435583E+00 3.730229E+00 2.480502E+02
3.312486E+03 1.566850E+06 3.947793E+01 3.654416E-03 2.085723E+02 4.435590E+00 3.730234E+00 2.480502E+02
3.312495E+03 1.566860E+06 3.947793E+01 3.655112E-03 2.085723E+02 4.435597E+00 3.730240E+00 2.480502E+02
3.312503E+03 1.566870E+06 3.947793E+01 3.655807E-03 2.085723E+02 4.435603E+00 3.730246E+00 2.480502E+02
3.312511E+03 1.566880E+06 3.947793E+01 3.656503E-03 2.085723E+02 4.435610E+00 3.730251E+00 2.480502E+02
3.312520E+03 1.566890E+06 3.947793E+01 3.657198E-03 2.085723E+02 4.435617E+00 3.730257E+00 2.480502E+02
3.312528E+03 1.566900E+06 3.947793E+01 3.657894E-03 2.085723E+02 4.435624E+00 3.730263E+00 2.480502E+02
3.312536E+03 1.566910E+06 3.947793E+01 3.658590E-03 2.085723E+02 4.435630E+00 3.730269E+00 2.480502E+02
3.312545E+03 1.566920E+06 3.947793E+01 3.659283E-03 2.085723E+02 4.435637E+00 3.730274E+00 2.480502E+02
3.312553E+03 1.566930E+06 3.947793E+01 3.659976E-03 2.085723E+02 4.435643E+00 3.730280E+00 2.480502E+02
3.312561E+03 1.566940E+06 3.947793E+01 3.660669E-03 2.085723E+02 4.435650E+00 3.730285E+00 2.480502E+02
3.312570E+03 1.566950E+06 3.947793E+01 3.661363E-03 2.085723E+02 4.435657E+00 3.730291E+00 2.480502E+02
3.312578E+03 1.566960E+06 3.947793E+01 3.662055E-03 2.085723E+02 4.435664E+00 3.730297E+00 2.480502E+02
3.312586E+03 1.566970E+06 3.947793E+01 3.662751E-03 2.085723E+02 4.435671E+00 3.730303E+00 2.480502E+02
3.312595E+03 1.566980E+06 3.947793E+01 3.663446E-03 2.085723E+02 4.435677E+00 3.730309E+00 2.480502E+02
3.312603E+03 1.566990E+06 3.947793E+01 3.664142E-03 2.085723E+02 4.435683E+00 3.730314E+00 2.480502E+02
3.312611E+03 1.567000E+06 3.947793E+01 3.664836E-03 2.085723E+02 4.435690E+00 3.730320E+00 2.480502E+02
3.312620E+03 1.567010E+06 3.947793E+01 3.665530E-03 2.085723E+02 4.435696E+00 3.730326E+00 2.480502E+02
3.312628E+03 1.567020E+06 3.947793E+01 3.666223E-03 2.085723E+02 4.435703E+00 3.730331E+00 2.480502E+02
3.312636E+03 1.567030E+06 3.947793E+01 3.666921E-03 2.085723E+02 4.435709E+00 3.730336E+00 2.480502E+02
3.312644E+03 1.567040E+06 3.947793E+01 3.667559E-03 2.085723E+02 4.435715E+00 3.730341E+00 2.480502E+02
3.312651E+03 1.567050E+06 3.947793E+01 3.668187E-03 2.085723E+02 4.435720E+00 3.730346E+00 2.480502E+02
3.312659E+03 1.567060E+06 3.947793E+01 3.668813E-03 2.085723E+02 4.435726E+00 3.730351E+00 2.480502E+02
3.312666E+03 1.567070E+06 3.947793E+01 3.669434E-03 2.085723E+02 4.435731E+00 3.730355E+00 2.480502E+02
3.312673E+03 1.567080E+06 3.947793E+01 3.670036E-03 2.085723E+02 4.435736E+00 3.730359E+00 2.480502E+02
3.312681E+03 1.567090E+06 3.947793E+01 3.670640E-03 2.085723E+02 4.435741E+00 3.730364E+00 2.480502E+02
3.312688E+03 1.567100E+06 3.947793E+01 3.671253E-03 2.085723E+02 4.435746E+00 3.730368E+00 2.480502E+02
3.312695E+03 1.567110E+06 3.947793E+01 3.671867E-03 2.085723E+02 4.435751E+00 3.730372E+00 2.480502E+02
3.312703E+03 1.567120E+06 3.947793E+01 3.672483E-03 2.085723E+02 4.435756E+00 3.730377E+00 2.480502E+02
3.312710E+03 1.567130E+06 3.947793E+01 3.673101E-03 2.085723E+02 4.435761E+00 3.730381E+00 2.480502E+02
3.312717E+03 1.567140E+06 3.947792E+01 3.673719E-03 2.085723E+02 4.435766E+00 3.730385E+00 2.480502E+02
3.312725E+03 1.567150E+06 3.947792E+01 3.674338E-03 2.085723E+02 4.435770E+00 3.730389E+00 2.480502E+02
3.312732E+03 1.567160E+06 3.947792E+01 3.674955E-03 2.085723E+02 4.435775E+00 3.730393E+00 2.480502E+02
3.312739E+03 1.567170E+06 3.947792E+01 3.675582E-03 2.085723E+02 4.435780E+00 3.730397E+00 2.480502E+02
3.312747E+03 1.567180E+06 3.947792E+01 3.676209E-03 2.085723E+02 4.435785E+00 3.730402E+00 2.480502E+02
3.312754E+03 1.567190E+06 3.947792E+01 3.676841E-03 2.085723E+02 4.435790E+00 3.730406E+00 2.480502E+02
3.312762E+03 1.567200E+06 3.947792E+01 3.677485E-03 2.085723E+02 4.435795E+00 3.730410E+00 2.480502E+02
3.312770E+03 1.567210E+06 3.947792E+01 3.678127E-03 2.085723E+02 4.435800E+00 3.730415E+00 2.480502E+02
3.312777E+03 1.567220E+06 3.947792E+01 3.678770E-03 2.085723E+02 4.435806E+00 3.730420E+00 2.480502E+02
3.312785E+03 1.567230E+06 3.947792E+01 3.679425E-03 2.085723E+02 4.435811E+00 3.730424E+00 2.480502E+02
3.312793E+03 1.567240E+06 3.947792E+01 3.680092E-03 2.085723E+02 4.435817E+00 3.730429E+00 2.480502E+02
3.312801E+03 1.567250E+06 3.947792E+01 3.680758E-03 2.085723E+02 4.435822E+00 3.730434E+00 2.480502E+02
3.312809E+03 1.567260E+06 3.947792E+01 3.681427E-03 2.085723E+02 4.435828E+00 3.730439E+00 2.480502E+02
3.312817E+03 1.567270E+06 3.947792E+01 3.682114E-03 2.085723E+02 4.435835E+00 3.730444E+00 2.480502E+02
3.312825E+03 1.567280E+06 3.947792E+01 3.682798E-03 2.085723E+02 4.435841E+00 3.730450E+00 2.480502E+02
3.312833E+03 1.567290E+06 3.947792E+01 3.683493E-03 2.085723E+02 4.435848E+00 3.730456E+00 2.480502E+02
3.312842E+03 1.567300E+06 3.947792E+01 3.684220E-03 2.085723E+02 4.435854E+00 3.730461E+00 2.480502E+02
3.312851E+03 1.567310E+06 3.947792E+01 3.684966E-03 2.085723E+02 4.435861E+00 3.730467E+00 2.480502E+02
3.312860E+03 1.567320E+06 3.947792E+01 3.685715E-03 2.085723E+02 4.435869E+00 3.730474E+00 2.480502E+02
3.312869E+03 1.567330E+06 3.947792E+01 3.686459E-03 2.085723E+02 4.435877E+00 3.730481E+00 2.480502E+02
3.312878E+03 1.567340E+06 3.947792E+01 3.687206E-03 2.085723E+02 4.435884E+00 3.730487E+00 2.480502E+02
3.312887E+03 1.567350E+06 3.947792E+01 3.687968E-03 2.085723E+02 4.435892E+00 3.730493E+00 2.480502E+02
3.312897E+03 1.567360E+06 3.947792E+01 3.688734E-03 2.085723E+02 4.435899E+00 3.730500E+00 2.480502E+02
3.312906E+03 1.567370E+06 3.947792E+01 3.689500E-03 2.085723E+02 4.435907E+00 3.730507E+00 2.480502E+02
3.312915E+03 1.567380E+06 3.947792E+01 3.690266E-03 2.085723E+02 4.435915E+00 3.730514E+00 2.480502E+02
3.312924E+03 1.567390E+06 3.947792E+01 3.690952E-03 2.085723E+02 4.435923E+00 3.730520E+00 2.480502E+02
3.312932E+03 1.567400E+06 3.947792E+01 3.691611E-03 2.085723E+02 4.435929E+00 3.730526E+00 2.480502E+02
3.312940E+03 1.567410E+06 3.947792E+01 3.692282E-03 2.085723E+02 4.435936E+00 3.730532E+00 2.480502E+02
3.312948E+03 1.567420E+06 3.947792E+01 3.692951E-03 2.085723E+02 4.435943E+00 3.730537E+00 2.480502E+02
3.312956E+03 1.567430E+06 3.947792E+01 3.693612E-03 2.085723E+02 4.435950E+00 3.730543E+00 2.480502E+02
3.312964E+03 1.567440E+06 3.947792E+01 3.694268E-03 2.085723E+02 4.435956E+00 3.730549E+00 2.480502E+02
3.312972E+03 1.567450E+06 3.947792E+01 3.694926E-03 2.085723E+02 4.435963E+00 3.730554E+00 2.480502E+02
3.312980E+03 1.567460E+06 3.947792E+01 3.695588E-03 2.085723E+02 4.435969E+00 3.730560E+00 2.480502E+02
3.312988E+03 1.567470E+06 3.947792E+01 3.696250E-03 2.085723E+02 4.435975E+00 3.730565E+00 2.480502E+02
3.312996E+03 1.567480E+06 3.947792E+01 3.696907E-03 2.085723E+02 4.435981E+00 3.730570E+00 2.480502E+02
3.313004E+03 1.567490E+06 3.947792E+01 3.697562E-03 2.085723E+02 4.435987E+00 3.730575E+00 2.480502E+02
3.313011E+03 1.567500E+06 3.947792E+01 3.698219E-03 2.085723E+02 4.435993E+00 3.730580E+00 2.480502E+02
3.313019E+03 1.567510E+06 3.947792E+01 3.698876E-03 2.085723E+02 4.435999E+00 3.730585E+00 2.480502E+02
3.313027E+03 1.567520E+06 3.947792E+01 3.699536E-03 2.085723E+02 4.436004E+00 3.730590E+00 2.480502E+02
3.313035E+03 1.567530E+06 3.947792E+01 3.700205E-03 2.085723E+02 4.436009E+00 3.730594E+00 2.480502E+02
3.313043E+03 1.567540E+06 3.947792E+01 3.700876E-03 2.085723E+02 4.436014E+00 3.730598E+00 2.480502E+02
3.313051E+03 1.567550E+06 3.947792E+01 3.701550E-03 2.085723E+02 4.436019E+00 3.730603E+00 2.480502E+02
3.313059E+03 1.567560E+06 3.947792E+01 3.702226E-03 2.085723E+02 4.436024E+00 3.730607E+00 2.480502E+02
3.313067E+03 1.567570E+06 3.947792E+01 3.702902E-03 2.085723E+02 4.436029E+00 3.730611E+00 2.480502E+02
3.313075E+03 1.567580E+06 3.947792E+01 3.703580E-03 2.085723E+02 4.436034E+00 3.730615E+00 2.480502E+02
3.313084E+03 1.567590E+06 3.947792E+01 3.704270E-03 2.085723E+02 4.436038E+00 3.730619E+00 2.480502E+02
3.313092E+03 1.567600E+06 3.947792E+01 3.704959E-03 2.085723E+02 4.436043E+00 3.730623E+00 2.480502E+02
3.313100E+03 1.567610E+06 3.947792E+01 3.705634E-03 2.085723E+02 4.436048E+00 3.730627E+00 2.480502E+02
3.313108E+03 1.567620E+06 3.947792E+01 3.706310E-03 2.085723E+02 4.436052E+00 3.730631E+00 2.480502E+02
3.313115E+03 1.567630E+06 3.947792E+01 3.706936E-03 2.085723E+02 4.436057E+00 3.730635E+00 2.480502E+02
3.313122E+03 1.567640E+06 3.947792E+01 3.707543E-03 2.085723E+02 4.436061E+00 3.730639E+00 2.480502E+02
3.313130E+03 1.567650E+06 3.947792E+01 3.708156E-03 2.085723E+02 4.436065E+00 3.730643E+00 2.480502E+02
3.313137E+03 1.567660E+06 3.947792E+01 3.708771E-03 2.085723E+02 4.436070E+00 3.730647E+00 2.480502E+02
3.313144E+03 1.567670E+06 3.947792E+01 3.709386E-03 2.085723E+02 4.436074E+00 3.730651E+00 2.480502E+02
3.313152E+03 1.567680E+06 3.947792E+01 3.709996E-03 2.085723E+02 4.436079E+00 3.730655E+00 2.480502E+02
3.313159E+03 1.567690E+06 3.947792E+01 3.710606E-03 2.085723E+02 4.436084E+00 3.730658E+00 2.480502E+02
3.313166E+03 1.567700E+06 3.947792E+01 3.711197E-03 2.085723E+02 4.436088E+00 3.730663E+00 2.480502E+02
3.313173E+03 1.567710E+06 3.947792E+01 3.711787E-03 2.085723E+02 4.436093E+00 3.730667E+00 2.480502E+02
3.313180E+03 1.567720E+06 3.947792E+01 3.712398E-03 2.085723E+02 4.436098E+00 3.730671E+00 2.480502E+02
3.313188E+03 1.567730E+06 3.947792E+01 3.713012E-03 2.085723E+02 4.436103E+00 3.730675E+00 2.480502E+02
3.313195E+03 1.567740E+06 3.947792E+01 3.713628E-03 2.085723E+02 4.436108E+00 3.730679E+00 2.480502E+02
3.313202E+03 1.567750E+06 3.947792E+01 3.714241E-03 2.085723E+02 4.436113E+00 3.730684E+00 2.480502E+02
3.313209E+03 1.567760E+06 3.947792E+01 3.714839E-03 2.085723E+02 4.436118E+00 3.730688E+00 2.480502E+02
3.313216E+03 1.567770E+06 3.947792E+01 3.715425E-03 2.085723E+02 4.436123E+00 3.730692E+00 2.480502E+02
3.313223E+03 1.567780E+06 3.947792E+01 3.716015E-03 2.085723E+02 4.436128E+00 3.730696E+00 2.480502E+02
3.313231E+03 1.567790E+06 3.947792E+01 3.716627E-03 2.085723E+02 4.436133E+00 3.730701E+00 2.480502E+02
3.313238E+03 1.567800E+06 3.947792E+01 3.717237E-03 2.085723E+02 4.436138E+00 3.730705E+00 2.480502E+02
3.313245E+03 1.567810E+06 3.947792E+01 3.717850E-03 2.085723E+02 4.436143E+00 3.730709E+00 2.480502E+02
3.313253E+03 1.567820E+06 3.947792E+01 3.718455E-03 2.085723E+02 4.436147E+00 3.730713E+00 2.480502E+02
3.313260E+03 1.567830E+06 3.947792E+01 3.719049E-03 2.085723E+02 4.436152E+00 3.730717E+00 2.480502E+02
3.313267E+03 1.567840E+06 3.947792E+01 3.719645E-03 2.085723E+02 4.436156E+00 3.730721E+00 2.480502E+02
3.313274E+03 1.567850E+06 3.947792E+01 3.720242E-03 2.085723E+02 4.436161E+00 3.730725E+00 2.480502E+02
3.313281E+03 1.567860E+06 3.947792E+01 3.720852E-03 2.085723E+02 4.436166E+00 3.730729E+00 2.480502E+02
3.313289E+03 1.567870E+06 3.947792E+01 3.721466E-03 2.085723E+02 4.436170E+00 3.730733E+00 2.480502E+02
3.313296E+03 1.567880E+06 3.947792E+01 3.722081E-03 2.085723E+02 4.436175E+00 3.730737E+00 2.480502E+02
3.313303E+03 1.567890E+06 3.947792E+01 3.722697E-03 2.085723E+02 4.436179E+00 3.730741E+00 2.480502E+02
3.313311E+03 1.567900E+06 3.947792E+01 3.723314E-03 2.085723E+02 4.436183E+00 3.730744E+00 2.480502E+02
3.313318E+03 1.567910E+06 3.947792E+01 3.723931E-03 2.085723E+02 4.436188E+00 3.730748E+00 2.480502E+02
3.313326E+03 1.567920E+06 3.947792E+01 3.724561E-03 2.085723E+02 4.436192E+00 3.730752E+00 2.480502E+02
3.313333E+03 1.567930E+06 3.947792E+01 3.725203E-03 2.085723E+02 4.436196E+00 3.730756E+00 2.480502E+02
3.313341E+03 1.567940E+06 3.947792E+01 3.725848E-03 2.085723E+02 4.436200E+00 3.730759E+00 2.480502E+02
3.313349E+03 1.567950E+06 3.947792E+01 3.726494E-03 2.085723E+02 4.436204E+00 3.730763E+00 2.480502E+02
3.313356E+03 1.567960E+06 3.947792E+01 3.727141E-03 2.085723E+02 4.436209E+00 3.730766E+00 2.480502E+02
3.313364E+03 1.567970E+06 3.947792E+01 3.727788E-03 2.085723E+02 4.436213E+00 3.730770E+00 2.480502E+02
3.313372E+03 1.567980E+06 3.947791E+01 3.728441E-03 2.085723E+02 4.436217E+00 3.730773E+00 2.480502E+02
3.313380E+03 1.567990E+06 3.947791E+01 3.729111E-03 2.085723E+02 4.436221E+00 3.730777E+00 2.480502E+02
3.313387E+03 1.568000E+06 3.947791E+01 3.729784E-03 2.085723E+02 4.436225E+00 3.730780E+00 2.480502E+02
3.313395E+03 1.568010E+06 3.947791E+01 3.730454E-03 2.085723E+02 4.436229E+00 3.730784E+00 2.480502E+02
3.313403E+03 1.568020E+06 3.947791E+01 3.731125E-03 2.085723E+02 4.436233E+00 3.730788E+00 2.480502E+02
3.313411E+03 1.568030E+06 3.947791E+01 3.731796E-03 2.085723E+02 4.436237E+00 3.730791E+00 2.480502E+02
3.313418E+03 1.568040E+06 3.947791E+01 3.732408E-03 2.085723E+02 4.436240E+00 3.730794E+00 2.480502E+02
3.313426E+03 1.568050E+06 3.947791E+01 3.733050E-03 2.085723E+02 4.436244E+00 3.730797E+00 2.480502E+02
3.313433E+03 1.568060E+06 3.947791E+01 3.733673E-03 2.085723E+02 4.436247E+00 3.730800E+00 2.480502E+02
3.313441E+03 1.568070E+06 3.947791E+01 3.734294E-03 2.085723E+02 4.436250E+00 3.730803E+00 2.480502E+02
3.313448E+03 1.568080E+06 3.947791E+01 3.734910E-03 2.085723E+02 4.436254E+00 3.730805E+00 2.480502E+02
3.313455E+03 1.568090E+06 3.947791E+01 3.735525E-03 2.085723E+02 4.436257E+00 3.730808E+00 2.480502E+02
3.313462E+03 1.568100E+06 3.947791E+01 3.736141E-03 2.085723E+02 4.436260E+00 3.730811E+00 2.480502E+02
3.313470E+03 1.568110E+06 3.947791E+01 3.736757E-03 2.085723E+02 4.436263E+00 3.730814E+00 2.480502E+02
3.313477E+03 1.568120E+06 3.947791E+01 3.737375E-03 2.085723E+02 4.436266E+00 3.730816E+00 2.480502E+02
3.313484E+03 1.568130E+06 3.947791E+01 3.737986E-03 2.085723E+02 4.436269E+00 3.730819E+00 2.480502E+02
3.313491E+03 1.568140E+06 3.947791E+01 3.738598E-03 2.085723E+02 4.436273E+00 3.730822E+00 2.480502E+02
3.313499E+03 1.568150E+06 3.947791E+01 3.739210E-03 2.085723E+02 4.436276E+00 3.730825E+00 2.480502E+02
3.313506E+03 1.568160E+06 3.947791E+01 3.739823E-03 2.085723E+02 4.436279E+00 3.730827E+00 2.480502E+02
3.313513E+03 1.568170E+06 3.947791E+01 3.740437E-03 2.085723E+02 4.436281E+00 3.730830E+00 2.480502E+02
3.313520E+03 1.568180E+06 3.947791E+01 3.741055E-03 2.085723E+02 4.436284E+00 3.730832E+00 2.480502E+02
3.313527E+03 1.568190E+06 3.947791E+01 3.741668E-03 2.085723E+02 4.436287E+00 3.730835E+00 2.480502E+02
3.313535E+03 1.568200E+06 3.947791E+01 3.742278E-03 2.085723E+02 4.436290E+00 3.730837E+00 2.480502E+02
3.313542E+03 1.568210E+06 3.947791E+01 3.742889E-03 2.085723E+02 4.436293E+00 3.730840E+00 2.480502E+02
3.313549E+03 1.568220E+06 3.947791E+01 3.743501E-03 2.085723E+02 4.436296E+00 3.730842E+00 2.480502E+02
3.313556E+03 1.568230E+06 3.947791E+01 3.744113E-03 2.085723E+02 4.436299E+00 3.730845E+00 2.480502E+02
3.313563E+03 1.568240E+06 3.947791E+01 3.744724E-03 2.085723E+02 4.436302E+00 3.730848E+00 2.480502E+02
3.313571E+03 1.568250E+06 3.947791E+01 3.745342E-03 2.085723E+02 4.436306E+00 3.730851E+00 2.480502E+02
3.313578E+03 1.568260E+06 3.947791E+01 3.745970E-03 2.085723E+02 4.436308E+00 3.730853E+00 2.480502E+02
3.313586E+03 1.568270E+06 3.947791E+01 3.746602E-03 2.085723E+02 4.436312E+00 3.730856E+00 2.480502E+02
3.313593E+03 1.568280E+06 3.947791E+01 3.747233E-03 2.085723E+02 4.436315E+00 3.730859E+00 2.480502E+02
3.313601E+03 1.568290E+06 3.947791E+01 3.747863E-03 2.085723E+02 4.436318E+00 3.730862E+00 2.480502E+02
3.313608E+03 1.568300E+06 3.947791E+01 3.748492E-03 2.085723E+02 4.436321E+00 3.730864E+00 2.480502E+02
3.313615E+03 1.568310E+06 3.947791E+01 3.749123E-03 2.085723E+02 4.436325E+00 3.730868E+00 2.480502E+02
3.313623E+03 1.568320E+06 3.947791E+01 3.749762E-03 2.085723E+02 4.436329E+00 3.730871E+00 2.480502E+02
3.313631E+03 1.568330E+06 3.947791E+01 3.750397E-03 2.085723E+02 4.436333E+00 3.730875E+00 2.480502E+02
3.313638E+03 1.568340E+06 3.947791E+01 3.751036E-03 2.085723E+02 4.436337E+00 3.730878E+00 2.480502E+02
3.313646E+03 1.568350E+06 3.947791E+01 3.751667E-03 2.085723E+02 4.436342E+00 3.730882E+00 2.480502E+02
3.313653E+03 1.568360E+06 3.947791E+01 3.752298E-03 2.085723E+02 4.436346E+00 3.730886E+00 2.480502E+02
3.313661E+03 1.568370E+06 3.947791E+01 3.752927E-03 2.085723E+02 4.436350E+00 3.730889E+00 2.480502E+02
3.313668E+03 1.568380E+06 3.947791E+01 3.753567E-03 2.085723E+02 4.436354E+00 3.730893E+00 2.480502E+02
3.313676E+03 1.568390E+06 3.947791E+01 3.754228E-03 2.085723E+02 4.436359E+00 3.730897E+00 2.480502E+02
3.313684E+03 1.568400E+06 3.947791E+01 3.754898E-03 2.085723E+02 4.436364E+00 3.730902E+00 2.480502E+02
3.313692E+03 1.568410E+06 3.947791E+01 3.755570E-03 2.085723E+02 4.436369E+00 3.730906E+00 2.480502E+02
3.313700E+03 1.568420E+06 3.947791E+01 3.756229E-03 2.085723E+02 4.436374E+00 3.730910E+00 2.480502E+02
3.313708E+03 1.568430E+06 3.947791E+01 3.756878E-03 2.085723E+02 4.436379E+00 3.730915E+00 2.480502E+02
3.313716E+03 1.568440E+06 3.947791E+01 3.757537E-03 2.085723E+02 4.436384E+00 3.730919E+00 2.480502E+02
3.313724E+03 1.568450E+06 3.947791E+01 3.758219E-03 2.085723E+02 4.436389E+00 3.730923E+00 2.480502E+02
3.313733E+03 1.568460E+06 3.947791E+01 3.758915E-03 2.085723E+02 4.436394E+00 3.730927E+00 2.480502E+02
3.313741E+03 1.568470E+06 3.947791E+01 3.759614E-03 2.085723E+02 4.436399E+00 3.730932E+00 2.480502E+02
3.313749E+03 1.568480E+06 3.947791E+01 3.760313E-03 2.085723E+02 4.436405E+00 3.730936E+00 2.480502E+02
3.313758E+03 1.568490E+06 3.947791E+01 3.761012E-03 2.085723E+02 4.436410E+00 3.730941E+00 2.480502E+02
3.313766E+03 1.568500E+06 3.947791E+01 3.761721E-03 2.085723E+02 4.436414E+00 3.730945E+00 2.480502E+02
3.313775E+03 1.568510E+06 3.947791E+01 3.762442E-03 2.085723E+02 4.436419E+00 3.730949E+00 2.480502E+02
3.313783E+03 1.568520E+06 3.947791E+01 3.763166E-03 2.085723E+02 4.436424E+00 3.730953E+00 2.480502E+02
3.313792E+03 1.568530E+06 3.947791E+01 3.763889E-03 2.085723E+02 4.436429E+00 3.730957E+00 2.480502E+02
3.313801E+03 1.568540E+06 3.947791E+01 3.764612E-03 2.085723E+02 4.436434E+00 3.730961E+00 2.480502E+02
3.313809E+03 1.568550E+06 3.947791E+01 3.765335E-03 2.085723E+02 4.436438E+00 3.730965E+00 2.480502E+02
3.313818E+03 1.568560E+06 3.947791E+01 3.766060E-03 2.085723E+02 4.436442E+00 3.730969E+00 2.480502E+02
3.313826E+03 1.568570E+06 3.947791E+01 3.766783E-03 2.085723E+02 4.436447E+00 3.730973E+00 2.480502E+02
3.313835E+03 1.568580E+06 3.947791E+01 3.767508E-03 2.085723E+02 4.436451E+00 3.730976E+00 2.480502E+02
3.313844E+03 1.568590E+06 3.947791E+01 3.768233E-03 2.085723E+02 4.436455E+00 3.730980E+00 2.480502E+02
3.313852E+03 1.568600E+06 3.947791E+01 3.768960E-03 2.085723E+02 4.436460E+00 3.730984E+00 2.480502E+02
3.313861E+03 1.568610E+06 3.947791E+01 3.769688E-03 2.085723E+02 4.436464E+00 3.730988E+00 2.480502E+02
3.313870E+03 1.568620E+06 3.947791E+01 3.770427E-03 2.085723E+02 4.436468E+00 3.730992E+00 2.480502E+02
3.313878E+03 1.568630E+06 3.947791E+01 3.771167E-03 2.085723E+02 4.436473E+00 3.730996E+00 2.480502E+02
3.313887E+03 1.568640E+06 3.947791E+01 3.771907E-03 2.085723E+02 4.436477E+00 3.730999E+00 2.480502E+02
3.313896E+03 1.568650E+06 3.947791E+01 3.772649E-03 2.085723E+02 4.436482E+00 3.731003E+00 2.480502E+02
3.313905E+03 1.568660E+06 3.947791E+01 3.773388E-03 2.085723E+02 4.436486E+00 3.731007E+00 2.480502E+02
3.313913E+03 1.568670E+06 3.947791E+01 3.774123E-03 2.085723E+02 4.436490E+00 3.731011E+00 2.480502E+02
3.313922E+03 1.568680E+06 3.947791E+01 3.774836E-03 2.085723E+02 4.436495E+00 3.731015E+00 2.480502E+02
3.313930E+03 1.568690E+06 3.947791E+01 3.775542E-03 2.085723E+02 4.436499E+00 3.731018E+00 2.480502E+02
3.313939E+03 1.568700E+06 3.947791E+01 3.776250E-03 2.085723E+02 4.436504E+00 3.731022E+00 2.480502E+02
3.313947E+03 1.568710E+06 3.947791E+01 3.776958E-03 2.085723E+02 4.436508E+00 3.731026E+00 2.480502E+02
3.313956E+03 1.568720E+06 3.947791E+01 3.777665E-03 2.085723E+02 4.436512E+00 3.731030E+00 2.480502E+02
3.313964E+03 1.568730E+06 3.947791E+01 3.778381E-03 2.085723E+02 4.436516E+00 3.731033E+00 2.480502E+02
3.313973E+03 1.568740E+06 3.947791E+01 3.779106E-03 2.085723E+02 4.436521E+00 3.731037E+00 2.480502E+02
3.313981E+03 1.568750E+06 3.947791E+01 3.779825E-03 2.085723E+02 4.436525E+00 3.731041E+00 2.480502E+02
3.313990E+03 1.568760E+06 3.947790E+01 3.780549E-03 2.085723E+02 4.436529E+00 3.731044E+00 2.480502E+02
3.313999E+03 1.568770E+06 3.947790E+01 3.781276E-03 2.085723E+02 4.436533E+00 3.731048E+00 2.480502E+02
3.314007E+03 1.568780E+06 3.947790E+01 3.782004E-03 2.085723E+02 4.436537E+00 3.731051E+00 2.480502E+02
3.314016E+03 1.568790E+06 3.947790E+01 3.782780E-03 2.085723E+02 4.436541E+00 3.731055E+00 2.480502E+02
3.314026E+03 1.568800E+06 3.947790E+01 3.783563E-03 2.085723E+02 4.436545E+00 3.731058E+00 2.480502E+02
3.314035E+03 1.568810E+06 3.947790E+01 3.784351E-03 2.085723E+02 4.436549E+00 3.731061E+00 2.480502E+02
3.314044E+03 1.568820E+06 3.947790E+01 3.785139E-03 2.085723E+02 4.436552E+00 3.731065E+00 2.480502E+02
3.314054E+03 1.568830E+06 3.947790E+01 3.785933E-03 2.085723E+02 4.436556E+00 3.731068E+00 2.480502E+02
3.314063E+03 1.568840E+06 3.947790E+01 3.786734E-03 2.085723E+02 4.436559E+00 3.731071E+00 2.480502E+02
3.314072E+03 1.568850E+06 3.947790E+01 3.787533E-03 2.085723E+02 4.436562E+00 3.731073E+00 2.480502E+02
3.314081E+03 1.568860E+06 3.947790E+01 3.788321E-03 2.085723E+02 4.436565E+00 3.731076E+00 2.480502E+02
3.314091E+03 1.568870E+06 3.947790E+01 3.789108E-03 2.085723E+02 4.436567E+00 3.731078E+00 2.480502E+02
3.314100E+03 1.568880E+06 3.947790E+01 3.789897E-03 2.085723E+02 4.436570E+00 3.731080E+00 2.480502E+02
3.314109E+03 1.568890E+06 3.947790E+01 3.790693E-03 2.085723E+02 4.436572E+00 3.731082E+00 2.480502E+02
3.314119E+03 1.568900E+06 3.947790E+01 3.791502E-03 2.085723E+02 4.436575E+00 3.731085E+00 2.480502E+02
3.314128E+03 1.568910E+06 3.947790E+01 3.792314E-03 2.085723E+02 4.436577E+00 3.731087E+00 2.480502E+02
3.314137E+03 1.568920E+06 3.947790E+01 3.793125E-03 2.085723E+02 4.436580E+00 3.731089E+00 2.480502E+02
3.314147E+03 1.568930E+06 3.947790E+01 3.793938E-03 2.085723E+02 4.436582E+00 3.731091E+00 2.480502E+02
3.314156E+03 1.568940E+06 3.947790E+01 3.794753E-03 2.085723E+02 4.436584E+00 3.731093E+00 2.480502E+02
3.314166E+03 1.568950E+06 3.947790E+01 3.795568E-03 2.085723E+02 4.436586E+00 3.731095E+00 2.480502E+02
3.314175E+03 1.568960E+06 3.947790E+01 3.796385E-03 2.085723E+02 4.436588E+00 3.731097E+00 2.480502E+02
3.314185E+03 1.568970E+06 3.947790E+01 3.797202E-03 2.085723E+02 4.436590E+00 3.731099E+00 2.480502E+02
3.314194E+03 1.568980E+06 3.947790E+01 3.798019E-03 2.085723E+02 4.436592E+00 3.731100E+00 2.480502E+02
3.314204E+03 1.568990E+06 3.947790E+01 3.798836E-03 2.085723E+02 4.436595E+00 3.731102E+00 2.480502E+02
3.314213E+03 1.569000E+06 3.947790E+01 3.799649E-03 2.085723E+02 4.436597E+00 3.731105E+00 2.480502E+02
3.314221E+03 1.569010E+06 3.947790E+01 3.800341E-03 2.085723E+02 4.436599E+00 3.731106E+00 2.480502E+02
3.314229E+03 1.569020E+06 3.947790E+01 3.801011E-03 2.085723E+02 4.436601E+00 3.731108E+00 2.480502E+02
3.314237E+03 1.569030E+06 3.947790E+01 3.801679E-03 2.085723E+02 4.436603E+00 3.731110E+00 2.480502E+02
3.314244E+03 1.569040E+06 3.947790E+01 3.802348E-03 2.085723E+02 4.436605E+00 3.731111E+00 2.480502E+02
3.314252E+03 1.569050E+06 3.947790E+01 3.803018E-03 2.085723E+02 4.436607E+00 3.731113E+00 2.480502E+02
3.314260E+03 1.569060E+06 3.947790E+01 3.803727E-03 2.085723E+02 4.436608E+00 3.731115E+00 2.480502E+02
3.314269E+03 1.569070E+06 3.947790E+01 3.804457E-03 2.085723E+02 4.436611E+00 3.731117E+00 2.480502E+02
3.314277E+03 1.569080E+06 3.947790E+01 3.805187E-03 2.085723E+02 4.436613E+00 3.731119E+00 2.480502E+02
3.314286E+03 1.569090E+06 3.947790E+01 3.805902E-03 2.085723E+02 4.436616E+00 3.731121E+00 2.480502E+02
3.314294E+03 1.569100E+06 3.947790E+01 3.806607E-03 2.085723E+02 4.436618E+00 3.731123E+00 2.480502E+02
3.314302E+03 1.569110E+06 3.947790E+01 3.807310E-03 2.085723E+02 4.436621E+00 3.731126E+00 2.480502E+02
3.314310E+03 1.569120E+06 3.947790E+01 3.808015E-03 2.085723E+02 4.436623E+00 3.731128E+00 2.480502E+02
3.314318E+03 1.569130E+06 3.947790E+01 3.808721E-03 2.085723E+02 4.436625E+00 3.731130E+00 2.480502E+02
3.314326E+03 1.569140E+06 3.947790E+01 3.809424E-03 2.085723E+02 4.436628E+00 3.731132E+00 2.480502E+02
3.314334E+03 1.569150E+06 3.947790E+01 3.810104E-03 2.085723E+02 4.436631E+00 3.731135E+00 2.480502E+02
3.314342E+03 1.569160E+06 3.947790E+01 3.810783E-03 2.085723E+02 4.436633E+00 3.731137E+00 2.480502E+02
3.314350E+03 1.569170E+06 3.947790E+01 3.811464E-03 2.085723E+02 4.436636E+00 3.731139E+00 2.480502E+02
3.314358E+03 1.569180E+06 3.947790E+01 3.812152E-03 2.085723E+02 4.436639E+00 3.731142E+00 2.480502E+02
3.314366E+03 1.569190E+06 3.947790E+01 3.812843E-03 2.085723E+02 4.436642E+00 3.731144E+00 2.480502E+02
3.314374E+03 1.569200E+06 3.947790E+01 3.813534E-03 2.085723E+02 4.436645E+00 3.731147E+00 2.480502E+02
3.314382E+03 1.569210E+06 3.947790E+01 3.814224E-03 2.085723E+02 4.436648E+00 3.731150E+00 2.480502E+02
3.314390E+03 1.569220E+06 3.947790E+01 3.814915E-03 2.085723E+02 4.436651E+00 3.731152E+00 2.480502E+02
3.314398E+03 1.569230E+06 3.947790E+01 3.815605E-03 2.085723E+02 4.436654E+00 3.731155E+00 2.480502E+02
3.314406E+03 1.569240E+06 3.947790E+01 3.816296E-03 2.085723E+02 4.436657E+00 3.731158E+00 2.480502E+02
3.314415E+03 1.569250E+06 3.947790E+01 3.816987E-03 2.085723E+02 4.436660E+00 3.731161E+00 2.480502E+02
3.314423E+03 1.569260E+06 3.947790E+01 3.817677E-03 2.085723E+02 4.436664E+00 3.731164E+00 2.480502E+02
3.314431E+03 1.569270E+06 3.947790E+01 3.818367E-03 2.085723E+02 4.436667E+00 3.731166E+00 2.480502E+02
3.314439E+03 1.569280E+06 3.947790E+01 3.819057E-03 2.085723E+02 4.436670E+00 3.731169E+00 2.480502E+02
3.314447E+03 1.569290E+06 3.947790E+01 3.819748E-03 2.085723E+02 4.436674E+00 3.731172E+00 2.480502E+02
3.314455E+03 1.569300E+06 3.947790E+01 3.820447E-03 2.085723E+02 4.436677E+00 3.731175E+00 2.480502E+02
3.314463E+03 1.569310E+06 3.947790E+01 3.821151E-03 2.085723E+02 4.436681E+00 3.731178E+00 2.480502E+02
3.314471E+03 1.569320E+06 3.947790E+01 3.821869E-03 2.085723E+02 4.436684E+00 3.731182E+00 2.480502E+02
3.314480E+03 1.569330E+06 3.947790E+01 3.822568E-03 2.085723E+02 4.436688E+00 3.731185E+00 2.480502E+02
3.314488E+03 1.569340E+06 3.947790E+01 3.823263E-03 2.085723E+02 4.436692E+00 3.731188E+00 2.480502E+02
3.314496E+03 1.569350E+06 3.947790E+01 3.823958E-03 2.085723E+02 4.436696E+00 3.731192E+00 2.480502E+02
3.314504E+03 1.569360E+06 3.947790E+01 3.824664E-03 2.085723E+02 4.436699E+00 3.731195E+00 2.480502E+02
3.314512E+03 1.569370E+06 3.947790E+01 3.825367E-03 2.085723E+02 4.436703E+00 3.731198E+00 2.480502E+02
3.314520E+03 1.569380E+06 3.947790E+01 3.826067E-03 2.085723E+02 4.436707E+00 3.731201E+00 2.480502E+02
3.314529E+03 1.569390E+06 3.947790E+01 3.826767E-03 2.085723E+02 4.436711E+00 3.731205E+00 2.480502E+02
3.314537E+03 1.569400E+06 3.947790E+01 3.827469E-03 2.085723E+02 4.436714E+00 3.731208E+00 2.480502E+02
3.314545E+03 1.569410E+06 3.947790E+01 3.828171E-03 2.085723E+02 4.436718E+00 3.731211E+00 2.480502E+02
3.314553E+03 1.569420E+06 3.947790E+01 3.828874E-03 2.085723E+02 4.436721E+00 3.731214E+00 2.480502E+02
3.314561E+03 1.569430E+06 3.947790E+01 3.829588E-03 2.085723E+02 4.436725E+00 3.731217E+00 2.480502E+02
3.314570E+03 1.569440E+06 3.947790E+01 3.830303E-03 2.085723E+02 4.436729E+00 3.731220E+00 2.480502E+02
3.314578E+03 1.569450E+06 3.947790E+01 3.831016E-03 2.085723E+02 4.436732E+00 3.731224E+00 2.480502E+02
3.314586E+03 1.569460E+06 3.947790E+01 3.831732E-03 2.085723E+02 4.436736E+00 3.731226E+00 2.480502E+02
3.314595E+03 1.569470E+06 3.947790E+01 3.832447E-03 2.085723E+02 4.436739E+00 3.731229E+00 2.480502E+02
3.314603E+03 1.569480E+06 3.947789E+01 3.833174E-03 2.085723E+02 4.436742E+00 3.731232E+00 2.480502E+02
3.314611E+03 1.569490E+06 3.947789E+01 3.833872E-03 2.085723E+02 4.436746E+00 3.731235E+00 2.480502E+02
3.314619E+03 1.569500E+06 3.947789E+01 3.834554E-03 2.085723E+02 4.436748E+00 3.731238E+00 2.480502E+02
3.314627E+03 1.569510E+06 3.947789E+01 3.835236E-03 2.085723E+02 4.436751E+00 3.731240E+00 2.480502E+02
3.314635E+03 1.569520E+06 3.947789E+01 3.835917E-03 2.085723E+02 4.436754E+00 3.731243E+00 2.480502E+02
3.314643E+03 1.569530E+06 3.947789E+01 3.836597E-03 2.085723E+02 4.436757E+00 3.731245E+00 2.480502E+02
3.314651E+03 1.569540E+06 3.947789E+01 3.837279E-03 2.085723E+02 4.436760E+00 3.731248E+00 2.480502E+02
3.314659E+03 1.569550E+06 3.947789E+01 3.837948E-03 2.085723E+02 4.436762E+00 3.731250E+00 2.480502E+02
3.314667E+03 1.569560E+06 3.947789E+01 3.838615E-03 2.085723E+02 4.436765E+00 3.731252E+00 2.480502E+02
3.314674E+03 1.569570E+06 3.947789E+01 3.839282E-03 2.085723E+02 4.436767E+00 3.731254E+00 2.480502E+02
3.314682E+03 1.569580E+06 3.947789E+01 3.839952E-03 2.085723E+02 4.436770E+00 3.731257E+00 2.480502E+02
3.314690E+03 1.569590E+06 3.947789E+01 3.840620E-03 2.085723E+02 4.436772E+00 3.731259E+00 2.480502E+02
3.314697E+03 1.569600E+06 3.947789E+01 3.841222E-03 2.085723E+02 4.436775E+00 3.731261E+00 2.480502E+02
3.314705E+03 1.569610E+06 3.947789E+01 3.841891E-03 2.085723E+02 4.436778E+00 3.731263E+00 2.480502E+02
3.314712E+03 1.569620E+06 3.947789E+01 3.842557E-03 2.085723E+02 4.436780E+00 3.731266E+00 2.480502E+02
3.314720E+03 1.569630E+06 3.947789E+01 3.843216E-03 2.085723E+02 4.436783E+00 3.731268E+00 2.480502E+02
3.314728E+03 1.569640E+06 3.947789E+01 3.843866E-03 2.085723E+02 4.436786E+00 3.731270E+00 2.480502E+02
3.314735E+03 1.569650E+06 3.947789E+01 3.844519E-03 2.085723E+02 4.436788E+00 3.731273E+00 2.480502E+02
3.314743E+03 1.569660E+06 3.947789E+01 3.845171E-03 2.085723E+02 4.436791E+00 3.731275E+00 2.480502E+02
3.314751E+03 1.569670E+06 3.947789E+01 3.845821E-03 2.085723E+02 4.436794E+00 3.731277E+00 2.480502E+02
3.314758E+03 1.569680E+06 3.947789E+01 3.846469E-03 2.085723E+02 4.436796E+00 3.731280E+00 2.480502E+02
3.314766E+03 1.569690E+06 3.947789E+01 3.847119E-03 2.085723E+02 4.436799E+00 3.731282E+00 2.480502E+02
3.314773E+03 1.569700E+06 3.947789E+01 3.847768E-03 2.085723E+02 4.436802E+00 3.731285E+00 2.480502E+02
3.314781E+03 1.569710E+06 3.947789E+01 3.848406E-03 2.085723E+02 4.436805E+00 3.731287E+00 2.480502E+02
3.314788E+03 1.569720E+06 3.947789E+01 3.849026E-03 2.085723E+02 4.436807E+00 3.731289E+00 2.480502E+02
3.314795E+03 1.569730E+06 3.947789E+01 3.849650E-03 2.085723E+02 4.436810E+00 3.731292E+00 2.480502E+02
3.314802E+03 1.569740E+06 3.947789E+01 3.850291E-03 2.085723E+02 4.436812E+00 3.731294E+00 2.480502E+02
3.314810E+03 1.569750E+06 3.947789E+01 3.850930E-03 2.085723E+02 4.436815E+00 3.731296E+00 2.480502E+02
3.314817E+03 1.569760E+06 3.947789E+01 3.851568E-03 2.085723E+02 4.436818E+00 3.731299E+00 2.480502E+02
3.314825E+03 1.569770E+06 3.947789E+01 3.852208E-03 2.085723E+02 4.436820E+00 3.731301E+00 2.480502E+02
3.314832E+03 1.569780E+06 3.947789E+01 3.852848E-03 2.085723E+02 4.436823E+00 3.731303E+00 2.480502E+02
3.314840E+03 1.569790E+06 3.947789E+01 3.853487E-03 2.085723E+02 4.436825E+00 3.731305E+00 2.480502E+02
3.314847E+03 1.569800E+06 3.947789E+01 3.854123E-03 2.085723E+02 4.436828E+00 3.731308E+00 2.480502E+02
3.314855E+03 1.569810E+06 3.947789E+01 3.854762E-03 2.085723E+02 4.436831E+00 3.731311E+00 2.480502E+02
3.314862E+03 1.569820E+06 3.947789E+01 3.855410E-03 2.085723E+02 4.436834E+00 3.731313E+00 2.480502E+02
3.314870E+03 1.569830E+06 3.947789E+01 3.856065E-03 2.085723E+02 4.436837E+00 3.731315E+00 2.480502E+02
3.314877E+03 1.569840E+06 3.947789E+01 3.856716E-03 2.085723E+02 4.436839E+00 3.731318E+00 2.480502E+02
3.314885E+03 1.569850E+06 3.947789E+01 3.857370E-03 2.085723E+02 4.436842E+00 3.731320E+00 2.480502E+02
3.314892E+03 1.569860E+06 3.947789E+01 3.858026E-03 2.085723E+02 4.436845E+00 3.731323E+00 2.480502E+02
3.314900E+03 1.569870E+06 3.947789E+01 3.858687E-03 2.085723E+02 4.436849E+00 3.731326E+00 2.480502E+02
3.314908E+03 1.569880E+06 3.947789E+01 3.859345E-03 2.085723E+02 4.436852E+00 3.731328E+00 2.480502E+02
3.314915E+03 1.569890E+06 3.947789E+01 3.860006E-03 2.085723E+02 4.436854E+00 3.731331E+00 2.480502E+02
3.314923E+03 1.569900E+06 3.947789E+01 3.860646E-03 2.085723E+02 4.436857E+00 3.731333E+00 2.480502E+02
3.314930E+03 1.569910E+06 3.947789E+01 3.861287E-03 2.085723E+02 4.436860E+00 3.731336E+00 2.480502E+02
3.314938E+03 1.569920E+06 3.947789E+01 3.861927E-03 2.085723E+02 4.436863E+00 3.731338E+00 2.480502E+02
3.314945E+03 1.569930E+06 3.947789E+01 3.862585E-03 2.085723E+02 4.436866E+00 3.731341E+00 2.480502E+02
3.314953E+03 1.569940E+06 3.947789E+01 3.863253E-03 2.085723E+02 4.436869E+00 3.731344E+00 2.480502E+02
3.314961E+03 1.569950E+06 3.947789E+01 3.863922E-03 2.085723E+02 4.436873E+00 3.731347E+00 2.480502E+02
3.314969E+03 1.569960E+06 3.947789E+01 3.864591E-03 2.085723E+02 4.436876E+00 3.731350E+00 2.480502E+02
3.314977E+03 1.569970E+06 3.947789E+01 3.865260E-03 2.085723E+02 4.436879E+00 3.731352E+00 2.480502E+02
3.314984E+03 1.569980E+06 3.947789E+01 3.865929E-03 2.085723E+02 4.436882E+00 3.731355E+00 2.480502E+02
3.314992E+03 1.569990E+06 3.947789E+01 3.866602E-03 2.085723E+02 4.436885E+00 3.731357E+00 2.480502E+02
3.315000E+03 1.570000E+06 3.947789E+01 3.867281E-03 2.085723E+02 4.436888E+00 3.731360E+00 2.480502E+02
3.315008E+03 1.570010E+06 3.947789E+01 3.867957E-03 2.085723E+02 4.436891E+00 3.731363E+00 2.480502E+02
3.315016E+03 1.570020E+06 3.947789E+01 3.868636E-03 2.085723E+02 4.436894E+00 3.731366E+00 2.480502E+02
3.315024E+03 1.570030E+06 3.947789E+01 3.869315E-03 2.085723E+02 4.436897E+00 3.731368E+00 2.480502E+02
3.315032E+03 1.570040E+06 3.947789E+01 3.869994E-03 2.085723E+02 4.436900E+00 3.731371E+00 2.480502E+02
3.315040E+03 1.570050E+06 3.947789E+01 3.870673E-03 2.085723E+02 4.436903E+00 3.731373E+00 2.480502E+02
3.315048E+03 1.570060E+06 3.947789E+01 3.871374E-03 2.085723E+02 4.436906E+00 3.731376E+00 2.480502E+02
3.315056E+03 1.570070E+06 3.947789E+01 3.872072E-03 2.085723E+02 4.436910E+00 3.731379E+00 2.480502E+02
3.315064E+03 1.570080E+06 3.947789E+01 3.872771E-03 2.085723E+02 4.436913E+00 3.731382E+00 2.480502E+02
3.315073E+03 1.570090E+06 3.947789E+01 3.873470E-03 2.085723E+02 4.436917E+00 3.731385E+00 2.480502E+02
3.315081E+03 1.570100E+06 3.947789E+01 3.874168E-03 2.085723E+02 4.436920E+00 3.731389E+00 2.480502E+02
3.315089E+03 1.570110E+06 3.947789E+01 3.874870E-03 2.085723E+02 4.436924E+00 3.731392E+00 2.480502E+02
3.315098E+03 1.570120E+06 3.947789E+01 3.875605E-03 2.085723E+02 4.436928E+00 3.731395E+00 2.480502E+02
3.315106E+03 1.570130E+06 3.947789E+01 3.876337E-03 2.085723E+02 4.436932E+00 3.731399E+00 2.480502E+02
3.315115E+03 1.570140E+06 3.947789E+01 3.877071E-03 2.085723E+02 4.436937E+00 3.731403E+00 2.480502E+02
3.315123E+03 1.570150E+06 3.947789E+01 3.877801E-03 2.085723E+02 4.436942E+00 3.731407E+00 2.480502E+02
3.315132E+03 1.570160E+06 3.947789E+01 3.878532E-03 2.085723E+02 4.436946E+00 3.731411E+00 2.480502E+02
3.315141E+03 1.570170E+06 3.947789E+01 3.879263E-03 2.085723E+02 4.436952E+00 3.731416E+00 2.480502E+02
3.315149E+03 1.570180E+06 3.947789E+01 3.880000E-03 2.085723E+02 4.436957E+00 3.731421E+00 2.480502E+02
3.315158E+03 1.570190E+06 3.947789E+01 3.880730E-03 2.085723E+02 4.436963E+00 3.731426E+00 2.480502E+02
3.315166E+03 1.570200E+06 3.947789E+01 3.881434E-03 2.085723E+02 4.436969E+00 3.731431E+00 2.480502E+02
3.315175E+03 1.570210E+06 3.947789E+01 3.882121E-03 2.085723E+02 4.436975E+00 3.731436E+00 2.480502E+02
3.315183E+03 1.570220E+06 3.947789E+01 3.882808E-03 2.085723E+02 4.436981E+00 3.731441E+00 2.480502E+02
3.315191E+03 1.570230E+06 3.947789E+01 3.883499E-03 2.085723E+02 4.436988E+00 3.731447E+00 2.480502E+02
3.315200E+03 1.570240E+06 3.947789E+01 3.884192E-03 2.085723E+02 4.436994E+00 3.731452E+00 2.480502E+02
3.315208E+03 1.570250E+06 3.947789E+01 3.884883E-03 2.085723E+02 4.437001E+00 3.731459E+00 2.480502E+02
3.315216E+03 1.570260E+06 3.947789E+01 3.885584E-03 2.085723E+02 4.437009E+00 3.731465E+00 2.480502E+02
3.315225E+03 1.570270E+06 3.947789E+01 3.886301E-03 2.085723E+02 4.437016E+00 3.731471E+00 2.480502E+02
3.315234E+03 1.570280E+06 3.947788E+01 3.887018E-03 2.085723E+02 4.437023E+00 3.731477E+00 2.480502E+02
3.315242E+03 1.570290E+06 3.947788E+01 3.887733E-03 2.085723E+02 4.437030E+00 3.731483E+00 2.480502E+02
3.315251E+03 1.570300E+06 3.947788E+01 3.888442E-03 2.085723E+02 4.437037E+00 3.731489E+00 2.480502E+02
3.315259E+03 1.570310E+06 3.947788E+01 3.889142E-03 2.085723E+02 4.437045E+00 3.731496E+00 2.480502E+02
3.315268E+03 1.570320E+06 3.947788E+01 3.889841E-03 2.085723E+02 4.437052E+00 3.731502E+00 2.480502E+02
3.315276E+03 1.570330E+06 3.947788E+01 3.890541E-03 2.085723E+02 4.437058E+00 3.731507E+00 2.480502E+02
3.315284E+03 1.570340E+06 3.947788E+01 3.891190E-03 2.085723E+02 4.437064E+00 3.731512E+00 2.480502E+02
3.315292E+03 1.570350E+06 3.947788E+01 3.891864E-03 2.085723E+02 4.437070E+00 3.731517E+00 2.480502E+02
3.315300E+03 1.570360E+06 3.947788E+01 3.892557E-03 2.085723E+02 4.437076E+00 3.731523E+00 2.480502E+02
3.315309E+03 1.570370E+06 3.947788E+01 3.893252E-03 2.085723E+02 4.437083E+00 3.731528E+00 2.480502E+02
3.315317E+03 1.570380E+06 3.947788E+01 3.893949E-03 2.085723E+02 4.437089E+00 3.731533E+00 2.480502E+02
3.315325E+03 1.570390E+06 3.947788E+01 3.894646E-03 2.085723E+02 4.437094E+00 3.731538E+00 2.480502E+02
3.315333E+03 1.570400E+06 3.947788E+01 3.895280E-03 2.085723E+02 4.437100E+00 3.731543E+00 2.480502E+02
3.315341E+03 1.570410E+06 3.947788E+01 3.895960E-03 2.085723E+02 4.437105E+00 3.731547E+00 2.480502E+02
3.315349E+03 1.570420E+06 3.947788E+01 3.896647E-03 2.085723E+02 4.437110E+00 3.731552E+00 2.480502E+02
3.315357E+03 1.570430E+06 3.947788E+01 3.897335E-03 2.085723E+02 4.437115E+00 3.731556E+00 2.480502E+02
3.315365E+03 1.570440E+06 3.947788E+01 3.898023E-03 2.085723E+02 4.437120E+00 3.731561E+00 2.480502E+02
3.315374E+03 1.570450E+06 3.947788E+01 3.898711E-03 2.085723E+02 4.437126E+00 3.731565E+00 2.480502E+02
3.315381E+03 1.570460E+06 3.947788E+01 3.899350E-03 2.085723E+02 4.437131E+00 3.731570E+00 2.480502E+02
3.315389E+03 1.570470E+06 3.947788E+01 3.900016E-03 2.085723E+02 4.437135E+00 3.731573E+00 2.480502E+02
3.315397E+03 1.570480E+06 3.947788E+01 3.900697E-03 2.085723E+02 4.437140E+00 3.731577E+00 2.480502E+02
3.315405E+03 1.570490E+06 3.947788E+01 3.901379E-03 2.085723E+02 4.437145E+00 3.731582E+00 2.480502E+02
3.315413E+03 1.570500E+06 3.947788E+01 3.902064E-03 2.085723E+02 4.437150E+00 3.731586E+00 2.480502E+02
3.315421E+03 1.570510E+06 3.947788E+01 3.902747E-03 2.085723E+02 4.437154E+00 3.731590E+00 2.480502E+02
3.315429E+03 1.570520E+06 3.947788E+01 3.903430E-03 2.085723E+02 4.437159E+00 3.731594E+00 2.480502E+02
3.315437E+03 1.570530E+06 3.947788E+01 3.904122E-03 2.085723E+02 4.437164E+00 3.731598E+00 2.480502E+02
3.315446E+03 1.570540E+06 3.947788E+01 3.904817E-03 2.085723E+02 4.437167E+00 3.731601E+00 2.480502E+02
3.315454E+03 1.570550E+06 3.947788E+01 3.905529E-03 2.085723E+02 4.437171E+00 3.731605E+00 2.480502E+02
3.315462E+03 1.570560E+06 3.947788E+01 3.906244E-03 2.085723E+02 4.437175E+00 3.731608E+00 2.480502E+02
3.315471E+03 1.570570E+06 3.947788E+01 3.906956E-03 2.085723E+02 4.437179E+00 3.731612E+00 2.480502E+02
3.315479E+03 1.570580E+06 3.947788E+01 3.907670E-03 2.085723E+02 4.437183E+00 3.731615E+00 2.480502E+02
3.315488E+03 1.570590E+06 3.947788E+01 3.908401E-03 2.085723E+02 4.437188E+00 3.731619E+00 2.480502E+02
3.315496E+03 1.570600E+06 3.947788E+01 3.909136E-03 2.085723E+02 4.437192E+00 3.731622E+00 2.480502E+02
3.315505E+03 1.570610E+06 3.947788E+01 3.909870E-03 2.085723E+02 4.437196E+00 3.731626E+00 2.480502E+02
3.315513E+03 1.570620E+06 3.947788E+01 3.910604E-03 2.085723E+02 4.437200E+00 3.731629E+00 2.480502E+02
3.315522E+03 1.570630E+06 3.947788E+01 3.911339E-03 2.085723E+02 4.437204E+00 3.731633E+00 2.480502E+02
3.315530E+03 1.570640E+06 3.947788E+01 3.911998E-03 2.085723E+02 4.437207E+00 3.731636E+00 2.480502E+02
3.315538E+03 1.570650E+06 3.947788E+01 3.912671E-03 2.085723E+02 4.437210E+00 3.731639E+00 2.480502E+02
3.315546E+03 1.570660E+06 3.947788E+01 3.913336E-03 2.085723E+02 4.437214E+00 3.731642E+00 2.480502E+02
3.315553E+03 1.570670E+06 3.947788E+01 3.914001E-03 2.085723E+02 4.437218E+00 3.731645E+00 2.480502E+02
3.315561E+03 1.570680E+06 3.947788E+01 3.914666E-03 2.085723E+02 4.437221E+00 3.731648E+00 2.480502E+02
3.315569E+03 1.570690E+06 3.947788E+01 3.915332E-03 2.085723E+02 4.437225E+00 3.731651E+00 2.480502E+02
3.315577E+03 1.570700E+06 3.947788E+01 3.915997E-03 2.085723E+02 4.437228E+00 3.731654E+00 2.480502E+02
3.315584E+03 1.570710E+06 3.947788E+01 3.916661E-03 2.085723E+02 4.437231E+00 3.731657E+00 2.480502E+02
3.315592E+03 1.570720E+06 3.947788E+01 3.917327E-03 2.085723E+02 4.437234E+00 3.731659E+00 2.480502E+02
3.315600E+03 1.570730E+06 3.947788E+01 3.917993E-03 2.085723E+02 4.437237E+00 3.731662E+00 2.480502E+02
3.315608E+03 1.570740E+06 3.947788E+01 3.918660E-03 2.085723E+02 4.437241E+00 3.731665E+00 2.480502E+02
3.315616E+03 1.570750E+06 3.947788E+01 3.919325E-03 2.085723E+02 4.437244E+00 3.731668E+00 2.480502E+02
3.315623E+03 1.570760E+06 3.947788E+01 3.919988E-03 2.085723E+02 4.437247E+00 3.731671E+00 2.480502E+02
3.315631E+03 1.570770E+06 3.947788E+01 3.920655E-03 2.085723E+02 4.437250E+00 3.731673E+00 2.480502E+02
3.315639E+03 1.570780E+06 3.947788E+01 3.921340E-03 2.085723E+02 4.437254E+00 3.731676E+00 2.480502E+02
3.315647E+03 1.570790E+06 3.947788E+01 3.922027E-03 2.085723E+02 4.437257E+00 3.731680E+00 2.480502E+02
3.315655E+03 1.570800E+06 3.947788E+01 3.922712E-03 2.085723E+02 4.437261E+00 3.731683E+00 2.480502E+02
3.315663E+03 1.570810E+06 3.947788E+01 3.923396E-03 2.085723E+02 4.437265E+00 3.731686E+00 2.480502E+02
3.315671E+03 1.570820E+06 3.947788E+01 3.924080E-03 2.085723E+02 4.437268E+00 3.731689E+00 2.480502E+02
3.315680E+03 1.570830E+06 3.947788E+01 3.924766E-03 2.085723E+02 4.437273E+00 3.731693E+00 2.480502E+02
3.315688E+03 1.570840E+06 3.947788E+01 3.925458E-03 2.085723E+02 4.437277E+00 3.731696E+00 2.480502E+02
3.315696E+03 1.570850E+06 3.947788E+01 3.926149E-03 2.085723E+02 4.437281E+00 3.731700E+00 2.480502E+02
3.315704E+03 1.570860E+06 3.947788E+01 3.926843E-03 2.085723E+02 4.437285E+00 3.731704E+00 2.480502E+02
3.315712E+03 1.570870E+06 3.947788E+01 3.927535E-03 2.085723E+02 4.437289E+00 3.731707E+00 2.480502E+02
3.315720E+03 1.570880E+06 3.947788E+01 3.928227E-03 2.085723E+02 4.437293E+00 3.731710E+00 2.480502E+02
3.315729E+03 1.570890E+06 3.947788E+01 3.928918E-03 2.085723E+02 4.437297E+00 3.731714E+00 2.480502E+02
3.315737E+03 1.570900E+06 3.947788E+01 3.929610E-03 2.085723E+02 4.437301E+00 3.731718E+00 2.480502E+02
3.315745E+03 1.570910E+06 3.947788E+01 3.930302E-03 2.085723E+02 4.437305E+00 3.731721E+00 2.480502E+02
3.315753E+03 1.570920E+06 3.947788E+01 3.930996E-03 2.085723E+02 4.437308E+00 3.731724E+00 2.480502E+02
3.315761E+03 1.570930E+06 3.947788E+01 3.931690E-03 2.085723E+02 4.437312E+00 3.731727E+00 2.480502E+02
3.315770E+03 1.570940E+06 3.947788E+01 3.932384E-03 2.085723E+02 4.437315E+00 3.731730E+00 2.480502E+02
3.315778E+03 1.570950E+06 3.947788E+01 3.933087E-03 2.085723E+02 4.437318E+00 3.731733E+00 2.480502E+02
3.315786E+03 1.570960E+06 3.947788E+01 3.933811E-03 2.085723E+02 4.437321E+00 3.731736E+00 2.480502E+02
3.315795E+03 1.570970E+06 3.947788E+01 3.934531E-03 2.085723E+02 4.437324E+00 3.731738E+00 2.480502E+02
3.315803E+03 1.570980E+06 3.947788E+01 3.935255E-03 2.085723E+02 4.437327E+00 3.731740E+00 2.480502E+02
3.315812E+03 1.570990E+06 3.947788E+01 3.935978E-03 2.085723E+02 4.437329E+00 3.731743E+00 2.480502E+02
3.315820E+03 1.571000E+06 3.947788E+01 3.936700E-03 2.085723E+02 4.437332E+00 3.731745E+00 2.480502E+02
3.315829E+03 1.571010E+06 3.947788E+01 3.937422E-03 2.085723E+02 4.437335E+00 3.731748E+00 2.480502E+02
3.315837E+03 1.571020E+06 3.947788E+01 3.938147E-03 2.085723E+02 4.437337E+00 3.731750E+00 2.480502E+02
3.315846E+03 1.571030E+06 3.947788E+01 3.938871E-03 2.085723E+02 4.437339E+00 3.731751E+00 2.480502E+02
3.315854E+03 1.571040E+06 3.947788E+01 3.939596E-03 2.085723E+02 4.437341E+00 3.731753E+00 2.480502E+02
3.315862E+03 1.571050E+06 3.947788E+01 3.940321E-03 2.085723E+02 4.437343E+00 3.731755E+00 2.480502E+02
3.315871E+03 1.571060E+06 3.947788E+01 3.941046E-03 2.085723E+02 4.437345E+00 3.731757E+00 2.480502E+02
3.315879E+03 1.571070E+06 3.947788E+01 3.941771E-03 2.085723E+02 4.437347E+00 3.731759E+00 2.480502E+02
3.315888E+03 1.571080E+06 3.947788E+01 3.942498E-03 2.085723E+02 4.437349E+00 3.731760E+00 2.480502E+02
3.315896E+03 1.571090E+06 3.947788E+01 3.943223E-03 2.085723E+02 4.437351E+00 3.731762E+00 2.480502E+02
3.315905E+03 1.571100E+06 3.947788E+01 3.943948E-03 2.085723E+02 4.437353E+00 3.731764E+00 2.480502E+02
3.315913E+03 1.571110E+06 3.947788E+01 3.944669E-03 2.085723E+02 4.437355E+00 3.731766E+00 2.480502E+02
3.315922E+03 1.571120E+06 3.947788E+01 3.945387E-03 2.085723E+02 4.437358E+00 3.731768E+00 2.480502E+02
3.315930E+03 1.571130E+06 3.947788E+01 3.946109E-03 2.085723E+02 4.437360E+00 3.731770E+00 2.480502E+02
3.315939E+03 1.571140E+06 3.947788E+01 3.946829E-03 2.085723E+02 4.437362E+00 3.731772E+00 2.480502E+02
3.315947E+03 1.571150E+06 3.947788E+01 3.947548E-03 2.085723E+02 4.437365E+00 3.731774E+00 2.480502E+02
3.315956E+03 1.571160E+06 3.947787E+01 3.948266E-03 2.085723E+02 4.437367E+00 3.731776E+00 2.480502E+02
3.315964E+03 1.571170E+06 3.947787E+01 3.948982E-03 2.085723E+02 4.437370E+00 3.731779E+00 2.480502E+02
3.315973E+03 1.571180E+06 3.947787E+01 3.949698E-03 2.085723E+02 4.437373E+00 3.731781E+00 2.480502E+02
3.315981E+03 1.571190E+06 3.947787E+01 3.950425E-03 2.085723E+02 4.437376E+00 3.731784E+00 2.480502E+02
3.315990E+03 1.571200E+06 3.947787E+01 3.951148E-03 2.085723E+02 4.437380E+00 3.731787E+00 2.480502E+02
3.315998E+03 1.571210E+06 3.947787E+01 3.951876E-03 2.085723E+02 4.437383E+00 3.731790E+00 2.480502E+02
3.316007E+03 1.571220E+06 3.947787E+01 3.952600E-03 2.085723E+02 4.437386E+00 3.731793E+00 2.480502E+02
3.316016E+03 1.571230E+06 3.947787E+01 3.953323E-03 2.085723E+02 4.437390E+00 3.731796E+00 2.480502E+02
3.316024E+03 1.571240E+06 3.947787E+01 3.954047E-03 2.085723E+02 4.437393E+00 3.731799E+00 2.480502E+02
3.316033E+03 1.571250E+06 3.947787E+01 3.954768E-03 2.085723E+02 4.437397E+00 3.731802E+00 2.480502E+02
3.316041E+03 1.571260E+06 3.947787E+01 3.955489E-03 2.085723E+02 4.437401E+00 3.731806E+00 2.480502E+02
3.316050E+03 1.571270E+06 3.947787E+01 3.956210E-03 2.085723E+02 4.437405E+00 3.731810E+00 2.480502E+02
3.316059E+03 1.571280E+06 3.947787E+01 3.956932E-03 2.085723E+02 4.437409E+00 3.731813E+00 2.480502E+02
3.316067E+03 1.571290E+06 3.947787E+01 3.957654E-03 2.085723E+02 4.437413E+00 3.731816E+00 2.480502E+02
3.316076E+03 1.571300E+06 3.947787E+01 3.958383E-03 2.085723E+02 4.437417E+00 3.731819E+00 2.480502E+02
3.316085E+03 1.571310E+06 3.947787E+01 3.959118E-03 2.085723E+02 4.437421E+00 3.731823E+00 2.480502E+02
3.316093E+03 1.571320E+06 3.947787E+01 3.959850E-03 2.085723E+02 4.437424E+00 3.731826E+00 2.480502E+02
3.316102E+03 1.571330E+06 3.947787E+01 3.960582E-03 2.085723E+02 4.437428E+00 3.731830E+00 2.480502E+02
3.316111E+03 1.571340E+06 3.947787E+01 3.961288E-03 2.085723E+02 4.437432E+00 3.731833E+00 2.480502E+02
3.316119E+03 1.571350E+06 3.947787E+01 3.961978E-03 2.085723E+02 4.437435E+00 3.731836E+00 2.480502E+02
3.316128E+03 1.571360E+06 3.947787E+01 3.962704E-03 2.085723E+02 4.437439E+00 3.731839E+00 2.480502E+02
3.316136E+03 1.571370E+06 3.947787E+01 3.963423E-03 2.085723E+02 4.437442E+00 3.731842E+00 2.480502E+02
3.316145E+03 1.571380E+06 3.947787E+01 3.964128E-03 2.085723E+02 4.437446E+00 3.731845E+00 2.480502E+02
3.316153E+03 1.571390E+06 3.947787E+01 3.964817E-03 2.085723E+02 4.437448E+00 3.731847E+00 2.480502E+02
3.316161E+03 1.571400E+06 3.947787E+01 3.965492E-03 2.085723E+02 4.437451E+00 3.731850E+00 2.480502E+02
3.316169E+03 1.571410E+06 3.947787E+01 3.966169E-03 2.085723E+02 4.437454E+00 3.731852E+00 2.480502E+02
3.316177E+03 1.571420E+06 3.947787E+01 3.966857E-03 2.085723E+02 4.437457E+00 3.731855E+00 2.480502E+02
3.316185E+03 1.571430E+06 3.947787E+01 3.967543E-03 2.085723E+02 4.437460E+00 3.731857E+00 2.480502E+02
3.316193E+03 1.571440E+06 3.947787E+01 3.968215E-03 2.085723E+02 4.437463E+00 3.731860E+00 2.480502E+02
3.316201E+03 1.571450E+06 3.947787E+01 3.968888E-03 2.085723E+02 4.437466E+00 3.731863E+00 2.480502E+02
3.316209E+03 1.571460E+06 3.947787E+01 3.969561E-03 2.085723E+02 4.437468E+00 3.731865E+00 2.480502E+02
3.316217E+03 1.571470E+06 3.947787E+01 3.970234E-03 2.085723E+02 4.437471E+00 3.731867E+00 2.480502E+02
3.316225E+03 1.571480E+06 3.947787E+01 3.970904E-03 2.085723E+02 4.437474E+00 3.731870E+00 2.480502E+02
3.316233E+03 1.571490E+06 3.947787E+01 3.971574E-03 2.085723E+02 4.437477E+00 3.731872E+00 2.480502E+02
3.316241E+03 1.571500E+06 3.947787E+01 3.972244E-03 2.085723E+02 4.437480E+00 3.731875E+00 2.480502E+02
3.316249E+03 1.571510E+06 3.947787E+01 3.972915E-03 2.085723E+02 4.437482E+00 3.731877E+00 2.480502E+02
3.316257E+03 1.571520E+06 3.947787E+01 3.973584E-03 2.085723E+02 4.437485E+00 3.731879E+00 2.480502E+02
3.316265E+03 1.571530E+06 3.947787E+01 3.974256E-03 2.085723E+02 4.437487E+00 3.731881E+00 2.480502E+02
3.316273E+03 1.571540E+06 3.947787E+01 3.974926E-03 2.085723E+02 4.437490E+00 3.731884E+00 2.480502E+02
3.316280E+03 1.571550E+06 3.947787E+01 3.975596E-03 2.085723E+02 4.437492E+00 3.731885E+00 2.480502E+02
3.316288E+03 1.571560E+06 3.947787E+01 3.976258E-03 2.085723E+02 4.437494E+00 3.731887E+00 2.480502E+02
3.316296E+03 1.571570E+06 3.947787E+01 3.976921E-03 2.085723E+02 4.437496E+00 3.731889E+00 2.480502E+02
3.316304E+03 1.571580E+06 3.947787E+01 3.977583E-03 2.085723E+02 4.437498E+00 3.731891E+00 2.480502E+02
3.316311E+03 1.571590E+06 3.947787E+01 3.978245E-03 2.085723E+02 4.437500E+00 3.731893E+00 2.480502E+02
3.316319E+03 1.571600E+06 3.947787E+01 3.978919E-03 2.085723E+02 4.437502E+00 3.731894E+00 2.480502E+02
3.316327E+03 1.571610E+06 3.947787E+01 3.979609E-03 2.085723E+02 4.437503E+00 3.731896E+00 2.480502E+02
3.316335E+03 1.571620E+06 3.947787E+01 3.980302E-03 2.085723E+02 4.437505E+00 3.731897E+00 2.480502E+02
3.316343E+03 1.571630E+06 3.947787E+01 3.980990E-03 2.085723E+02 4.437507E+00 3.731899E+00 2.480502E+02
3.316351E+03 1.571640E+06 3.947787E+01 3.981679E-03 2.085723E+02 4.437508E+00 3.731901E+00 2.480502E+02
3.316360E+03 1.571650E+06 3.947787E+01 3.982367E-03 2.085723E+02 4.437510E+00 3.731902E+00 2.480502E+02
3.316368E+03 1.571660E+06 3.947787E+01 3.983062E-03 2.085723E+02 4.437511E+00 3.731903E+00 2.480502E+02
3.316379E+03 1.571680E+06 3.947787E+01 3.984051E-03 2.085723E+02 4.437514E+00 3.731905E+00 2.480502E+02
3.316386E+03 1.571690E+06 3.947787E+01 3.984603E-03 2.085723E+02 4.437515E+00 3.731907E+00 2.480502E+02
3.316393E+03 1.571700E+06 3.947787E+01 3.985249E-03 2.085723E+02 4.437516E+00 3.731908E+00 2.480502E+02
3.316401E+03 1.571710E+06 3.947787E+01 3.985918E-03 2.085723E+02 4.437518E+00 3.731909E+00 2.480502E+02
3.316409E+03 1.571720E+06 3.947787E+01 3.986586E-03 2.085723E+02 4.437520E+00 3.731911E+00 2.480502E+02
3.316417E+03 1.571730E+06 3.947787E+01 3.987267E-03 2.085723E+02 4.437521E+00 3.731912E+00 2.480502E+02
3.316425E+03 1.571740E+06 3.947787E+01 3.987969E-03 2.085723E+02 4.437523E+00 3.731914E+00 2.480502E+02
3.316433E+03 1.571750E+06 3.947787E+01 3.988671E-03 2.085723E+02 4.437525E+00 3.731916E+00 2.480502E+02
3.316441E+03 1.571760E+06 3.947787E+01 3.989387E-03 2.085723E+02 4.437527E+00 3.731917E+00 2.480502E+02
3.316450E+03 1.571770E+06 3.947787E+01 3.990112E-03 2.085723E+02 4.437529E+00 3.731919E+00 2.480502E+02
3.316458E+03 1.571780E+06 3.947787E+01 3.990835E-03 2.085723E+02 4.437531E+00 3.731921E+00 2.480502E+02
3.316467E+03 1.571790E+06 3.947787E+01 3.991572E-03 2.085723E+02 4.437532E+00 3.731922E+00 2.480502E+02
3.316476E+03 1.571800E+06 3.947787E+01 3.992325E-03 2.085723E+02 4.437534E+00 3.731924E+00 2.480502E+02
3.316484E+03 1.571810E+06 3.947787E+01 3.993078E-03 2.085723E+02 4.437536E+00 3.731926E+00 2.480502E+02
3.316493E+03 1.571820E+06 3.947787E+01 3.993833E-03 2.085723E+02 4.437538E+00 3.731928E+00 2.480502E+02
3.316502E+03 1.571830E+06 3.947787E+01 3.994589E-03 2.085723E+02 4.437541E+00 3.731930E+00 2.480502E+02
3.316511E+03 1.571840E+06 3.947787E+01 3.995341E-03 2.085723E+02 4.437543E+00 3.731932E+00 2.480502E+02
3.316519E+03 1.571850E+06 3.947787E+01 3.996094E-03 2.085723E+02 4.437545E+00 3.731933E+00 2.480502E+02
3.316528E+03 1.571860E+06 3.947787E+01 3.996845E-03 2.085723E+02 4.437546E+00 3.731935E+00 2.480502E+02
3.316537E+03 1.571870E+06 3.947787E+01 3.997596E-03 2.085723E+02 4.437548E+00 3.731937E+00 2.480502E+02
3.316546E+03 1.571880E+06 3.947787E+01 3.998348E-03 2.085723E+02 4.437550E+00 3.731938E+00 2.480502E+02
3.316555E+03 1.571890E+06 3.947787E+01 3.999100E-03 2.085723E+02 4.437552E+00 3.731940E+00 2.480502E+02
3.316563E+03 1.571900E+06 3.947787E+01 3.999852E-03 2.085723E+02 4.437554E+00 3.731941E+00 2.480502E+02
3.316572E+03 1.571910E+06 3.947787E+01 4.000604E-03 2.085723E+02 4.437555E+00 3.731943E+00 2.480502E+02
3.316581E+03 1.571920E+06 3.947787E+01 4.001359E-03 2.085723E+02 4.437557E+00 3.731945E+00 2.480502E+02
3.316590E+03 1.571930E+06 3.947787E+01 4.002112E-03 2.085723E+02 4.437558E+00 3.731946E+00 2.480502E+02
3.316598E+03 1.571940E+06 3.947787E+01 4.002867E-03 2.085723E+02 4.437560E+00 3.731947E+00 2.480502E+02
3.316607E+03 1.571950E+06 3.947787E+01 4.003622E-03 2.085723E+02 4.437561E+00 3.731948E+00 2.480502E+02
3.316616E+03 1.571960E+06 3.947787E+01 4.004375E-03 2.085723E+02 4.437562E+00 3.731949E+00 2.480502E+02
3.316625E+03 1.571970E+06 3.947786E+01 4.005128E-03 2.085723E+02 4.437563E+00 3.731950E+00 2.480502E+02
3.316633E+03 1.571980E+06 3.947786E+01 4.005882E-03 2.085723E+02 4.437564E+00 3.731951E+00 2.480502E+02
3.316642E+03 1.571990E+06 3.947786E+01 4.006637E-03 2.085723E+02 4.437566E+00 3.731953E+00 2.480502E+02
3.316651E+03 1.572000E+06 3.947786E+01 4.007393E-03 2.085723E+02 4.437567E+00 3.731954E+00 2.480502E+02
3.316660E+03 1.572010E+06 3.947786E+01 4.008150E-03 2.085723E+02 4.437568E+00 3.731955E+00 2.480502E+02
3.316669E+03 1.572020E+06 3.947786E+01 4.008923E-03 2.085723E+02 4.437569E+00 3.731956E+00 2.480502E+02
3.316677E+03 1.572030E+06 3.947786E+01 4.009658E-03 2.085723E+02 4.437571E+00 3.731957E+00 2.480502E+02
3.316685E+03 1.572040E+06 3.947786E+01 4.010349E-03 2.085723E+02 4.437572E+00 3.731959E+00 2.480502E+02
3.316693E+03 1.572050E+06 3.947786E+01 4.011038E-03 2.085723E+02 4.437574E+00 3.731960E+00 2.480502E+02
3.316701E+03 1.572060E+06 3.947786E+01 4.011706E-03 2.085723E+02 4.437575E+00 3.731961E+00 2.480502E+02
3.316709E+03 1.572070E+06 3.947786E+01 4.012376E-03 2.085723E+02 4.437577E+00 3.731963E+00 2.480502E+02
3.316717E+03 1.572080E+06 3.947786E+01 4.013065E-03 2.085723E+02 4.437579E+00 3.731965E+00 2.480502E+02
3.316725E+03 1.572090E+06 3.947786E+01 4.013753E-03 2.085724E+02 4.437581E+00 3.731966E+00 2.480502E+02
3.316733E+03 1.572100E+06 3.947786E+01 4.014425E-03 2.085724E+02 4.437582E+00 3.731968E+00 2.480502E+02
3.316740E+03 1.572110E+06 3.947786E+01 4.015080E-03 2.085724E+02 4.437584E+00 3.731970E+00 2.480502E+02
3.316748E+03 1.572120E+06 3.947786E+01 4.015736E-03 2.085724E+02 4.437586E+00 3.731971E+00 2.480502E+02
3.316756E+03 1.572130E+06 3.947786E+01 4.016390E-03 2.085724E+02 4.437588E+00 3.731973E+00 2.480502E+02
3.316763E+03 1.572140E+06 3.947786E+01 4.017044E-03 2.085724E+02 4.437591E+00 3.731975E+00 2.480502E+02
3.316771E+03 1.572150E+06 3.947786E+01 4.017703E-03 2.085724E+02 4.437593E+00 3.731977E+00 2.480502E+02
3.316779E+03 1.572160E+06 3.947786E+01 4.018360E-03 2.085724E+02 4.437595E+00 3.731979E+00 2.480502E+02
3.316786E+03 1.572170E+06 3.947786E+01 4.019016E-03 2.085724E+02 4.437598E+00 3.731982E+00 2.480502E+02
3.316794E+03 1.572180E+06 3.947786E+01 4.019673E-03 2.085724E+02 4.437600E+00 3.731984E+00 2.480502E+02
3.316802E+03 1.572190E+06 3.947786E+01 4.020332E-03 2.085724E+02 4.437602E+00 3.731985E+00 2.480502E+02
3.316809E+03 1.572200E+06 3.947786E+01 4.020989E-03 2.085724E+02 4.437604E+00 3.731988E+00 2.480502E+02
3.316817E+03 1.572210E+06 3.947786E+01 4.021657E-03 2.085724E+02 4.437607E+00 3.731990E+00 2.480502E+02
3.316825E+03 1.572220E+06 3.947786E+01 4.022327E-03 2.085724E+02 4.437609E+00 3.731992E+00 2.480502E+02
3.316833E+03 1.572230E+06 3.947786E+01 4.022996E-03 2.085724E+02 4.437611E+00 3.731994E+00 2.480502E+02
3.316840E+03 1.572240E+06 3.947786E+01 4.023665E-03 2.085724E+02 4.437614E+00 3.731996E+00 2.480502E+02
3.316848E+03 1.572250E+06 3.947786E+01 4.024336E-03 2.085724E+02 4.437616E+00 3.731998E+00 2.480502E+02
3.316856E+03 1.572260E+06 3.947786E+01 4.025012E-03 2.085724E+02 4.437618E+00 3.731999E+00 2.480502E+02
3.316865E+03 1.572270E+06 3.947786E+01 4.025739E-03 2.085724E+02 4.437620E+00 3.732002E+00 2.480502E+02
3.316873E+03 1.572280E+06 3.947786E+01 4.026469E-03 2.085724E+02 4.437622E+00 3.732003E+00 2.480502E+02
3.316881E+03 1.572290E+06 3.947786E+01 4.027196E-03 2.085724E+02 4.437624E+00 3.732005E+00 2.480502E+02
3.316890E+03 1.572300E+06 3.947786E+01 4.027913E-03 2.085724E+02 4.437626E+00 3.732007E+00 2.480502E+02
3.316898E+03 1.572310E+06 3.947786E+01 4.028611E-03 2.085724E+02 4.437628E+00 3.732009E+00 2.480502E+02
3.316906E+03 1.572320E+06 3.947786E+01 4.029309E-03 2.085724E+02 4.437630E+00 3.732010E+00 2.480502E+02
3.316914E+03 1.572330E+06 3.947786E+01 4.030025E-03 2.085724E+02 4.437632E+00 3.732012E+00 2.480502E+02
3.316923E+03 1.572340E+06 3.947786E+01 4.030739E-03 2.085724E+02 4.437634E+00 3.732014E+00 2.480502E+02
3.316931E+03 1.572350E+06 3.947786E+01 4.031458E-03 2.085724E+02 4.437636E+00 3.732015E+00 2.480502E+02
3.316939E+03 1.572360E+06 3.947786E+01 4.032176E-03 2.085724E+02 4.437637E+00 3.732017E+00 2.480502E+02
3.316948E+03 1.572370E+06 3.947786E+01 4.032898E-03 2.085724E+02 4.437639E+00 3.732019E+00 2.480502E+02
3.316956E+03 1.572380E+06 3.947786E+01 4.033619E-03 2.085724E+02 4.437641E+00 3.732020E+00 2.480502E+02
3.316964E+03 1.572390E+06 3.947786E+01 4.034339E-03 2.085724E+02 4.437642E+00 3.732022E+00 2.480502E+02
3.316973E+03 1.572400E+06 3.947786E+01 4.035062E-03 2.085724E+02 4.437644E+00 3.732023E+00 2.480502E+02
3.316981E+03 1.572410E+06 3.947786E+01 4.035781E-03 2.085724E+02 4.437646E+00 3.732025E+00 2.480502E+02
3.316989E+03 1.572420E+06 3.947786E+01 4.036504E-03 2.085724E+02 4.437647E+00 3.732026E+00 2.480502E+02
3.316997E+03 1.572430E+06 3.947786E+01 4.037228E-03 2.085724E+02 4.437649E+00 3.732027E+00 2.480502E+02
3.317006E+03 1.572440E+06 3.947786E+01 4.037964E-03 2.085724E+02 4.437650E+00 3.732029E+00 2.480502E+02
3.317015E+03 1.572450E+06 3.947786E+01 4.038714E-03 2.085724E+02 4.437652E+00 3.732030E+00 2.480502E+02
3.317023E+03 1.572460E+06 3.947786E+01 4.039467E-03 2.085724E+02 4.437653E+00 3.732032E+00 2.480502E+02
3.317032E+03 1.572470E+06 3.947786E+01 4.040218E-03 2.085724E+02 4.437655E+00 3.732033E+00 2.480502E+02
3.317040E+03 1.572480E+06 3.947786E+01 4.040968E-03 2.085724E+02 4.437656E+00 3.732034E+00 2.480502E+02
3.317049E+03 1.572490E+06 3.947786E+01 4.041721E-03 2.085724E+02 4.437656E+00 3.732035E+00 2.480502E+02
3.317058E+03 1.572500E+06 3.947786E+01 4.042497E-03 2.085724E+02 4.437657E+00 3.732036E+00 2.480502E+02
3.317067E+03 1.572510E+06 3.947786E+01 4.043296E-03 2.085724E+02 4.437658E+00 3.732037E+00 2.480502E+02
3.317076E+03 1.572520E+06 3.947786E+01 4.044089E-03 2.085724E+02 4.437659E+00 3.732038E+00 2.480502E+02
3.317085E+03 1.572530E+06 3.947786E+01 4.044842E-03 2.085724E+02 4.437660E+00 3.732039E+00 2.480502E+02
3.317093E+03 1.572540E+06 3.947786E+01 4.045590E-03 2.085724E+02 4.437661E+00 3.732039E+00 2.480502E+02
3.317101E+03 1.572550E+06 3.947786E+01 4.046337E-03 2.085724E+02 4.437662E+00 3.732040E+00 2.480502E+02
3.317110E+03 1.572560E+06 3.947786E+01 4.047083E-03 2.085724E+02 4.437663E+00 3.732041E+00 2.480502E+02
3.317118E+03 1.572570E+06 3.947786E+01 4.047809E-03 2.085724E+02 4.437664E+00 3.732042E+00 2.480502E+02
3.317126E+03 1.572580E+06 3.947786E+01 4.048532E-03 2.085724E+02 4.437664E+00 3.732043E+00 2.480502E+02
3.317134E+03 1.572590E+06 3.947786E+01 4.049242E-03 2.085724E+02 4.437665E+00 3.732043E+00 2.480502E+02
3.317142E+03 1.572600E+06 3.947786E+01 4.049954E-03 2.085724E+02 4.437666E+00 3.732044E+00 2.480502E+02
3.317151E+03 1.572610E+06 3.947786E+01 4.050669E-03 2.085724E+02 4.437666E+00 3.732044E+00 2.480502E+02
3.317159E+03 1.572620E+06 3.947786E+01 4.051380E-03 2.085724E+02 4.437667E+00 3.732045E+00 2.480502E+02
3.317167E+03 1.572630E+06 3.947786E+01 4.052092E-03 2.085724E+02 4.437668E+00 3.732046E+00 2.480502E+02
3.317175E+03 1.572640E+06 3.947786E+01 4.052805E-03 2.085724E+02 4.437668E+00 3.732046E+00 2.480502E+02
3.317183E+03 1.572650E+06 3.947786E+01 4.053518E-03 2.085724E+02 4.437668E+00 3.732046E+00 2.480502E+02
3.317191E+03 1.572660E+06 3.947786E+01 4.054231E-03 2.085724E+02 4.437668E+00 3.732046E+00 2.480502E+02
3.317199E+03 1.572670E+06 3.947786E+01 4.054941E-03 2.085724E+02 4.437668E+00 3.732047E+00 2.480502E+02
3.317207E+03 1.572680E+06 3.947786E+01 4.055657E-03 2.085724E+02 4.437669E+00 3.732047E+00 2.480502E+02
3.317215E+03 1.572690E+06 3.947786E+01 4.056369E-03 2.085724E+02 4.437669E+00 3.732048E+00 2.480502E+02
3.317223E+03 1.572700E+06 3.947786E+01 4.057083E-03 2.085724E+02 4.437669E+00 3.732048E+00 2.480502E+02
3.317231E+03 1.572710E+06 3.947785E+01 4.057796E-03 2.085724E+02 4.437670E+00 3.732049E+00 2.480502E+02
3.317239E+03 1.572720E+06 3.947785E+01 4.058507E-03 2.085724E+02 4.437670E+00 3.732049E+00 2.480502E+02
3.317247E+03 1.572730E+06 3.947785E+01 4.059218E-03 2.085724E+02 4.437670E+00 3.732049E+00 2.480502E+02
3.317255E+03 1.572740E+06 3.947785E+01 4.059940E-03 2.085724E+02 4.437670E+00 3.732049E+00 2.480502E+02
3.317263E+03 1.572750E+06 3.947785E+01 4.060665E-03 2.085724E+02 4.437671E+00 3.732050E+00 2.480502E+02
3.317272E+03 1.572760E+06 3.947785E+01 4.061390E-03 2.085724E+02 4.437671E+00 3.732050E+00 2.480502E+02
3.317280E+03 1.572770E+06 3.947785E+01 4.062113E-03 2.085724E+02 4.437672E+00 3.732051E+00 2.480502E+02
3.317288E+03 1.572780E+06 3.947785E+01 4.062835E-03 2.085724E+02 4.437673E+00 3.732052E+00 2.480502E+02
3.317296E+03 1.572790E+06 3.947785E+01 4.063557E-03 2.085724E+02 4.437673E+00 3.732052E+00 2.480502E+02
3.317304E+03 1.572800E+06 3.947785E+01 4.064277E-03 2.085724E+02 4.437674E+00 3.732053E+00 2.480502E+02
3.317313E+03 1.572810E+06 3.947785E+01 4.064996E-03 2.085724E+02 4.437675E+00 3.732054E+00 2.480502E+02
3.317321E+03 1.572820E+06 3.947785E+01 4.065714E-03 2.085724E+02 4.437676E+00 3.732055E+00 2.480502E+02
3.317329E+03 1.572830E+06 3.947785E+01 4.066432E-03 2.085724E+02 4.437678E+00 3.732057E+00 2.480502E+02
3.317337E+03 1.572840E+06 3.947785E+01 4.067149E-03 2.085724E+02 4.437679E+00 3.732058E+00 2.480502E+02
3.317345E+03 1.572850E+06 3.947785E+01 4.067865E-03 2.085724E+02 4.437680E+00 3.732059E+00 2.480502E+02
3.317354E+03 1.572860E+06 3.947785E+01 4.068587E-03 2.085724E+02 4.437682E+00 3.732061E+00 2.480502E+02
3.317362E+03 1.572870E+06 3.947785E+01 4.069311E-03 2.085724E+02 4.437684E+00 3.732062E+00 2.480502E+02
3.317370E+03 1.572880E+06 3.947785E+01 4.070032E-03 2.085724E+02 4.437686E+00 3.732064E+00 2.480502E+02
3.317378E+03 1.572890E+06 3.947785E+01 4.070742E-03 2.085724E+02 4.437688E+00 3.732066E+00 2.480502E+02
3.317386E+03 1.572900E+06 3.947785E+01 4.071437E-03 2.085724E+02 4.437690E+00 3.732068E+00 2.480502E+02
3.317394E+03 1.572910E+06 3.947785E+01 4.072134E-03 2.085724E+02 4.437692E+00 3.732070E+00 2.480502E+02
3.317402E+03 1.572920E+06 3.947785E+01 4.072822E-03 2.085724E+02 4.437694E+00 3.732072E+00 2.480502E+02
3.317410E+03 1.572930E+06 3.947785E+01 4.073510E-03 2.085724E+02 4.437697E+00 3.732074E+00 2.480502E+02
3.317418E+03 1.572940E+06 3.947785E+01 4.074198E-03 2.085724E+02 4.437699E+00 3.732076E+00 2.480502E+02
3.317426E+03 1.572950E+06 3.947785E+01 4.074886E-03 2.085724E+02 4.437701E+00 3.732077E+00 2.480502E+02
3.317434E+03 1.572960E+06 3.947785E+01 4.075573E-03 2.085724E+02 4.437703E+00 3.732080E+00 2.480502E+02
3.317442E+03 1.572970E+06 3.947785E+01 4.076259E-03 2.085724E+02 4.437706E+00 3.732082E+00 2.480502E+02
3.317450E+03 1.572980E+06 3.947785E+01 4.076962E-03 2.085724E+02 4.437708E+00 3.732084E+00 2.480502E+02
3.317458E+03 1.572990E+06 3.947785E+01 4.077673E-03 2.085724E+02 4.437709E+00 3.732085E+00 2.480502E+02
3.317466E+03 1.573000E+06 3.947785E+01 4.078383E-03 2.085724E+02 4.437711E+00 3.732086E+00 2.480502E+02
3.317475E+03 1.573010E+06 3.947785E+01 4.079092E-03 2.085724E+02 4.437713E+00 3.732088E+00 2.480502E+02
3.317483E+03 1.573020E+06 3.947785E+01 4.079803E-03 2.085724E+02 4.437714E+00 3.732090E+00 2.480502E+02
3.317491E+03 1.573030E+06 3.947785E+01 4.080515E-03 2.085724E+02 4.437717E+00 3.732092E+00 2.480502E+02
3.317499E+03 1.573040E+06 3.947785E+01 4.081225E-03 2.085724E+02 4.437718E+00 3.732093E+00 2.480502E+02
3.317507E+03 1.573050E+06 3.947785E+01 4.081937E-03 2.085724E+02 4.437720E+00 3.732095E+00 2.480502E+02
3.317515E+03 1.573060E+06 3.947785E+01 4.082650E-03 2.085724E+02 4.437722E+00 3.732096E+00 2.480502E+02
3.317524E+03 1.573070E+06 3.947785E+01 4.083366E-03 2.085724E+02 4.437723E+00 3.732098E+00 2.480502E+02
3.317532E+03 1.573080E+06 3.947785E+01 4.084075E-03 2.085724E+02 4.437724E+00 3.732099E+00 2.480502E+02
3.317539E+03 1.573090E+06 3.947785E+01 4.084748E-03 2.085724E+02 4.437726E+00 3.732100E+00 2.480502E+02
3.317547E+03 1.573100E+06 3.947785E+01 4.085446E-03 2.085724E+02 4.437727E+00 3.732101E+00 2.480502E+02
3.317555E+03 1.573110E+06 3.947785E+01 4.086151E-03 2.085724E+02 4.437728E+00 3.732102E+00 2.480502E+02
3.317563E+03 1.573120E+06 3.947785E+01 4.086857E-03 2.085724E+02 4.437729E+00 3.732103E+00 2.480502E+02
3.317571E+03 1.573130E+06 3.947785E+01 4.087561E-03 2.085724E+02 4.437730E+00 3.732104E+00 2.480502E+02
3.317579E+03 1.573140E+06 3.947785E+01 4.088265E-03 2.085724E+02 4.437731E+00 3.732105E+00 2.480502E+02
3.317588E+03 1.573150E+06 3.947785E+01 4.088969E-03 2.085724E+02 4.437732E+00 3.732106E+00 2.480502E+02
3.317596E+03 1.573160E+06 3.947785E+01 4.089676E-03 2.085724E+02 4.437733E+00 3.732107E+00 2.480502E+02
3.317604E+03 1.573170E+06 3.947785E+01 4.090387E-03 2.085724E+02 4.437734E+00 3.732108E+00 2.480502E+02
3.317612E+03 1.573180E+06 3.947785E+01 4.091093E-03 2.085724E+02 4.437736E+00 3.732109E+00 2.480502E+02
3.317620E+03 1.573190E+06 3.947785E+01 4.091788E-03 2.085724E+02 4.437737E+00 3.732110E+00 2.480502E+02
3.317627E+03 1.573200E+06 3.947785E+01 4.092470E-03 2.085724E+02 4.437738E+00 3.732111E+00 2.480502E+02
3.317635E+03 1.573210E+06 3.947785E+01 4.093155E-03 2.085724E+02 4.437738E+00 3.732112E+00 2.480502E+02
3.317643E+03 1.573220E+06 3.947785E+01 4.093841E-03 2.085724E+02 4.437739E+00 3.732113E+00 2.480502E+02
3.317651E+03 1.573230E+06 3.947785E+01 4.094531E-03 2.085724E+02 4.437741E+00 3.732114E+00 2.480502E+02
3.317659E+03 1.573240E+06 3.947785E+01 4.095221E-03 2.085724E+02 4.437742E+00 3.732116E+00 2.480502E+02
3.317667E+03 1.573250E+06 3.947785E+01 4.095912E-03 2.085724E+02 4.437744E+00 3.732117E+00 2.480502E+02
3.317675E+03 1.573260E+06 3.947785E+01 4.096595E-03 2.085724E+02 4.437745E+00 3.732118E+00 2.480502E+02
3.317682E+03 1.573270E+06 3.947785E+01 4.097253E-03 2.085724E+02 4.437746E+00 3.732119E+00 2.480502E+02
3.317690E+03 1.573280E+06 3.947785E+01 4.097912E-03 2.085724E+02 4.437747E+00 3.732120E+00 2.480502E+02
3.317697E+03 1.573290E+06 3.947785E+01 4.098586E-03 2.085724E+02 4.437749E+00 3.732122E+00 2.480502E+02
3.317705E+03 1.573300E+06 3.947785E+01 4.099252E-03 2.085724E+02 4.437751E+00 3.732123E+00 2.480502E+02
3.317713E+03 1.573310E+06 3.947785E+01 4.099917E-03 2.085724E+02 4.437753E+00 3.732126E+00 2.480502E+02
3.317720E+03 1.573320E+06 3.947785E+01 4.100579E-03 2.085724E+02 4.437756E+00 3.732128E+00 2.480502E+02
3.317728E+03 1.573330E+06 3.947785E+01 4.101235E-03 2.085724E+02 4.437758E+00 3.732130E+00 2.480502E+02
3.317735E+03 1.573340E+06 3.947785E+01 4.101858E-03 2.085724E+02 4.437760E+00 3.732132E+00 2.480502E+02
3.317743E+03 1.573350E+06 3.947785E+01 4.102497E-03 2.085724E+02 4.437763E+00 3.732134E+00 2.480502E+02
3.317750E+03 1.573360E+06 3.947785E+01 4.103149E-03 2.085724E+02 4.437765E+00 3.732136E+00 2.480502E+02
3.317758E+03 1.573370E+06 3.947785E+01 4.103788E-03 2.085724E+02 4.437768E+00 3.732138E+00 2.480502E+02
3.317765E+03 1.573380E+06 3.947785E+01 4.104425E-03 2.085724E+02 4.437770E+00 3.732141E+00 2.480502E+02
3.317772E+03 1.573390E+06 3.947785E+01 4.105060E-03 2.085724E+02 4.437773E+00 3.732143E+00 2.480502E+02
3.317780E+03 1.573400E+06 3.947785E+01 4.105695E-03 2.085724E+02 4.437775E+00 3.732145E+00 2.480502E+02
3.317787E+03 1.573410E+06 3.947785E+01 4.106331E-03 2.085724E+02 4.437778E+00 3.732148E+00 2.480502E+02
3.317795E+03 1.573420E+06 3.947785E+01 4.106969E-03 2.085724E+02 4.437781E+00 3.732150E+00 2.480502E+02
3.317802E+03 1.573430E+06 3.947785E+01 4.107610E-03 2.085724E+02 4.437783E+00 3.732152E+00 2.480502E+02
3.317809E+03 1.573440E+06 3.947785E+01 4.108250E-03 2.085724E+02 4.437786E+00 3.732154E+00 2.480502E+02
3.317817E+03 1.573450E+06 3.947785E+01 4.108892E-03 2.085724E+02 4.437788E+00 3.732156E+00 2.480502E+02
3.317824E+03 1.573460E+06 3.947785E+01 4.109535E-03 2.085724E+02 4.437790E+00 3.732158E+00 2.480502E+02
3.317832E+03 1.573470E+06 3.947785E+01 4.110174E-03 2.085724E+02 4.437792E+00 3.732160E+00 2.480502E+02
3.317839E+03 1.573480E+06 3.947785E+01 4.110822E-03 2.085724E+02 4.437794E+00 3.732161E+00 2.480502E+02
3.317847E+03 1.573490E+06 3.947785E+01 4.111489E-03 2.085724E+02 4.437795E+00 3.732163E+00 2.480502E+02
3.317855E+03 1.573500E+06 3.947785E+01 4.112166E-03 2.085724E+02 4.437797E+00 3.732164E+00 2.480502E+02
3.317863E+03 1.573510E+06 3.947785E+01 4.112846E-03 2.085724E+02 4.437798E+00 3.732165E+00 2.480502E+02
3.317870E+03 1.573520E+06 3.947785E+01 4.113527E-03 2.085724E+02 4.437799E+00 3.732166E+00 2.480502E+02
3.317878E+03 1.573530E+06 3.947785E+01 4.114210E-03 2.085724E+02 4.437800E+00 3.732167E+00 2.480502E+02
3.317886E+03 1.573540E+06 3.947784E+01 4.114894E-03 2.085724E+02 4.437800E+00 3.732168E+00 2.480502E+02
3.317894E+03 1.573550E+06 3.947784E+01 4.115618E-03 2.085724E+02 4.437801E+00 3.732168E+00 2.480502E+02
3.317902E+03 1.573560E+06 3.947784E+01 4.116326E-03 2.085724E+02 4.437801E+00 3.732168E+00 2.480502E+02
3.317910E+03 1.573570E+06 3.947784E+01 4.117030E-03 2.085724E+02 4.437801E+00 3.732168E+00 2.480502E+02
3.317918E+03 1.573580E+06 3.947784E+01 4.117730E-03 2.085724E+02 4.437801E+00 3.732168E+00 2.480502E+02
3.317926E+03 1.573590E+06 3.947784E+01 4.118409E-03 2.085724E+02 4.437800E+00 3.732168E+00 2.480502E+02
3.317934E+03 1.573600E+06 3.947784E+01 4.119087E-03 2.085724E+02 4.437800E+00 3.732168E+00 2.480502E+02
3.317940E+03 1.573610E+06 3.947784E+01 4.119676E-03 2.085724E+02 4.437799E+00 3.732167E+00 2.480502E+02
3.317948E+03 1.573620E+06 3.947784E+01 4.120325E-03 2.085724E+02 4.437798E+00 3.732167E+00 2.480502E+02
3.317955E+03 1.573630E+06 3.947784E+01 4.120975E-03 2.085724E+02 4.437797E+00 3.732166E+00 2.480502E+02
3.317962E+03 1.573640E+06 3.947784E+01 4.121613E-03 2.085724E+02 4.437796E+00 3.732165E+00 2.480502E+02
3.317969E+03 1.573650E+06 3.947784E+01 4.122245E-03 2.085724E+02 4.437795E+00 3.732164E+00 2.480502E+02
3.317976E+03 1.573660E+06 3.947784E+01 4.122881E-03 2.085724E+02 4.437794E+00 3.732163E+00 2.480502E+02
3.317984E+03 1.573670E+06 3.947784E+01 4.123516E-03 2.085724E+02 4.437792E+00 3.732162E+00 2.480502E+02
3.317991E+03 1.573680E+06 3.947784E+01 4.124160E-03 2.085724E+02 4.437791E+00 3.732161E+00 2.480502E+02
3.317998E+03 1.573690E+06 3.947784E+01 4.124802E-03 2.085724E+02 4.437790E+00 3.732160E+00 2.480502E+02
3.318005E+03 1.573700E+06 3.947784E+01 4.125444E-03 2.085724E+02 4.437788E+00 3.732159E+00 2.480502E+02
3.318012E+03 1.573710E+06 3.947784E+01 4.126085E-03 2.085724E+02 4.437787E+00 3.732158E+00 2.480502E+02
3.318020E+03 1.573720E+06 3.947784E+01 4.126727E-03 2.085724E+02 4.437785E+00 3.732157E+00 2.480502E+02
3.318027E+03 1.573730E+06 3.947784E+01 4.127369E-03 2.085724E+02 4.437784E+00 3.732156E+00 2.480502E+02
3.318034E+03 1.573740E+06 3.947784E+01 4.128012E-03 2.085724E+02 4.437782E+00 3.732154E+00 2.480502E+02
3.318041E+03 1.573750E+06 3.947784E+01 4.128653E-03 2.085724E+02 4.437781E+00 3.732154E+00 2.480502E+02
3.318048E+03 1.573760E+06 3.947784E+01 4.129294E-03 2.085724E+02 4.437780E+00 3.732153E+00 2.480502E+02
3.318056E+03 1.573770E+06 3.947784E+01 4.129921E-03 2.085724E+02 4.437779E+00 3.732152E+00 2.480502E+02
3.318063E+03 1.573780E+06 3.947784E+01 4.130548E-03 2.085724E+02 4.437778E+00 3.732151E+00 2.480502E+02
3.318070E+03 1.573790E+06 3.947784E+01 4.131175E-03 2.085724E+02 4.437777E+00 3.732151E+00 2.480502E+02
3.318077E+03 1.573800E+06 3.947784E+01 4.131803E-03 2.085724E+02 4.437776E+00 3.732150E+00 2.480502E+02
3.318084E+03 1.573810E+06 3.947784E+01 4.132431E-03 2.085724E+02 4.437775E+00 3.732149E+00 2.480502E+02
3.318091E+03 1.573820E+06 3.947784E+01 4.133059E-03 2.085724E+02 4.437773E+00 3.732148E+00 2.480502E+02
3.318098E+03 1.573830E+06 3.947784E+01 4.133676E-03 2.085724E+02 4.437773E+00 3.732147E+00 2.480502E+02
3.318105E+03 1.573840E+06 3.947784E+01 4.134279E-03 2.085724E+02 4.437772E+00 3.732147E+00 2.480502E+02
3.318112E+03 1.573850E+06 3.947784E+01 4.134882E-03 2.085724E+02 4.437771E+00 3.732147E+00 2.480502E+02
3.318118E+03 1.573860E+06 3.947784E+01 4.135485E-03 2.085724E+02 4.437771E+00 3.732146E+00 2.480502E+02
3.318125E+03 1.573870E+06 3.947784E+01 4.136089E-03 2.085724E+02 4.437770E+00 3.732146E+00 2.480502E+02
3.318132E+03 1.573880E+06 3.947784E+01 4.136692E-03 2.085724E+02 4.437769E+00 3.732145E+00 2.480502E+02
3.318139E+03 1.573890E+06 3.947784E+01 4.137300E-03 2.085724E+02 4.437768E+00 3.732144E+00 2.480502E+02
3.318146E+03 1.573900E+06 3.947784E+01 4.137899E-03 2.085724E+02 4.437767E+00 3.732143E+00 2.480502E+02
3.318153E+03 1.573910E+06 3.947784E+01 4.138498E-03 2.085724E+02 4.437766E+00 3.732143E+00 2.480502E+02
3.318159E+03 1.573920E+06 3.947784E+01 4.139100E-03 2.085724E+02 4.437765E+00 3.732142E+00 2.480502E+02
3.318166E+03 1.573930E+06 3.947784E+01 4.139700E-03 2.085724E+02 4.437765E+00 3.732142E+00 2.480502E+02
3.318173E+03 1.573940E+06 3.947784E+01 4.140299E-03 2.085724E+02 4.437764E+00 3.732141E+00 2.480502E+02
3.318180E+03 1.573950E+06 3.947784E+01 4.140897E-03 2.085724E+02 4.437763E+00 3.732140E+00 2.480502E+02
3.318187E+03 1.573960E+06 3.947784E+01 4.141501E-03 2.085724E+02 4.437762E+00 3.732140E+00 2.480502E+02
3.318194E+03 1.573970E+06 3.947784E+01 4.142106E-03 2.085724E+02 4.437761E+00 3.732139E+00 2.480502E+02
3.318200E+03 1.573980E+06 3.947784E+01 4.142711E-03 2.085724E+02 4.437761E+00 3.732139E+00 2.480502E+02
3.318207E+03 1.573990E+06 3.947784E+01 4.143307E-03 2.085724E+02 4.437760E+00 3.732139E+00 2.480502E+02
3.318214E+03 1.574000E+06 3.947784E+01 4.143901E-03 2.085724E+02 4.437760E+00 3.732138E+00 2.480502E+02
3.318221E+03 1.574010E+06 3.947784E+01 4.144498E-03 2.085724E+02 4.437759E+00 3.732138E+00 2.480502E+02
3.318228E+03 1.574020E+06 3.947784E+01 4.145092E-03 2.085724E+02 4.437759E+00 3.732137E+00 2.480502E+02
3.318234E+03 1.574030E+06 3.947784E+01 4.145690E-03 2.085724E+02 4.437758E+00 3.732137E+00 2.480502E+02
3.318241E+03 1.574040E+06 3.947784E+01 4.146293E-03 2.085724E+02 4.437758E+00 3.732137E+00 2.480502E+02
3.318248E+03 1.574050E+06 3.947784E+01 4.146899E-03 2.085724E+02 4.437758E+00 3.732137E+00 2.480502E+02
3.318255E+03 1.574060E+06 3.947784E+01 4.147498E-03 2.085724E+02 4.437758E+00 3.732137E+00 2.480502E+02
3.318262E+03 1.574070E+06 3.947784E+01 4.148091E-03 2.085724E+02 4.437758E+00 3.732137E+00 2.480502E+02
3.318269E+03 1.574080E+06 3.947784E+01 4.148682E-03 2.085724E+02 4.437758E+00 3.732138E+00 2.480502E+02
3.318275E+03 1.574090E+06 3.947784E+01 4.149272E-03 2.085724E+02 4.437759E+00 3.732138E+00 2.480502E+02
3.318282E+03 1.574100E+06 3.947784E+01 4.149872E-03 2.085724E+02 4.437759E+00 3.732139E+00 2.480502E+02
3.318289E+03 1.574110E+06 3.947784E+01 4.150481E-03 2.085724E+02 4.437760E+00 3.732140E+00 2.480502E+02
3.318296E+03 1.574120E+06 3.947784E+01 4.151087E-03 2.085724E+02 4.437761E+00 3.732140E+00 2.480502E+02
3.318303E+03 1.574130E+06 3.947784E+01 4.151695E-03 2.085724E+02 4.437762E+00 3.732141E+00 2.480502E+02
3.318310E+03 1.574140E+06 3.947784E+01 4.152303E-03 2.085724E+02 4.437763E+00 3.732142E+00 2.480502E+02
3.318317E+03 1.574150E+06 3.947784E+01 4.152911E-03 2.085724E+02 4.437764E+00 3.732144E+00 2.480502E+02
3.318324E+03 1.574160E+06 3.947784E+01 4.153518E-03 2.085724E+02 4.437766E+00 3.732145E+00 2.480502E+02
3.318331E+03 1.574170E+06 3.947784E+01 4.154124E-03 2.085724E+02 4.437767E+00 3.732146E+00 2.480502E+02
3.318338E+03 1.574180E+06 3.947784E+01 4.154734E-03 2.085724E+02 4.437768E+00 3.732147E+00 2.480502E+02
3.318345E+03 1.574190E+06 3.947784E+01 4.155337E-03 2.085724E+02 4.437770E+00 3.732148E+00 2.480502E+02
3.318352E+03 1.574200E+06 3.947784E+01 4.155940E-03 2.085724E+02 4.437771E+00 3.732149E+00 2.480502E+02
3.318359E+03 1.574210E+06 3.947784E+01 4.156545E-03 2.085724E+02 4.437772E+00 3.732151E+00 2.480502E+02
3.318366E+03 1.574220E+06 3.947784E+01 4.157150E-03 2.085724E+02 4.437773E+00 3.732152E+00 2.480502E+02
3.318373E+03 1.574230E+06 3.947784E+01 4.157755E-03 2.085724E+02 4.437775E+00 3.732153E+00 2.480502E+02
3.318381E+03 1.574240E+06 3.947784E+01 4.158374E-03 2.085724E+02 4.437776E+00 3.732154E+00 2.480502E+02
3.318388E+03 1.574250E+06 3.947784E+01 4.159008E-03 2.085724E+02 4.437777E+00 3.732155E+00 2.480502E+02
3.318395E+03 1.574260E+06 3.947784E+01 4.159643E-03 2.085724E+02 4.437778E+00 3.732156E+00 2.480502E+02
3.318403E+03 1.574270E+06 3.947784E+01 4.160279E-03 2.085724E+02 4.437779E+00 3.732157E+00 2.480502E+02
3.318410E+03 1.574280E+06 3.947784E+01 4.160915E-03 2.085724E+02 4.437780E+00 3.732158E+00 2.480502E+02
3.318417E+03 1.574290E+06 3.947784E+01 4.161550E-03 2.085724E+02 4.437781E+00 3.732159E+00 2.480502E+02
3.318425E+03 1.574300E+06 3.947784E+01 4.162185E-03 2.085724E+02 4.437783E+00 3.732161E+00 2.480502E+02
3.318432E+03 1.574310E+06 3.947784E+01 4.162819E-03 2.085724E+02 4.437784E+00 3.732161E+00 2.480502E+02
3.318439E+03 1.574320E+06 3.947784E+01 4.163459E-03 2.085724E+02 4.437784E+00 3.732162E+00 2.480502E+02
3.318447E+03 1.574330E+06 3.947784E+01 4.164101E-03 2.085724E+02 4.437784E+00 3.732162E+00 2.480502E+02
3.318454E+03 1.574340E+06 3.947784E+01 4.164736E-03 2.085724E+02 4.437785E+00 3.732163E+00 2.480502E+02
3.318461E+03 1.574350E+06 3.947784E+01 4.165368E-03 2.085724E+02 4.437785E+00 3.732163E+00 2.480502E+02
3.318468E+03 1.574360E+06 3.947784E+01 4.165982E-03 2.085724E+02 4.437786E+00 3.732164E+00 2.480502E+02
3.318475E+03 1.574370E+06 3.947784E+01 4.166597E-03 2.085724E+02 4.437785E+00 3.732163E+00 2.480502E+02
3.318482E+03 1.574380E+06 3.947784E+01 4.167238E-03 2.085724E+02 4.437786E+00 3.732164E+00 2.480502E+02
3.318490E+03 1.574390E+06 3.947784E+01 4.167879E-03 2.085724E+02 4.437785E+00 3.732164E+00 2.480502E+02
3.318497E+03 1.574400E+06 3.947784E+01 4.168516E-03 2.085724E+02 4.437785E+00 3.732164E+00 2.480502E+02
3.318504E+03 1.574410E+06 3.947784E+01 4.169151E-03 2.085724E+02 4.437785E+00 3.732163E+00 2.480502E+02
3.318511E+03 1.574420E+06 3.947784E+01 4.169778E-03 2.085724E+02 4.437785E+00 3.732164E+00 2.480502E+02
3.318518E+03 1.574430E+06 3.947784E+01 4.170407E-03 2.085724E+02 4.437785E+00 3.732164E+00 2.480502E+02
3.318526E+03 1.574440E+06 3.947784E+01 4.171038E-03 2.085724E+02 4.437785E+00 3.732163E+00 2.480502E+02
3.318533E+03 1.574450E+06 3.947784E+01 4.171681E-03 2.085724E+02 4.437785E+00 3.732164E+00 2.480502E+02
3.318540E+03 1.574460E+06 3.947784E+01 4.172313E-03 2.085724E+02 4.437784E+00 3.732163E+00 2.480502E+02
3.318547E+03 1.574470E+06 3.947784E+01 4.172935E-03 2.085724E+02 4.437783E+00 3.732163E+00 2.480502E+02
3.318554E+03 1.574480E+06 3.947784E+01 4.173558E-03 2.085724E+02 4.437782E+00 3.732162E+00 2.480502E+02
3.318561E+03 1.574490E+06 3.947784E+01 4.174183E-03 2.085724E+02 4.437782E+00 3.732162E+00 2.480502E+02
3.318568E+03 1.574500E+06 3.947784E+01 4.174795E-03 2.085724E+02 4.437781E+00 3.732161E+00 2.480502E+02
3.318575E+03 1.574510E+06 3.947784E+01 4.175369E-03 2.085724E+02 4.437781E+00 3.732161E+00 2.480502E+02
3.318582E+03 1.574520E+06 3.947784E+01 4.175989E-03 2.085724E+02 4.437780E+00 3.732160E+00 2.480502E+02
3.318589E+03 1.574530E+06 3.947783E+01 4.176609E-03 2.085724E+02 4.437779E+00 3.732160E+00 2.480502E+02
3.318596E+03 1.574540E+06 3.947783E+01 4.177230E-03 2.085724E+02 4.437778E+00 3.732159E+00 2.480502E+02
3.318603E+03 1.574550E+06 3.947783E+01 4.177851E-03 2.085724E+02 4.437778E+00 3.732159E+00 2.480502E+02
3.318610E+03 1.574560E+06 3.947783E+01 4.178471E-03 2.085724E+02 4.437777E+00 3.732159E+00 2.480502E+02
3.318617E+03 1.574570E+06 3.947783E+01 4.179091E-03 2.085724E+02 4.437777E+00 3.732158E+00 2.480502E+02
3.318624E+03 1.574580E+06 3.947783E+01 4.179710E-03 2.085724E+02 4.437776E+00 3.732157E+00 2.480502E+02
3.318631E+03 1.574590E+06 3.947783E+01 4.180329E-03 2.085724E+02 4.437775E+00 3.732157E+00 2.480502E+02
3.318638E+03 1.574600E+06 3.947783E+01 4.180956E-03 2.085724E+02 4.437774E+00 3.732156E+00 2.480502E+02
3.318645E+03 1.574610E+06 3.947783E+01 4.181587E-03 2.085724E+02 4.437773E+00 3.732156E+00 2.480502E+02
3.318652E+03 1.574620E+06 3.947783E+01 4.182201E-03 2.085724E+02 4.437773E+00 3.732155E+00 2.480502E+02
3.318659E+03 1.574630E+06 3.947783E+01 4.182814E-03 2.085724E+02 4.437772E+00 3.732155E+00 2.480502E+02
3.318666E+03 1.574640E+06 3.947783E+01 4.183428E-03 2.085724E+02 4.437772E+00 3.732155E+00 2.480502E+02
3.318673E+03 1.574650E+06 3.947783E+01 4.184047E-03 2.085724E+02 4.437771E+00 3.732154E+00 2.480502E+02
3.318680E+03 1.574660E+06 3.947783E+01 4.184677E-03 2.085724E+02 4.437771E+00 3.732154E+00 2.480502E+02
3.318687E+03 1.574670E+06 3.947783E+01 4.185313E-03 2.085724E+02 4.437770E+00 3.732153E+00 2.480502E+02
3.318694E+03 1.574680E+06 3.947783E+01 4.185941E-03 2.085724E+02 4.437769E+00 3.732153E+00 2.480502E+02
3.318702E+03 1.574690E+06 3.947783E+01 4.186573E-03 2.085724E+02 4.437768E+00 3.732152E+00 2.480502E+02
3.318709E+03 1.574700E+06 3.947783E+01 4.187212E-03 2.085724E+02 4.437768E+00 3.732152E+00 2.480502E+02
3.318716E+03 1.574710E+06 3.947783E+01 4.187854E-03 2.085724E+02 4.437767E+00 3.732152E+00 2.480502E+02
3.318723E+03 1.574720E+06 3.947783E+01 4.188493E-03 2.085724E+02 4.437767E+00 3.732152E+00 2.480502E+02
3.318731E+03 1.574730E+06 3.947783E+01 4.189138E-03 2.085724E+02 4.437767E+00 3.732151E+00 2.480502E+02
3.318738E+03 1.574740E+06 3.947783E+01 4.189779E-03 2.085724E+02 4.437766E+00 3.732151E+00 2.480502E+02
3.318745E+03 1.574750E+06 3.947783E+01 4.190425E-03 2.085724E+02 4.437765E+00 3.732151E+00 2.480502E+02
3.318753E+03 1.574760E+06 3.947783E+01 4.191072E-03 2.085724E+02 4.437766E+00 3.732151E+00 2.480502E+02
3.318760E+03 1.574770E+06 3.947783E+01 4.191718E-03 2.085724E+02 4.437765E+00 3.732151E+00 2.480502E+02
3.318767E+03 1.574780E+06 3.947783E+01 4.192316E-03 2.085724E+02 4.437766E+00 3.732151E+00 2.480502E+02
3.318774E+03 1.574790E+06 3.947783E+01 4.192930E-03 2.085724E+02 4.437766E+00 3.732151E+00 2.480502E+02
3.318781E+03 1.574800E+06 3.947783E+01 4.193564E-03 2.085724E+02 4.437766E+00 3.732151E+00 2.480502E+02
3.318788E+03 1.574810E+06 3.947783E+01 4.194195E-03 2.085724E+02 4.437767E+00 3.732152E+00 2.480502E+02
3.318796E+03 1.574820E+06 3.947783E+01 4.194826E-03 2.085724E+02 4.437766E+00 3.732152E+00 2.480502E+02
3.318803E+03 1.574830E+06 3.947783E+01 4.195458E-03 2.085724E+02 4.437766E+00 3.732152E+00 2.480502E+02
3.318810E+03 1.574840E+06 3.947783E+01 4.196090E-03 2.085724E+02 4.437767E+00 3.732153E+00 2.480502E+02
3.318817E+03 1.574850E+06 3.947783E+01 4.196722E-03 2.085724E+02 4.437767E+00 3.732153E+00 2.480502E+02
3.318825E+03 1.574860E+06 3.947783E+01 4.197353E-03 2.085724E+02 4.437768E+00 3.732154E+00 2.480502E+02
3.318832E+03 1.574870E+06 3.947783E+01 4.197982E-03 2.085724E+02 4.437768E+00 3.732154E+00 2.480502E+02
3.318839E+03 1.574880E+06 3.947783E+01 4.198611E-03 2.085724E+02 4.437769E+00 3.732155E+00 2.480502E+02
3.318846E+03 1.574890E+06 3.947783E+01 4.199241E-03 2.085724E+02 4.437770E+00 3.732156E+00 2.480502E+02
3.318853E+03 1.574900E+06 3.947783E+01 4.199873E-03 2.085724E+02 4.437770E+00 3.732156E+00 2.480502E+02
3.318861E+03 1.574910E+06 3.947783E+01 4.200504E-03 2.085724E+02 4.437771E+00 3.732157E+00 2.480502E+02
3.318868E+03 1.574920E+06 3.947783E+01 4.201135E-03 2.085724E+02 4.437771E+00 3.732157E+00 2.480502E+02
3.318875E+03 1.574930E+06 3.947783E+01 4.201774E-03 2.085724E+02 4.437772E+00 3.732158E+00 2.480502E+02
3.318882E+03 1.574940E+06 3.947783E+01 4.202413E-03 2.085724E+02 4.437773E+00 3.732159E+00 2.480502E+02
3.318890E+03 1.574950E+06 3.947783E+01 4.203054E-03 2.085724E+02 4.437774E+00 3.732160E+00 2.480502E+02
3.318897E+03 1.574960E+06 3.947783E+01 4.203693E-03 2.085724E+02 4.437774E+00 3.732160E+00 2.480502E+02
3.318904E+03 1.574970E+06 3.947783E+01 4.204329E-03 2.085724E+02 4.437775E+00 3.732161E+00 2.480502E+02
3.318912E+03 1.574980E+06 3.947783E+01 4.204969E-03 2.085724E+02 4.437775E+00 3.732161E+00 2.480502E+02
3.318919E+03 1.574990E+06 3.947783E+01 4.205610E-03 2.085724E+02 4.437775E+00 3.732161E+00 2.480502E+02
3.318926E+03 1.575000E+06 3.947783E+01 4.206251E-03 2.085724E+02 4.437776E+00 3.732162E+00 2.480502E+02
3.318934E+03 1.575010E+06 3.947783E+01 4.206894E-03 2.085724E+02 4.437776E+00 3.732162E+00 2.480502E+02
3.318941E+03 1.575020E+06 3.947783E+01 4.207547E-03 2.085724E+02 4.437776E+00 3.732163E+00 2.480502E+02
3.318949E+03 1.575030E+06 3.947783E+01 4.208201E-03 2.085724E+02 4.437777E+00 3.732163E+00 2.480502E+02
3.318956E+03 1.575040E+06 3.947783E+01 4.208856E-03 2.085724E+02 4.437777E+00 3.732163E+00 2.480502E+02
3.318964E+03 1.575050E+06 3.947783E+01 4.209512E-03 2.085724E+02 4.437777E+00 3.732163E+00 2.480502E+02
3.318971E+03 1.575060E+06 3.947783E+01 4.210178E-03 2.085724E+02 4.437777E+00 3.732164E+00 2.480502E+02
3.318979E+03 1.575070E+06 3.947783E+01 4.210849E-03 2.085724E+02 4.437777E+00 3.732164E+00 2.480502E+02
3.318987E+03 1.575080E+06 3.947783E+01 4.211520E-03 2.085724E+02 4.437778E+00 3.732164E+00 2.480502E+02
3.318994E+03 1.575090E+06 3.947783E+01 4.212190E-03 2.085724E+02 4.437778E+00 3.732164E+00 2.480502E+02
3.319002E+03 1.575100E+06 3.947783E+01 4.212861E-03 2.085724E+02 4.437777E+00 3.732164E+00 2.480502E+02
3.319010E+03 1.575110E+06 3.947783E+01 4.213532E-03 2.085724E+02 4.437777E+00 3.732164E+00 2.480502E+02
3.319017E+03 1.575120E+06 3.947783E+01 4.214214E-03 2.085724E+02 4.437777E+00 3.732164E+00 2.480502E+02
3.319026E+03 1.575130E+06 3.947783E+01 4.214917E-03 2.085724E+02 4.437777E+00 3.732165E+00 2.480502E+02
3.319034E+03 1.575140E+06 3.947783E+01 4.215622E-03 2.085724E+02 4.437778E+00 3.732165E+00 2.480502E+02
3.319042E+03 1.575150E+06 3.947783E+01 4.216325E-03 2.085724E+02 4.437778E+00 3.732165E+00 2.480502E+02
3.319050E+03 1.575160E+06 3.947783E+01 4.217029E-03 2.085724E+02 4.437778E+00 3.732165E+00 2.480502E+02
3.319058E+03 1.575170E+06 3.947783E+01 4.217735E-03 2.085724E+02 4.437778E+00 3.732165E+00 2.480502E+02
3.319066E+03 1.575180E+06 3.947783E+01 4.218445E-03 2.085724E+02 4.437778E+00 3.732166E+00 2.480502E+02
3.319074E+03 1.575190E+06 3.947783E+01 4.219160E-03 2.085724E+02 4.437779E+00 3.732166E+00 2.480502E+02
3.319082E+03 1.575200E+06 3.947783E+01 4.219873E-03 2.085724E+02 4.437779E+00 3.732167E+00 2.480502E+02
3.319090E+03 1.575210E+06 3.947783E+01 4.220589E-03 2.085724E+02 4.437779E+00 3.732167E+00 2.480502E+02
3.319099E+03 1.575220E+06 3.947783E+01 4.221304E-03 2.085724E+02 4.437779E+00 3.732167E+00 2.480502E+02
3.319107E+03 1.575230E+06 3.947783E+01 4.222020E-03 2.085724E+02 4.437780E+00 3.732168E+00 2.480502E+02
3.319115E+03 1.575240E+06 3.947783E+01 4.222739E-03 2.085724E+02 4.437780E+00 3.732168E+00 2.480502E+02
3.319123E+03 1.575250E+06 3.947783E+01 4.223455E-03 2.085724E+02 4.437781E+00 3.732169E+00 2.480502E+02
3.319131E+03 1.575260E+06 3.947783E+01 4.224166E-03 2.085724E+02 4.437782E+00 3.732170E+00 2.480502E+02
3.319139E+03 1.575270E+06 3.947783E+01 4.224875E-03 2.085724E+02 4.437783E+00 3.732171E+00 2.480502E+02
3.319148E+03 1.575280E+06 3.947783E+01 4.225583E-03 2.085724E+02 4.437784E+00 3.732172E+00 2.480502E+02
3.319156E+03 1.575290E+06 3.947783E+01 4.226292E-03 2.085724E+02 4.437785E+00 3.732173E+00 2.480502E+02
3.319164E+03 1.575300E+06 3.947783E+01 4.227001E-03 2.085724E+02 4.437787E+00 3.732175E+00 2.480502E+02
3.319172E+03 1.575310E+06 3.947783E+01 4.227720E-03 2.085724E+02 4.437789E+00 3.732177E+00 2.480502E+02
3.319181E+03 1.575320E+06 3.947783E+01 4.228440E-03 2.085724E+02 4.437791E+00 3.732178E+00 2.480502E+02
3.319189E+03 1.575330E+06 3.947783E+01 4.229174E-03 2.085724E+02 4.437793E+00 3.732180E+00 2.480502E+02
3.319198E+03 1.575340E+06 3.947783E+01 4.229915E-03 2.085724E+02 4.437796E+00 3.732182E+00 2.480502E+02
3.319206E+03 1.575350E+06 3.947783E+01 4.230653E-03 2.085724E+02 4.437798E+00 3.732185E+00 2.480502E+02
3.319215E+03 1.575360E+06 3.947783E+01 4.231400E-03 2.085724E+02 4.437801E+00 3.732187E+00 2.480502E+02
3.319224E+03 1.575370E+06 3.947783E+01 4.232154E-03 2.085724E+02 4.437804E+00 3.732189E+00 2.480502E+02
3.319232E+03 1.575380E+06 3.947782E+01 4.232908E-03 2.085724E+02 4.437807E+00 3.732192E+00 2.480502E+02
3.319241E+03 1.575390E+06 3.947782E+01 4.233662E-03 2.085724E+02 4.437809E+00 3.732194E+00 2.480502E+02
3.319250E+03 1.575400E+06 3.947782E+01 4.234418E-03 2.085724E+02 4.437812E+00 3.732197E+00 2.480502E+02
3.319259E+03 1.575410E+06 3.947782E+01 4.235170E-03 2.085724E+02 4.437815E+00 3.732200E+00 2.480502E+02
3.319268E+03 1.575420E+06 3.947782E+01 4.235924E-03 2.085724E+02 4.437819E+00 3.732203E+00 2.480502E+02
3.319276E+03 1.575430E+06 3.947782E+01 4.236678E-03 2.085724E+02 4.437822E+00 3.732205E+00 2.480502E+02
3.319285E+03 1.575440E+06 3.947782E+01 4.237429E-03 2.085724E+02 4.437825E+00 3.732208E+00 2.480502E+02
3.319294E+03 1.575450E+06 3.947782E+01 4.238182E-03 2.085724E+02 4.437828E+00 3.732211E+00 2.480502E+02
3.319303E+03 1.575460E+06 3.947782E+01 4.238934E-03 2.085724E+02 4.437832E+00 3.732214E+00 2.480502E+02
3.319311E+03 1.575470E+06 3.947782E+01 4.239686E-03 2.085724E+02 4.437836E+00 3.732218E+00 2.480502E+02
3.319320E+03 1.575480E+06 3.947782E+01 4.240447E-03 2.085724E+02 4.437839E+00 3.732221E+00 2.480502E+02
3.319329E+03 1.575490E+06 3.947782E+01 4.241208E-03 2.085724E+02 4.437843E+00 3.732224E+00 2.480502E+02
3.319338E+03 1.575500E+06 3.947782E+01 4.241973E-03 2.085724E+02 4.437846E+00 3.732227E+00 2.480502E+02
3.319347E+03 1.575510E+06 3.947782E+01 4.242734E-03 2.085724E+02 4.437851E+00 3.732231E+00 2.480502E+02
3.319356E+03 1.575520E+06 3.947782E+01 4.243496E-03 2.085724E+02 4.437855E+00 3.732234E+00 2.480502E+02
3.319365E+03 1.575530E+06 3.947782E+01 4.244257E-03 2.085724E+02 4.437858E+00 3.732237E+00 2.480502E+02
3.319374E+03 1.575540E+06 3.947782E+01 4.245005E-03 2.085724E+02 4.437862E+00 3.732241E+00 2.480502E+02
3.319382E+03 1.575550E+06 3.947782E+01 4.245723E-03 2.085724E+02 4.437866E+00 3.732244E+00 2.480502E+02
3.319390E+03 1.575560E+06 3.947782E+01 4.246431E-03 2.085724E+02 4.437869E+00 3.732247E+00 2.480502E+02
3.319398E+03 1.575570E+06 3.947782E+01 4.247114E-03 2.085724E+02 4.437873E+00 3.732250E+00 2.480502E+02
3.319406E+03 1.575580E+06 3.947782E+01 4.247781E-03 2.085724E+02 4.437877E+00 3.732253E+00 2.480502E+02
3.319414E+03 1.575590E+06 3.947782E+01 4.248472E-03 2.085724E+02 4.437880E+00 3.732256E+00 2.480502E+02
3.319422E+03 1.575600E+06 3.947782E+01 4.249171E-03 2.085724E+02 4.437884E+00 3.732260E+00 2.480502E+02
3.319431E+03 1.575610E+06 3.947782E+01 4.249866E-03 2.085724E+02 4.437887E+00 3.732263E+00 2.480502E+02
3.319439E+03 1.575620E+06 3.947782E+01 4.250566E-03 2.085724E+02 4.437891E+00 3.732266E+00 2.480502E+02
3.319447E+03 1.575630E+06 3.947782E+01 4.251263E-03 2.085724E+02 4.437895E+00 3.732269E+00 2.480502E+02
3.319455E+03 1.575640E+06 3.947782E+01 4.251963E-03 2.085724E+02 4.437899E+00 3.732273E+00 2.480502E+02
3.319463E+03 1.575650E+06 3.947782E+01 4.252660E-03 2.085724E+02 4.437903E+00 3.732276E+00 2.480502E+02
3.319472E+03 1.575660E+06 3.947782E+01 4.253357E-03 2.085724E+02 4.437907E+00 3.732280E+00 2.480502E+02
3.319480E+03 1.575670E+06 3.947782E+01 4.254055E-03 2.085724E+02 4.437911E+00 3.732283E+00 2.480502E+02
3.319488E+03 1.575680E+06 3.947782E+01 4.254748E-03 2.085724E+02 4.437915E+00 3.732286E+00 2.480502E+02
3.319496E+03 1.575690E+06 3.947782E+01 4.255444E-03 2.085724E+02 4.437919E+00 3.732290E+00 2.480502E+02
3.319504E+03 1.575700E+06 3.947782E+01 4.256138E-03 2.085724E+02 4.437923E+00 3.732294E+00 2.480502E+02
3.319512E+03 1.575710E+06 3.947782E+01 4.256761E-03 2.085724E+02 4.437927E+00 3.732297E+00 2.480502E+02
3.319520E+03 1.575720E+06 3.947782E+01 4.257454E-03 2.085724E+02 4.437932E+00 3.732301E+00 2.480502E+02
3.319528E+03 1.575730E+06 3.947782E+01 4.258139E-03 2.085724E+02 4.437936E+00 3.732305E+00 2.480502E+02
3.319536E+03 1.575740E+06 3.947782E+01 4.258796E-03 2.085724E+02 4.437940E+00 3.732308E+00 2.480502E+02
3.319543E+03 1.575750E+06 3.947782E+01 4.259456E-03 2.085724E+02 4.437944E+00 3.732312E+00 2.480502E+02
3.319551E+03 1.575760E+06 3.947782E+01 4.260115E-03 2.085724E+02 4.437948E+00 3.732316E+00 2.480502E+02
3.319559E+03 1.575770E+06 3.947782E+01 4.260782E-03 2.085724E+02 4.437953E+00 3.732319E+00 2.480502E+02
3.319567E+03 1.575780E+06 3.947782E+01 4.261457E-03 2.085724E+02 4.437957E+00 3.732323E+00 2.480502E+02
3.319575E+03 1.575790E+06 3.947782E+01 4.262132E-03 2.085724E+02 4.437962E+00 3.732327E+00 2.480502E+02
3.319583E+03 1.575800E+06 3.947782E+01 4.262808E-03 2.085724E+02 4.437966E+00 3.732331E+00 2.480502E+02
3.319591E+03 1.575810E+06 3.947782E+01 4.263485E-03 2.085724E+02 4.437970E+00 3.732334E+00 2.480502E+02
3.319599E+03 1.575820E+06 3.947782E+01 4.264160E-03 2.085724E+02 4.437974E+00 3.732338E+00 2.480502E+02
3.319607E+03 1.575830E+06 3.947782E+01 4.264842E-03 2.085724E+02 4.437979E+00 3.732342E+00 2.480502E+02
3.319615E+03 1.575840E+06 3.947782E+01 4.265540E-03 2.085724E+02 4.437983E+00 3.732346E+00 2.480502E+02
3.319623E+03 1.575850E+06 3.947782E+01 4.266244E-03 2.085724E+02 4.437988E+00 3.732350E+00 2.480502E+02
3.319631E+03 1.575860E+06 3.947782E+01 4.266963E-03 2.085724E+02 4.437993E+00 3.732354E+00 2.480502E+02
3.319640E+03 1.575870E+06 3.947782E+01 4.267683E-03 2.085724E+02 4.437997E+00 3.732358E+00 2.480502E+02
3.319648E+03 1.575880E+06 3.947782E+01 4.268401E-03 2.085724E+02 4.438001E+00 3.732361E+00 2.480502E+02
3.319657E+03 1.575890E+06 3.947782E+01 4.269139E-03 2.085724E+02 4.438005E+00 3.732365E+00 2.480502E+02
3.319666E+03 1.575900E+06 3.947782E+01 4.269918E-03 2.085724E+02 4.438010E+00 3.732369E+00 2.480502E+02
3.319675E+03 1.575910E+06 3.947782E+01 4.270692E-03 2.085724E+02 4.438015E+00 3.732374E+00 2.480502E+02
3.319684E+03 1.575920E+06 3.947782E+01 4.271450E-03 2.085724E+02 4.438020E+00 3.732378E+00 2.480502E+02
3.319692E+03 1.575930E+06 3.947782E+01 4.272172E-03 2.085724E+02 4.438024E+00 3.732381E+00 2.480502E+02
3.319701E+03 1.575940E+06 3.947782E+01 4.272894E-03 2.085724E+02 4.438028E+00 3.732385E+00 2.480502E+02
3.319709E+03 1.575950E+06 3.947782E+01 4.273624E-03 2.085724E+02 4.438033E+00 3.732389E+00 2.480502E+02
3.319718E+03 1.575960E+06 3.947782E+01 4.274345E-03 2.085724E+02 4.438038E+00 3.732393E+00 2.480502E+02
3.319726E+03 1.575970E+06 3.947782E+01 4.275063E-03 2.085724E+02 4.438043E+00 3.732397E+00 2.480502E+02
3.319734E+03 1.575980E+06 3.947782E+01 4.275783E-03 2.085724E+02 4.438047E+00 3.732401E+00 2.480502E+02
3.319743E+03 1.575990E+06 3.947782E+01 4.276502E-03 2.085724E+02 4.438051E+00 3.732405E+00 2.480502E+02
3.319751E+03 1.576000E+06 3.947782E+01 4.277220E-03 2.085724E+02 4.438056E+00 3.732409E+00 2.480502E+02
3.319760E+03 1.576010E+06 3.947782E+01 4.277940E-03 2.085724E+02 4.438061E+00 3.732413E+00 2.480502E+02
3.319768E+03 1.576020E+06 3.947782E+01 4.278660E-03 2.085724E+02 4.438066E+00 3.732418E+00 2.480502E+02
3.319777E+03 1.576030E+06 3.947782E+01 4.279379E-03 2.085724E+02 4.438071E+00 3.732422E+00 2.480502E+02
3.319785E+03 1.576040E+06 3.947782E+01 4.280096E-03 2.085724E+02 4.438076E+00 3.732426E+00 2.480502E+02
3.319794E+03 1.576050E+06 3.947782E+01 4.280815E-03 2.085724E+02 4.438081E+00 3.732430E+00 2.480502E+02
3.319802E+03 1.576060E+06 3.947782E+01 4.281537E-03 2.085724E+02 4.438086E+00 3.732435E+00 2.480502E+02
3.319811E+03 1.576070E+06 3.947782E+01 4.282269E-03 2.085724E+02 4.438091E+00 3.732439E+00 2.480502E+02
3.319819E+03 1.576080E+06 3.947782E+01 4.283002E-03 2.085724E+02 4.438096E+00 3.732444E+00 2.480502E+02
3.319828E+03 1.576090E+06 3.947782E+01 4.283730E-03 2.085724E+02 4.438101E+00 3.732448E+00 2.480502E+02
3.319837E+03 1.576100E+06 3.947782E+01 4.284461E-03 2.085724E+02 4.438107E+00 3.732453E+00 2.480502E+02
3.319845E+03 1.576110E+06 3.947782E+01 4.285192E-03 2.085724E+02 4.438112E+00 3.732457E+00 2.480502E+02
3.319854E+03 1.576120E+06 3.947782E+01 4.285929E-03 2.085724E+02 4.438117E+00 3.732461E+00 2.480502E+02
3.319863E+03 1.576130E+06 3.947781E+01 4.286672E-03 2.085724E+02 4.438122E+00 3.732466E+00 2.480502E+02
3.319871E+03 1.576140E+06 3.947781E+01 4.287414E-03 2.085724E+02 4.438127E+00 3.732470E+00 2.480502E+02
3.319880E+03 1.576150E+06 3.947781E+01 4.288159E-03 2.085724E+02 4.438132E+00 3.732474E+00 2.480502E+02
3.319889E+03 1.576160E+06 3.947781E+01 4.288903E-03 2.085724E+02 4.438137E+00 3.732479E+00 2.480502E+02
3.319898E+03 1.576170E+06 3.947781E+01 4.289647E-03 2.085724E+02 4.438142E+00 3.732484E+00 2.480502E+02
3.319907E+03 1.576180E+06 3.947781E+01 4.290418E-03 2.085724E+02 4.438148E+00 3.732488E+00 2.480502E+02
3.319916E+03 1.576190E+06 3.947781E+01 4.291192E-03 2.085724E+02 4.438153E+00 3.732493E+00 2.480502E+02
3.319925E+03 1.576200E+06 3.947781E+01 4.291964E-03 2.085724E+02 4.438157E+00 3.732497E+00 2.480502E+02
3.319934E+03 1.576210E+06 3.947781E+01 4.292736E-03 2.085724E+02 4.438163E+00 3.732501E+00 2.480502E+02
3.319943E+03 1.576220E+06 3.947781E+01 4.293511E-03 2.085724E+02 4.438168E+00 3.732505E+00 2.480502E+02
3.319952E+03 1.576230E+06 3.947781E+01 4.294298E-03 2.085724E+02 4.438173E+00 3.732510E+00 2.480502E+02
3.319962E+03 1.576240E+06 3.947781E+01 4.295101E-03 2.085724E+02 4.438178E+00 3.732514E+00 2.480502E+02
3.319971E+03 1.576250E+06 3.947781E+01 4.295903E-03 2.085724E+02 4.438183E+00 3.732518E+00 2.480502E+02
3.319980E+03 1.576260E+06 3.947781E+01 4.296624E-03 2.085724E+02 4.438187E+00 3.732522E+00 2.480502E+02
3.319988E+03 1.576270E+06 3.947781E+01 4.297347E-03 2.085724E+02 4.438191E+00 3.732526E+00 2.480502E+02
3.319997E+03 1.576280E+06 3.947781E+01 4.298071E-03 2.085724E+02 4.438195E+00 3.732530E+00 2.480502E+02
3.320005E+03 1.576290E+06 3.947781E+01 4.298794E-03 2.085724E+02 4.438200E+00 3.732533E+00 2.480502E+02
3.320014E+03 1.576300E+06 3.947781E+01 4.299516E-03 2.085724E+02 4.438204E+00 3.732537E+00 2.480502E+02
3.320022E+03 1.576310E+06 3.947781E+01 4.300238E-03 2.085724E+02 4.438208E+00 3.732540E+00 2.480502E+02
3.320031E+03 1.576320E+06 3.947781E+01 4.300959E-03 2.085724E+02 4.438212E+00 3.732544E+00 2.480502E+02
3.320039E+03 1.576330E+06 3.947781E+01 4.301677E-03 2.085724E+02 4.438216E+00 3.732548E+00 2.480502E+02
3.320048E+03 1.576340E+06 3.947781E+01 4.302405E-03 2.085724E+02 4.438221E+00 3.732551E+00 2.480502E+02
3.320056E+03 1.576350E+06 3.947781E+01 4.303152E-03 2.085724E+02 4.438225E+00 3.732555E+00 2.480502E+02
3.320065E+03 1.576360E+06 3.947781E+01 4.303899E-03 2.085724E+02 4.438230E+00 3.732559E+00 2.480502E+02
3.320074E+03 1.576370E+06 3.947781E+01 4.304632E-03 2.085724E+02 4.438234E+00 3.732563E+00 2.480502E+02
3.320082E+03 1.576380E+06 3.947781E+01 4.305328E-03 2.085724E+02 4.438239E+00 3.732567E+00 2.480502E+02
3.320090E+03 1.576390E+06 3.947781E+01 4.305993E-03 2.085724E+02 4.438243E+00 3.732571E+00 2.480502E+02
3.320097E+03 1.576400E+06 3.947781E+01 4.306637E-03 2.085724E+02 4.438247E+00 3.732575E+00 2.480502E+02
3.320105E+03 1.576410E+06 3.947781E+01 4.307309E-03 2.085724E+02 4.438252E+00 3.732578E+00 2.480502E+02
3.320113E+03 1.576420E+06 3.947781E+01 4.307980E-03 2.085724E+02 4.438256E+00 3.732582E+00 2.480502E+02
3.320121E+03 1.576430E+06 3.947781E+01 4.308650E-03 2.085724E+02 4.438261E+00 3.732586E+00 2.480502E+02
3.320129E+03 1.576440E+06 3.947781E+01 4.309324E-03 2.085724E+02 4.438265E+00 3.732590E+00 2.480502E+02
3.320137E+03 1.576450E+06 3.947781E+01 4.309995E-03 2.085724E+02 4.438270E+00 3.732594E+00 2.480502E+02
3.320145E+03 1.576460E+06 3.947781E+01 4.310665E-03 2.085724E+02 4.438275E+00 3.732598E+00 2.480502E+02
3.320153E+03 1.576470E+06 3.947781E+01 4.311333E-03 2.085724E+02 4.438280E+00 3.732603E+00 2.480502E+02
3.320161E+03 1.576480E+06 3.947781E+01 4.312002E-03 2.085724E+02 4.438284E+00 3.732607E+00 2.480502E+02
3.320169E+03 1.576490E+06 3.947781E+01 4.312670E-03 2.085724E+02 4.438289E+00 3.732611E+00 2.480502E+02
3.320177E+03 1.576500E+06 3.947781E+01 4.313340E-03 2.085724E+02 4.438294E+00 3.732615E+00 2.480502E+02
3.320184E+03 1.576510E+06 3.947781E+01 4.314008E-03 2.085724E+02 4.438299E+00 3.732619E+00 2.480502E+02
3.320192E+03 1.576520E+06 3.947781E+01 4.314676E-03 2.085724E+02 4.438304E+00 3.732624E+00 2.480502E+02
3.320200E+03 1.576530E+06 3.947781E+01 4.315344E-03 2.085724E+02 4.438309E+00 3.732628E+00 2.480502E+02
3.320208E+03 1.576540E+06 3.947781E+01 4.316015E-03 2.085724E+02 4.438314E+00 3.732632E+00 2.480502E+02
3.320216E+03 1.576550E+06 3.947781E+01 4.316682E-03 2.085724E+02 4.438319E+00 3.732636E+00 2.480502E+02
3.320224E+03 1.576560E+06 3.947781E+01 4.317355E-03 2.085724E+02 4.438323E+00 3.732640E+00 2.480502E+02
3.320232E+03 1.576570E+06 3.947781E+01 4.318025E-03 2.085724E+02 4.438328E+00 3.732644E+00 2.480502E+02
3.320240E+03 1.576580E+06 3.947781E+01 4.318695E-03 2.085724E+02 4.438333E+00 3.732648E+00 2.480502E+02
3.320247E+03 1.576590E+06 3.947781E+01 4.319298E-03 2.085724E+02 4.438337E+00 3.732652E+00 2.480502E+02
3.320255E+03 1.576600E+06 3.947781E+01 4.319956E-03 2.085724E+02 4.438341E+00 3.732656E+00 2.480502E+02
3.320263E+03 1.576610E+06 3.947781E+01 4.320614E-03 2.085724E+02 4.438345E+00 3.732659E+00 2.480502E+02
3.320270E+03 1.576620E+06 3.947781E+01 4.321266E-03 2.085724E+02 4.438349E+00 3.732663E+00 2.480502E+02
3.320278E+03 1.576630E+06 3.947781E+01 4.321904E-03 2.085724E+02 4.438353E+00 3.732666E+00 2.480502E+02
3.320285E+03 1.576640E+06 3.947781E+01 4.322543E-03 2.085724E+02 4.438357E+00 3.732669E+00 2.480502E+02
3.320293E+03 1.576650E+06 3.947781E+01 4.323184E-03 2.085724E+02 4.438361E+00 3.732673E+00 2.480502E+02
3.320301E+03 1.576660E+06 3.947781E+01 4.323834E-03 2.085724E+02 4.438364E+00 3.732676E+00 2.480502E+02
3.320308E+03 1.576670E+06 3.947781E+01 4.324482E-03 2.085724E+02 4.438368E+00 3.732679E+00 2.480502E+02
3.320316E+03 1.576680E+06 3.947781E+01 4.325120E-03 2.085724E+02 4.438372E+00 3.732682E+00 2.480502E+02
3.320323E+03 1.576690E+06 3.947781E+01 4.325756E-03 2.085724E+02 4.438375E+00 3.732685E+00 2.480502E+02
3.320331E+03 1.576700E+06 3.947781E+01 4.326395E-03 2.085724E+02 4.438378E+00 3.732688E+00 2.480502E+02
3.320338E+03 1.576710E+06 3.947781E+01 4.327033E-03 2.085724E+02 4.438381E+00 3.732690E+00 2.480502E+02
3.320346E+03 1.576720E+06 3.947781E+01 4.327676E-03 2.085724E+02 4.438384E+00 3.732693E+00 2.480502E+02
3.320353E+03 1.576730E+06 3.947781E+01 4.328321E-03 2.085724E+02 4.438387E+00 3.732695E+00 2.480502E+02
3.320361E+03 1.576740E+06 3.947781E+01 4.328966E-03 2.085724E+02 4.438390E+00 3.732698E+00 2.480502E+02
3.320368E+03 1.576750E+06 3.947781E+01 4.329611E-03 2.085724E+02 4.438392E+00 3.732700E+00 2.480502E+02
3.320376E+03 1.576760E+06 3.947781E+01 4.330259E-03 2.085724E+02 4.438394E+00 3.732702E+00 2.480502E+02
3.320383E+03 1.576770E+06 3.947781E+01 4.330907E-03 2.085724E+02 4.438396E+00 3.732704E+00 2.480502E+02
3.320391E+03 1.576780E+06 3.947781E+01 4.331554E-03 2.085724E+02 4.438399E+00 3.732706E+00 2.480502E+02
3.320399E+03 1.576790E+06 3.947781E+01 4.332202E-03 2.085724E+02 4.438401E+00 3.732708E+00 2.480502E+02
3.320406E+03 1.576800E+06 3.947781E+01 4.332852E-03 2.085724E+02 4.438403E+00 3.732710E+00 2.480502E+02
3.320414E+03 1.576810E+06 3.947781E+01 4.333502E-03 2.085724E+02 4.438405E+00 3.732711E+00 2.480502E+02
3.320421E+03 1.576820E+06 3.947781E+01 4.334153E-03 2.085724E+02 4.438406E+00 3.732713E+00 2.480502E+02
3.320429E+03 1.576830E+06 3.947781E+01 4.334804E-03 2.085724E+02 4.438407E+00 3.732714E+00 2.480502E+02
3.320436E+03 1.576840E+06 3.947781E+01 4.335454E-03 2.085724E+02 4.438409E+00 3.732715E+00 2.480502E+02
3.320444E+03 1.576850E+06 3.947781E+01 4.336105E-03 2.085724E+02 4.438410E+00 3.732716E+00 2.480502E+02
3.320451E+03 1.576860E+06 3.947781E+01 4.336757E-03 2.085724E+02 4.438412E+00 3.732718E+00 2.480502E+02
3.320459E+03 1.576870E+06 3.947781E+01 4.337406E-03 2.085724E+02 4.438413E+00 3.732719E+00 2.480502E+02
3.320466E+03 1.576880E+06 3.947781E+01 4.338039E-03 2.085724E+02 4.438415E+00 3.732721E+00 2.480502E+02
3.320474E+03 1.576890E+06 3.947781E+01 4.338672E-03 2.085724E+02 4.438417E+00 3.732722E+00 2.480502E+02
3.320481E+03 1.576900E+06 3.947781E+01 4.339303E-03 2.085724E+02 4.438419E+00 3.732724E+00 2.480502E+02
3.320488E+03 1.576910E+06 3.947781E+01 4.339937E-03 2.085724E+02 4.438421E+00 3.732726E+00 2.480502E+02
3.320496E+03 1.576920E+06 3.947781E+01 4.340579E-03 2.085724E+02 4.438423E+00 3.732728E+00 2.480502E+02
3.320503E+03 1.576930E+06 3.947781E+01 4.341220E-03 2.085724E+02 4.438426E+00 3.732730E+00 2.480502E+02
3.320511E+03 1.576940E+06 3.947781E+01 4.341856E-03 2.085724E+02 4.438428E+00 3.732732E+00 2.480502E+02
3.320518E+03 1.576950E+06 3.947781E+01 4.342489E-03 2.085724E+02 4.438431E+00 3.732735E+00 2.480502E+02
3.320526E+03 1.576960E+06 3.947781E+01 4.343120E-03 2.085724E+02 4.438434E+00 3.732737E+00 2.480502E+02
3.320533E+03 1.576970E+06 3.947781E+01 4.343751E-03 2.085724E+02 4.438437E+00 3.732740E+00 2.480502E+02
3.320541E+03 1.576980E+06 3.947781E+01 4.344388E-03 2.085724E+02 4.438440E+00 3.732743E+00 2.480502E+02
3.320548E+03 1.576990E+06 3.947781E+01 4.345028E-03 2.085724E+02 4.438444E+00 3.732746E+00 2.480502E+02
3.320556E+03 1.577000E+06 3.947780E+01 4.345670E-03 2.085724E+02 4.438448E+00 3.732750E+00 2.480502E+02
3.320563E+03 1.577010E+06 3.947780E+01 4.346308E-03 2.085724E+02 4.438451E+00 3.732753E+00 2.480502E+02
3.320571E+03 1.577020E+06 3.947780E+01 4.346946E-03 2.085724E+02 4.438455E+00 3.732756E+00 2.480502E+02
3.320578E+03 1.577030E+06 3.947780E+01 4.347584E-03 2.085724E+02 4.438459E+00 3.732759E+00 2.480502E+02
3.320586E+03 1.577040E+06 3.947780E+01 4.348222E-03 2.085724E+02 4.438463E+00 3.732763E+00 2.480502E+02
3.320594E+03 1.577050E+06 3.947780E+01 4.348880E-03 2.085724E+02 4.438467E+00 3.732766E+00 2.480502E+02
3.320602E+03 1.577060E+06 3.947780E+01 4.349548E-03 2.085724E+02 4.438471E+00 3.732770E+00 2.480502E+02
3.320609E+03 1.577070E+06 3.947780E+01 4.350214E-03 2.085724E+02 4.438476E+00 3.732774E+00 2.480502E+02
3.320617E+03 1.577080E+06 3.947780E+01 4.350846E-03 2.085724E+02 4.438480E+00 3.732777E+00 2.480502E+02
3.320624E+03 1.577090E+06 3.947780E+01 4.351462E-03 2.085724E+02 4.438484E+00 3.732781E+00 2.480502E+02
3.320631E+03 1.577100E+06 3.947780E+01 4.352063E-03 2.085724E+02 4.438488E+00 3.732784E+00 2.480502E+02
3.320639E+03 1.577110E+06 3.947780E+01 4.352676E-03 2.085724E+02 4.438491E+00 3.732787E+00 2.480502E+02
3.320646E+03 1.577120E+06 3.947780E+01 4.353301E-03 2.085724E+02 4.438495E+00 3.732790E+00 2.480502E+02
3.320653E+03 1.577130E+06 3.947780E+01 4.353919E-03 2.085724E+02 4.438498E+00 3.732793E+00 2.480502E+02
3.320661E+03 1.577140E+06 3.947780E+01 4.354537E-03 2.085724E+02 4.438502E+00 3.732797E+00 2.480502E+02
3.320668E+03 1.577150E+06 3.947780E+01 4.355154E-03 2.085724E+02 4.438506E+00 3.732800E+00 2.480502E+02
3.320675E+03 1.577160E+06 3.947780E+01 4.355771E-03 2.085724E+02 4.438509E+00 3.732803E+00 2.480502E+02
3.320683E+03 1.577170E+06 3.947780E+01 4.356391E-03 2.085724E+02 4.438513E+00 3.732806E+00 2.480502E+02
3.320690E+03 1.577180E+06 3.947780E+01 4.357018E-03 2.085724E+02 4.438516E+00 3.732809E+00 2.480502E+02
3.320697E+03 1.577190E+06 3.947780E+01 4.357648E-03 2.085724E+02 4.438519E+00 3.732811E+00 2.480502E+02
3.320705E+03 1.577200E+06 3.947780E+01 4.358268E-03 2.085724E+02 4.438522E+00 3.732814E+00 2.480502E+02
3.320712E+03 1.577210E+06 3.947780E+01 4.358876E-03 2.085724E+02 4.438525E+00 3.732816E+00 2.480502E+02
3.320719E+03 1.577220E+06 3.947780E+01 4.359484E-03 2.085724E+02 4.438528E+00 3.732819E+00 2.480502E+02
3.320726E+03 1.577230E+06 3.947780E+01 4.360092E-03 2.085724E+02 4.438530E+00 3.732821E+00 2.480502E+02
3.320733E+03 1.577240E+06 3.947780E+01 4.360699E-03 2.085724E+02 4.438533E+00 3.732824E+00 2.480502E+02
3.320740E+03 1.577250E+06 3.947780E+01 4.361307E-03 2.085724E+02 4.438536E+00 3.732826E+00 2.480502E+02
3.320747E+03 1.577260E+06 3.947780E+01 4.361916E-03 2.085724E+02 4.438538E+00 3.732828E+00 2.480502E+02
3.320754E+03 1.577270E+06 3.947780E+01 4.362525E-03 2.085724E+02 4.438540E+00 3.732830E+00 2.480502E+02
3.320762E+03 1.577280E+06 3.947780E+01 4.363135E-03 2.085724E+02 4.438542E+00 3.732832E+00 2.480502E+02
3.320769E+03 1.577290E+06 3.947780E+01 4.363745E-03 2.085724E+02 4.438545E+00 3.732834E+00 2.480502E+02
3.320776E+03 1.577300E+06 3.947780E+01 4.364355E-03 2.085724E+02 4.438547E+00 3.732836E+00 2.480502E+02
3.320783E+03 1.577310E+06 3.947780E+01 4.364966E-03 2.085724E+02 4.438549E+00 3.732838E+00 2.480502E+02
3.320790E+03 1.577320E+06 3.947780E+01 4.365586E-03 2.085724E+02 4.438551E+00 3.732840E+00 2.480502E+02
3.320797E+03 1.577330E+06 3.947780E+01 4.366208E-03 2.085724E+02 4.438553E+00 3.732841E+00 2.480502E+02
3.320805E+03 1.577340E+06 3.947780E+01 4.366826E-03 2.085724E+02 4.438554E+00 3.732843E+00 2.480502E+02
3.320812E+03 1.577350E+06 3.947780E+01 4.367437E-03 2.085724E+02 4.438556E+00 3.732844E+00 2.480502E+02
3.320819E+03 1.577360E+06 3.947780E+01 4.368039E-03 2.085724E+02 4.438558E+00 3.732846E+00 2.480502E+02
3.320826E+03 1.577370E+06 3.947780E+01 4.368643E-03 2.085724E+02 4.438560E+00 3.732847E+00 2.480502E+02
3.320833E+03 1.577380E+06 3.947780E+01 4.369249E-03 2.085724E+02 4.438562E+00 3.732849E+00 2.480502E+02
3.320840E+03 1.577390E+06 3.947780E+01 4.369871E-03 2.085724E+02 4.438564E+00 3.732851E+00 2.480502E+02
3.320847E+03 1.577400E+06 3.947780E+01 4.370494E-03 2.085724E+02 4.438565E+00 3.732852E+00 2.480502E+02
3.320854E+03 1.577410E+06 3.947780E+01 4.371115E-03 2.085724E+02 4.438568E+00 3.732854E+00 2.480502E+02
3.320862E+03 1.577420E+06 3.947780E+01 4.371741E-03 2.085724E+02 4.438569E+00 3.732856E+00 2.480502E+02
3.320869E+03 1.577430E+06 3.947780E+01 4.372364E-03 2.085724E+02 4.438571E+00 3.732857E+00 2.480502E+02
3.320876E+03 1.577440E+06 3.947780E+01 4.372986E-03 2.085724E+02 4.438573E+00 3.732859E+00 2.480502E+02
3.320883E+03 1.577450E+06 3.947780E+01 4.373615E-03 2.085724E+02 4.438575E+00 3.732861E+00 2.480502E+02
3.320891E+03 1.577460E+06 3.947780E+01 4.374255E-03 2.085724E+02 4.438576E+00 3.732862E+00 2.480502E+02
3.320898E+03 1.577470E+06 3.947780E+01 4.374879E-03 2.085724E+02 4.438578E+00 3.732864E+00 2.480502E+02
3.320905E+03 1.577480E+06 3.947780E+01 4.375496E-03 2.085724E+02 4.438580E+00 3.732866E+00 2.480502E+02
3.320912E+03 1.577490E+06 3.947780E+01 4.376114E-03 2.085724E+02 4.438582E+00 3.732867E+00 2.480502E+02
3.320919E+03 1.577500E+06 3.947780E+01 4.376732E-03 2.085724E+02 4.438583E+00 3.732869E+00 2.480502E+02
3.320927E+03 1.577510E+06 3.947780E+01 4.377358E-03 2.085724E+02 4.438585E+00 3.732870E+00 2.480502E+02
3.320934E+03 1.577520E+06 3.947780E+01 4.377994E-03 2.085724E+02 4.438587E+00 3.732872E+00 2.480502E+02
3.320941E+03 1.577530E+06 3.947780E+01 4.378641E-03 2.085724E+02 4.438588E+00 3.732873E+00 2.480502E+02
3.320949E+03 1.577540E+06 3.947780E+01 4.379289E-03 2.085724E+02 4.438590E+00 3.732875E+00 2.480502E+02
3.320956E+03 1.577550E+06 3.947780E+01 4.379936E-03 2.085724E+02 4.438592E+00 3.732876E+00 2.480502E+02
3.320964E+03 1.577560E+06 3.947780E+01 4.380582E-03 2.085724E+02 4.438593E+00 3.732878E+00 2.480502E+02
3.320971E+03 1.577570E+06 3.947780E+01 4.381229E-03 2.085724E+02 4.438595E+00 3.732879E+00 2.480502E+02
3.320979E+03 1.577580E+06 3.947780E+01 4.381877E-03 2.085724E+02 4.438596E+00 3.732880E+00 2.480502E+02
3.320986E+03 1.577590E+06 3.947780E+01 4.382544E-03 2.085724E+02 4.438598E+00 3.732882E+00 2.480502E+02
3.320994E+03 1.577600E+06 3.947780E+01 4.383211E-03 2.085724E+02 4.438599E+00 3.732883E+00 2.480502E+02
3.321002E+03 1.577610E+06 3.947780E+01 4.383880E-03 2.085724E+02 4.438601E+00 3.732884E+00 2.480502E+02
3.321009E+03 1.577620E+06 3.947780E+01 4.384549E-03 2.085724E+02 4.438602E+00 3.732885E+00 2.480502E+02
3.321017E+03 1.577630E+06 3.947780E+01 4.385216E-03 2.085724E+02 4.438603E+00 3.732886E+00 2.480502E+02
3.321025E+03 1.577640E+06 3.947780E+01 4.385884E-03 2.085724E+02 4.438604E+00 3.732887E+00 2.480502E+02
3.321032E+03 1.577650E+06 3.947780E+01 4.386557E-03 2.085724E+02 4.438605E+00 3.732888E+00 2.480502E+02
3.321040E+03 1.577660E+06 3.947780E+01 4.387234E-03 2.085724E+02 4.438606E+00 3.732889E+00 2.480502E+02
3.321048E+03 1.577670E+06 3.947780E+01 4.387912E-03 2.085724E+02 4.438607E+00 3.732890E+00 2.480502E+02
3.321055E+03 1.577680E+06 3.947780E+01 4.388578E-03 2.085724E+02 4.438609E+00 3.732892E+00 2.480502E+02
3.321063E+03 1.577690E+06 3.947780E+01 4.389240E-03 2.085724E+02 4.438610E+00 3.732893E+00 2.480502E+02
3.321071E+03 1.577700E+06 3.947780E+01 4.389903E-03 2.085724E+02 4.438611E+00 3.732894E+00 2.480502E+02
3.321078E+03 1.577710E+06 3.947780E+01 4.390566E-03 2.085724E+02 4.438613E+00 3.732895E+00 2.480502E+02
3.321086E+03 1.577720E+06 3.947780E+01 4.391244E-03 2.085724E+02 4.438614E+00 3.732897E+00 2.480502E+02
3.321094E+03 1.577730E+06 3.947780E+01 4.391922E-03 2.085724E+02 4.438616E+00 3.732898E+00 2.480502E+02
3.321102E+03 1.577740E+06 3.947780E+01 4.392602E-03 2.085724E+02 4.438617E+00 3.732900E+00 2.480502E+02
3.321109E+03 1.577750E+06 3.947780E+01 4.393281E-03 2.085724E+02 4.438619E+00 3.732901E+00 2.480502E+02
3.321117E+03 1.577760E+06 3.947780E+01 4.393960E-03 2.085724E+02 4.438621E+00 3.732903E+00 2.480502E+02
3.321125E+03 1.577770E+06 3.947780E+01 4.394638E-03 2.085724E+02 4.438623E+00 3.732904E+00 2.480502E+02
3.321133E+03 1.577780E+06 3.947780E+01 4.395347E-03 2.085724E+02 4.438624E+00 3.732906E+00 2.480502E+02
3.321141E+03 1.577790E+06 3.947779E+01 4.396062E-03 2.085724E+02 4.438626E+00 3.732908E+00 2.480502E+02
3.321150E+03 1.577800E+06 3.947779E+01 4.396776E-03 2.085724E+02 4.438628E+00 3.732909E+00 2.480502E+02
3.321158E+03 1.577810E+06 3.947779E+01 4.397489E-03 2.085724E+02 4.438630E+00 3.732911E+00 2.480502E+02
3.321166E+03 1.577820E+06 3.947779E+01 4.398202E-03 2.085724E+02 4.438632E+00 3.732913E+00 2.480502E+02
3.321174E+03 1.577830E+06 3.947779E+01 4.398916E-03 2.085724E+02 4.438635E+00 3.732915E+00 2.480502E+02
3.321182E+03 1.577840E+06 3.947779E+01 4.399641E-03 2.085724E+02 4.438637E+00 3.732917E+00 2.480502E+02
3.321191E+03 1.577850E+06 3.947779E+01 4.400364E-03 2.085724E+02 4.438639E+00 3.732919E+00 2.480502E+02
3.321199E+03 1.577860E+06 3.947779E+01 4.401079E-03 2.085724E+02 4.438641E+00 3.732921E+00 2.480502E+02
3.321207E+03 1.577870E+06 3.947779E+01 4.401784E-03 2.085724E+02 4.438643E+00 3.732922E+00 2.480502E+02
3.321215E+03 1.577880E+06 3.947779E+01 4.402489E-03 2.085724E+02 4.438645E+00 3.732924E+00 2.480502E+02
3.321223E+03 1.577890E+06 3.947779E+01 4.403194E-03 2.085724E+02 4.438647E+00 3.732926E+00 2.480502E+02
3.321231E+03 1.577900E+06 3.947779E+01 4.403897E-03 2.085724E+02 4.438649E+00 3.732928E+00 2.480502E+02
3.321239E+03 1.577910E+06 3.947779E+01 4.404599E-03 2.085724E+02 4.438651E+00 3.732930E+00 2.480502E+02
3.321247E+03 1.577920E+06 3.947779E+01 4.405303E-03 2.085724E+02 4.438653E+00 3.732931E+00 2.480502E+02
3.321255E+03 1.577930E+06 3.947779E+01 4.406007E-03 2.085724E+02 4.438654E+00 3.732933E+00 2.480502E+02
3.321263E+03 1.577940E+06 3.947779E+01 4.406711E-03 2.085724E+02 4.438656E+00 3.732935E+00 2.480502E+02
3.321271E+03 1.577950E+06 3.947779E+01 4.407414E-03 2.085724E+02 4.438658E+00 3.732936E+00 2.480502E+02
3.321280E+03 1.577960E+06 3.947779E+01 4.408130E-03 2.085724E+02 4.438660E+00 3.732938E+00 2.480502E+02
3.321288E+03 1.577970E+06 3.947779E+01 4.408859E-03 2.085724E+02 4.438661E+00 3.732939E+00 2.480502E+02
3.321296E+03 1.577980E+06 3.947779E+01 4.409588E-03 2.085724E+02 4.438662E+00 3.732940E+00 2.480502E+02
3.321305E+03 1.577990E+06 3.947779E+01 4.410318E-03 2.085724E+02 4.438663E+00 3.732941E+00 2.480502E+02
3.321313E+03 1.578000E+06 3.947779E+01 4.411048E-03 2.085724E+02 4.438665E+00 3.732942E+00 2.480502E+02
3.321321E+03 1.578010E+06 3.947779E+01 4.411715E-03 2.085724E+02 4.438666E+00 3.732944E+00 2.480502E+02
3.321329E+03 1.578020E+06 3.947779E+01 4.412421E-03 2.085724E+02 4.438667E+00 3.732945E+00 2.480502E+02
3.321337E+03 1.578030E+06 3.947779E+01 4.413130E-03 2.085724E+02 4.438669E+00 3.732946E+00 2.480502E+02
3.321345E+03 1.578040E+06 3.947779E+01 4.413828E-03 2.085724E+02 4.438670E+00 3.732948E+00 2.480502E+02
3.321353E+03 1.578050E+06 3.947779E+01 4.414509E-03 2.085724E+02 4.438671E+00 3.732949E+00 2.480502E+02
3.321360E+03 1.578060E+06 3.947779E+01 4.415189E-03 2.085724E+02 4.438672E+00 3.732950E+00 2.480502E+02
3.321368E+03 1.578070E+06 3.947779E+01 4.415869E-03 2.085724E+02 4.438674E+00 3.732951E+00 2.480502E+02
3.321376E+03 1.578080E+06 3.947779E+01 4.416550E-03 2.085724E+02 4.438675E+00 3.732952E+00 2.480502E+02
3.321384E+03 1.578090E+06 3.947779E+01 4.417231E-03 2.085724E+02 4.438677E+00 3.732954E+00 2.480502E+02
3.321391E+03 1.578100E+06 3.947779E+01 4.417907E-03 2.085724E+02 4.438679E+00 3.732955E+00 2.480502E+02
3.321399E+03 1.578110E+06 3.947779E+01 4.418562E-03 2.085724E+02 4.438680E+00 3.732956E+00 2.480502E+02
3.321406E+03 1.578120E+06 3.947779E+01 4.419206E-03 2.085724E+02 4.438681E+00 3.732958E+00 2.480502E+02
3.321414E+03 1.578130E+06 3.947779E+01 4.419850E-03 2.085724E+02 4.438683E+00 3.732959E+00 2.480502E+02
3.321421E+03 1.578140E+06 3.947779E+01 4.420496E-03 2.085724E+02 4.438684E+00 3.732960E+00 2.480502E+02
3.321429E+03 1.578150E+06 3.947779E+01 4.421146E-03 2.085724E+02 4.438685E+00 3.732961E+00 2.480502E+02
3.321436E+03 1.578160E+06 3.947779E+01 4.421795E-03 2.085724E+02 4.438687E+00 3.732963E+00 2.480502E+02
3.321443E+03 1.578170E+06 3.947779E+01 4.422433E-03 2.085724E+02 4.438688E+00 3.732964E+00 2.480502E+02
3.321451E+03 1.578180E+06 3.947779E+01 4.423069E-03 2.085724E+02 4.438689E+00 3.732965E+00 2.480502E+02
3.321458E+03 1.578190E+06 3.947779E+01 4.423707E-03 2.085724E+02 4.438690E+00 3.732966E+00 2.480502E+02
3.321465E+03 1.578200E+06 3.947779E+01 4.424342E-03 2.085724E+02 4.438691E+00 3.732967E+00 2.480502E+02
3.321472E+03 1.578210E+06 3.947779E+01 4.424912E-03 2.085724E+02 4.438693E+00 3.732968E+00 2.480502E+02
3.321479E+03 1.578220E+06 3.947779E+01 4.425547E-03 2.085724E+02 4.438694E+00 3.732969E+00 2.480502E+02
3.321486E+03 1.578230E+06 3.947779E+01 4.426180E-03 2.085724E+02 4.438694E+00 3.732970E+00 2.480502E+02
3.321493E+03 1.578240E+06 3.947779E+01 4.426816E-03 2.085724E+02 4.438695E+00 3.732971E+00 2.480502E+02
3.321500E+03 1.578250E+06 3.947779E+01 4.427449E-03 2.085724E+02 4.438696E+00 3.732971E+00 2.480502E+02
3.321508E+03 1.578260E+06 3.947779E+01 4.428083E-03 2.085724E+02 4.438696E+00 3.732972E+00 2.480502E+02
3.321515E+03 1.578270E+06 3.947779E+01 4.428718E-03 2.085724E+02 4.438697E+00 3.732973E+00 2.480502E+02
3.321522E+03 1.578280E+06 3.947779E+01 4.429357E-03 2.085724E+02 4.438698E+00 3.732973E+00 2.480502E+02
3.321530E+03 1.578290E+06 3.947779E+01 4.430007E-03 2.085724E+02 4.438698E+00 3.732974E+00 2.480502E+02
3.321537E+03 1.578300E+06 3.947779E+01 4.430654E-03 2.085724E+02 4.438698E+00 3.732974E+00 2.480502E+02
3.321544E+03 1.578310E+06 3.947779E+01 4.431301E-03 2.085724E+02 4.438699E+00 3.732974E+00 2.480502E+02
3.321551E+03 1.578320E+06 3.947779E+01 4.431949E-03 2.085724E+02 4.438699E+00 3.732975E+00 2.480502E+02
3.321559E+03 1.578330E+06 3.947779E+01 4.432597E-03 2.085724E+02 4.438699E+00 3.732975E+00 2.480502E+02
3.321566E+03 1.578340E+06 3.947779E+01 4.433246E-03 2.085724E+02 4.438700E+00 3.732975E+00 2.480502E+02
3.321574E+03 1.578350E+06 3.947779E+01 4.433897E-03 2.085724E+02 4.438700E+00 3.732976E+00 2.480502E+02
3.321581E+03 1.578360E+06 3.947779E+01 4.434553E-03 2.085724E+02 4.438701E+00 3.732976E+00 2.480502E+02
3.321588E+03 1.578370E+06 3.947779E+01 4.435210E-03 2.085724E+02 4.438701E+00 3.732977E+00 2.480502E+02
3.321596E+03 1.578380E+06 3.947779E+01 4.435868E-03 2.085724E+02 4.438702E+00 3.732978E+00 2.480502E+02
3.321603E+03 1.578390E+06 3.947779E+01 4.436527E-03 2.085724E+02 4.438703E+00 3.732979E+00 2.480502E+02
3.321611E+03 1.578400E+06 3.947779E+01 4.437184E-03 2.085724E+02 4.438704E+00 3.732979E+00 2.480502E+02
3.321618E+03 1.578410E+06 3.947779E+01 4.437843E-03 2.085724E+02 4.438704E+00 3.732980E+00 2.480502E+02
3.321626E+03 1.578420E+06 3.947779E+01 4.438507E-03 2.085724E+02 4.438705E+00 3.732981E+00 2.480502E+02
3.321633E+03 1.578430E+06 3.947779E+01 4.439169E-03 2.085724E+02 4.438706E+00 3.732982E+00 2.480502E+02
3.321641E+03 1.578440E+06 3.947779E+01 4.439834E-03 2.085724E+02 4.438707E+00 3.732983E+00 2.480502E+02
3.321648E+03 1.578450E+06 3.947779E+01 4.440498E-03 2.085724E+02 4.438708E+00 3.732984E+00 2.480502E+02
3.321656E+03 1.578460E+06 3.947779E+01 4.441160E-03 2.085724E+02 4.438709E+00 3.732985E+00 2.480502E+02
3.321664E+03 1.578470E+06 3.947779E+01 4.441823E-03 2.085724E+02 4.438711E+00 3.732986E+00 2.480502E+02
3.321671E+03 1.578480E+06 3.947779E+01 4.442499E-03 2.085724E+02 4.438712E+00 3.732987E+00 2.480502E+02
3.321679E+03 1.578490E+06 3.947779E+01 4.443180E-03 2.085724E+02 4.438713E+00 3.732989E+00 2.480502E+02
3.321687E+03 1.578500E+06 3.947779E+01 4.443861E-03 2.085724E+02 4.438715E+00 3.732990E+00 2.480502E+02
3.321695E+03 1.578510E+06 3.947779E+01 4.444541E-03 2.085724E+02 4.438716E+00 3.732991E+00 2.480502E+02
3.321702E+03 1.578520E+06 3.947779E+01 4.445220E-03 2.085724E+02 4.438717E+00 3.732992E+00 2.480502E+02
3.321710E+03 1.578530E+06 3.947779E+01 4.445900E-03 2.085724E+02 4.438719E+00 3.732994E+00 2.480502E+02
3.321718E+03 1.578540E+06 3.947779E+01 4.446585E-03 2.085724E+02 4.438721E+00 3.732995E+00 2.480502E+02
3.321726E+03 1.578550E+06 3.947779E+01 4.447266E-03 2.085724E+02 4.438722E+00 3.732997E+00 2.480502E+02
3.321734E+03 1.578560E+06 3.947779E+01 4.447944E-03 2.085724E+02 4.438724E+00 3.732998E+00 2.480502E+02
3.321741E+03 1.578570E+06 3.947779E+01 4.448621E-03 2.085724E+02 4.438726E+00 3.733000E+00 2.480502E+02
3.321749E+03 1.578580E+06 3.947778E+01 4.449296E-03 2.085724E+02 4.438727E+00 3.733001E+00 2.480502E+02
3.321757E+03 1.578590E+06 3.947778E+01 4.449973E-03 2.085724E+02 4.438729E+00 3.733003E+00 2.480502E+02
3.321765E+03 1.578600E+06 3.947778E+01 4.450646E-03 2.085724E+02 4.438730E+00 3.733004E+00 2.480502E+02
3.321772E+03 1.578610E+06 3.947778E+01 4.451311E-03 2.085724E+02 4.438732E+00 3.733006E+00 2.480502E+02
3.321780E+03 1.578620E+06 3.947778E+01 4.451975E-03 2.085724E+02 4.438734E+00 3.733008E+00 2.480502E+02
3.321787E+03 1.578630E+06 3.947778E+01 4.452621E-03 2.085724E+02 4.438736E+00 3.733009E+00 2.480502E+02
3.321795E+03 1.578640E+06 3.947778E+01 4.453252E-03 2.085724E+02 4.438737E+00 3.733010E+00 2.480502E+02
3.321802E+03 1.578650E+06 3.947778E+01 4.453885E-03 2.085724E+02 4.438739E+00 3.733012E+00 2.480502E+02
3.321809E+03 1.578660E+06 3.947778E+01 4.454518E-03 2.085724E+02 4.438740E+00 3.733013E+00 2.480502E+02
3.321817E+03 1.578670E+06 3.947778E+01 4.455153E-03 2.085724E+02 4.438741E+00 3.733014E+00 2.480502E+02
3.321824E+03 1.578680E+06 3.947778E+01 4.455787E-03 2.085724E+02 4.438743E+00 3.733016E+00 2.480502E+02
3.321831E+03 1.578690E+06 3.947778E+01 4.456422E-03 2.085724E+02 4.438744E+00 3.733017E+00 2.480502E+02
3.321839E+03 1.578700E+06 3.947778E+01 4.457057E-03 2.085724E+02 4.438745E+00 3.733018E+00 2.480502E+02
3.321846E+03 1.578710E+06 3.947778E+01 4.457692E-03 2.085724E+02 4.438746E+00 3.733018E+00 2.480502E+02
3.321853E+03 1.578720E+06 3.947778E+01 4.458330E-03 2.085724E+02 4.438746E+00 3.733019E+00 2.480502E+02
3.321861E+03 1.578730E+06 3.947778E+01 4.458967E-03 2.085724E+02 4.438747E+00 3.733019E+00 2.480502E+02
3.321868E+03 1.578740E+06 3.947778E+01 4.459610E-03 2.085724E+02 4.438747E+00 3.733020E+00 2.480502E+02
3.321875E+03 1.578750E+06 3.947778E+01 4.460253E-03 2.085724E+02 4.438747E+00 3.733020E+00 2.480502E+02
3.321883E+03 1.578760E+06 3.947778E+01 4.460893E-03 2.085724E+02 4.438747E+00 3.733020E+00 2.480502E+02
3.321890E+03 1.578770E+06 3.947778E+01 4.461533E-03 2.085724E+02 4.438747E+00 3.733020E+00 2.480502E+02
3.321897E+03 1.578780E+06 3.947778E+01 4.462173E-03 2.085724E+02 4.438747E+00 3.733020E+00 2.480502E+02
3.321905E+03 1.578790E+06 3.947778E+01 4.462818E-03 2.085724E+02 4.438746E+00 3.733020E+00 2.480502E+02
3.321912E+03 1.578800E+06 3.947778E+01 4.463461E-03 2.085724E+02 4.438746E+00 3.733019E+00 2.480502E+02
3.321919E+03 1.578810E+06 3.947778E+01 4.464114E-03 2.085724E+02 4.438745E+00 3.733019E+00 2.480502E+02
3.321927E+03 1.578820E+06 3.947778E+01 4.464767E-03 2.085724E+02 4.438744E+00 3.733018E+00 2.480502E+02
3.321934E+03 1.578830E+06 3.947778E+01 4.465419E-03 2.085724E+02 4.438744E+00 3.733018E+00 2.480502E+02
3.321942E+03 1.578840E+06 3.947778E+01 4.466071E-03 2.085724E+02 4.438743E+00 3.733018E+00 2.480502E+02
3.321949E+03 1.578850E+06 3.947778E+01 4.466704E-03 2.085724E+02 4.438743E+00 3.733017E+00 2.480502E+02
3.321956E+03 1.578860E+06 3.947778E+01 4.467325E-03 2.085724E+02 4.438742E+00 3.733017E+00 2.480502E+02
3.321963E+03 1.578870E+06 3.947778E+01 4.467956E-03 2.085724E+02 4.438742E+00 3.733017E+00 2.480502E+02
3.321971E+03 1.578880E+06 3.947778E+01 4.468599E-03 2.085724E+02 4.438742E+00 3.733017E+00 2.480502E+02
3.321978E+03 1.578890E+06 3.947778E+01 4.469242E-03 2.085724E+02 4.438742E+00 3.733017E+00 2.480502E+02
3.321985E+03 1.578900E+06 3.947778E+01 4.469886E-03 2.085724E+02 4.438742E+00 3.733017E+00 2.480502E+02
3.321993E+03 1.578910E+06 3.947778E+01 4.470525E-03 2.085724E+02 4.438742E+00 3.733017E+00 2.480502E+02
3.322000E+03 1.578920E+06 3.947778E+01 4.471163E-03 2.085724E+02 4.438742E+00 3.733017E+00 2.480502E+02
3.322007E+03 1.578930E+06 3.947778E+01 4.471802E-03 2.085724E+02 4.438743E+00 3.733018E+00 2.480502E+02
3.322015E+03 1.578940E+06 3.947778E+01 4.472439E-03 2.085724E+02 4.438743E+00 3.733018E+00 2.480502E+02
3.322022E+03 1.578950E+06 3.947778E+01 4.473076E-03 2.085724E+02 4.438744E+00 3.733019E+00 2.480502E+02
3.322029E+03 1.578960E+06 3.947778E+01 4.473713E-03 2.085724E+02 4.438744E+00 3.733020E+00 2.480502E+02
3.322036E+03 1.578970E+06 3.947778E+01 4.474349E-03 2.085724E+02 4.438745E+00 3.733020E+00 2.480502E+02
3.322044E+03 1.578980E+06 3.947778E+01 4.474984E-03 2.085724E+02 4.438746E+00 3.733021E+00 2.480502E+02
3.322051E+03 1.578990E+06 3.947778E+01 4.475620E-03 2.085724E+02 4.438746E+00 3.733022E+00 2.480502E+02
3.322058E+03 1.579000E+06 3.947778E+01 4.476253E-03 2.085724E+02 4.438747E+00 3.733022E+00 2.480502E+02
3.322066E+03 1.579010E+06 3.947778E+01 4.476881E-03 2.085724E+02 4.438748E+00 3.733023E+00 2.480502E+02
3.322073E+03 1.579020E+06 3.947778E+01 4.477504E-03 2.085724E+02 4.438749E+00 3.733024E+00 2.480502E+02
3.322080E+03 1.579030E+06 3.947778E+01 4.478128E-03 2.085724E+02 4.438750E+00 3.733025E+00 2.480502E+02
3.322087E+03 1.579040E+06 3.947778E+01 4.478752E-03 2.085724E+02 4.438751E+00 3.733026E+00 2.480502E+02
3.322095E+03 1.579050E+06 3.947778E+01 4.479377E-03 2.085724E+02 4.438752E+00 3.733027E+00 2.480502E+02
3.322102E+03 1.579060E+06 3.947778E+01 4.479998E-03 2.085724E+02 4.438753E+00 3.733028E+00 2.480502E+02
3.322109E+03 1.579070E+06 3.947778E+01 4.480626E-03 2.085724E+02 4.438753E+00 3.733028E+00 2.480502E+02
3.322116E+03 1.579080E+06 3.947778E+01 4.481237E-03 2.085724E+02 4.438754E+00 3.733029E+00 2.480502E+02
3.322123E+03 1.579090E+06 3.947778E+01 4.481841E-03 2.085724E+02 4.438755E+00 3.733030E+00 2.480502E+02
3.322130E+03 1.579100E+06 3.947778E+01 4.482445E-03 2.085724E+02 4.438756E+00 3.733031E+00 2.480502E+02
3.322137E+03 1.579110E+06 3.947778E+01 4.483046E-03 2.085724E+02 4.438757E+00 3.733032E+00 2.480502E+02
3.322144E+03 1.579120E+06 3.947778E+01 4.483651E-03 2.085724E+02 4.438758E+00 3.733032E+00 2.480502E+02
3.322151E+03 1.579130E+06 3.947778E+01 4.484254E-03 2.085724E+02 4.438758E+00 3.733033E+00 2.480502E+02
3.322158E+03 1.579140E+06 3.947778E+01 4.484859E-03 2.085724E+02 4.438759E+00 3.733034E+00 2.480502E+02
3.322165E+03 1.579150E+06 3.947778E+01 4.485462E-03 2.085724E+02 4.438760E+00 3.733034E+00 2.480502E+02
3.322172E+03 1.579160E+06 3.947778E+01 4.486063E-03 2.085724E+02 4.438761E+00 3.733035E+00 2.480502E+02
3.322179E+03 1.579170E+06 3.947778E+01 4.486659E-03 2.085724E+02 4.438761E+00 3.733036E+00 2.480502E+02
3.322186E+03 1.579180E+06 3.947778E+01 4.487254E-03 2.085724E+02 4.438761E+00 3.733036E+00 2.480502E+02
3.322193E+03 1.579190E+06 3.947778E+01 4.487849E-03 2.085724E+02 4.438762E+00 3.733037E+00 2.480502E+02
3.322200E+03 1.579200E+06 3.947778E+01 4.488447E-03 2.085724E+02 4.438762E+00 3.733037E+00 2.480502E+02
3.322206E+03 1.579210E+06 3.947778E+01 4.489043E-03 2.085724E+02 4.438763E+00 3.733038E+00 2.480502E+02
3.322213E+03 1.579220E+06 3.947778E+01 4.489642E-03 2.085724E+02 4.438763E+00 3.733038E+00 2.480502E+02
3.322220E+03 1.579230E+06 3.947778E+01 4.490240E-03 2.085724E+02 4.438764E+00 3.733039E+00 2.480502E+02
3.322227E+03 1.579240E+06 3.947778E+01 4.490839E-03 2.085724E+02 4.438764E+00 3.733039E+00 2.480502E+02
3.322234E+03 1.579250E+06 3.947778E+01 4.491437E-03 2.085724E+02 4.438765E+00 3.733040E+00 2.480502E+02
3.322241E+03 1.579260E+06 3.947778E+01 4.492036E-03 2.085724E+02 4.438765E+00 3.733040E+00 2.480502E+02
3.322248E+03 1.579270E+06 3.947778E+01 4.492635E-03 2.085724E+02 4.438765E+00 3.733040E+00 2.480502E+02
3.322255E+03 1.579280E+06 3.947778E+01 4.493233E-03 2.085724E+02 4.438766E+00 3.733041E+00 2.480502E+02
3.322262E+03 1.579290E+06 3.947778E+01 4.493831E-03 2.085724E+02 4.438766E+00 3.733041E+00 2.480502E+02
3.322269E+03 1.579300E+06 3.947778E+01 4.494431E-03 2.085724E+02 4.438767E+00 3.733042E+00 2.480502E+02
3.322276E+03 1.579310E+06 3.947778E+01 4.495028E-03 2.085724E+02 4.438767E+00 3.733042E+00 2.480502E+02
3.322282E+03 1.579320E+06 3.947778E+01 4.495626E-03 2.085724E+02 4.438768E+00 3.733043E+00 2.480502E+02
3.322289E+03 1.579330E+06 3.947778E+01 4.496223E-03 2.085724E+02 4.438768E+00 3.733043E+00 2.480502E+02
3.322296E+03 1.579340E+06 3.947778E+01 4.496823E-03 2.085724E+02 4.438768E+00 3.733044E+00 2.480502E+02
3.322303E+03 1.579350E+06 3.947778E+01 4.497381E-03 2.085724E+02 4.438768E+00 3.733044E+00 2.480502E+02
3.322309E+03 1.579360E+06 3.947778E+01 4.497954E-03 2.085724E+02 4.438768E+00 3.733044E+00 2.480502E+02
3.322316E+03 1.579370E+06 3.947778E+01 4.498550E-03 2.085724E+02 4.438768E+00 3.733044E+00 2.480502E+02
3.322323E+03 1.579380E+06 3.947778E+01 4.499153E-03 2.085724E+02 4.438768E+00 3.733044E+00 2.480502E+02
3.322330E+03 1.579390E+06 3.947778E+01 4.499759E-03 2.085724E+02 4.438768E+00 3.733044E+00 2.480502E+02
3.322337E+03 1.579400E+06 3.947778E+01 4.500362E-03 2.085724E+02 4.438767E+00 3.733043E+00 2.480502E+02
3.322341E+03 1.579410E+06 3.947778E+01 4.500710E-03 2.085724E+02 4.438768E+00 3.733044E+00 2.480502E+02
3.322346E+03 1.579420E+06 3.947778E+01 4.501115E-03 2.085724E+02 4.438767E+00 3.733044E+00 2.480502E+02
3.322351E+03 1.579430E+06 3.947778E+01 4.501599E-03 2.085724E+02 4.438767E+00 3.733043E+00 2.480502E+02
3.322358E+03 1.579440E+06 3.947778E+01 4.502155E-03 2.085724E+02 4.438766E+00 3.733043E+00 2.480502E+02
3.322365E+03 1.579450E+06 3.947778E+01 4.502759E-03 2.085724E+02 4.438766E+00 3.733042E+00 2.480502E+02
3.322372E+03 1.579460E+06 3.947778E+01 4.503365E-03 2.085724E+02 4.438766E+00 3.733042E+00 2.480502E+02
3.322378E+03 1.579470E+06 3.947778E+01 4.503973E-03 2.085724E+02 4.438765E+00 3.733042E+00 2.480502E+02
3.322385E+03 1.579480E+06 3.947778E+01 4.504581E-03 2.085724E+02 4.438765E+00 3.733042E+00 2.480502E+02
3.322392E+03 1.579490E+06 3.947778E+01 4.505190E-03 2.085724E+02 4.438764E+00 3.733041E+00 2.480502E+02
3.322399E+03 1.579500E+06 3.947778E+01 4.505800E-03 2.085724E+02 4.438763E+00 3.733041E+00 2.480502E+02
3.322406E+03 1.579510E+06 3.947778E+01 4.506411E-03 2.085724E+02 4.438763E+00 3.733041E+00 2.480502E+02
3.322413E+03 1.579520E+06 3.947778E+01 4.507025E-03 2.085724E+02 4.438763E+00 3.733040E+00 2.480502E+02
3.322420E+03 1.579530E+06 3.947778E+01 4.507638E-03 2.085724E+02 4.438762E+00 3.733040E+00 2.480502E+02
3.322427E+03 1.579540E+06 3.947778E+01 4.508252E-03 2.085724E+02 4.438762E+00 3.733040E+00 2.480502E+02
3.322434E+03 1.579550E+06 3.947778E+01 4.508866E-03 2.085724E+02 4.438761E+00 3.733039E+00 2.480502E+02
3.322441E+03 1.579560E+06 3.947778E+01 4.509481E-03 2.085724E+02 4.438760E+00 3.733039E+00 2.480502E+02
3.322448E+03 1.579570E+06 3.947778E+01 4.510097E-03 2.085724E+02 4.438759E+00 3.733038E+00 2.480502E+02
3.322455E+03 1.579580E+06 3.947777E+01 4.510711E-03 2.085724E+02 4.438759E+00 3.733038E+00 2.480502E+02
3.322462E+03 1.579590E+06 3.947777E+01 4.511324E-03 2.085724E+02 4.438758E+00 3.733037E+00 2.480502E+02
3.322469E+03 1.579600E+06 3.947777E+01 4.511938E-03 2.085724E+02 4.438757E+00 3.733037E+00 2.480502E+02
3.322476E+03 1.579610E+06 3.947777E+01 4.512551E-03 2.085724E+02 4.438757E+00 3.733036E+00 2.480502E+02
3.322483E+03 1.579620E+06 3.947777E+01 4.513163E-03 2.085724E+02 4.438756E+00 3.733036E+00 2.480502E+02
3.322490E+03 1.579630E+06 3.947777E+01 4.513775E-03 2.085724E+02 4.438756E+00 3.733036E+00 2.480502E+02
3.322497E+03 1.579640E+06 3.947777E+01 4.514387E-03 2.085724E+02 4.438755E+00 3.733035E+00 2.480502E+02
3.322505E+03 1.579650E+06 3.947777E+01 4.515012E-03 2.085724E+02 4.438755E+00 3.733035E+00 2.480502E+02
3.322512E+03 1.579660E+06 3.947777E+01 4.515638E-03 2.085724E+02 4.438754E+00 3.733035E+00 2.480502E+02
3.322519E+03 1.579670E+06 3.947777E+01 4.516259E-03 2.085724E+02 4.438753E+00 3.733034E+00 2.480502E+02
3.322526E+03 1.579680E+06 3.947777E+01 4.516876E-03 2.085724E+02 4.438753E+00 3.733034E+00 2.480502E+02
3.322533E+03 1.579690E+06 3.947777E+01 4.517495E-03 2.085724E+02 4.438753E+00 3.733034E+00 2.480502E+02
3.322540E+03 1.579700E+06 3.947777E+01 4.518112E-03 2.085724E+02 4.438753E+00 3.733034E+00 2.480502E+02
3.322547E+03 1.579710E+06 3.947777E+01 4.518729E-03 2.085724E+02 4.438752E+00 3.733034E+00 2.480502E+02
3.322554E+03 1.579720E+06 3.947777E+01 4.519354E-03 2.085724E+02 4.438752E+00 3.733034E+00 2.480502E+02
3.322562E+03 1.579730E+06 3.947777E+01 4.519979E-03 2.085724E+02 4.438752E+00 3.733033E+00 2.480502E+02
3.322569E+03 1.579740E+06 3.947777E+01 4.520598E-03 2.085724E+02 4.438751E+00 3.733033E+00 2.480502E+02
3.322576E+03 1.579750E+06 3.947777E+01 4.521215E-03 2.085724E+02 4.438751E+00 3.733033E+00 2.480502E+02
3.322583E+03 1.579760E+06 3.947777E+01 4.521832E-03 2.085724E+02 4.438750E+00 3.733033E+00 2.480502E+02
3.322590E+03 1.579770E+06 3.947777E+01 4.522451E-03 2.085724E+02 4.438750E+00 3.733032E+00 2.480502E+02
3.322597E+03 1.579780E+06 3.947777E+01 4.523069E-03 2.085724E+02 4.438749E+00 3.733032E+00 2.480502E+02
3.322604E+03 1.579790E+06 3.947777E+01 4.523690E-03 2.085724E+02 4.438748E+00 3.733031E+00 2.480502E+02
3.322611E+03 1.579800E+06 3.947777E+01 4.524314E-03 2.085724E+02 4.438748E+00 3.733031E+00 2.480502E+02
3.322618E+03 1.579810E+06 3.947777E+01 4.524938E-03 2.085724E+02 4.438746E+00 3.733030E+00 2.480502E+02
3.322625E+03 1.579820E+06 3.947777E+01 4.525563E-03 2.085724E+02 4.438745E+00 3.733029E+00 2.480502E+02
3.322633E+03 1.579830E+06 3.947777E+01 4.526187E-03 2.085724E+02 4.438744E+00 3.733028E+00 2.480502E+02
3.322640E+03 1.579840E+06 3.947777E+01 4.526811E-03 2.085724E+02 4.438743E+00 3.733027E+00 2.480502E+02
3.322647E+03 1.579850E+06 3.947777E+01 4.527429E-03 2.085724E+02 4.438742E+00 3.733026E+00 2.480502E+02
3.322654E+03 1.579860E+06 3.947777E+01 4.528052E-03 2.085724E+02 4.438741E+00 3.733025E+00 2.480502E+02
3.322661E+03 1.579870E+06 3.947777E+01 4.528678E-03 2.085724E+02 4.438739E+00 3.733024E+00 2.480502E+02
3.322668E+03 1.579880E+06 3.947777E+01 4.529305E-03 2.085724E+02 4.438737E+00 3.733023E+00 2.480502E+02
3.322675E+03 1.579890E+06 3.947777E+01 4.529918E-03 2.085724E+02 4.438735E+00 3.733021E+00 2.480502E+02
3.322682E+03 1.579900E+06 3.947777E+01 4.530532E-03 2.085724E+02 4.438734E+00 3.733020E+00 2.480502E+02
3.322689E+03 1.579910E+06 3.947777E+01 4.531147E-03 2.085724E+02 4.438732E+00 3.733019E+00 2.480502E+02
3.322696E+03 1.579920E+06 3.947777E+01 4.531763E-03 2.085724E+02 4.438730E+00 3.733017E+00 2.480502E+02
3.322703E+03 1.579930E+06 3.947777E+01 4.532375E-03 2.085724E+02 4.438728E+00 3.733016E+00 2.480502E+02
3.322710E+03 1.579940E+06 3.947777E+01 4.532986E-03 2.085724E+02 4.438727E+00 3.733014E+00 2.480502E+02
3.322717E+03 1.579950E+06 3.947777E+01 4.533596E-03 2.085724E+02 4.438725E+00 3.733013E+00 2.480502E+02
3.322724E+03 1.579960E+06 3.947777E+01 4.534204E-03 2.085724E+02 4.438723E+00 3.733011E+00 2.480502E+02
3.322730E+03 1.579970E+06 3.947777E+01 4.534815E-03 2.085724E+02 4.438721E+00 3.733010E+00 2.480502E+02
3.322737E+03 1.579980E+06 3.947777E+01 4.535426E-03 2.085724E+02 4.438719E+00 3.733008E+00 2.480502E+02
3.322744E+03 1.579990E+06 3.947777E+01 4.536038E-03 2.085724E+02 4.438718E+00 3.733007E+00 2.480502E+02
3.322751E+03 1.580000E+06 3.947777E+01 4.536658E-03 2.085724E+02 4.438716E+00 3.733006E+00 2.480502E+02
3.322758E+03 1.580010E+06 3.947777E+01 4.537277E-03 2.085724E+02 4.438714E+00 3.733004E+00 2.480502E+02
3.322765E+03 1.580020E+06 3.947777E+01 4.537901E-03 2.085724E+02 4.438712E+00 3.733003E+00 2.480502E+02
3.322772E+03 1.580030E+06 3.947777E+01 4.538523E-03 2.085724E+02 4.438710E+00 3.733001E+00 2.480502E+02
3.322779E+03 1.580040E+06 3.947777E+01 4.539145E-03 2.085724E+02 4.438707E+00 3.732999E+00 2.480502E+02
3.322786E+03 1.580050E+06 3.947777E+01 4.539770E-03 2.085724E+02 4.438705E+00 3.732998E+00 2.480502E+02
3.322793E+03 1.580060E+06 3.947777E+01 4.540395E-03 2.085724E+02 4.438703E+00 3.732996E+00 2.480502E+02
3.322800E+03 1.580070E+06 3.947777E+01 4.541019E-03 2.085724E+02 4.438701E+00 3.732994E+00 2.480502E+02
3.322808E+03 1.580080E+06 3.947777E+01 4.541653E-03 2.085724E+02 4.438699E+00 3.732992E+00 2.480502E+02
3.322815E+03 1.580090E+06 3.947777E+01 4.542291E-03 2.085724E+02 4.438697E+00 3.732991E+00 2.480502E+02
3.322822E+03 1.580100E+06 3.947777E+01 4.542926E-03 2.085724E+02 4.438695E+00 3.732989E+00 2.480502E+02
3.322829E+03 1.580110E+06 3.947777E+01 4.543557E-03 2.085724E+02 4.438692E+00 3.732987E+00 2.480502E+02
3.322836E+03 1.580120E+06 3.947777E+01 4.544193E-03 2.085724E+02 4.438690E+00 3.732986E+00 2.480502E+02
3.322843E+03 1.580130E+06 3.947777E+01 4.544831E-03 2.085724E+02 4.438688E+00 3.732984E+00 2.480502E+02
3.322850E+03 1.580140E+06 3.947777E+01 4.545476E-03 2.085724E+02 4.438686E+00 3.732982E+00 2.480502E+02
3.322858E+03 1.580150E+06 3.947777E+01 4.546121E-03 2.085724E+02 4.438684E+00 3.732980E+00 2.480502E+02
3.322865E+03 1.580160E+06 3.947777E+01 4.546765E-03 2.085724E+02 4.438682E+00 3.732979E+00 2.480502E+02
3.322872E+03 1.580170E+06 3.947777E+01 4.547409E-03 2.085724E+02 4.438680E+00 3.732977E+00 2.480502E+02
3.322879E+03 1.580180E+06 3.947777E+01 4.548054E-03 2.085724E+02 4.438678E+00 3.732976E+00 2.480502E+02
3.322886E+03 1.580190E+06 3.947777E+01 4.548698E-03 2.085724E+02 4.438675E+00 3.732974E+00 2.480502E+02
3.322894E+03 1.580200E+06 3.947777E+01 4.549345E-03 2.085724E+02 4.438673E+00 3.732972E+00 2.480502E+02
3.322901E+03 1.580210E+06 3.947777E+01 4.550009E-03 2.085724E+02 4.438671E+00 3.732970E+00 2.480502E+02
3.322909E+03 1.580220E+06 3.947777E+01 4.550673E-03 2.085724E+02 4.438669E+00 3.732968E+00 2.480502E+02
3.322916E+03 1.580230E+06 3.947777E+01 4.551336E-03 2.085724E+02 4.438666E+00 3.732967E+00 2.480502E+02
3.322923E+03 1.580240E+06 3.947777E+01 4.551999E-03 2.085724E+02 4.438665E+00 3.732965E+00 2.480502E+02
3.322931E+03 1.580250E+06 3.947777E+01 4.552662E-03 2.085724E+02 4.438663E+00 3.732964E+00 2.480502E+02
3.322938E+03 1.580260E+06 3.947777E+01 4.553326E-03 2.085724E+02 4.438661E+00 3.732962E+00 2.480502E+02
3.322946E+03 1.580270E+06 3.947777E+01 4.553994E-03 2.085724E+02 4.438659E+00 3.732961E+00 2.480502E+02
3.322953E+03 1.580280E+06 3.947777E+01 4.554668E-03 2.085724E+02 4.438658E+00 3.732960E+00 2.480502E+02
3.322961E+03 1.580290E+06 3.947777E+01 4.555339E-03 2.085724E+02 4.438656E+00 3.732959E+00 2.480502E+02
3.322968E+03 1.580300E+06 3.947777E+01 4.556010E-03 2.085724E+02 4.438655E+00 3.732958E+00 2.480502E+02
3.322976E+03 1.580310E+06 3.947777E+01 4.556683E-03 2.085724E+02 4.438653E+00 3.732957E+00 2.480502E+02
3.322983E+03 1.580320E+06 3.947777E+01 4.557323E-03 2.085724E+02 4.438652E+00 3.732956E+00 2.480502E+02
3.322990E+03 1.580330E+06 3.947777E+01 4.557962E-03 2.085724E+02 4.438651E+00 3.732955E+00 2.480502E+02
3.322998E+03 1.580340E+06 3.947777E+01 4.558619E-03 2.085724E+02 4.438650E+00 3.732954E+00 2.480502E+02
3.323005E+03 1.580350E+06 3.947777E+01 4.559282E-03 2.085724E+02 4.438648E+00 3.732953E+00 2.480502E+02
3.323013E+03 1.580360E+06 3.947777E+01 4.559943E-03 2.085724E+02 4.438647E+00 3.732952E+00 2.480502E+02
3.323020E+03 1.580370E+06 3.947777E+01 4.560603E-03 2.085724E+02 4.438646E+00 3.732951E+00 2.480502E+02
3.323028E+03 1.580380E+06 3.947777E+01 4.561256E-03 2.085724E+02 4.438645E+00 3.732950E+00 2.480502E+02
3.323035E+03 1.580390E+06 3.947777E+01 4.561887E-03 2.085724E+02 4.438644E+00 3.732949E+00 2.480502E+02
3.323042E+03 1.580400E+06 3.947777E+01 4.562519E-03 2.085724E+02 4.438643E+00 3.732949E+00 2.480502E+02
3.323049E+03 1.580410E+06 3.947777E+01 4.563178E-03 2.085724E+02 4.438642E+00 3.732948E+00 2.480502E+02
3.323057E+03 1.580420E+06 3.947777E+01 4.563836E-03 2.085724E+02 4.438641E+00 3.732947E+00 2.480502E+02
3.323064E+03 1.580430E+06 3.947777E+01 4.564495E-03 2.085724E+02 4.438640E+00 3.732946E+00 2.480502E+02
3.323071E+03 1.580440E+06 3.947777E+01 4.565153E-03 2.085724E+02 4.438638E+00 3.732945E+00 2.480502E+02
3.323079E+03 1.580450E+06 3.947777E+01 4.565812E-03 2.085724E+02 4.438637E+00 3.732944E+00 2.480502E+02
3.323086E+03 1.580460E+06 3.947777E+01 4.566471E-03 2.085724E+02 4.438636E+00 3.732944E+00 2.480502E+02
3.323094E+03 1.580470E+06 3.947777E+01 4.567135E-03 2.085724E+02 4.438635E+00 3.732943E+00 2.480502E+02
3.323101E+03 1.580480E+06 3.947776E+01 4.567794E-03 2.085724E+02 4.438634E+00 3.732942E+00 2.480502E+02
3.323109E+03 1.580490E+06 3.947776E+01 4.568451E-03 2.085724E+02 4.438633E+00 3.732941E+00 2.480502E+02
3.323116E+03 1.580500E+06 3.947776E+01 4.569112E-03 2.085724E+02 4.438632E+00 3.732940E+00 2.480502E+02
3.323124E+03 1.580510E+06 3.947776E+01 4.569774E-03 2.085724E+02 4.438630E+00 3.732939E+00 2.480502E+02
3.323131E+03 1.580520E+06 3.947776E+01 4.570429E-03 2.085724E+02 4.438629E+00 3.732938E+00 2.480502E+02
3.323138E+03 1.580530E+06 3.947776E+01 4.571091E-03 2.085724E+02 4.438628E+00 3.732937E+00 2.480502E+02
3.323146E+03 1.580540E+06 3.947776E+01 4.571764E-03 2.085724E+02 4.438627E+00 3.732937E+00 2.480502E+02
3.323154E+03 1.580550E+06 3.947776E+01 4.572438E-03 2.085724E+02 4.438625E+00 3.732936E+00 2.480502E+02
3.323161E+03 1.580560E+06 3.947776E+01 4.573111E-03 2.085724E+02 4.438624E+00 3.732935E+00 2.480502E+02
3.323169E+03 1.580570E+06 3.947776E+01 4.573785E-03 2.085724E+02 4.438623E+00 3.732934E+00 2.480502E+02
3.323176E+03 1.580580E+06 3.947776E+01 4.574460E-03 2.085724E+02 4.438621E+00 3.732933E+00 2.480502E+02
3.323184E+03 1.580590E+06 3.947776E+01 4.575135E-03 2.085724E+02 4.438620E+00 3.732931E+00 2.480502E+02
3.323190E+03 1.580600E+06 3.947776E+01 4.575743E-03 2.085724E+02 4.438618E+00 3.732930E+00 2.480502E+02
3.323198E+03 1.580610E+06 3.947776E+01 4.576423E-03 2.085724E+02 4.438616E+00 3.732929E+00 2.480502E+02
3.323206E+03 1.580620E+06 3.947776E+01 4.577103E-03 2.085725E+02 4.438615E+00 3.732928E+00 2.480502E+02
3.323213E+03 1.580630E+06 3.947776E+01 4.577782E-03 2.085725E+02 4.438613E+00 3.732926E+00 2.480502E+02
3.323221E+03 1.580640E+06 3.947776E+01 4.578462E-03 2.085725E+02 4.438611E+00 3.732925E+00 2.480502E+02
3.323228E+03 1.580650E+06 3.947776E+01 4.579142E-03 2.085725E+02 4.438609E+00 3.732923E+00 2.480502E+02
3.323236E+03 1.580660E+06 3.947776E+01 4.579824E-03 2.085725E+02 4.438607E+00 3.732921E+00 2.480502E+02
3.323243E+03 1.580670E+06 3.947776E+01 4.580514E-03 2.085725E+02 4.438605E+00 3.732920E+00 2.480502E+02
3.323251E+03 1.580680E+06 3.947776E+01 4.581206E-03 2.085725E+02 4.438603E+00 3.732918E+00 2.480502E+02
3.323259E+03 1.580690E+06 3.947776E+01 4.581885E-03 2.085725E+02 4.438601E+00 3.732916E+00 2.480502E+02
3.323266E+03 1.580700E+06 3.947776E+01 4.582559E-03 2.085725E+02 4.438599E+00 3.732915E+00 2.480502E+02
3.323274E+03 1.580710E+06 3.947776E+01 4.583234E-03 2.085725E+02 4.438597E+00 3.732913E+00 2.480502E+02
3.323281E+03 1.580720E+06 3.947776E+01 4.583908E-03 2.085725E+02 4.438595E+00 3.732912E+00 2.480502E+02
3.323289E+03 1.580730E+06 3.947776E+01 4.584583E-03 2.085725E+02 4.438593E+00 3.732910E+00 2.480502E+02
3.323296E+03 1.580740E+06 3.947776E+01 4.585261E-03 2.085725E+02 4.438591E+00 3.732909E+00 2.480502E+02
3.323304E+03 1.580750E+06 3.947776E+01 4.585934E-03 2.085725E+02 4.438589E+00 3.732907E+00 2.480502E+02
3.323311E+03 1.580760E+06 3.947776E+01 4.586599E-03 2.085725E+02 4.438587E+00 3.732905E+00 2.480502E+02
3.323318E+03 1.580770E+06 3.947776E+01 4.587266E-03 2.085725E+02 4.438585E+00 3.732904E+00 2.480502E+02
3.323326E+03 1.580780E+06 3.947776E+01 4.587931E-03 2.085725E+02 4.438583E+00 3.732902E+00 2.480502E+02
3.323333E+03 1.580790E+06 3.947776E+01 4.588594E-03 2.085725E+02 4.438581E+00 3.732901E+00 2.480502E+02
3.323341E+03 1.580800E+06 3.947776E+01 4.589271E-03 2.085725E+02 4.438578E+00 3.732899E+00 2.480502E+02
3.323348E+03 1.580810E+06 3.947776E+01 4.589945E-03 2.085725E+02 4.438576E+00 3.732897E+00 2.480502E+02
3.323356E+03 1.580820E+06 3.947776E+01 4.590625E-03 2.085725E+02 4.438574E+00 3.732895E+00 2.480502E+02
3.323363E+03 1.580830E+06 3.947776E+01 4.591307E-03 2.085725E+02 4.438572E+00 3.732894E+00 2.480502E+02
3.323371E+03 1.580840E+06 3.947776E+01 4.591990E-03 2.085725E+02 4.438570E+00 3.732892E+00 2.480502E+02
3.323379E+03 1.580850E+06 3.947776E+01 4.592673E-03 2.085725E+02 4.438568E+00 3.732890E+00 2.480502E+02
3.323386E+03 1.580860E+06 3.947776E+01 4.593355E-03 2.085725E+02 4.438565E+00 3.732888E+00 2.480502E+02
3.323394E+03 1.580870E+06 3.947776E+01 4.594036E-03 2.085725E+02 4.438562E+00 3.732886E+00 2.480502E+02
3.323401E+03 1.580880E+06 3.947776E+01 4.594719E-03 2.085725E+02 4.438559E+00 3.732884E+00 2.480502E+02
3.323409E+03 1.580890E+06 3.947776E+01 4.595414E-03 2.085725E+02 4.438557E+00 3.732882E+00 2.480502E+02
3.323417E+03 1.580900E+06 3.947776E+01 4.596096E-03 2.085725E+02 4.438555E+00 3.732880E+00 2.480502E+02
3.323424E+03 1.580910E+06 3.947776E+01 4.596771E-03 2.085725E+02 4.438553E+00 3.732878E+00 2.480502E+02
3.323431E+03 1.580920E+06 3.947776E+01 4.597446E-03 2.085725E+02 4.438550E+00 3.732876E+00 2.480502E+02
3.323439E+03 1.580930E+06 3.947776E+01 4.598135E-03 2.085725E+02 4.438547E+00 3.732874E+00 2.480502E+02
3.323447E+03 1.580940E+06 3.947776E+01 4.598827E-03 2.085725E+02 4.438544E+00 3.732872E+00 2.480502E+02
3.323454E+03 1.580950E+06 3.947776E+01 4.599519E-03 2.085725E+02 4.438542E+00 3.732870E+00 2.480502E+02
3.323462E+03 1.580960E+06 3.947776E+01 4.600211E-03 2.085725E+02 4.438539E+00 3.732868E+00 2.480502E+02
3.323470E+03 1.580970E+06 3.947776E+01 4.600885E-03 2.085725E+02 4.438537E+00 3.732866E+00 2.480502E+02
3.323477E+03 1.580980E+06 3.947776E+01 4.601551E-03 2.085725E+02 4.438534E+00 3.732864E+00 2.480502E+02
3.323484E+03 1.580990E+06 3.947776E+01 4.602223E-03 2.085725E+02 4.438531E+00 3.732861E+00 2.480502E+02
3.323492E+03 1.581000E+06 3.947776E+01 4.602913E-03 2.085725E+02 4.438529E+00 3.732859E+00 2.480502E+02
3.323499E+03 1.581010E+06 3.947776E+01 4.603596E-03 2.085725E+02 4.438526E+00 3.732857E+00 2.480502E+02
3.323507E+03 1.581020E+06 3.947776E+01 4.604278E-03 2.085725E+02 4.438524E+00 3.732856E+00 2.480502E+02
3.323515E+03 1.581030E+06 3.947776E+01 4.604960E-03 2.085725E+02 4.438522E+00 3.732854E+00 2.480502E+02
3.323522E+03 1.581040E+06 3.947776E+01 4.605640E-03 2.085725E+02 4.438520E+00 3.732852E+00 2.480502E+02
3.323530E+03 1.581050E+06 3.947776E+01 4.606321E-03 2.085725E+02 4.438518E+00 3.732850E+00 2.480502E+02
3.323537E+03 1.581060E+06 3.947776E+01 4.607003E-03 2.085725E+02 4.438516E+00 3.732849E+00 2.480502E+02
3.323545E+03 1.581070E+06 3.947776E+01 4.607683E-03 2.085725E+02 4.438514E+00 3.732847E+00 2.480502E+02
3.323552E+03 1.581080E+06 3.947776E+01 4.608366E-03 2.085725E+02 4.438512E+00 3.732846E+00 2.480502E+02
3.323560E+03 1.581090E+06 3.947776E+01 4.609046E-03 2.085725E+02 4.438510E+00 3.732845E+00 2.480502E+02
3.323567E+03 1.581100E+06 3.947776E+01 4.609727E-03 2.085725E+02 4.438508E+00 3.732843E+00 2.480502E+02
3.323575E+03 1.581110E+06 3.947776E+01 4.610408E-03 2.085725E+02 4.438506E+00 3.732842E+00 2.480502E+02
3.323582E+03 1.581120E+06 3.947776E+01 4.611088E-03 2.085725E+02 4.438505E+00 3.732840E+00 2.480502E+02
3.323590E+03 1.581130E+06 3.947776E+01 4.611760E-03 2.085725E+02 4.438503E+00 3.732839E+00 2.480502E+02
3.323597E+03 1.581140E+06 3.947776E+01 4.612427E-03 2.085725E+02 4.438502E+00 3.732838E+00 2.480502E+02
3.323605E+03 1.581150E+06 3.947776E+01 4.613094E-03 2.085725E+02 4.438500E+00 3.732837E+00 2.480502E+02
3.323612E+03 1.581160E+06 3.947776E+01 4.613756E-03 2.085725E+02 4.438498E+00 3.732836E+00 2.480502E+02
3.323619E+03 1.581170E+06 3.947776E+01 4.614390E-03 2.085725E+02 4.438497E+00 3.732834E+00 2.480502E+02
3.323626E+03 1.581180E+06 3.947776E+01 4.614995E-03 2.085725E+02 4.438495E+00 3.732833E+00 2.480502E+02
3.323633E+03 1.581190E+06 3.947776E+01 4.615613E-03 2.085725E+02 4.438493E+00 3.732831E+00 2.480502E+02
3.323640E+03 1.581200E+06 3.947776E+01 4.616247E-03 2.085725E+02 4.438491E+00 3.732830E+00 2.480502E+02
3.323647E+03 1.581210E+06 3.947776E+01 4.616879E-03 2.085725E+02 4.438489E+00 3.732828E+00 2.480502E+02
3.323654E+03 1.581220E+06 3.947776E+01 4.617514E-03 2.085725E+02 4.438487E+00 3.732827E+00 2.480502E+02
3.323661E+03 1.581230E+06 3.947776E+01 4.618151E-03 2.085725E+02 4.438485E+00 3.732825E+00 2.480502E+02
3.323668E+03 1.581240E+06 3.947776E+01 4.618786E-03 2.085725E+02 4.438482E+00 3.732823E+00 2.480502E+02
3.323675E+03 1.581250E+06 3.947776E+01 4.619422E-03 2.085725E+02 4.438480E+00 3.732821E+00 2.480502E+02
3.323682E+03 1.581260E+06 3.947776E+01 4.620062E-03 2.085725E+02 4.438477E+00 3.732819E+00 2.480502E+02
3.323689E+03 1.581270E+06 3.947776E+01 4.620711E-03 2.085725E+02 4.438474E+00 3.732816E+00 2.480502E+02
3.323696E+03 1.581280E+06 3.947776E+01 4.621360E-03 2.085725E+02 4.438471E+00 3.732814E+00 2.480502E+02
3.323703E+03 1.581290E+06 3.947776E+01 4.622023E-03 2.085725E+02 4.438468E+00 3.732811E+00 2.480502E+02
3.323711E+03 1.581300E+06 3.947776E+01 4.622687E-03 2.085725E+02 4.438465E+00 3.732808E+00 2.480502E+02
3.323718E+03 1.581310E+06 3.947776E+01 4.623352E-03 2.085725E+02 4.438461E+00 3.732806E+00 2.480502E+02
3.323725E+03 1.581320E+06 3.947776E+01 4.624015E-03 2.085725E+02 4.438458E+00 3.732803E+00 2.480502E+02
3.323733E+03 1.581330E+06 3.947776E+01 4.624688E-03 2.085725E+02 4.438454E+00 3.732800E+00 2.480502E+02
3.323740E+03 1.581340E+06 3.947776E+01 4.625368E-03 2.085725E+02 4.438450E+00 3.732797E+00 2.480502E+02
3.323748E+03 1.581350E+06 3.947776E+01 4.626051E-03 2.085725E+02 4.438446E+00 3.732793E+00 2.480502E+02
3.323755E+03 1.581360E+06 3.947776E+01 4.626734E-03 2.085725E+02 4.438442E+00 3.732790E+00 2.480502E+02
3.323762E+03 1.581370E+06 3.947776E+01 4.627417E-03 2.085725E+02 4.438438E+00 3.732787E+00 2.480502E+02
3.323770E+03 1.581380E+06 3.947776E+01 4.628101E-03 2.085725E+02 4.438434E+00 3.732784E+00 2.480502E+02
3.323777E+03 1.581390E+06 3.947776E+01 4.628786E-03 2.085725E+02 4.438431E+00 3.732781E+00 2.480502E+02
3.323785E+03 1.581400E+06 3.947776E+01 4.629481E-03 2.085725E+02 4.438427E+00 3.732778E+00 2.480502E+02
3.323792E+03 1.581410E+06 3.947775E+01 4.630176E-03 2.085725E+02 4.438423E+00 3.732775E+00 2.480502E+02
3.323800E+03 1.581420E+06 3.947775E+01 4.630861E-03 2.085725E+02 4.438419E+00 3.732772E+00 2.480502E+02
3.323807E+03 1.581430E+06 3.947775E+01 4.631539E-03 2.085725E+02 4.438415E+00 3.732768E+00 2.480502E+02
3.323815E+03 1.581440E+06 3.947775E+01 4.632218E-03 2.085725E+02 4.438412E+00 3.732765E+00 2.480502E+02
3.323822E+03 1.581450E+06 3.947775E+01 4.632895E-03 2.085725E+02 4.438408E+00 3.732763E+00 2.480502E+02
3.323829E+03 1.581460E+06 3.947775E+01 4.633574E-03 2.085725E+02 4.438405E+00 3.732760E+00 2.480502E+02
3.323837E+03 1.581470E+06 3.947775E+01 4.634257E-03 2.085725E+02 4.438401E+00 3.732757E+00 2.480502E+02
3.323844E+03 1.581480E+06 3.947775E+01 4.634938E-03 2.085725E+02 4.438398E+00 3.732754E+00 2.480502E+02
3.323852E+03 1.581490E+06 3.947775E+01 4.635620E-03 2.085725E+02 4.438394E+00 3.732751E+00 2.480502E+02
3.323859E+03 1.581500E+06 3.947775E+01 4.636301E-03 2.085725E+02 4.438391E+00 3.732749E+00 2.480502E+02
3.323867E+03 1.581510E+06 3.947775E+01 4.636983E-03 2.085725E+02 4.438387E+00 3.732746E+00 2.480502E+02
3.323874E+03 1.581520E+06 3.947775E+01 4.637665E-03 2.085725E+02 4.438384E+00 3.732743E+00 2.480502E+02
3.323882E+03 1.581530E+06 3.947775E+01 4.638359E-03 2.085725E+02 4.438381E+00 3.732741E+00 2.480502E+02
3.323889E+03 1.581540E+06 3.947775E+01 4.639051E-03 2.085725E+02 4.438377E+00 3.732738E+00 2.480502E+02
3.323897E+03 1.581550E+06 3.947775E+01 4.639746E-03 2.085725E+02 4.438374E+00 3.732735E+00 2.480502E+02
3.323904E+03 1.581560E+06 3.947775E+01 4.640442E-03 2.085725E+02 4.438370E+00 3.732732E+00 2.480502E+02
3.323912E+03 1.581570E+06 3.947775E+01 4.641139E-03 2.085725E+02 4.438366E+00 3.732729E+00 2.480502E+02
3.323919E+03 1.581580E+06 3.947775E+01 4.641835E-03 2.085725E+02 4.438363E+00 3.732726E+00 2.480502E+02
3.323927E+03 1.581590E+06 3.947775E+01 4.642529E-03 2.085725E+02 4.438359E+00 3.732723E+00 2.480502E+02
3.323934E+03 1.581600E+06 3.947775E+01 4.643223E-03 2.085725E+02 4.438355E+00 3.732720E+00 2.480502E+02
3.323942E+03 1.581610E+06 3.947775E+01 4.643916E-03 2.085725E+02 4.438352E+00 3.732717E+00 2.480502E+02
3.323949E+03 1.581620E+06 3.947775E+01 4.644612E-03 2.085725E+02 4.438348E+00 3.732714E+00 2.480502E+02
3.323957E+03 1.581630E+06 3.947775E+01 4.645309E-03 2.085725E+02 4.438344E+00 3.732711E+00 2.480502E+02
3.323964E+03 1.581640E+06 3.947775E+01 4.645976E-03 2.085725E+02 4.438340E+00 3.732707E+00 2.480502E+02
3.323971E+03 1.581650E+06 3.947775E+01 4.646638E-03 2.085725E+02 4.438336E+00 3.732704E+00 2.480502E+02
3.323979E+03 1.581660E+06 3.947775E+01 4.647320E-03 2.085725E+02 4.438332E+00 3.732701E+00 2.480502E+02
3.323986E+03 1.581670E+06 3.947775E+01 4.648006E-03 2.085725E+02 4.438328E+00 3.732698E+00 2.480502E+02
3.323994E+03 1.581680E+06 3.947775E+01 4.648692E-03 2.085725E+02 4.438324E+00 3.732695E+00 2.480502E+02
3.324001E+03 1.581690E+06 3.947775E+01 4.649380E-03 2.085725E+02 4.438320E+00 3.732691E+00 2.480502E+02
3.324009E+03 1.581700E+06 3.947775E+01 4.650070E-03 2.085725E+02 4.438316E+00 3.732688E+00 2.480502E+02
3.324016E+03 1.581710E+06 3.947775E+01 4.650760E-03 2.085725E+02 4.438312E+00 3.732685E+00 2.480502E+02
3.324023E+03 1.581720E+06 3.947775E+01 4.651448E-03 2.085725E+02 4.438308E+00 3.732681E+00 2.480502E+02
3.324031E+03 1.581730E+06 3.947775E+01 4.652135E-03 2.085725E+02 4.438304E+00 3.732678E+00 2.480502E+02
3.324038E+03 1.581740E+06 3.947775E+01 4.652809E-03 2.085725E+02 4.438300E+00 3.732675E+00 2.480502E+02
3.324045E+03 1.581750E+06 3.947775E+01 4.653471E-03 2.085725E+02 4.438297E+00 3.732672E+00 2.480502E+02
3.324053E+03 1.581760E+06 3.947775E+01 4.654131E-03 2.085725E+02 4.438293E+00 3.732669E+00 2.480502E+02
3.324060E+03 1.581770E+06 3.947775E+01 4.654790E-03 2.085725E+02 4.438289E+00 3.732666E+00 2.480502E+02
3.324067E+03 1.581780E+06 3.947775E+01 4.655449E-03 2.085725E+02 4.438285E+00 3.732663E+00 2.480502E+02
3.324074E+03 1.581790E+06 3.947775E+01 4.656109E-03 2.085725E+02 4.438282E+00 3.732660E+00 2.480502E+02
3.324081E+03 1.581800E+06 3.947775E+01 4.656768E-03 2.085725E+02 4.438278E+00 3.732658E+00 2.480502E+02
3.324088E+03 1.581810E+06 3.947775E+01 4.657425E-03 2.085725E+02 4.438275E+00 3.732655E+00 2.480502E+02
3.324095E+03 1.581820E+06 3.947775E+01 4.658081E-03 2.085725E+02 4.438272E+00 3.732652E+00 2.480502E+02
3.324102E+03 1.581830E+06 3.947775E+01 4.658737E-03 2.085725E+02 4.438269E+00 3.732650E+00 2.480502E+02
3.324109E+03 1.581840E+06 3.947775E+01 4.659392E-03 2.085725E+02 4.438266E+00 3.732647E+00 2.480502E+02
3.324117E+03 1.581850E+06 3.947775E+01 4.660046E-03 2.085725E+02 4.438262E+00 3.732645E+00 2.480502E+02
3.324124E+03 1.581860E+06 3.947775E+01 4.660698E-03 2.085725E+02 4.438259E+00 3.732642E+00 2.480502E+02
3.324131E+03 1.581870E+06 3.947775E+01 4.661353E-03 2.085725E+02 4.438257E+00 3.732640E+00 2.480502E+02
3.324138E+03 1.581880E+06 3.947775E+01 4.662007E-03 2.085725E+02 4.438254E+00 3.732638E+00 2.480502E+02
3.324145E+03 1.581890E+06 3.947775E+01 4.662662E-03 2.085725E+02 4.438251E+00 3.732636E+00 2.480502E+02
3.324152E+03 1.581900E+06 3.947775E+01 4.663313E-03 2.085725E+02 4.438249E+00 3.732634E+00 2.480502E+02
3.324159E+03 1.581910E+06 3.947775E+01 4.663965E-03 2.085725E+02 4.438246E+00 3.732631E+00 2.480502E+02
3.324166E+03 1.581920E+06 3.947775E+01 4.664617E-03 2.085725E+02 4.438244E+00 3.732629E+00 2.480502E+02
3.324174E+03 1.581930E+06 3.947775E+01 4.665267E-03 2.085725E+02 4.438241E+00 3.732628E+00 2.480502E+02
3.324181E+03 1.581940E+06 3.947775E+01 4.665918E-03 2.085725E+02 4.438239E+00 3.732626E+00 2.480502E+02
3.324188E+03 1.581950E+06 3.947775E+01 4.666570E-03 2.085725E+02 4.438236E+00 3.732624E+00 2.480502E+02
3.324195E+03 1.581960E+06 3.947775E+01 4.667212E-03 2.085725E+02 4.438234E+00 3.732622E+00 2.480502E+02
3.324202E+03 1.581970E+06 3.947775E+01 4.667847E-03 2.085725E+02 4.438232E+00 3.732620E+00 2.480502E+02
3.324209E+03 1.581980E+06 3.947775E+01 4.668482E-03 2.085725E+02 4.438230E+00 3.732619E+00 2.480502E+02
3.324216E+03 1.581990E+06 3.947775E+01 4.669113E-03 2.085725E+02 4.438228E+00 3.732617E+00 2.480502E+02
3.324223E+03 1.582000E+06 3.947775E+01 4.669755E-03 2.085725E+02 4.438226E+00 3.732615E+00 2.480502E+02
3.324230E+03 1.582010E+06 3.947775E+01 4.670396E-03 2.085725E+02 4.438223E+00 3.732613E+00 2.480502E+02
3.324237E+03 1.582020E+06 3.947775E+01 4.671036E-03 2.085725E+02 4.438221E+00 3.732612E+00 2.480502E+02
3.324244E+03 1.582030E+06 3.947775E+01 4.671672E-03 2.085725E+02 4.438219E+00 3.732610E+00 2.480502E+02
3.324251E+03 1.582040E+06 3.947775E+01 4.672309E-03 2.085725E+02 4.438217E+00 3.732608E+00 2.480502E+02
3.324258E+03 1.582050E+06 3.947775E+01 4.672947E-03 2.085725E+02 4.438215E+00 3.732607E+00 2.480502E+02
3.324265E+03 1.582060E+06 3.947775E+01 4.673584E-03 2.085725E+02 4.438213E+00 3.732605E+00 2.480502E+02
3.324272E+03 1.582070E+06 3.947775E+01 4.674223E-03 2.085725E+02 4.438211E+00 3.732603E+00 2.480502E+02
3.324279E+03 1.582080E+06 3.947775E+01 4.674857E-03 2.085725E+02 4.438208E+00 3.732602E+00 2.480502E+02
3.324285E+03 1.582090E+06 3.947775E+01 4.675489E-03 2.085725E+02 4.438206E+00 3.732600E+00 2.480502E+02
3.324292E+03 1.582100E+06 3.947775E+01 4.676117E-03 2.085725E+02 4.438204E+00 3.732598E+00 2.480502E+02
3.324299E+03 1.582110E+06 3.947775E+01 4.676748E-03 2.085725E+02 4.438202E+00 3.732597E+00 2.480502E+02
3.324306E+03 1.582120E+06 3.947775E+01 4.677377E-03 2.085725E+02 4.438200E+00 3.732595E+00 2.480502E+02
3.324313E+03 1.582130E+06 3.947775E+01 4.678007E-03 2.085725E+02 4.438198E+00 3.732594E+00 2.480502E+02
3.324320E+03 1.582140E+06 3.947775E+01 4.678638E-03 2.085725E+02 4.438196E+00 3.732592E+00 2.480502E+02
3.324327E+03 1.582150E+06 3.947775E+01 4.679274E-03 2.085725E+02 4.438194E+00 3.732590E+00 2.480502E+02
3.324334E+03 1.582160E+06 3.947775E+01 4.679901E-03 2.085725E+02 4.438192E+00 3.732588E+00 2.480502E+02
3.324341E+03 1.582170E+06 3.947775E+01 4.680526E-03 2.085725E+02 4.438190E+00 3.732587E+00 2.480502E+02
3.324348E+03 1.582180E+06 3.947775E+01 4.681151E-03 2.085725E+02 4.438188E+00 3.732585E+00 2.480502E+02
3.324355E+03 1.582190E+06 3.947775E+01 4.681775E-03 2.085725E+02 4.438186E+00 3.732584E+00 2.480502E+02
3.324361E+03 1.582200E+06 3.947775E+01 4.682400E-03 2.085725E+02 4.438184E+00 3.732582E+00 2.480502E+02
3.324368E+03 1.582210E+06 3.947775E+01 4.683033E-03 2.085725E+02 4.438182E+00 3.732580E+00 2.480502E+02
3.324376E+03 1.582220E+06 3.947775E+01 4.683677E-03 2.085725E+02 4.438180E+00 3.732579E+00 2.480502E+02
3.324383E+03 1.582230E+06 3.947775E+01 4.684322E-03 2.085725E+02 4.438178E+00 3.732577E+00 2.480502E+02
3.324390E+03 1.582240E+06 3.947775E+01 4.684966E-03 2.085725E+02 4.438176E+00 3.732576E+00 2.480502E+02
3.324397E+03 1.582250E+06 3.947775E+01 4.685611E-03 2.085725E+02 4.438175E+00 3.732575E+00 2.480502E+02
3.324404E+03 1.582260E+06 3.947775E+01 4.686253E-03 2.085725E+02 4.438173E+00 3.732573E+00 2.480502E+02
3.324411E+03 1.582270E+06 3.947775E+01 4.686894E-03 2.085725E+02 4.438171E+00 3.732572E+00 2.480502E+02
3.324418E+03 1.582280E+06 3.947775E+01 4.687535E-03 2.085725E+02 4.438169E+00 3.732571E+00 2.480502E+02
3.324425E+03 1.582290E+06 3.947775E+01 4.688178E-03 2.085725E+02 4.438168E+00 3.732569E+00 2.480502E+02
3.324432E+03 1.582300E+06 3.947775E+01 4.688821E-03 2.085725E+02 4.438166E+00 3.732568E+00 2.480502E+02
3.324440E+03 1.582310E+06 3.947775E+01 4.689462E-03 2.085725E+02 4.438164E+00 3.732567E+00 2.480502E+02
3.324447E+03 1.582320E+06 3.947775E+01 4.690102E-03 2.085725E+02 4.438163E+00 3.732566E+00 2.480502E+02
3.324454E+03 1.582330E+06 3.947775E+01 4.690742E-03 2.085725E+02 4.438162E+00 3.732565E+00 2.480502E+02
3.324461E+03 1.582340E+06 3.947775E+01 4.691383E-03 2.085725E+02 4.438160E+00 3.732564E+00 2.480502E+02
3.324468E+03 1.582350E+06 3.947775E+01 4.692030E-03 2.085725E+02 4.438158E+00 3.732562E+00 2.480502E+02
3.324475E+03 1.582360E+06 3.947775E+01 4.692683E-03 2.085725E+02 4.438157E+00 3.732561E+00 2.480502E+02
3.324483E+03 1.582370E+06 3.947775E+01 4.693332E-03 2.085725E+02 4.438155E+00 3.732560E+00 2.480502E+02
3.324490E+03 1.582380E+06 3.947775E+01 4.693979E-03 2.085725E+02 4.438154E+00 3.732559E+00 2.480502E+02
3.324497E+03 1.582390E+06 3.947775E+01 4.694628E-03 2.085725E+02 4.438152E+00 3.732557E+00 2.480502E+02
3.324504E+03 1.582400E+06 3.947774E+01 4.695278E-03 2.085725E+02 4.438151E+00 3.732556E+00 2.480502E+02
3.324511E+03 1.582410E+06 3.947774E+01 4.695928E-03 2.085725E+02 4.438149E+00 3.732555E+00 2.480502E+02
3.324519E+03 1.582420E+06 3.947774E+01 4.696593E-03 2.085725E+02 4.438147E+00 3.732554E+00 2.480502E+02
3.324526E+03 1.582430E+06 3.947774E+01 4.697263E-03 2.085725E+02 4.438145E+00 3.732552E+00 2.480502E+02
3.324534E+03 1.582440E+06 3.947774E+01 4.697938E-03 2.085725E+02 4.438143E+00 3.732550E+00 2.480502E+02
3.324541E+03 1.582450E+06 3.947774E+01 4.698610E-03 2.085725E+02 4.438141E+00 3.732549E+00 2.480502E+02
3.324549E+03 1.582460E+06 3.947774E+01 4.699280E-03 2.085725E+02 4.438139E+00 3.732547E+00 2.480502E+02
3.324556E+03 1.582470E+06 3.947774E+01 4.699950E-03 2.085725E+02 4.438137E+00 3.732546E+00 2.480502E+02
3.324563E+03 1.582480E+06 3.947774E+01 4.700626E-03 2.085725E+02 4.438135E+00 3.732544E+00 2.480502E+02
3.324571E+03 1.582490E+06 3.947774E+01 4.701324E-03 2.085725E+02 4.438132E+00 3.732542E+00 2.480502E+02
3.324579E+03 1.582500E+06 3.947774E+01 4.702054E-03 2.085725E+02 4.438129E+00 3.732540E+00 2.480502E+02
3.324588E+03 1.582510E+06 3.947774E+01 4.702806E-03 2.085725E+02 4.438126E+00 3.732537E+00 2.480502E+02
3.324596E+03 1.582520E+06 3.947774E+01 4.703563E-03 2.085725E+02 4.438123E+00 3.732535E+00 2.480502E+02
3.324604E+03 1.582530E+06 3.947774E+01 4.704285E-03 2.085725E+02 4.438121E+00 3.732533E+00 2.480502E+02
3.324612E+03 1.582540E+06 3.947774E+01 4.705007E-03 2.085725E+02 4.438118E+00 3.732530E+00 2.480502E+02
3.324620E+03 1.582550E+06 3.947774E+01 4.705752E-03 2.085725E+02 4.438115E+00 3.732528E+00 2.480502E+02
3.324628E+03 1.582560E+06 3.947774E+01 4.706495E-03 2.085725E+02 4.438111E+00 3.732525E+00 2.480502E+02
3.324636E+03 1.582570E+06 3.947774E+01 4.707238E-03 2.085725E+02 4.438107E+00 3.732522E+00 2.480502E+02
3.324645E+03 1.582580E+06 3.947774E+01 4.707983E-03 2.085725E+02 4.438103E+00 3.732519E+00 2.480502E+02
3.324653E+03 1.582590E+06 3.947774E+01 4.708730E-03 2.085725E+02 4.438100E+00 3.732516E+00 2.480502E+02
3.324661E+03 1.582600E+06 3.947774E+01 4.709474E-03 2.085725E+02 4.438097E+00 3.732513E+00 2.480502E+02
3.324669E+03 1.582610E+06 3.947774E+01 4.710213E-03 2.085725E+02 4.438093E+00 3.732510E+00 2.480502E+02
3.324677E+03 1.582620E+06 3.947774E+01 4.710946E-03 2.085725E+02 4.438089E+00 3.732507E+00 2.480502E+02
3.324685E+03 1.582630E+06 3.947774E+01 4.711678E-03 2.085725E+02 4.438085E+00 3.732504E+00 2.480502E+02
3.324693E+03 1.582640E+06 3.947774E+01 4.712410E-03 2.085725E+02 4.438082E+00 3.732501E+00 2.480502E+02
3.324701E+03 1.582650E+06 3.947774E+01 4.713142E-03 2.085725E+02 4.438078E+00 3.732498E+00 2.480502E+02
3.324709E+03 1.582660E+06 3.947774E+01 4.713872E-03 2.085725E+02 4.438075E+00 3.732496E+00 2.480502E+02
3.324717E+03 1.582670E+06 3.947774E+01 4.714616E-03 2.085725E+02 4.438071E+00 3.732492E+00 2.480502E+02
3.324726E+03 1.582680E+06 3.947774E+01 4.715362E-03 2.085725E+02 4.438067E+00 3.732489E+00 2.480502E+02
3.324734E+03 1.582690E+06 3.947774E+01 4.716108E-03 2.085725E+02 4.438063E+00 3.732486E+00 2.480502E+02
3.324742E+03 1.582700E+06 3.947774E+01 4.716851E-03 2.085725E+02 4.438060E+00 3.732483E+00 2.480502E+02
3.324750E+03 1.582710E+06 3.947774E+01 4.717594E-03 2.085725E+02 4.438056E+00 3.732481E+00 2.480502E+02
3.324758E+03 1.582720E+06 3.947774E+01 4.718272E-03 2.085725E+02 4.438053E+00 3.732478E+00 2.480502E+02
3.324765E+03 1.582730E+06 3.947774E+01 4.718958E-03 2.085725E+02 4.438050E+00 3.732475E+00 2.480502E+02
3.324773E+03 1.582740E+06 3.947774E+01 4.719634E-03 2.085725E+02 4.438047E+00 3.732473E+00 2.480502E+02
3.324780E+03 1.582750E+06 3.947774E+01 4.720315E-03 2.085725E+02 4.438044E+00 3.732471E+00 2.480502E+02
3.324788E+03 1.582760E+06 3.947774E+01 4.720998E-03 2.085725E+02 4.438041E+00 3.732468E+00 2.480502E+02
3.324795E+03 1.582770E+06 3.947774E+01 4.721660E-03 2.085725E+02 4.438039E+00 3.732466E+00 2.480502E+02
3.324802E+03 1.582780E+06 3.947774E+01 4.722318E-03 2.085725E+02 4.438036E+00 3.732464E+00 2.480502E+02
3.324810E+03 1.582790E+06 3.947774E+01 4.722981E-03 2.085725E+02 4.438033E+00 3.732462E+00 2.480502E+02
3.324817E+03 1.582800E+06 3.947774E+01 4.723652E-03 2.085725E+02 4.438030E+00 3.732460E+00 2.480502E+02
3.324824E+03 1.582810E+06 3.947774E+01 4.724323E-03 2.085725E+02 4.438028E+00 3.732458E+00 2.480502E+02
3.324832E+03 1.582820E+06 3.947774E+01 4.725010E-03 2.085725E+02 4.438025E+00 3.732456E+00 2.480502E+02
3.324840E+03 1.582830E+06 3.947774E+01 4.725694E-03 2.085725E+02 4.438023E+00 3.732454E+00 2.480502E+02
3.324847E+03 1.582840E+06 3.947774E+01 4.726380E-03 2.085725E+02 4.438021E+00 3.732452E+00 2.480502E+02
3.324855E+03 1.582850E+06 3.947774E+01 4.727059E-03 2.085725E+02 4.438018E+00 3.732450E+00 2.480502E+02
3.324863E+03 1.582860E+06 3.947774E+01 4.727744E-03 2.085725E+02 4.438016E+00 3.732448E+00 2.480502E+02
3.324870E+03 1.582870E+06 3.947774E+01 4.728431E-03 2.085725E+02 4.438014E+00 3.732447E+00 2.480502E+02
3.324878E+03 1.582880E+06 3.947774E+01 4.729117E-03 2.085725E+02 4.438012E+00 3.732445E+00 2.480502E+02
3.324886E+03 1.582890E+06 3.947774E+01 4.729804E-03 2.085725E+02 4.438010E+00 3.732444E+00 2.480502E+02
3.324893E+03 1.582900E+06 3.947774E+01 4.730489E-03 2.085725E+02 4.438009E+00 3.732443E+00 2.480502E+02
3.324901E+03 1.582910E+06 3.947774E+01 4.731175E-03 2.085725E+02 4.438007E+00 3.732442E+00 2.480502E+02
3.324909E+03 1.582920E+06 3.947774E+01 4.731864E-03 2.085725E+02 4.438006E+00 3.732441E+00 2.480502E+02
3.324916E+03 1.582930E+06 3.947774E+01 4.732551E-03 2.085725E+02 4.438005E+00 3.732440E+00 2.480502E+02
3.324924E+03 1.582940E+06 3.947774E+01 4.733247E-03 2.085725E+02 4.438003E+00 3.732438E+00 2.480502E+02
3.324932E+03 1.582950E+06 3.947774E+01 4.733943E-03 2.085725E+02 4.438001E+00 3.732437E+00 2.480502E+02
3.324940E+03 1.582960E+06 3.947774E+01 4.734635E-03 2.085725E+02 4.438000E+00 3.732436E+00 2.480502E+02
3.324948E+03 1.582970E+06 3.947774E+01 4.735327E-03 2.085725E+02 4.437999E+00 3.732435E+00 2.480502E+02
3.324955E+03 1.582980E+06 3.947774E+01 4.736021E-03 2.085725E+02 4.437998E+00 3.732434E+00 2.480502E+02
3.324963E+03 1.582990E+06 3.947774E+01 4.736723E-03 2.085725E+02 4.437997E+00 3.732434E+00 2.480502E+02
3.324971E+03 1.583000E+06 3.947774E+01 4.737426E-03 2.085725E+02 4.437996E+00 3.732433E+00 2.480502E+02
3.324979E+03 1.583010E+06 3.947774E+01 4.738130E-03 2.085725E+02 4.437994E+00 3.732432E+00 2.480502E+02
3.324987E+03 1.583020E+06 3.947774E+01 4.738828E-03 2.085725E+02 4.437993E+00 3.732431E+00 2.480502E+02
3.324995E+03 1.583030E+06 3.947774E+01 4.739530E-03 2.085725E+02 4.437991E+00 3.732429E+00 2.480502E+02
3.325003E+03 1.583040E+06 3.947774E+01 4.740233E-03 2.085725E+02 4.437990E+00 3.732429E+00 2.480502E+02
3.325011E+03 1.583050E+06 3.947774E+01 4.740946E-03 2.085725E+02 4.437989E+00 3.732428E+00 2.480502E+02
3.325019E+03 1.583060E+06 3.947774E+01 4.741660E-03 2.085725E+02 4.437988E+00 3.732427E+00 2.480502E+02
3.325027E+03 1.583070E+06 3.947774E+01 4.742376E-03 2.085725E+02 4.437987E+00 3.732426E+00 2.480502E+02
3.325035E+03 1.583080E+06 3.947774E+01 4.743090E-03 2.085725E+02 4.437985E+00 3.732425E+00 2.480502E+02
3.325043E+03 1.583090E+06 3.947774E+01 4.743803E-03 2.085725E+02 4.437983E+00 3.732424E+00 2.480502E+02
3.325051E+03 1.583100E+06 3.947774E+01 4.744516E-03 2.085725E+02 4.437982E+00 3.732422E+00 2.480502E+02
3.325059E+03 1.583110E+06 3.947774E+01 4.745237E-03 2.085725E+02 4.437980E+00 3.732421E+00 2.480502E+02
3.325068E+03 1.583120E+06 3.947774E+01 4.745967E-03 2.085725E+02 4.437979E+00 3.732420E+00 2.480502E+02
3.325076E+03 1.583130E+06 3.947774E+01 4.746695E-03 2.085725E+02 4.437977E+00 3.732419E+00 2.480502E+02
3.325084E+03 1.583140E+06 3.947774E+01 4.747424E-03 2.085725E+02 4.437976E+00 3.732418E+00 2.480502E+02
3.325092E+03 1.583150E+06 3.947774E+01 4.748150E-03 2.085725E+02 4.437974E+00 3.732417E+00 2.480502E+02
3.325100E+03 1.583160E+06 3.947774E+01 4.748877E-03 2.085725E+02 4.437973E+00 3.732416E+00 2.480502E+02
3.325109E+03 1.583170E+06 3.947773E+01 4.749615E-03 2.085725E+02 4.437971E+00 3.732414E+00 2.480502E+02
3.325117E+03 1.583180E+06 3.947773E+01 4.750325E-03 2.085725E+02 4.437969E+00 3.732413E+00 2.480502E+02
3.325124E+03 1.583190E+06 3.947773E+01 4.751023E-03 2.085725E+02 4.437968E+00 3.732412E+00 2.480502E+02
3.325132E+03 1.583200E+06 3.947773E+01 4.751719E-03 2.085725E+02 4.437966E+00 3.732410E+00 2.480502E+02
3.325140E+03 1.583210E+06 3.947773E+01 4.752416E-03 2.085725E+02 4.437965E+00 3.732409E+00 2.480502E+02
3.325148E+03 1.583220E+06 3.947773E+01 4.753114E-03 2.085725E+02 4.437963E+00 3.732408E+00 2.480502E+02
3.325156E+03 1.583230E+06 3.947773E+01 4.753817E-03 2.085725E+02 4.437962E+00 3.732407E+00 2.480502E+02
3.325164E+03 1.583240E+06 3.947773E+01 4.754509E-03 2.085725E+02 4.437960E+00 3.732406E+00 2.480502E+02
3.325171E+03 1.583250E+06 3.947773E+01 4.755174E-03 2.085725E+02 4.437959E+00 3.732405E+00 2.480502E+02
3.325178E+03 1.583260E+06 3.947773E+01 4.755839E-03 2.085725E+02 4.437958E+00 3.732404E+00 2.480502E+02
3.325186E+03 1.583270E+06 3.947773E+01 4.756505E-03 2.085725E+02 4.437957E+00 3.732404E+00 2.480502E+02
3.325193E+03 1.583280E+06 3.947773E+01 4.757169E-03 2.085725E+02 4.437956E+00 3.732403E+00 2.480502E+02
3.325201E+03 1.583290E+06 3.947773E+01 4.757833E-03 2.085725E+02 4.437955E+00 3.732402E+00 2.480502E+02
3.325208E+03 1.583300E+06 3.947773E+01 4.758493E-03 2.085725E+02 4.437955E+00 3.732402E+00 2.480502E+02
3.325216E+03 1.583310E+06 3.947773E+01 4.759150E-03 2.085725E+02 4.437954E+00 3.732402E+00 2.480502E+02
3.325223E+03 1.583320E+06 3.947773E+01 4.759807E-03 2.085725E+02 4.437954E+00 3.732402E+00 2.480502E+02
3.325231E+03 1.583330E+06 3.947773E+01 4.760463E-03 2.085725E+02 4.437954E+00 3.732402E+00 2.480502E+02
3.325238E+03 1.583340E+06 3.947773E+01 4.761098E-03 2.085725E+02 4.437954E+00 3.732402E+00 2.480502E+02
3.325245E+03 1.583350E+06 3.947773E+01 4.761732E-03 2.085725E+02 4.437954E+00 3.732401E+00 2.480502E+02
3.325252E+03 1.583360E+06 3.947773E+01 4.762375E-03 2.085725E+02 4.437953E+00 3.732401E+00 2.480502E+02
3.325259E+03 1.583370E+06 3.947773E+01 4.763024E-03 2.085725E+02 4.437953E+00 3.732401E+00 2.480502E+02
3.325267E+03 1.583380E+06 3.947773E+01 4.763674E-03 2.085725E+02 4.437953E+00 3.732401E+00 2.480502E+02
3.325274E+03 1.583390E+06 3.947773E+01 4.764324E-03 2.085725E+02 4.437952E+00 3.732401E+00 2.480502E+02
3.325281E+03 1.583400E+06 3.947773E+01 4.764979E-03 2.085725E+02 4.437952E+00 3.732401E+00 2.480502E+02
3.325289E+03 1.583410E+06 3.947773E+01 4.765632E-03 2.085725E+02 4.437952E+00 3.732400E+00 2.480502E+02
3.325296E+03 1.583420E+06 3.947773E+01 4.766283E-03 2.085725E+02 4.437951E+00 3.732400E+00 2.480502E+02
3.325303E+03 1.583430E+06 3.947773E+01 4.766935E-03 2.085725E+02 4.437950E+00 3.732400E+00 2.480502E+02
3.325311E+03 1.583440E+06 3.947773E+01 4.767587E-03 2.085725E+02 4.437950E+00 3.732399E+00 2.480502E+02
3.325318E+03 1.583450E+06 3.947773E+01 4.768241E-03 2.085725E+02 4.437949E+00 3.732399E+00 2.480502E+02
3.325325E+03 1.583460E+06 3.947773E+01 4.768893E-03 2.085725E+02 4.437948E+00 3.732398E+00 2.480502E+02
3.325333E+03 1.583470E+06 3.947773E+01 4.769545E-03 2.085725E+02 4.437948E+00 3.732398E+00 2.480502E+02
3.325340E+03 1.583480E+06 3.947773E+01 4.770198E-03 2.085725E+02 4.437947E+00 3.732397E+00 2.480502E+02
3.325347E+03 1.583490E+06 3.947773E+01 4.770853E-03 2.085725E+02 4.437946E+00 3.732397E+00 2.480502E+02
3.325355E+03 1.583500E+06 3.947773E+01 4.771519E-03 2.085725E+02 4.437946E+00 3.732396E+00 2.480502E+02
3.325362E+03 1.583510E+06 3.947773E+01 4.772190E-03 2.085725E+02 4.437945E+00 3.732396E+00 2.480502E+02
3.325370E+03 1.583520E+06 3.947773E+01 4.772854E-03 2.085725E+02 4.437944E+00 3.732395E+00 2.480502E+02
3.325377E+03 1.583530E+06 3.947773E+01 4.773519E-03 2.085725E+02 4.437944E+00 3.732395E+00 2.480502E+02
3.325385E+03 1.583540E+06 3.947773E+01 4.774187E-03 2.085725E+02 4.437943E+00 3.732395E+00 2.480502E+02
3.325392E+03 1.583550E+06 3.947773E+01 4.774855E-03 2.085725E+02 4.437942E+00 3.732394E+00 2.480502E+02
3.325399E+03 1.583560E+06 3.947773E+01 4.775522E-03 2.085725E+02 4.437942E+00 3.732394E+00 2.480502E+02
3.325407E+03 1.583570E+06 3.947773E+01 4.776187E-03 2.085725E+02 4.437941E+00 3.732393E+00 2.480502E+02
3.325414E+03 1.583580E+06 3.947773E+01 4.776854E-03 2.085725E+02 4.437940E+00 3.732393E+00 2.480502E+02
3.325422E+03 1.583590E+06 3.947773E+01 4.777522E-03 2.085725E+02 4.437940E+00 3.732392E+00 2.480502E+02
3.325429E+03 1.583600E+06 3.947773E+01 4.778190E-03 2.085725E+02 4.437939E+00 3.732392E+00 2.480502E+02
3.325437E+03 1.583610E+06 3.947773E+01 4.778859E-03 2.085725E+02 4.437938E+00 3.732391E+00 2.480502E+02
3.325444E+03 1.583620E+06 3.947773E+01 4.779524E-03 2.085725E+02 4.437937E+00 3.732390E+00 2.480502E+02
3.325452E+03 1.583630E+06 3.947773E+01 4.780205E-03 2.085725E+02 4.437936E+00 3.732390E+00 2.480502E+02
3.325459E+03 1.583640E+06 3.947773E+01 4.780888E-03 2.085725E+02 4.437935E+00 3.732389E+00 2.480502E+02
3.325467E+03 1.583650E+06 3.947773E+01 4.781575E-03 2.085725E+02 4.437935E+00 3.732389E+00 2.480502E+02
3.325475E+03 1.583660E+06 3.947773E+01 4.782261E-03 2.085725E+02 4.437934E+00 3.732388E+00 2.480502E+02
3.325482E+03 1.583670E+06 3.947773E+01 4.782947E-03 2.085725E+02 4.437933E+00 3.732387E+00 2.480502E+02
3.325490E+03 1.583680E+06 3.947773E+01 4.783608E-03 2.085725E+02 4.437932E+00 3.732387E+00 2.480502E+02
3.325497E+03 1.583690E+06 3.947773E+01 4.784245E-03 2.085725E+02 4.437931E+00 3.732386E+00 2.480502E+02
3.325505E+03 1.583700E+06 3.947773E+01 4.784928E-03 2.085725E+02 4.437930E+00 3.732386E+00 2.480502E+02
3.325512E+03 1.583710E+06 3.947773E+01 4.785604E-03 2.085725E+02 4.437929E+00 3.732385E+00 2.480502E+02
3.325520E+03 1.583720E+06 3.947773E+01 4.786278E-03 2.085725E+02 4.437928E+00 3.732384E+00 2.480502E+02
3.325527E+03 1.583730E+06 3.947773E+01 4.786940E-03 2.085725E+02 4.437928E+00 3.732384E+00 2.480502E+02
3.325534E+03 1.583740E+06 3.947773E+01 4.787583E-03 2.085725E+02 4.437927E+00 3.732383E+00 2.480502E+02
3.325542E+03 1.583750E+06 3.947773E+01 4.788229E-03 2.085725E+02 4.437927E+00 3.732383E+00 2.480502E+02
3.325549E+03 1.583760E+06 3.947773E+01 4.788889E-03 2.085725E+02 4.437926E+00 3.732383E+00 2.480502E+02
3.325556E+03 1.583770E+06 3.947773E+01 4.789550E-03 2.085725E+02 4.437926E+00 3.732382E+00 2.480502E+02
3.325564E+03 1.583780E+06 3.947773E+01 4.790213E-03 2.085725E+02 4.437925E+00 3.732382E+00 2.480502E+02
3.325571E+03 1.583790E+06 3.947773E+01 4.790876E-03 2.085725E+02 4.437925E+00 3.732382E+00 2.480502E+02
3.325579E+03 1.583800E+06 3.947773E+01 4.791536E-03 2.085725E+02 4.437925E+00 3.732382E+00 2.480502E+02
3.325586E+03 1.583810E+06 3.947773E+01 4.792196E-03 2.085725E+02 4.437925E+00 3.732382E+00 2.480502E+02
3.325594E+03 1.583820E+06 3.947773E+01 4.792858E-03 2.085725E+02 4.437925E+00 3.732382E+00 2.480502E+02
3.325601E+03 1.583830E+06 3.947773E+01 4.793516E-03 2.085725E+02 4.437925E+00 3.732383E+00 2.480502E+02
3.325608E+03 1.583840E+06 3.947773E+01 4.794175E-03 2.085725E+02 4.437925E+00 3.732383E+00 2.480502E+02
3.325616E+03 1.583850E+06 3.947773E+01 4.794832E-03 2.085725E+02 4.437925E+00 3.732383E+00 2.480502E+02
3.325623E+03 1.583860E+06 3.947773E+01 4.795485E-03 2.085725E+02 4.437925E+00 3.732383E+00 2.480502E+02
3.325631E+03 1.583870E+06 3.947773E+01 4.796131E-03 2.085725E+02 4.437926E+00 3.732384E+00 2.480502E+02
3.325638E+03 1.583880E+06 3.947773E+01 4.796752E-03 2.085725E+02 4.437927E+00 3.732385E+00 2.480502E+02
3.325645E+03 1.583890E+06 3.947773E+01 4.797380E-03 2.085725E+02 4.437927E+00 3.732385E+00 2.480502E+02
3.325652E+03 1.583900E+06 3.947773E+01 4.798023E-03 2.085725E+02 4.437929E+00 3.732386E+00 2.480502E+02
3.325660E+03 1.583910E+06 3.947773E+01 4.798669E-03 2.085725E+02 4.437929E+00 3.732387E+00 2.480502E+02
3.325667E+03 1.583920E+06 3.947773E+01 4.799321E-03 2.085725E+02 4.437931E+00 3.732388E+00 2.480502E+02
3.325675E+03 1.583930E+06 3.947772E+01 4.799969E-03 2.085725E+02 4.437933E+00 3.732390E+00 2.480502E+02
3.325682E+03 1.583940E+06 3.947772E+01 4.800596E-03 2.085725E+02 4.437934E+00 3.732391E+00 2.480502E+02
3.325689E+03 1.583950E+06 3.947772E+01 4.801213E-03 2.085725E+02 4.437936E+00 3.732393E+00 2.480502E+02
3.325696E+03 1.583960E+06 3.947772E+01 4.801861E-03 2.085725E+02 4.437937E+00 3.732394E+00 2.480502E+02
3.325704E+03 1.583970E+06 3.947772E+01 4.802521E-03 2.085725E+02 4.437939E+00 3.732396E+00 2.480502E+02
3.325712E+03 1.583980E+06 3.947772E+01 4.803195E-03 2.085725E+02 4.437941E+00 3.732398E+00 2.480502E+02
3.325720E+03 1.583990E+06 3.947772E+01 4.803947E-03 2.085725E+02 4.437944E+00 3.732400E+00 2.480502E+02
3.325729E+03 1.584000E+06 3.947772E+01 4.804720E-03 2.085725E+02 4.437947E+00 3.732403E+00 2.480502E+02
3.325738E+03 1.584010E+06 3.947772E+01 4.805493E-03 2.085725E+02 4.437949E+00 3.732405E+00 2.480502E+02
3.325747E+03 1.584020E+06 3.947772E+01 4.806287E-03 2.085725E+02 4.437952E+00 3.732408E+00 2.480502E+02
3.325757E+03 1.584030E+06 3.947772E+01 4.807086E-03 2.085725E+02 4.437956E+00 3.732411E+00 2.480502E+02
3.325766E+03 1.584040E+06 3.947772E+01 4.807887E-03 2.085725E+02 4.437959E+00 3.732414E+00 2.480502E+02
3.325775E+03 1.584050E+06 3.947772E+01 4.808689E-03 2.085725E+02 4.437963E+00 3.732417E+00 2.480502E+02
3.325784E+03 1.584060E+06 3.947772E+01 4.809488E-03 2.085725E+02 4.437966E+00 3.732419E+00 2.480502E+02
3.325794E+03 1.584070E+06 3.947772E+01 4.810286E-03 2.085725E+02 4.437969E+00 3.732422E+00 2.480502E+02
3.325803E+03 1.584080E+06 3.947772E+01 4.811084E-03 2.085725E+02 4.437972E+00 3.732425E+00 2.480502E+02
3.325812E+03 1.584090E+06 3.947772E+01 4.811883E-03 2.085725E+02 4.437975E+00 3.732428E+00 2.480502E+02
3.325822E+03 1.584100E+06 3.947772E+01 4.812683E-03 2.085725E+02 4.437979E+00 3.732431E+00 2.480502E+02
3.325831E+03 1.584110E+06 3.947772E+01 4.813482E-03 2.085725E+02 4.437982E+00 3.732434E+00 2.480502E+02
3.325840E+03 1.584120E+06 3.947772E+01 4.814291E-03 2.085725E+02 4.437985E+00 3.732437E+00 2.480502E+02
3.325850E+03 1.584130E+06 3.947772E+01 4.815141E-03 2.085725E+02 4.437989E+00 3.732440E+00 2.480502E+02
3.325860E+03 1.584140E+06 3.947772E+01 4.815987E-03 2.085725E+02 4.437992E+00 3.732443E+00 2.480502E+02
3.325870E+03 1.584150E+06 3.947772E+01 4.816833E-03 2.085725E+02 4.437996E+00 3.732446E+00 2.480502E+02
3.325879E+03 1.584160E+06 3.947772E+01 4.817670E-03 2.085725E+02 4.438000E+00 3.732450E+00 2.480502E+02
3.325888E+03 1.584170E+06 3.947772E+01 4.818434E-03 2.085725E+02 4.438004E+00 3.732453E+00 2.480502E+02
3.325897E+03 1.584180E+06 3.947772E+01 4.819231E-03 2.085725E+02 4.438007E+00 3.732456E+00 2.480502E+02
3.325907E+03 1.584190E+06 3.947772E+01 4.820028E-03 2.085725E+02 4.438011E+00 3.732459E+00 2.480502E+02
3.325916E+03 1.584200E+06 3.947772E+01 4.820788E-03 2.085725E+02 4.438014E+00 3.732462E+00 2.480502E+02
3.325924E+03 1.584210E+06 3.947772E+01 4.821517E-03 2.085725E+02 4.438017E+00 3.732465E+00 2.480502E+02
3.325932E+03 1.584220E+06 3.947772E+01 4.822223E-03 2.085725E+02 4.438021E+00 3.732468E+00 2.480502E+02
3.325941E+03 1.584230E+06 3.947772E+01 4.822946E-03 2.085725E+02 4.438024E+00 3.732471E+00 2.480502E+02
3.325949E+03 1.584240E+06 3.947772E+01 4.823683E-03 2.085725E+02 4.438027E+00 3.732473E+00 2.480502E+02
3.325958E+03 1.584250E+06 3.947772E+01 4.824420E-03 2.085725E+02 4.438030E+00 3.732476E+00 2.480502E+02
3.325966E+03 1.584260E+06 3.947772E+01 4.825140E-03 2.085725E+02 4.438033E+00 3.732478E+00 2.480502E+02
3.325975E+03 1.584270E+06 3.947772E+01 4.825860E-03 2.085725E+02 4.438036E+00 3.732481E+00 2.480502E+02
3.325983E+03 1.584280E+06 3.947772E+01 4.826579E-03 2.085725E+02 4.438038E+00 3.732483E+00 2.480502E+02
3.325991E+03 1.584290E+06 3.947772E+01 4.827305E-03 2.085725E+02 4.438041E+00 3.732486E+00 2.480502E+02
3.326000E+03 1.584300E+06 3.947772E+01 4.828029E-03 2.085725E+02 4.438044E+00 3.732489E+00 2.480502E+02
3.326008E+03 1.584310E+06 3.947772E+01 4.828753E-03 2.085725E+02 4.438047E+00 3.732491E+00 2.480502E+02
3.326016E+03 1.584320E+06 3.947772E+01 4.829469E-03 2.085725E+02 4.438050E+00 3.732494E+00 2.480502E+02
3.326025E+03 1.584330E+06 3.947772E+01 4.830178E-03 2.085725E+02 4.438053E+00 3.732496E+00 2.480502E+02
3.326033E+03 1.584340E+06 3.947772E+01 4.830887E-03 2.085725E+02 4.438055E+00 3.732498E+00 2.480502E+02
3.326041E+03 1.584350E+06 3.947772E+01 4.831609E-03 2.085725E+02 4.438058E+00 3.732500E+00 2.480502E+02
3.326050E+03 1.584360E+06 3.947772E+01 4.832336E-03 2.085725E+02 4.438060E+00 3.732503E+00 2.480502E+02
3.326058E+03 1.584370E+06 3.947772E+01 4.833065E-03 2.085725E+02 4.438063E+00 3.732505E+00 2.480502E+02
3.326066E+03 1.584380E+06 3.947772E+01 4.833780E-03 2.085725E+02 4.438066E+00 3.732508E+00 2.480502E+02
3.326075E+03 1.584390E+06 3.947772E+01 4.834494E-03 2.085725E+02 4.438068E+00 3.732510E+00 2.480502E+02
3.326083E+03 1.584400E+06 3.947772E+01 4.835206E-03 2.085725E+02 4.438070E+00 3.732511E+00 2.480502E+02
3.326091E+03 1.584410E+06 3.947772E+01 4.835940E-03 2.085725E+02 4.438073E+00 3.732514E+00 2.480502E+02
3.326100E+03 1.584420E+06 3.947772E+01 4.836677E-03 2.085725E+02 4.438076E+00 3.732517E+00 2.480502E+02
3.326109E+03 1.584430E+06 3.947772E+01 4.837422E-03 2.085725E+02 4.438079E+00 3.732519E+00 2.480502E+02
3.326117E+03 1.584440E+06 3.947772E+01 4.838167E-03 2.085725E+02 4.438082E+00 3.732522E+00 2.480502E+02
3.326126E+03 1.584450E+06 3.947772E+01 4.838911E-03 2.085725E+02 4.438084E+00 3.732524E+00 2.480502E+02
3.326134E+03 1.584460E+06 3.947772E+01 4.839657E-03 2.085725E+02 4.438086E+00 3.732526E+00 2.480502E+02
3.326143E+03 1.584470E+06 3.947772E+01 4.840386E-03 2.085725E+02 4.438089E+00 3.732528E+00 2.480502E+02
3.326151E+03 1.584480E+06 3.947772E+01 4.841111E-03 2.085725E+02 4.438092E+00 3.732531E+00 2.480502E+02
3.326160E+03 1.584490E+06 3.947772E+01 4.841817E-03 2.085725E+02 4.438094E+00 3.732533E+00 2.480502E+02
3.326168E+03 1.584500E+06 3.947772E+01 4.842520E-03 2.085725E+02 4.438097E+00 3.732535E+00 2.480502E+02
3.326176E+03 1.584510E+06 3.947772E+01 4.843223E-03 2.085725E+02 4.438100E+00 3.732538E+00 2.480502E+02
3.326184E+03 1.584520E+06 3.947772E+01 4.843929E-03 2.085725E+02 4.438103E+00 3.732540E+00 2.480502E+02
3.326193E+03 1.584530E+06 3.947772E+01 4.844641E-03 2.085725E+02 4.438106E+00 3.732543E+00 2.480502E+02
3.326201E+03 1.584540E+06 3.947772E+01 4.845352E-03 2.085725E+02 4.438110E+00 3.732546E+00 2.480502E+02
3.326209E+03 1.584550E+06 3.947772E+01 4.846054E-03 2.085725E+02 4.438113E+00 3.732549E+00 2.480502E+02
3.326217E+03 1.584560E+06 3.947772E+01 4.846736E-03 2.085725E+02 4.438117E+00 3.732552E+00 2.480502E+02
3.326225E+03 1.584570E+06 3.947772E+01 4.847379E-03 2.085725E+02 4.438120E+00 3.732555E+00 2.480502E+02
3.326232E+03 1.584580E+06 3.947772E+01 4.848023E-03 2.085725E+02 4.438124E+00 3.732559E+00 2.480502E+02
3.326240E+03 1.584590E+06 3.947772E+01 4.848668E-03 2.085725E+02 4.438128E+00 3.732562E+00 2.480502E+02
3.326248E+03 1.584600E+06 3.947772E+01 4.849304E-03 2.085725E+02 4.438132E+00 3.732566E+00 2.480502E+02
3.326255E+03 1.584610E+06 3.947772E+01 4.849938E-03 2.085725E+02 4.438137E+00 3.732570E+00 2.480502E+02
3.326263E+03 1.584620E+06 3.947772E+01 4.850564E-03 2.085725E+02 4.438141E+00 3.732573E+00 2.480502E+02
3.326270E+03 1.584630E+06 3.947772E+01 4.851177E-03 2.085725E+02 4.438145E+00 3.732577E+00 2.480502E+02
3.326277E+03 1.584640E+06 3.947772E+01 4.851790E-03 2.085725E+02 4.438149E+00 3.732580E+00 2.480502E+02
3.326284E+03 1.584650E+06 3.947772E+01 4.852411E-03 2.085725E+02 4.438153E+00 3.732584E+00 2.480502E+02
3.326292E+03 1.584660E+06 3.947772E+01 4.853040E-03 2.085725E+02 4.438157E+00 3.732587E+00 2.480502E+02
3.326299E+03 1.584670E+06 3.947772E+01 4.853665E-03 2.085725E+02 4.438161E+00 3.732591E+00 2.480502E+02
3.326307E+03 1.584680E+06 3.947772E+01 4.854290E-03 2.085725E+02 4.438165E+00 3.732594E+00 2.480502E+02
3.326314E+03 1.584690E+06 3.947772E+01 4.854899E-03 2.085725E+02 4.438169E+00 3.732597E+00 2.480502E+02
3.326321E+03 1.584700E+06 3.947772E+01 4.855506E-03 2.085725E+02 4.438173E+00 3.732601E+00 2.480502E+02
3.326328E+03 1.584710E+06 3.947772E+01 4.856112E-03 2.085725E+02 4.438176E+00 3.732604E+00 2.480502E+02
3.326336E+03 1.584720E+06 3.947772E+01 4.856730E-03 2.085725E+02 4.438180E+00 3.732607E+00 2.480502E+02
3.326343E+03 1.584730E+06 3.947771E+01 4.857348E-03 2.085725E+02 4.438183E+00 3.732610E+00 2.480502E+02
3.326350E+03 1.584740E+06 3.947771E+01 4.857966E-03 2.085725E+02 4.438187E+00 3.732613E+00 2.480502E+02
3.326358E+03 1.584750E+06 3.947771E+01 4.858585E-03 2.085725E+02 4.438191E+00 3.732616E+00 2.480502E+02
3.326365E+03 1.584760E+06 3.947771E+01 4.859206E-03 2.085725E+02 4.438194E+00 3.732619E+00 2.480502E+02
3.326372E+03 1.584770E+06 3.947771E+01 4.859828E-03 2.085725E+02 4.438198E+00 3.732623E+00 2.480502E+02
3.326380E+03 1.584780E+06 3.947771E+01 4.860451E-03 2.085725E+02 4.438201E+00 3.732626E+00 2.480502E+02
3.326387E+03 1.584790E+06 3.947771E+01 4.861081E-03 2.085725E+02 4.438204E+00 3.732628E+00 2.480502E+02
3.326395E+03 1.584800E+06 3.947771E+01 4.861716E-03 2.085725E+02 4.438208E+00 3.732631E+00 2.480502E+02
3.326402E+03 1.584810E+06 3.947771E+01 4.862362E-03 2.085725E+02 4.438211E+00 3.732634E+00 2.480502E+02
3.326410E+03 1.584820E+06 3.947771E+01 4.863009E-03 2.085725E+02 4.438214E+00 3.732637E+00 2.480502E+02
3.326417E+03 1.584830E+06 3.947771E+01 4.863658E-03 2.085725E+02 4.438217E+00 3.732640E+00 2.480502E+02
3.326425E+03 1.584840E+06 3.947771E+01 4.864307E-03 2.085725E+02 4.438220E+00 3.732642E+00 2.480502E+02
3.326433E+03 1.584850E+06 3.947771E+01 4.864959E-03 2.085725E+02 4.438223E+00 3.732645E+00 2.480502E+02
3.326440E+03 1.584860E+06 3.947771E+01 4.865614E-03 2.085725E+02 4.438226E+00 3.732647E+00 2.480502E+02
3.326448E+03 1.584870E+06 3.947771E+01 4.866270E-03 2.085725E+02 4.438228E+00 3.732649E+00 2.480502E+02
3.326456E+03 1.584880E+06 3.947771E+01 4.866926E-03 2.085725E+02 4.438230E+00 3.732651E+00 2.480502E+02
3.326463E+03 1.584890E+06 3.947771E+01 4.867583E-03 2.085725E+02 4.438232E+00 3.732653E+00 2.480502E+02
3.326471E+03 1.584900E+06 3.947771E+01 4.868224E-03 2.085725E+02 4.438234E+00 3.732655E+00 2.480502E+02
3.326478E+03 1.584910E+06 3.947771E+01 4.868838E-03 2.085725E+02 4.438236E+00 3.732656E+00 2.480502E+02
3.326486E+03 1.584920E+06 3.947771E+01 4.869497E-03 2.085725E+02 4.438238E+00 3.732658E+00 2.480502E+02
3.326493E+03 1.584930E+06 3.947771E+01 4.870148E-03 2.085725E+02 4.438240E+00 3.732660E+00 2.480502E+02
3.326501E+03 1.584940E+06 3.947771E+01 4.870798E-03 2.085725E+02 4.438242E+00 3.732661E+00 2.480502E+02
3.326508E+03 1.584950E+06 3.947771E+01 4.871450E-03 2.085725E+02 4.438243E+00 3.732663E+00 2.480502E+02
3.326516E+03 1.584960E+06 3.947771E+01 4.872100E-03 2.085725E+02 4.438245E+00 3.732664E+00 2.480502E+02
3.326523E+03 1.584970E+06 3.947771E+01 4.872751E-03 2.085725E+02 4.438246E+00 3.732666E+00 2.480502E+02
3.326531E+03 1.584980E+06 3.947771E+01 4.873419E-03 2.085725E+02 4.438248E+00 3.732667E+00 2.480502E+02
3.326539E+03 1.584990E+06 3.947771E+01 4.874098E-03 2.085725E+02 4.438249E+00 3.732668E+00 2.480502E+02
3.326546E+03 1.585000E+06 3.947771E+01 4.874772E-03 2.085725E+02 4.438251E+00 3.732670E+00 2.480502E+02
3.326554E+03 1.585010E+06 3.947771E+01 4.875448E-03 2.085725E+02 4.438252E+00 3.732671E+00 2.480502E+02
3.326562E+03 1.585020E+06 3.947771E+01 4.876122E-03 2.085725E+02 4.438254E+00 3.732672E+00 2.480502E+02
3.326570E+03 1.585030E+06 3.947771E+01 4.876795E-03 2.085725E+02 4.438255E+00 3.732674E+00 2.480502E+02
3.326578E+03 1.585040E+06 3.947771E+01 4.877481E-03 2.085725E+02 4.438257E+00 3.732675E+00 2.480502E+02
3.326586E+03 1.585050E+06 3.947771E+01 4.878189E-03 2.085725E+02 4.438258E+00 3.732677E+00 2.480502E+02
3.326594E+03 1.585060E+06 3.947771E+01 4.878910E-03 2.085725E+02 4.438260E+00 3.732678E+00 2.480502E+02
3.326603E+03 1.585070E+06 3.947771E+01 4.879635E-03 2.085725E+02 4.438261E+00 3.732679E+00 2.480502E+02
3.326611E+03 1.585080E+06 3.947771E+01 4.880361E-03 2.085725E+02 4.438263E+00 3.732681E+00 2.480502E+02
3.326619E+03 1.585090E+06 3.947771E+01 4.881086E-03 2.085725E+02 4.438265E+00 3.732682E+00 2.480502E+02
3.326628E+03 1.585100E+06 3.947771E+01 4.881838E-03 2.085725E+02 4.438266E+00 3.732684E+00 2.480502E+02
3.326637E+03 1.585110E+06 3.947771E+01 4.882611E-03 2.085725E+02 4.438268E+00 3.732686E+00 2.480502E+02
3.326646E+03 1.585120E+06 3.947771E+01 4.883384E-03 2.085725E+02 4.438270E+00 3.732687E+00 2.480502E+02
3.326655E+03 1.585130E+06 3.947771E+01 4.884156E-03 2.085725E+02 4.438271E+00 3.732688E+00 2.480502E+02
3.326664E+03 1.585140E+06 3.947771E+01 4.884929E-03 2.085725E+02 4.438273E+00 3.732690E+00 2.480502E+02
3.326673E+03 1.585150E+06 3.947771E+01 4.885704E-03 2.085725E+02 4.438274E+00 3.732691E+00 2.480502E+02
3.326682E+03 1.585160E+06 3.947771E+01 4.886476E-03 2.085725E+02 4.438277E+00 3.732693E+00 2.480502E+02
3.326690E+03 1.585170E+06 3.947771E+01 4.887233E-03 2.085725E+02 4.438279E+00 3.732695E+00 2.480502E+02
3.326699E+03 1.585180E+06 3.947771E+01 4.887947E-03 2.085725E+02 4.438281E+00 3.732697E+00 2.480502E+02
3.326707E+03 1.585190E+06 3.947771E+01 4.888650E-03 2.085725E+02 4.438283E+00 3.732699E+00 2.480502E+02
3.326715E+03 1.585200E+06 3.947771E+01 4.889338E-03 2.085725E+02 4.438285E+00 3.732701E+00 2.480502E+02
3.326723E+03 1.585210E+06 3.947771E+01 4.890027E-03 2.085725E+02 4.438287E+00 3.732703E+00 2.480502E+02
3.326730E+03 1.585220E+06 3.947771E+01 4.890700E-03 2.085725E+02 4.438290E+00 3.732705E+00 2.480502E+02
3.326738E+03 1.585230E+06 3.947771E+01 4.891345E-03 2.085725E+02 4.438292E+00 3.732707E+00 2.480502E+02
3.326745E+03 1.585240E+06 3.947771E+01 4.891989E-03 2.085725E+02 4.438293E+00 3.732708E+00 2.480502E+02
3.326753E+03 1.585250E+06 3.947771E+01 4.892633E-03 2.085725E+02 4.438295E+00 3.732710E+00 2.480502E+02
3.326760E+03 1.585260E+06 3.947771E+01 4.893275E-03 2.085725E+02 4.438298E+00 3.732712E+00 2.480502E+02
3.326768E+03 1.585270E+06 3.947771E+01 4.893917E-03 2.085725E+02 4.438300E+00 3.732714E+00 2.480502E+02
3.326775E+03 1.585280E+06 3.947771E+01 4.894569E-03 2.085725E+02 4.438303E+00 3.732717E+00 2.480502E+02
3.326783E+03 1.585290E+06 3.947771E+01 4.895227E-03 2.085725E+02 4.438306E+00 3.732719E+00 2.480502E+02
3.326791E+03 1.585300E+06 3.947771E+01 4.895886E-03 2.085725E+02 4.438308E+00 3.732721E+00 2.480502E+02
3.326799E+03 1.585310E+06 3.947771E+01 4.896553E-03 2.085725E+02 4.438311E+00 3.732724E+00 2.480502E+02
3.326806E+03 1.585320E+06 3.947771E+01 4.897235E-03 2.085725E+02 4.438313E+00 3.732726E+00 2.480502E+02
3.326814E+03 1.585330E+06 3.947771E+01 4.897916E-03 2.085725E+02 4.438315E+00 3.732728E+00 2.480502E+02
3.326822E+03 1.585340E+06 3.947771E+01 4.898600E-03 2.085725E+02 4.438318E+00 3.732730E+00 2.480502E+02
3.326830E+03 1.585350E+06 3.947771E+01 4.899296E-03 2.085725E+02 4.438321E+00 3.732733E+00 2.480502E+02
3.326839E+03 1.585360E+06 3.947771E+01 4.900014E-03 2.085725E+02 4.438324E+00 3.732735E+00 2.480502E+02
3.326847E+03 1.585370E+06 3.947771E+01 4.900732E-03 2.085725E+02 4.438326E+00 3.732737E+00 2.480502E+02
3.326856E+03 1.585380E+06 3.947771E+01 4.901450E-03 2.085725E+02 4.438328E+00 3.732739E+00 2.480502E+02
3.326864E+03 1.585390E+06 3.947771E+01 4.902170E-03 2.085725E+02 4.438331E+00 3.732741E+00 2.480502E+02
3.326872E+03 1.585400E+06 3.947771E+01 4.902898E-03 2.085725E+02 4.438333E+00 3.732743E+00 2.480502E+02
3.326881E+03 1.585410E+06 3.947770E+01 4.903637E-03 2.085725E+02 4.438335E+00 3.732745E+00 2.480502E+02
3.326890E+03 1.585420E+06 3.947770E+01 4.904375E-03 2.085725E+02 4.438338E+00 3.732748E+00 2.480502E+02
3.326898E+03 1.585430E+06 3.947770E+01 4.905114E-03 2.085725E+02 4.438341E+00 3.732751E+00 2.480502E+02
3.326907E+03 1.585440E+06 3.947770E+01 4.905854E-03 2.085725E+02 4.438344E+00 3.732753E+00 2.480502E+02
3.326916E+03 1.585450E+06 3.947770E+01 4.906591E-03 2.085725E+02 4.438346E+00 3.732755E+00 2.480502E+02
3.326924E+03 1.585460E+06 3.947770E+01 4.907339E-03 2.085725E+02 4.438348E+00 3.732757E+00 2.480502E+02
3.326933E+03 1.585470E+06 3.947770E+01 4.908090E-03 2.085725E+02 4.438351E+00 3.732759E+00 2.480502E+02
3.326942E+03 1.585480E+06 3.947770E+01 4.908840E-03 2.085725E+02 4.438353E+00 3.732762E+00 2.480502E+02
3.326951E+03 1.585490E+06 3.947770E+01 4.909591E-03 2.085725E+02 4.438356E+00 3.732764E+00 2.480502E+02
3.326959E+03 1.585500E+06 3.947770E+01 4.910344E-03 2.085725E+02 4.438359E+00 3.732766E+00 2.480502E+02
3.326968E+03 1.585510E+06 3.947770E+01 4.911099E-03 2.085725E+02 4.438361E+00 3.732768E+00 2.480502E+02
3.326977E+03 1.585520E+06 3.947770E+01 4.911897E-03 2.085725E+02 4.438363E+00 3.732770E+00 2.480502E+02
3.326987E+03 1.585530E+06 3.947770E+01 4.912695E-03 2.085725E+02 4.438366E+00 3.732772E+00 2.480502E+02
3.326996E+03 1.585540E+06 3.947770E+01 4.913493E-03 2.085725E+02 4.438368E+00 3.732775E+00 2.480502E+02
3.327005E+03 1.585550E+06 3.947770E+01 4.914291E-03 2.085725E+02 4.438371E+00 3.732777E+00 2.480502E+02
3.327014E+03 1.585560E+06 3.947770E+01 4.915091E-03 2.085725E+02 4.438374E+00 3.732779E+00 2.480502E+02
3.327024E+03 1.585570E+06 3.947770E+01 4.915900E-03 2.085725E+02 4.438376E+00 3.732781E+00 2.480502E+02
3.327033E+03 1.585580E+06 3.947770E+01 4.916714E-03 2.085725E+02 4.438378E+00 3.732783E+00 2.480502E+02
3.327043E+03 1.585590E+06 3.947770E+01 4.917527E-03 2.085725E+02 4.438379E+00 3.732785E+00 2.480502E+02
3.327052E+03 1.585600E+06 3.947770E+01 4.918343E-03 2.085725E+02 4.438382E+00 3.732787E+00 2.480502E+02
3.327062E+03 1.585610E+06 3.947770E+01 4.919158E-03 2.085725E+02 4.438384E+00 3.732789E+00 2.480502E+02
3.327071E+03 1.585620E+06 3.947770E+01 4.919971E-03 2.085725E+02 4.438386E+00 3.732791E+00 2.480502E+02
3.327080E+03 1.585630E+06 3.947770E+01 4.920787E-03 2.085725E+02 4.438388E+00 3.732793E+00 2.480502E+02
3.327090E+03 1.585640E+06 3.947770E+01 4.921602E-03 2.085725E+02 4.438390E+00 3.732794E+00 2.480502E+02
3.327099E+03 1.585650E+06 3.947770E+01 4.922416E-03 2.085725E+02 4.438392E+00 3.732796E+00 2.480502E+02
3.327108E+03 1.585660E+06 3.947770E+01 4.923157E-03 2.085725E+02 4.438394E+00 3.732798E+00 2.480502E+02
3.327116E+03 1.585670E+06 3.947770E+01 4.923865E-03 2.085725E+02 4.438396E+00 3.732800E+00 2.480502E+02
3.327125E+03 1.585680E+06 3.947770E+01 4.924589E-03 2.085725E+02 4.438398E+00 3.732801E+00 2.480502E+02
3.327133E+03 1.585690E+06 3.947770E+01 4.925304E-03 2.085725E+02 4.438400E+00 3.732803E+00 2.480502E+02
3.327141E+03 1.585700E+06 3.947770E+01 4.926007E-03 2.085725E+02 4.438401E+00 3.732805E+00 2.480502E+02
3.327149E+03 1.585710E+06 3.947770E+01 4.926698E-03 2.085725E+02 4.438403E+00 3.732806E+00 2.480502E+02
3.327157E+03 1.585720E+06 3.947770E+01 4.927390E-03 2.085725E+02 4.438405E+00 3.732808E+00 2.480502E+02
3.327165E+03 1.585730E+06 3.947770E+01 4.928084E-03 2.085725E+02 4.438408E+00 3.732810E+00 2.480502E+02
3.327173E+03 1.585740E+06 3.947770E+01 4.928786E-03 2.085725E+02 4.438410E+00 3.732812E+00 2.480502E+02
3.327182E+03 1.585750E+06 3.947770E+01 4.929487E-03 2.085725E+02 4.438412E+00 3.732814E+00 2.480502E+02
3.327190E+03 1.585760E+06 3.947770E+01 4.930189E-03 2.085725E+02 4.438414E+00 3.732816E+00 2.480502E+02
3.327198E+03 1.585770E+06 3.947770E+01 4.930893E-03 2.085725E+02 4.438416E+00 3.732818E+00 2.480502E+02
3.327206E+03 1.585780E+06 3.947770E+01 4.931566E-03 2.085725E+02 4.438418E+00 3.732820E+00 2.480502E+02
3.327213E+03 1.585790E+06 3.947770E+01 4.932225E-03 2.085725E+02 4.438421E+00 3.732822E+00 2.480502E+02
3.327222E+03 1.585800E+06 3.947770E+01 4.932926E-03 2.085725E+02 4.438423E+00 3.732824E+00 2.480502E+02
3.327230E+03 1.585810E+06 3.947770E+01 4.933625E-03 2.085725E+02 4.438425E+00 3.732826E+00 2.480502E+02
3.327238E+03 1.585820E+06 3.947770E+01 4.934321E-03 2.085725E+02 4.438428E+00 3.732828E+00 2.480502E+02
3.327246E+03 1.585830E+06 3.947770E+01 4.935021E-03 2.085725E+02 4.438430E+00 3.732830E+00 2.480502E+02
3.327254E+03 1.585840E+06 3.947770E+01 4.935720E-03 2.085725E+02 4.438432E+00 3.732832E+00 2.480502E+02
3.327263E+03 1.585850E+06 3.947770E+01 4.936424E-03 2.085725E+02 4.438435E+00 3.732834E+00 2.480502E+02
3.327271E+03 1.585860E+06 3.947770E+01 4.937127E-03 2.085725E+02 4.438437E+00 3.732837E+00 2.480502E+02
3.327279E+03 1.585870E+06 3.947770E+01 4.937838E-03 2.085725E+02 4.438440E+00 3.732839E+00 2.480502E+02
3.327287E+03 1.585880E+06 3.947770E+01 4.938552E-03 2.085725E+02 4.438442E+00 3.732841E+00 2.480502E+02
3.327296E+03 1.585890E+06 3.947770E+01 4.939271E-03 2.085725E+02 4.438445E+00 3.732843E+00 2.480502E+02
3.327304E+03 1.585900E+06 3.947770E+01 4.939987E-03 2.085725E+02 4.438447E+00 3.732845E+00 2.480502E+02
3.327313E+03 1.585910E+06 3.947770E+01 4.940711E-03 2.085725E+02 4.438450E+00 3.732848E+00 2.480502E+02
3.327321E+03 1.585920E+06 3.947770E+01 4.941447E-03 2.085725E+02 4.438452E+00 3.732850E+00 2.480502E+02
3.327330E+03 1.585930E+06 3.947770E+01 4.942184E-03 2.085725E+02 4.438455E+00 3.732852E+00 2.480502E+02
3.327338E+03 1.585940E+06 3.947770E+01 4.942921E-03 2.085725E+02 4.438457E+00 3.732854E+00 2.480502E+02
3.327347E+03 1.585950E+06 3.947770E+01 4.943661E-03 2.085725E+02 4.438460E+00 3.732857E+00 2.480502E+02
3.327356E+03 1.585960E+06 3.947770E+01 4.944400E-03 2.085725E+02 4.438463E+00 3.732859E+00 2.480502E+02
3.327364E+03 1.585970E+06 3.947770E+01 4.945143E-03 2.085725E+02 4.438466E+00 3.732862E+00 2.480502E+02
3.327373E+03 1.585980E+06 3.947770E+01 4.945891E-03 2.085725E+02 4.438469E+00 3.732865E+00 2.480502E+02
3.327382E+03 1.585990E+06 3.947770E+01 4.946641E-03 2.085725E+02 4.438472E+00 3.732868E+00 2.480502E+02
3.327391E+03 1.586000E+06 3.947770E+01 4.947386E-03 2.085725E+02 4.438475E+00 3.732870E+00 2.480502E+02
3.327399E+03 1.586010E+06 3.947770E+01 4.948137E-03 2.085725E+02 4.438478E+00 3.732873E+00 2.480502E+02
3.327408E+03 1.586020E+06 3.947770E+01 4.948884E-03 2.085725E+02 4.438481E+00 3.732876E+00 2.480502E+02
3.327417E+03 1.586030E+06 3.947770E+01 4.949631E-03 2.085725E+02 4.438485E+00 3.732879E+00 2.480502E+02
3.327426E+03 1.586040E+06 3.947770E+01 4.950375E-03 2.085725E+02 4.438488E+00 3.732882E+00 2.480502E+02
3.327434E+03 1.586050E+06 3.947770E+01 4.951120E-03 2.085725E+02 4.438492E+00 3.732885E+00 2.480502E+02
3.327443E+03 1.586060E+06 3.947770E+01 4.951848E-03 2.085725E+02 4.438495E+00 3.732888E+00 2.480502E+02
3.327451E+03 1.586070E+06 3.947770E+01 4.952554E-03 2.085725E+02 4.438498E+00 3.732891E+00 2.480502E+02
3.327460E+03 1.586080E+06 3.947770E+01 4.953261E-03 2.085725E+02 4.438502E+00 3.732894E+00 2.480502E+02
3.327468E+03 1.586090E+06 3.947770E+01 4.953977E-03 2.085725E+02 4.438506E+00 3.732897E+00 2.480502E+02
3.327477E+03 1.586100E+06 3.947770E+01 4.954694E-03 2.085725E+02 4.438510E+00 3.732901E+00 2.480502E+02
3.327485E+03 1.586110E+06 3.947770E+01 4.955395E-03 2.085725E+02 4.438514E+00 3.732904E+00 2.480502E+02
3.327493E+03 1.586120E+06 3.947770E+01 4.956088E-03 2.085725E+02 4.438517E+00 3.732907E+00 2.480502E+02
3.327501E+03 1.586130E+06 3.947769E+01 4.956778E-03 2.085725E+02 4.438521E+00 3.732911E+00 2.480502E+02
3.327510E+03 1.586140E+06 3.947769E+01 4.957469E-03 2.085725E+02 4.438525E+00 3.732914E+00 2.480502E+02
3.327518E+03 1.586150E+06 3.947769E+01 4.958154E-03 2.085725E+02 4.438529E+00 3.732918E+00 2.480502E+02
3.327526E+03 1.586160E+06 3.947769E+01 4.958832E-03 2.085725E+02 4.438533E+00 3.732921E+00 2.480502E+02
3.327534E+03 1.586170E+06 3.947769E+01 4.959509E-03 2.085725E+02 4.438537E+00 3.732924E+00 2.480502E+02
3.327542E+03 1.586180E+06 3.947769E+01 4.960184E-03 2.085725E+02 4.438541E+00 3.732927E+00 2.480502E+02
3.327550E+03 1.586190E+06 3.947769E+01 4.960861E-03 2.085725E+02 4.438544E+00 3.732930E+00 2.480502E+02
3.327558E+03 1.586200E+06 3.947769E+01 4.961538E-03 2.085725E+02 4.438548E+00 3.732934E+00 2.480502E+02
3.327566E+03 1.586210E+06 3.947769E+01 4.962211E-03 2.085725E+02 4.438551E+00 3.732936E+00 2.480502E+02
3.327574E+03 1.586220E+06 3.947769E+01 4.962892E-03 2.085725E+02 4.438555E+00 3.732940E+00 2.480502E+02
3.327582E+03 1.586230E+06 3.947769E+01 4.963572E-03 2.085725E+02 4.438558E+00 3.732942E+00 2.480502E+02
3.327590E+03 1.586240E+06 3.947769E+01 4.964255E-03 2.085725E+02 4.438561E+00 3.732945E+00 2.480502E+02
3.327598E+03 1.586250E+06 3.947769E+01 4.964936E-03 2.085725E+02 4.438564E+00 3.732948E+00 2.480502E+02
3.327606E+03 1.586260E+06 3.947769E+01 4.965618E-03 2.085725E+02 4.438567E+00 3.732951E+00 2.480502E+02
3.327615E+03 1.586270E+06 3.947769E+01 4.966320E-03 2.085725E+02 4.438570E+00 3.732953E+00 2.480502E+02
3.327623E+03 1.586280E+06 3.947769E+01 4.966998E-03 2.085725E+02 4.438573E+00 3.732956E+00 2.480502E+02
3.327630E+03 1.586290E+06 3.947769E+01 4.967657E-03 2.085725E+02 4.438576E+00 3.732958E+00 2.480502E+02
3.327638E+03 1.586300E+06 3.947769E+01 4.968317E-03 2.085725E+02 4.438578E+00 3.732960E+00 2.480502E+02
3.327646E+03 1.586310E+06 3.947769E+01 4.968978E-03 2.085725E+02 4.438580E+00 3.732962E+00 2.480502E+02
3.327654E+03 1.586320E+06 3.947769E+01 4.969641E-03 2.085725E+02 4.438583E+00 3.732964E+00 2.480502E+02
3.327662E+03 1.586330E+06 3.947769E+01 4.970325E-03 2.085725E+02 4.438585E+00 3.732967E+00 2.480502E+02
3.327670E+03 1.586340E+06 3.947769E+01 4.971012E-03 2.085725E+02 4.438588E+00 3.732969E+00 2.480502E+02
3.327678E+03 1.586350E+06 3.947769E+01 4.971699E-03 2.085725E+02 4.438590E+00 3.732970E+00 2.480502E+02
3.327686E+03 1.586360E+06 3.947769E+01 4.972388E-03 2.085725E+02 4.438591E+00 3.732972E+00 2.480502E+02
3.327694E+03 1.586370E+06 3.947769E+01 4.973072E-03 2.085725E+02 4.438593E+00 3.732973E+00 2.480502E+02
3.327702E+03 1.586380E+06 3.947769E+01 4.973760E-03 2.085725E+02 4.438594E+00 3.732975E+00 2.480502E+02
3.327710E+03 1.586390E+06 3.947769E+01 4.974463E-03 2.085725E+02 4.438596E+00 3.732976E+00 2.480502E+02
3.327718E+03 1.586400E+06 3.947769E+01 4.975168E-03 2.085725E+02 4.438598E+00 3.732978E+00 2.480502E+02
3.327726E+03 1.586410E+06 3.947769E+01 4.975869E-03 2.085725E+02 4.438599E+00 3.732979E+00 2.480502E+02
3.327735E+03 1.586420E+06 3.947769E+01 4.976572E-03 2.085725E+02 4.438601E+00 3.732981E+00 2.480502E+02
3.327743E+03 1.586430E+06 3.947769E+01 4.977274E-03 2.085725E+02 4.438602E+00 3.732982E+00 2.480502E+02
3.327751E+03 1.586440E+06 3.947769E+01 4.977977E-03 2.085725E+02 4.438604E+00 3.732983E+00 2.480502E+02
3.327759E+03 1.586450E+06 3.947769E+01 4.978702E-03 2.085725E+02 4.438605E+00 3.732984E+00 2.480502E+02
3.327768E+03 1.586460E+06 3.947769E+01 4.979432E-03 2.085725E+02 4.438606E+00 3.732986E+00 2.480502E+02
3.327776E+03 1.586470E+06 3.947769E+01 4.980160E-03 2.085725E+02 4.438608E+00 3.732987E+00 2.480502E+02
3.327785E+03 1.586480E+06 3.947769E+01 4.980885E-03 2.085725E+02 4.438609E+00 3.732988E+00 2.480502E+02
3.327793E+03 1.586490E+06 3.947769E+01 4.981610E-03 2.085725E+02 4.438610E+00 3.732989E+00 2.480502E+02
3.327802E+03 1.586500E+06 3.947769E+01 4.982337E-03 2.085725E+02 4.438611E+00 3.732990E+00 2.480502E+02
3.327810E+03 1.586510E+06 3.947769E+01 4.983077E-03 2.085725E+02 4.438613E+00 3.732992E+00 2.480502E+02
3.327819E+03 1.586520E+06 3.947769E+01 4.983834E-03 2.085725E+02 4.438614E+00 3.732993E+00 2.480502E+02
3.327828E+03 1.586530E+06 3.947769E+01 4.984592E-03 2.085725E+02 4.438615E+00 3.732994E+00 2.480502E+02
3.327837E+03 1.586540E+06 3.947769E+01 4.985350E-03 2.085725E+02 4.438616E+00 3.732995E+00 2.480502E+02
3.327846E+03 1.586550E+06 3.947769E+01 4.986105E-03 2.085725E+02 4.438617E+00 3.732996E+00 2.480502E+02
3.327854E+03 1.586560E+06 3.947769E+01 4.986858E-03 2.085725E+02 4.438619E+00 3.732997E+00 2.480502E+02
3.327863E+03 1.586570E+06 3.947769E+01 4.987610E-03 2.085725E+02 4.438620E+00 3.732999E+00 2.480502E+02
3.327872E+03 1.586580E+06 3.947769E+01 4.988362E-03 2.085725E+02 4.438622E+00 3.733000E+00 2.480502E+02
3.327881E+03 1.586590E+06 3.947769E+01 4.989113E-03 2.085725E+02 4.438623E+00 3.733001E+00 2.480502E+02
3.327889E+03 1.586600E+06 3.947769E+01 4.989863E-03 2.085725E+02 4.438624E+00 3.733002E+00 2.480502E+02
3.327897E+03 1.586610E+06 3.947769E+01 4.990562E-03 2.085725E+02 4.438625E+00 3.733003E+00 2.480502E+02
3.327906E+03 1.586620E+06 3.947769E+01 4.991291E-03 2.085725E+02 4.438627E+00 3.733005E+00 2.480502E+02
3.327915E+03 1.586630E+06 3.947769E+01 4.992030E-03 2.085725E+02 4.438628E+00 3.733006E+00 2.480502E+02
3.327923E+03 1.586640E+06 3.947769E+01 4.992762E-03 2.085725E+02 4.438630E+00 3.733008E+00 2.480502E+02
3.327931E+03 1.586650E+06 3.947769E+01 4.993480E-03 2.085725E+02 4.438632E+00 3.733009E+00 2.480502E+02
3.327940E+03 1.586660E+06 3.947769E+01 4.994198E-03 2.085725E+02 4.438633E+00 3.733011E+00 2.480502E+02
3.327948E+03 1.586670E+06 3.947769E+01 4.994916E-03 2.085725E+02 4.438635E+00 3.733012E+00 2.480502E+02
3.327957E+03 1.586680E+06 3.947769E+01 4.995642E-03 2.085725E+02 4.438637E+00 3.733014E+00 2.480502E+02
3.327965E+03 1.586690E+06 3.947769E+01 4.996367E-03 2.085725E+02 4.438639E+00 3.733016E+00 2.480502E+02
3.327974E+03 1.586700E+06 3.947769E+01 4.997092E-03 2.085725E+02 4.438641E+00 3.733017E+00 2.480502E+02
3.327982E+03 1.586710E+06 3.947769E+01 4.997817E-03 2.085725E+02 4.438642E+00 3.733019E+00 2.480502E+02
3.327990E+03 1.586720E+06 3.947769E+01 4.998527E-03 2.085725E+02 4.438644E+00 3.733021E+00 2.480502E+02
3.327998E+03 1.586730E+06 3.947769E+01 4.999194E-03 2.085725E+02 4.438647E+00 3.733023E+00 2.480502E+02
3.328006E+03 1.586740E+06 3.947769E+01 4.999907E-03 2.085725E+02 4.438649E+00 3.733025E+00 2.480502E+02
3.328015E+03 1.586750E+06 3.947769E+01 5.000618E-03 2.085725E+02 4.438651E+00 3.733027E+00 2.480502E+02
3.328023E+03 1.586760E+06 3.947769E+01 5.001330E-03 2.085725E+02 4.438653E+00 3.733029E+00 2.480502E+02
3.328031E+03 1.586770E+06 3.947769E+01 5.002040E-03 2.085725E+02 4.438656E+00 3.733031E+00 2.480502E+02
3.328040E+03 1.586780E+06 3.947769E+01 5.002751E-03 2.085725E+02 4.438658E+00 3.733033E+00 2.480502E+02
3.328048E+03 1.586790E+06 3.947769E+01 5.003461E-03 2.085725E+02 4.438660E+00 3.733035E+00 2.480502E+02
3.328056E+03 1.586800E+06 3.947769E+01 5.004173E-03 2.085725E+02 4.438663E+00 3.733037E+00 2.480502E+02
3.328065E+03 1.586810E+06 3.947769E+01 5.004884E-03 2.085725E+02 4.438665E+00 3.733039E+00 2.480502E+02
3.328073E+03 1.586820E+06 3.947769E+01 5.005595E-03 2.085725E+02 4.438668E+00 3.733042E+00 2.480502E+02
3.328081E+03 1.586830E+06 3.947769E+01 5.006306E-03 2.085725E+02 4.438670E+00 3.733044E+00 2.480502E+02
3.328089E+03 1.586840E+06 3.947769E+01 5.006980E-03 2.085725E+02 4.438673E+00 3.733046E+00 2.480502E+02
3.328097E+03 1.586850E+06 3.947769E+01 5.007642E-03 2.085725E+02 4.438676E+00 3.733049E+00 2.480502E+02
3.328105E+03 1.586860E+06 3.947769E+01 5.008338E-03 2.085725E+02 4.438678E+00 3.733051E+00 2.480502E+02
3.328113E+03 1.586870E+06 3.947769E+01 5.009038E-03 2.085725E+02 4.438681E+00 3.733053E+00 2.480502E+02
3.328122E+03 1.586880E+06 3.947768E+01 5.009736E-03 2.085725E+02 4.438684E+00 3.733056E+00 2.480502E+02
3.328130E+03 1.586890E+06 3.947768E+01 5.010433E-03 2.085725E+02 4.438687E+00 3.733059E+00 2.480502E+02
