3.2708008080e+03 1.5183700000e+06 1.6415208080e+03 2.8218662371e-04 10 6
3.2708055243e+03 1.5183800000e+06 1.6415255243e+03 5.7246317457e-04 10 6
3.2708119708e+03 1.5183900000e+06 1.6415319708e+03 7.2187331195e-04 10 6
3.2708194939e+03 1.5184000000e+06 1.6415394939e+03 7.7061099259e-04 10 6
3.2708272963e+03 1.5184100000e+06 1.6415472963e+03 7.8666538826e-04 10 6
3.2708351630e+03 1.5184200000e+06 1.6415551630e+03 7.8666538827e-04 10 6
3.2708430296e+03 1.5184300000e+06 1.6415630296e+03 7.8666538830e-04 10 6
3.2708508963e+03 1.5184400000e+06 1.6415708963e+03 7.8666538838e-04 10 6
3.2708587629e+03 1.5184500000e+06 1.6415787629e+03 7.8666538851e-04 10 6
3.2708667740e+03 1.5184600000e+06 1.6415867740e+03 8.0471123301e-04 10 6
3.2708748211e+03 1.5184700000e+06 1.6415948211e+03 8.0471123305e-04 10 6
3.2708828682e+03 1.5184800000e+06 1.6416028682e+03 8.0471123306e-04 10 6
3.2708909153e+03 1.5184900000e+06 1.6416109153e+03 8.0471123306e-04 10 6
3.2708989624e+03 1.5185000000e+06 1.6416189624e+03 8.0471123306e-04 10 6
3.2709070095e+03 1.5185100000e+06 1.6416270095e+03 8.0471123306e-04 10 6
3.2709151505e+03 1.5185200000e+06 1.6416351505e+03 8.1812308687e-04 10 6
3.2709233689e+03 1.5185300000e+06 1.6416433689e+03 8.3671679338e-04 10 6
3.2709315897e+03 1.5185400000e+06 1.6416515897e+03 8.1579887353e-04 10 6
3.2709397477e+03 1.5185500000e+06 1.6416597477e+03 8.1579887348e-04 10 6
3.2709479057e+03 1.5185600000e+06 1.6416679057e+03 8.1579887342e-04 10 6
3.2709560636e+03 1.5185700000e+06 1.6416760636e+03 8.1579887342e-04 10 6
3.2709642379e+03 1.5185800000e+06 1.6416842379e+03 8.1812308687e-04 10 6
3.2709724191e+03 1.5185900000e+06 1.6416924191e+03 8.1812308686e-04 10 6
3.2709806004e+03 1.5186000000e+06 1.6417006004e+03 8.1812308685e-04 10 6
3.2709887816e+03 1.5186100000e+06 1.6417087816e+03 8.1812308683e-04 10 6
3.2709969628e+03 1.5186200000e+06 1.6417169628e+03 8.1812308677e-04 10 6
3.2710051441e+03 1.5186300000e+06 1.6417251441e+03 8.1812308667e-04 10 6
3.2710134224e+03 1.5186400000e+06 1.6417334224e+03 8.3198957987e-04 10 6
3.2710217422e+03 1.5186500000e+06 1.6417417422e+03 8.3198957986e-04 10 6
3.2710300621e+03 1.5186600000e+06 1.6417500621e+03 8.3198957987e-04 10 6
3.2710383820e+03 1.5186700000e+06 1.6417583820e+03 8.3198957986e-04 10 6
3.2710467019e+03 1.5186800000e+06 1.6417667019e+03 8.3198957988e-04 10 6
3.2710550218e+03 1.5186900000e+06 1.6417750218e+03 8.3198957979e-04 10 6
3.2710635753e+03 1.5187000000e+06 1.6417835753e+03 8.6118219670e-04 10 6
3.2710721871e+03 1.5187100000e+06 1.6417921871e+03 8.6118219667e-04 10 6
3.2710806238e+03 1.5187200000e+06 1.6418006238e+03 8.1126938767e-04 10 6
3.2710887365e+03 1.5187300000e+06 1.6418087365e+03 8.1126938767e-04 10 6
3.2710968492e+03 1.5187400000e+06 1.6418168492e+03 8.1126938767e-04 10 6
3.2711049619e+03 1.5187500000e+06 1.6418249619e+03 8.1126938767e-04 10 6
3.2711130156e+03 1.5187600000e+06 1.6418330156e+03 8.0471123301e-04 10 6
3.2711210102e+03 1.5187700000e+06 1.6418410102e+03 7.8721751059e-04 10 6
3.2711290698e+03 1.5187800000e+06 1.6418490698e+03 8.0596078465e-04 10 6
3.2711371294e+03 1.5187900000e+06 1.6418571294e+03 8.0596078464e-04 10 6
3.2711451891e+03 1.5188000000e+06 1.6418651891e+03 8.0596078466e-04 10 6
3.2711532487e+03 1.5188100000e+06 1.6418732487e+03 8.0596078457e-04 10 6
3.2711616313e+03 1.5188200000e+06 1.6418816313e+03 8.4633422779e-04 10 6
3.2711702673e+03 1.5188300000e+06 1.6418902673e+03 8.6360635489e-04 10 6
3.2711787594e+03 1.5188400000e+06 1.6418987594e+03 8.3961728951e-04 10 6
3.2711869457e+03 1.5188500000e+06 1.6419069457e+03 8.0963095775e-04 10 6
3.2711950420e+03 1.5188600000e+06 1.6419150420e+03 8.0963095775e-04 10 6
3.2712031383e+03 1.5188700000e+06 1.6419231383e+03 8.0963095775e-04 10 6
3.2712113754e+03 1.5188800000e+06 1.6419313754e+03 8.1686249658e-04 10 6
3.2712195440e+03 1.5188900000e+06 1.6419395440e+03 8.1686249655e-04 10 6
3.2712277126e+03 1.5189000000e+06 1.6419477126e+03 8.1686249655e-04 10 6
3.2712353279e+03 1.5189100000e+06 1.6419553279e+03 7.3781128718e-04 10 6
3.2712427060e+03 1.5189200000e+06 1.6419627060e+03 7.3781128710e-04 10 6
3.2712500841e+03 1.5189300000e+06 1.6419700841e+03 7.3781128713e-04 10 6
3.2712574312e+03 1.5189400000e+06 1.6419774312e+03 7.3264754047e-04 10 6
3.2712647577e+03 1.5189500000e+06 1.6419847577e+03 7.3264754043e-04 10 6
3.2712720842e+03 1.5189600000e+06 1.6419920842e+03 7.3264754042e-04 10 6
3.2712794107e+03 1.5189700000e+06 1.6419994107e+03 7.3264754042e-04 10 6
3.2712867371e+03 1.5189800000e+06 1.6420067371e+03 7.3264754042e-04 10 6
3.2712940636e+03 1.5189900000e+06 1.6420140636e+03 7.3264754042e-04 10 6
3.2713013901e+03 1.5190000000e+06 1.6420213901e+03 7.3264754042e-04 10 6
3.2713089937e+03 1.5190100000e+06 1.6420289937e+03 7.6757071452e-04 10 6
3.2713166694e+03 1.5190200000e+06 1.6420366694e+03 7.6757071452e-04 10 6
3.2713243451e+03 1.5190300000e+06 1.6420443451e+03 7.6757071452e-04 10 6
3.2713320209e+03 1.5190400000e+06 1.6420520209e+03 7.6757071452e-04 10 6
3.2713396966e+03 1.5190500000e+06 1.6420596966e+03 7.6757071452e-04 10 6
3.2713473723e+03 1.5190600000e+06 1.6420673723e+03 7.6757071452e-04 10 6
3.2713552337e+03 1.5190700000e+06 1.6420752337e+03 8.0471123300e-04 10 6
3.2713632808e+03 1.5190800000e+06 1.6420832808e+03 8.0471123303e-04 10 6
3.2713713279e+03 1.5190900000e+06 1.6420913279e+03 8.0471123305e-04 10 6
3.2713793750e+03 1.5191000000e+06 1.6420993750e+03 8.0471123307e-04 10 6
3.2713874221e+03 1.5191100000e+06 1.6421074221e+03 8.0471123305e-04 10 6
3.2713954692e+03 1.5191200000e+06 1.6421154692e+03 8.0471123309e-04 10 6
3.2714035164e+03 1.5191300000e+06 1.6421235164e+03 8.0471123300e-04 10 6
3.2714115313e+03 1.5191400000e+06 1.6421315313e+03 7.8861700837e-04 10 6
3.2714194174e+03 1.5191500000e+06 1.6421394174e+03 7.8861700838e-04 10 6
3.2714273036e+03 1.5191600000e+06 1.6421473036e+03 7.8861700841e-04 10 6
3.2714351898e+03 1.5191700000e+06 1.6421551898e+03 7.8861700845e-04 10 6
3.2714430760e+03 1.5191800000e+06 1.6421630760e+03 7.8861700851e-04 10 6
3.2714510211e+03 1.5191900000e+06 1.6421710211e+03 8.1812308687e-04 10 6
3.2714592024e+03 1.5192000000e+06 1.6421792024e+03 8.1812308686e-04 10 6
3.2714673836e+03 1.5192100000e+06 1.6421873836e+03 8.1812308685e-04 10 6
3.2714755648e+03 1.5192200000e+06 1.6421955648e+03 8.1812308684e-04 10 6
3.2714837461e+03 1.5192300000e+06 1.6422037461e+03 8.1812308681e-04 10 6
3.2714919273e+03 1.5192400000e+06 1.6422119273e+03 8.1812308670e-04 10 6
3.2715001649e+03 1.5192500000e+06 1.6422201649e+03 8.4633422780e-04 10 6
3.2715086283e+03 1.5192600000e+06 1.6422286283e+03 8.4633422779e-04 10 6
3.2715170916e+03 1.5192700000e+06 1.6422370916e+03 8.4633422777e-04 10 6
3.2715255550e+03 1.5192800000e+06 1.6422455550e+03 8.4633422774e-04 10 6
3.2715340183e+03 1.5192900000e+06 1.6422540183e+03 8.4633422768e-04 10 6
3.2715424817e+03 1.5193000000e+06 1.6422624817e+03 8.4633422758e-04 10 6
3.2715510659e+03 1.5193100000e+06 1.6422710659e+03 8.7656045022e-04 10 6
3.2715598315e+03 1.5193200000e+06 1.6422798315e+03 8.7656045021e-04 10 6
3.2715685971e+03 1.5193300000e+06 1.6422885971e+03 8.7656045020e-04 10 6
3.2715771679e+03 1.5193400000e+06 1.6422971679e+03 8.1163004646e-04 10 6
3.2715852842e+03 1.5193500000e+06 1.6423052842e+03 8.1163004649e-04 10 6
3.2715934005e+03 1.5193600000e+06 1.6423134005e+03 8.1163004661e-04 10 6
3.2716014753e+03 1.5193700000e+06 1.6423214753e+03 8.0471123300e-04 10 6
3.2716095224e+03 1.5193800000e+06 1.6423295224e+03 8.0471123304e-04 10 6
3.2716175695e+03 1.5193900000e+06 1.6423375695e+03 8.0471123306e-04 10 6
3.2716256167e+03 1.5194000000e+06 1.6423456167e+03 8.0471123306e-04 10 6
3.2716336638e+03 1.5194100000e+06 1.6423536638e+03 8.0471123306e-04 10 6
3.2716417109e+03 1.5194200000e+06 1.6423617109e+03 8.0471123306e-04 10 6
3.2716498250e+03 1.5194300000e+06 1.6423698250e+03 8.1812308687e-04 10 6
3.2716580063e+03 1.5194400000e+06 1.6423780063e+03 8.1812308686e-04 10 6
3.2716661875e+03 1.5194500000e+06 1.6423861875e+03 8.1812308685e-04 10 6
3.2716743687e+03 1.5194600000e+06 1.6423943687e+03 8.1812308683e-04 10 6
3.2716825500e+03 1.5194700000e+06 1.6424025500e+03 8.1812308679e-04 10 6
3.2716907312e+03 1.5194800000e+06 1.6424107312e+03 8.1812308667e-04 10 6
3.2716989818e+03 1.5194900000e+06 1.6424189818e+03 8.3198957986e-04 10 6
3.2717073017e+03 1.5195000000e+06 1.6424273017e+03 8.3198957987e-04 10 6
3.2717156216e+03 1.5195100000e+06 1.6424356216e+03 8.3198957986e-04 10 6
3.2717239415e+03 1.5195200000e+06 1.6424439415e+03 8.3198957987e-04 10 6
3.2717322613e+03 1.5195300000e+06 1.6424522613e+03 8.3198957985e-04 10 6
3.2717405812e+03 1.5195400000e+06 1.6424605812e+03 8.3198957991e-04 10 6
3.2717489011e+03 1.5195500000e+06 1.6424689011e+03 8.3198957986e-04 10 6
3.2717572210e+03 1.5195600000e+06 1.6424772210e+03 8.3198957986e-04 10 6
3.2717654947e+03 1.5195700000e+06 1.6424854947e+03 8.0887875820e-04 10 6
3.2717735835e+03 1.5195800000e+06 1.6424935835e+03 8.0887875823e-04 10 6
3.2717816723e+03 1.5195900000e+06 1.6425016723e+03 8.0887875832e-04 10 6
3.2717895300e+03 1.5196000000e+06 1.6425095300e+03 6.9332465000e-04 10 6
3.2717969552e+03 1.5196100000e+06 1.6425169552e+03 7.9173201956e-04 10 6
3.2718047846e+03 1.5196200000e+06 1.6425247846e+03 7.7707031550e-04 10 6
3.2718125553e+03 1.5196300000e+06 1.6425325553e+03 7.7707031550e-04 10 6
3.2718202117e+03 1.5196400000e+06 1.6425402117e+03 7.5421530622e-04 10 6
3.2718277539e+03 1.5196500000e+06 1.6425477539e+03 7.5421530623e-04 10 6
3.2718352960e+03 1.5196600000e+06 1.6425552960e+03 7.5421530628e-04 10 6
3.2718428510e+03 1.5196700000e+06 1.6425628510e+03 7.6699039394e-04 10 6
3.2718505209e+03 1.5196800000e+06 1.6425705209e+03 7.6699039395e-04 10 6
3.2718580987e+03 1.5196900000e+06 1.6425780987e+03 7.5165058606e-04 10 6
3.2718656152e+03 1.5197000000e+06 1.6425856152e+03 7.5165058604e-04 10 6
3.2718731317e+03 1.5197100000e+06 1.6425931317e+03 7.5165058599e-04 10 6
3.2718806482e+03 1.5197200000e+06 1.6426006482e+03 7.5165058591e-04 10 6
3.2718881648e+03 1.5197300000e+06 1.6426081648e+03 7.5165058597e-04 10 6
3.2718957025e+03 1.5197400000e+06 1.6426157025e+03 7.5519054171e-04 10 6
3.2719032544e+03 1.5197500000e+06 1.6426232544e+03 7.5519054168e-04 10 6
3.2719108063e+03 1.5197600000e+06 1.6426308063e+03 7.5519054167e-04 10 6
3.2719183582e+03 1.5197700000e+06 1.6426383582e+03 7.5519054167e-04 10 6
3.2719259101e+03 1.5197800000e+06 1.6426459101e+03 7.5519054167e-04 10 6
3.2719334620e+03 1.5197900000e+06 1.6426534620e+03 7.5519054167e-04 10 6
3.2719410257e+03 1.5198000000e+06 1.6426610257e+03 7.6699039394e-04 10 6
3.2719486956e+03 1.5198100000e+06 1.6426686956e+03 7.6699039395e-04 10 6
3.2719563655e+03 1.5198200000e+06 1.6426763655e+03 7.6699039395e-04 10 6
3.2719640354e+03 1.5198300000e+06 1.6426840354e+03 7.6699039397e-04 10 6
3.2719717053e+03 1.5198400000e+06 1.6426917053e+03 7.6699039399e-04 10 6
3.2719793753e+03 1.5198500000e+06 1.6426993753e+03 7.6699039404e-04 10 6
3.2719870452e+03 1.5198600000e+06 1.6427070452e+03 7.6699039414e-04 10 6
3.2719948883e+03 1.5198700000e+06 1.6427148883e+03 7.9173201956e-04 10 6
3.2720028056e+03 1.5198800000e+06 1.6427228056e+03 7.9173201958e-04 10 6
3.2720107229e+03 1.5198900000e+06 1.6427307229e+03 7.9173201961e-04 10 6
3.2720186402e+03 1.5199000000e+06 1.6427386402e+03 7.9173201965e-04 10 6
3.2720265575e+03 1.5199100000e+06 1.6427465575e+03 7.9173201971e-04 10 6
3.2720342769e+03 1.5199200000e+06 1.6427542769e+03 6.9276551728e-04 10 6
3.2720415872e+03 1.5199300000e+06 1.6427615872e+03 7.7853648590e-04 10 6
3.2720493726e+03 1.5199400000e+06 1.6427693726e+03 7.7853648588e-04 10 6
3.2720570695e+03 1.5199500000e+06 1.6427770695e+03 7.8080627158e-04 10 6
3.2720646823e+03 1.5199600000e+06 1.6427846823e+03 7.6128611476e-04 10 6
3.2720722952e+03 1.5199700000e+06 1.6427922952e+03 7.6128611478e-04 10 6
3.2720799080e+03 1.5199800000e+06 1.6427999080e+03 7.6128611475e-04 10 6
3.2720875209e+03 1.5199900000e+06 1.6428075209e+03 7.6128611499e-04 10 6
3.2720950728e+03 1.5200000000e+06 1.6428150728e+03 7.5519054170e-04 10 6
3.2721026247e+03 1.5200100000e+06 1.6428226247e+03 7.5519054167e-04 10 6
3.2721101766e+03 1.5200200000e+06 1.6428301766e+03 7.5519054167e-04 10 6
3.2721177285e+03 1.5200300000e+06 1.6428377285e+03 7.5519054167e-04 10 6
3.2721252804e+03 1.5200400000e+06 1.6428452804e+03 7.5519054167e-04 10 6
3.2721328323e+03 1.5200500000e+06 1.6428528323e+03 7.5519054167e-04 10 6
3.2721403842e+03 1.5200600000e+06 1.6428603842e+03 7.5519054172e-04 10 6
3.2721479361e+03 1.5200700000e+06 1.6428679361e+03 7.5519054168e-04 10 6
3.2721554880e+03 1.5200800000e+06 1.6428754880e+03 7.5519054166e-04 10 6
3.2721630400e+03 1.5200900000e+06 1.6428830400e+03 7.5519054167e-04 10 6
3.2721705919e+03 1.5201000000e+06 1.6428905919e+03 7.5519054166e-04 10 6
3.2721781438e+03 1.5201100000e+06 1.6428981438e+03 7.5519054169e-04 10 6
3.2721856957e+03 1.5201200000e+06 1.6429056957e+03 7.5519054144e-04 10 6
3.2721932476e+03 1.5201300000e+06 1.6429132476e+03 7.5519054170e-04 10 6
3.2722009157e+03 1.5201400000e+06 1.6429209157e+03 7.6971343673e-04 10 6
3.2722086128e+03 1.5201500000e+06 1.6429286128e+03 7.6971343675e-04 10 6
3.2722163099e+03 1.5201600000e+06 1.6429363099e+03 7.6971343673e-04 10 6
3.2722240071e+03 1.5201700000e+06 1.6429440071e+03 7.6971343675e-04 10 6
3.2722317042e+03 1.5201800000e+06 1.6429517042e+03 7.6971343669e-04 10 6
3.2722394580e+03 1.5201900000e+06 1.6429594580e+03 7.7916484465e-04 10 6
3.2722472497e+03 1.5202000000e+06 1.6429672497e+03 7.7916484468e-04 10 6
3.2722550413e+03 1.5202100000e+06 1.6429750413e+03 7.7916484472e-04 10 6
3.2722628330e+03 1.5202200000e+06 1.6429828330e+03 7.7916484474e-04 10 6
3.2722706246e+03 1.5202300000e+06 1.6429906246e+03 7.7916484474e-04 10 6
3.2722784163e+03 1.5202400000e+06 1.6429984163e+03 7.7916484474e-04 10 6
3.2722862456e+03 1.5202500000e+06 1.6430062456e+03 7.9173201956e-04 10 6
3.2722941630e+03 1.5202600000e+06 1.6430141630e+03 7.9173201957e-04 10 6
3.2723020803e+03 1.5202700000e+06 1.6430220803e+03 7.9173201959e-04 10 6
3.2723099976e+03 1.5202800000e+06 1.6430299976e+03 7.9173201963e-04 10 6
3.2723179149e+03 1.5202900000e+06 1.6430379149e+03 7.9173201971e-04 10 6
3.2723258322e+03 1.5203000000e+06 1.6430458322e+03 7.9173201971e-04 10 6
3.2723337625e+03 1.5203100000e+06 1.6430537625e+03 8.0471123299e-04 10 6
3.2723418096e+03 1.5203200000e+06 1.6430618096e+03 8.0471123302e-04 10 6
3.2723497394e+03 1.5203300000e+06 1.6430697394e+03 7.8794641569e-04 10 6
3.2723576189e+03 1.5203400000e+06 1.6430776189e+03 7.8794641573e-04 10 6
3.2723654983e+03 1.5203500000e+06 1.6430854983e+03 7.8794641579e-04 10 6
3.2723733778e+03 1.5203600000e+06 1.6430933778e+03 7.8794641581e-04 10 6
3.2723812573e+03 1.5203700000e+06 1.6431012573e+03 7.8794641581e-04 10 6
3.2723891708e+03 1.5203800000e+06 1.6431091708e+03 7.9173201956e-04 10 6
3.2723970881e+03 1.5203900000e+06 1.6431170881e+03 7.9173201958e-04 10 6
3.2724050054e+03 1.5204000000e+06 1.6431250054e+03 7.9173201961e-04 10 6
3.2724129228e+03 1.5204100000e+06 1.6431329228e+03 7.9173201967e-04 10 6
3.2724208401e+03 1.5204200000e+06 1.6431408401e+03 7.9173201971e-04 10 6
3.2724287574e+03 1.5204300000e+06 1.6431487574e+03 7.9173201971e-04 10 6
3.2724367512e+03 1.5204400000e+06 1.6431567512e+03 7.9034138956e-04 10 6
3.2724446546e+03 1.5204500000e+06 1.6431646546e+03 7.9034138957e-04 10 6
3.2724525580e+03 1.5204600000e+06 1.6431725580e+03 7.9034138957e-04 10 6
3.2724604614e+03 1.5204700000e+06 1.6431804614e+03 7.9034138957e-04 10 6
3.2724683649e+03 1.5204800000e+06 1.6431883649e+03 7.9034138957e-04 10 6
3.2724762683e+03 1.5204900000e+06 1.6431962683e+03 7.9034138957e-04 10 6
3.2724841786e+03 1.5205000000e+06 1.6432041786e+03 7.9173201956e-04 10 6
3.2724920960e+03 1.5205100000e+06 1.6432120960e+03 7.9173201957e-04 10 6
3.2725000133e+03 1.5205200000e+06 1.6432200133e+03 7.9173201960e-04 10 6
3.2725079306e+03 1.5205300000e+06 1.6432279306e+03 7.9173201964e-04 10 6
3.2725158479e+03 1.5205400000e+06 1.6432358479e+03 7.9173201971e-04 10 6
3.2725237652e+03 1.5205500000e+06 1.6432437652e+03 7.9173201971e-04 10 6
3.2725317617e+03 1.5205600000e+06 1.6432517617e+03 8.1812308687e-04 10 6
3.2725399430e+03 1.5205700000e+06 1.6432599430e+03 8.1812308686e-04 10 6
3.2725481242e+03 1.5205800000e+06 1.6432681242e+03 8.1812308685e-04 10 6
3.2725563054e+03 1.5205900000e+06 1.6432763054e+03 8.1812308684e-04 10 6
3.2725644867e+03 1.5206000000e+06 1.6432844867e+03 8.1812308680e-04 10 6
3.2725726679e+03 1.5206100000e+06 1.6432926679e+03 8.1812308667e-04 10 6
3.2725810244e+03 1.5206200000e+06 1.6433010244e+03 8.7656045022e-04 10 6
3.2725897900e+03 1.5206300000e+06 1.6433097900e+03 8.7656045021e-04 10 6
3.2725987310e+03 1.5206400000e+06 1.6433187310e+03 8.9847446149e-04 10 6
3.2726077157e+03 1.5206500000e+06 1.6433277157e+03 8.9847446155e-04 10 6
3.2726167004e+03 1.5206600000e+06 1.6433367004e+03 8.9847446155e-04 10 6
3.2726256852e+03 1.5206700000e+06 1.6433456852e+03 8.9847446164e-04 10 6
3.2726348916e+03 1.5206800000e+06 1.6433548916e+03 9.2617707946e-04 10 6
3.2726441533e+03 1.5206900000e+06 1.6433641533e+03 9.2617707946e-04 10 6
3.2726534151e+03 1.5207000000e+06 1.6433734151e+03 9.2617707946e-04 10 6
3.2726626769e+03 1.5207100000e+06 1.6433826769e+03 9.2617707946e-04 10 6
3.2726719386e+03 1.5207200000e+06 1.6433919386e+03 9.2617707946e-04 10 6
3.2726813820e+03 1.5207300000e+06 1.6434013820e+03 9.6249774926e-04 10 6
3.2726909131e+03 1.5207400000e+06 1.6434109131e+03 9.3902219440e-04 10 6
3.2727003033e+03 1.5207500000e+06 1.6434203033e+03 9.3902219440e-04 10 6
3.2727093805e+03 1.5207600000e+06 1.6434293805e+03 9.0424359465e-04 10 6
3.2727184230e+03 1.5207700000e+06 1.6434384230e+03 9.0424359471e-04 10 6
3.2727275093e+03 1.5207800000e+06 1.6434475093e+03 9.2617707947e-04 10 6
3.2727367710e+03 1.5207900000e+06 1.6434567710e+03 9.2617707946e-04 10 6
3.2727460328e+03 1.5208000000e+06 1.6434660328e+03 9.2617707946e-04 10 6
3.2727552946e+03 1.5208100000e+06 1.6434752946e+03 9.2617707946e-04 10 6
3.2727645563e+03 1.5208200000e+06 1.6434845563e+03 9.2617707946e-04 10 6
3.2727738181e+03 1.5208300000e+06 1.6434938181e+03 9.2617707946e-04 10 6
3.2727830799e+03 1.5208400000e+06 1.6435030799e+03 9.2617707947e-04 10 6
3.2727923417e+03 1.5208500000e+06 1.6435123417e+03 9.2617707946e-04 10 6
3.2728016034e+03 1.5208600000e+06 1.6435216034e+03 9.2617707947e-04 10 6
3.2728108652e+03 1.5208700000e+06 1.6435308652e+03 9.2617707945e-04 10 6
3.2728201270e+03 1.5208800000e+06 1.6435401270e+03 9.2617707951e-04 10 6
3.2728294956e+03 1.5208900000e+06 1.6435494956e+03 9.4398817714e-04 10 6
3.2728389355e+03 1.5209000000e+06 1.6435589355e+03 9.4398817715e-04 10 6
3.2728483754e+03 1.5209100000e+06 1.6435683754e+03 9.4398817713e-04 10 6
3.2728578153e+03 1.5209200000e+06 1.6435778153e+03 9.4398817715e-04 10 6
3.2728672551e+03 1.5209300000e+06 1.6435872551e+03 9.4398817711e-04 10 6
3.2728767691e+03 1.5209400000e+06 1.6435967691e+03 9.6249774926e-04 10 6
3.2728863940e+03 1.5209500000e+06 1.6436063940e+03 9.6249774927e-04 10 6
3.2728960190e+03 1.5209600000e+06 1.6436160190e+03 9.6249774927e-04 10 6
3.2729056440e+03 1.5209700000e+06 1.6436256440e+03 9.6249774929e-04 10 6
3.2729152690e+03 1.5209800000e+06 1.6436352690e+03 9.6249774936e-04 10 6
3.2729238588e+03 1.5209900000e+06 1.6436438588e+03 9.2617707947e-04 10 6
3.2729328778e+03 1.5210000000e+06 1.6436528778e+03 8.8874408918e-04 10 6
3.2729417653e+03 1.5210100000e+06 1.6436617653e+03 8.8874408923e-04 10 6
3.2729506527e+03 1.5210200000e+06 1.6436706527e+03 8.8874408925e-04 10 6
3.2729595402e+03 1.5210300000e+06 1.6436795402e+03 8.8874408925e-04 10 6
3.2729684276e+03 1.5210400000e+06 1.6436884276e+03 8.8874408925e-04 10 6
3.2729773413e+03 1.5210500000e+06 1.6436973413e+03 8.9249791296e-04 10 6
3.2729862663e+03 1.5210600000e+06 1.6437062663e+03 8.9249791297e-04 10 6
3.2729951913e+03 1.5210700000e+06 1.6437151913e+03 8.9249791299e-04 10 6
3.2730041163e+03 1.5210800000e+06 1.6437241163e+03 8.9249791304e-04 10 6
3.2730130412e+03 1.5210900000e+06 1.6437330412e+03 8.9249791315e-04 10 6
3.2730219993e+03 1.5211000000e+06 1.6437419993e+03 9.0902565208e-04 10 6
3.2730310895e+03 1.5211100000e+06 1.6437510895e+03 9.0902565206e-04 10 6
3.2730400815e+03 1.5211200000e+06 1.6437600815e+03 8.8445739116e-04 10 6
3.2730489261e+03 1.5211300000e+06 1.6437689261e+03 8.8445739110e-04 10 6
3.2730577707e+03 1.5211400000e+06 1.6437777707e+03 8.8445739107e-04 10 6
3.2730666152e+03 1.5211500000e+06 1.6437866152e+03 8.8445739107e-04 10 6
3.2730756318e+03 1.5211600000e+06 1.6437956318e+03 9.0902565207e-04 10 6
3.2730847220e+03 1.5211700000e+06 1.6438047220e+03 9.0902565204e-04 10 6
3.2730938123e+03 1.5211800000e+06 1.6438138123e+03 9.0902565200e-04 10 6
3.2731029026e+03 1.5211900000e+06 1.6438229026e+03 9.0902565194e-04 10 6
3.2731117449e+03 1.5212000000e+06 1.6438317449e+03 8.2638695631e-04 10 6
3.2731201410e+03 1.5212100000e+06 1.6438401410e+03 8.9249791295e-04 10 6
3.2731290660e+03 1.5212200000e+06 1.6438490660e+03 8.9249791296e-04 10 6
3.2731379909e+03 1.5212300000e+06 1.6438579909e+03 8.9249791298e-04 10 6
3.2731469159e+03 1.5212400000e+06 1.6438669159e+03 8.9249791301e-04 10 6
3.2731558409e+03 1.5212500000e+06 1.6438758409e+03 8.9249791310e-04 10 6
3.2731647659e+03 1.5212600000e+06 1.6438847659e+03 8.9249791313e-04 10 6
3.2731738066e+03 1.5212700000e+06 1.6438938066e+03 9.0902565207e-04 10 6
3.2731828968e+03 1.5212800000e+06 1.6439028968e+03 9.0902565204e-04 10 6
3.2731918734e+03 1.5212900000e+06 1.6439118734e+03 8.8061860037e-04 10 6
3.2732006796e+03 1.5213000000e+06 1.6439206796e+03 8.8061860039e-04 10 6
3.2732094858e+03 1.5213100000e+06 1.6439294858e+03 8.8061860035e-04 10 6
3.2732173919e+03 1.5213200000e+06 1.6439373919e+03 8.6118219671e-04 10 6
3.2732259362e+03 1.5213300000e+06 1.6439459362e+03 8.4429627127e-04 10 6
3.2732343792e+03 1.5213400000e+06 1.6439543792e+03 8.4429627129e-04 10 6
3.2732426533e+03 1.5213500000e+06 1.6439626533e+03 8.2017352064e-04 10 6
3.2732508550e+03 1.5213600000e+06 1.6439708550e+03 8.2017352066e-04 10 6
3.2732586708e+03 1.5213700000e+06 1.6439786708e+03 7.7192801950e-04 10 6
3.2732664099e+03 1.5213800000e+06 1.6439864099e+03 7.9173201955e-04 10 6
3.2732742979e+03 1.5213900000e+06 1.6439942979e+03 7.7707031550e-04 10 6
3.2732820686e+03 1.5214000000e+06 1.6440020686e+03 7.7707031550e-04 10 6
3.2732897949e+03 1.5214100000e+06 1.6440097949e+03 7.5486830648e-04 10 6
3.2732973436e+03 1.5214200000e+06 1.6440173436e+03 7.5486830644e-04 10 6
3.2733048922e+03 1.5214300000e+06 1.6440248922e+03 7.5486830636e-04 10 6
3.2733124409e+03 1.5214400000e+06 1.6440324409e+03 7.5486830633e-04 10 6
3.2733199919e+03 1.5214500000e+06 1.6440399919e+03 7.5519054171e-04 10 6
3.2733275438e+03 1.5214600000e+06 1.6440475438e+03 7.5519054167e-04 10 6
3.2733350957e+03 1.5214700000e+06 1.6440550957e+03 7.5519054167e-04 10 6
3.2733426476e+03 1.5214800000e+06 1.6440626476e+03 7.5519054166e-04 10 6
3.2733501995e+03 1.5214900000e+06 1.6440701995e+03 7.5519054168e-04 10 6
3.2733577514e+03 1.5215000000e+06 1.6440777514e+03 7.5519054164e-04 10 6
3.2733653269e+03 1.5215100000e+06 1.6440853269e+03 7.6699039394e-04 10 6
3.2733729968e+03 1.5215200000e+06 1.6440929968e+03 7.6699039395e-04 10 6
3.2733806667e+03 1.5215300000e+06 1.6441006667e+03 7.6699039396e-04 10 6
3.2733883366e+03 1.5215400000e+06 1.6441083366e+03 7.6699039397e-04 10 6
3.2733960065e+03 1.5215500000e+06 1.6441160065e+03 7.6699039399e-04 10 6
3.2734036764e+03 1.5215600000e+06 1.6441236764e+03 7.6699039405e-04 10 6
3.2734113463e+03 1.5215700000e+06 1.6441313463e+03 7.6699039422e-04 10 6
3.2734192030e+03 1.5215800000e+06 1.6441392030e+03 7.9193803883e-04 10 6
3.2734271224e+03 1.5215900000e+06 1.6441471224e+03 7.9193803887e-04 10 6
3.2734350418e+03 1.5216000000e+06 1.6441550418e+03 7.9193803889e-04 10 6
3.2734429612e+03 1.5216100000e+06 1.6441629612e+03 7.9193803891e-04 10 6
3.2734508806e+03 1.5216200000e+06 1.6441708806e+03 7.9193803889e-04 10 6
3.2734587999e+03 1.5216300000e+06 1.6441787999e+03 7.9193803895e-04 10 6
3.2734667960e+03 1.5216400000e+06 1.6441867960e+03 8.0471123300e-04 10 6
3.2734748431e+03 1.5216500000e+06 1.6441948431e+03 8.0471123304e-04 10 6
3.2734830586e+03 1.5216600000e+06 1.6442030586e+03 8.2342544776e-04 10 6
3.2734912929e+03 1.5216700000e+06 1.6442112929e+03 8.2342544772e-04 10 6
3.2734995271e+03 1.5216800000e+06 1.6442195271e+03 8.2342544765e-04 10 6
3.2735077614e+03 1.5216900000e+06 1.6442277614e+03 8.2342544765e-04 10 6
3.2735160470e+03 1.5217000000e+06 1.6442360470e+03 8.3198957986e-04 10 6
3.2735243669e+03 1.5217100000e+06 1.6442443669e+03 8.3198957986e-04 10 6
3.2735326868e+03 1.5217200000e+06 1.6442526868e+03 8.3198957986e-04 10 6
3.2735410067e+03 1.5217300000e+06 1.6442610067e+03 8.3198957986e-04 10 6
3.2735493266e+03 1.5217400000e+06 1.6442693266e+03 8.3198957986e-04 10 6
3.2735576465e+03 1.5217500000e+06 1.6442776465e+03 8.3198957986e-04 10 6
3.2735661707e+03 1.5217600000e+06 1.6442861707e+03 8.6118219670e-04 10 6
3.2735747826e+03 1.5217700000e+06 1.6442947826e+03 8.6118219668e-04 10 6
3.2735833944e+03 1.5217800000e+06 1.6443033944e+03 8.6118219664e-04 10 6
3.2735920062e+03 1.5217900000e+06 1.6443120062e+03 8.6118219657e-04 10 6
3.2736003884e+03 1.5218000000e+06 1.6443203884e+03 8.0377005016e-04 10 6
3.2736084261e+03 1.5218100000e+06 1.6443284261e+03 8.0377005020e-04 10 6
3.2736169805e+03 1.5218200000e+06 1.6443369805e+03 8.6118219669e-04 10 6
3.2736255754e+03 1.5218300000e+06 1.6443455754e+03 8.6162725208e-04 10 6
3.2736341917e+03 1.5218400000e+06 1.6443541917e+03 8.6162725208e-04 10 6
3.2736428079e+03 1.5218500000e+06 1.6443628079e+03 8.6162725206e-04 10 6
3.2736514242e+03 1.5218600000e+06 1.6443714242e+03 8.6162725201e-04 10 6
3.2736591938e+03 1.5218700000e+06 1.6443791938e+03 8.7656045022e-04 10 6
3.2736680646e+03 1.5218800000e+06 1.6443880646e+03 8.9409165923e-04 10 6
3.2736768565e+03 1.5218900000e+06 1.6443968565e+03 8.7280376260e-04 10 6
3.2736855222e+03 1.5219000000e+06 1.6444055222e+03 8.4163219966e-04 10 6
3.2736939385e+03 1.5219100000e+06 1.6444139385e+03 8.4163219957e-04 10 6
3.2737023548e+03 1.5219200000e+06 1.6444223548e+03 8.4163219961e-04 10 6
3.2737108493e+03 1.5219300000e+06 1.6444308493e+03 8.6118219670e-04 10 6
3.2737193287e+03 1.5219400000e+06 1.6444393287e+03 8.4462100063e-04 10 6
3.2737277749e+03 1.5219500000e+06 1.6444477749e+03 8.4462100062e-04 10 6
3.2737362211e+03 1.5219600000e+06 1.6444562211e+03 8.4462100063e-04 10 6
3.2737446673e+03 1.5219700000e+06 1.6444646673e+03 8.4462100061e-04 10 6
3.2737531135e+03 1.5219800000e+06 1.6444731135e+03 8.4462100067e-04 10 6
3.2737615700e+03 1.5219900000e+06 1.6444815700e+03 8.4633422779e-04 10 6
3.2737700333e+03 1.5220000000e+06 1.6444900333e+03 8.4633422778e-04 10 6
3.2737784967e+03 1.5220100000e+06 1.6444984967e+03 8.4633422776e-04 10 6
3.2737869600e+03 1.5220200000e+06 1.6445069600e+03 8.4633422773e-04 10 6
3.2737954234e+03 1.5220300000e+06 1.6445154234e+03 8.4633422763e-04 10 6
3.2738038867e+03 1.5220400000e+06 1.6445238867e+03 8.4633422754e-04 10 6
3.2738123501e+03 1.5220500000e+06 1.6445323501e+03 8.4633422779e-04 10 6
3.2738208134e+03 1.5220600000e+06 1.6445408134e+03 8.4633422778e-04 10 6
3.2738292767e+03 1.5220700000e+06 1.6445492767e+03 8.4633422776e-04 10 6
3.2738377401e+03 1.5220800000e+06 1.6445577401e+03 8.4633422771e-04 10 6
3.2738462034e+03 1.5220900000e+06 1.6445662034e+03 8.4633422760e-04 10 6
3.2738546668e+03 1.5221000000e+06 1.6445746668e+03 8.4633422784e-04 10 6
3.2738632786e+03 1.5221100000e+06 1.6445832786e+03 8.6118219669e-04 10 6
3.2738718904e+03 1.5221200000e+06 1.6445918904e+03 8.6118219667e-04 10 6
3.2738805022e+03 1.5221300000e+06 1.6446005022e+03 8.6118219662e-04 10 6
3.2738891141e+03 1.5221400000e+06 1.6446091141e+03 8.6118219656e-04 10 6
3.2738977259e+03 1.5221500000e+06 1.6446177259e+03 8.6118219656e-04 10 6
3.2739063838e+03 1.5221600000e+06 1.6446263838e+03 8.7656045022e-04 10 6
3.2739153041e+03 1.5221700000e+06 1.6446353041e+03 8.9374791000e-04 10 6
3.2739242416e+03 1.5221800000e+06 1.6446442416e+03 8.9374790996e-04 10 6
3.2739331791e+03 1.5221900000e+06 1.6446531791e+03 8.9374790990e-04 10 6
3.2739421166e+03 1.5222000000e+06 1.6446621166e+03 8.9374790993e-04 10 6
3.2739510540e+03 1.5222100000e+06 1.6446710540e+03 8.9374790984e-04 10 6
3.2739599815e+03 1.5222200000e+06 1.6446799815e+03 8.9249791296e-04 10 6
3.2739687997e+03 1.5222300000e+06 1.6446887997e+03 8.4946676360e-04 10 6
3.2739771094e+03 1.5222400000e+06 1.6446971094e+03 8.2731612834e-04 10 6
3.2739853826e+03 1.5222500000e+06 1.6447053826e+03 8.2731612831e-04 10 6
3.2739936558e+03 1.5222600000e+06 1.6447136558e+03 8.2731612826e-04 10 6
3.2740019289e+03 1.5222700000e+06 1.6447219289e+03 8.2731612792e-04 10 6
3.2740102488e+03 1.5222800000e+06 1.6447302488e+03 8.3198957986e-04 10 6
3.2740185687e+03 1.5222900000e+06 1.6447385687e+03 8.3198957986e-04 10 6
3.2740267247e+03 1.5223000000e+06 1.6447467247e+03 7.8360129702e-04 10 6
3.2740347846e+03 1.5223100000e+06 1.6447547846e+03 8.1158705758e-04 10 6
3.2740425352e+03 1.5223200000e+06 1.6447625352e+03 7.7100770466e-04 10 6
3.2740502453e+03 1.5223300000e+06 1.6447702453e+03 7.7100770454e-04 10 6
3.2740583076e+03 1.5223400000e+06 1.6447783076e+03 8.0377005024e-04 10 6
3.2740663166e+03 1.5223500000e+06 1.6447863166e+03 8.0445410983e-04 10 6
3.2740743423e+03 1.5223600000e+06 1.6447943423e+03 8.0504216105e-04 10 6
3.2740823928e+03 1.5223700000e+06 1.6448023928e+03 8.0504216102e-04 10 6
3.2740904432e+03 1.5223800000e+06 1.6448104432e+03 8.0504216094e-04 10 6
3.2740984936e+03 1.5223900000e+06 1.6448184936e+03 8.0504216097e-04 10 6
3.2741066487e+03 1.5224000000e+06 1.6448266487e+03 8.1812308687e-04 10 6
3.2741148162e+03 1.5224100000e+06 1.6448348162e+03 8.1845046703e-04 10 6
3.2741230007e+03 1.5224200000e+06 1.6448430007e+03 8.1845046703e-04 10 6
3.2741311852e+03 1.5224300000e+06 1.6448511852e+03 8.1845046701e-04 10 6
3.2741393697e+03 1.5224400000e+06 1.6448593697e+03 8.1845046704e-04 10 6
3.2741475542e+03 1.5224500000e+06 1.6448675542e+03 8.1845046695e-04 10 6
3.2741558470e+03 1.5224600000e+06 1.6448758470e+03 8.3198957986e-04 10 6
3.2741641669e+03 1.5224700000e+06 1.6448841669e+03 8.3198957986e-04 10 6
3.2741724868e+03 1.5224800000e+06 1.6448924868e+03 8.3198957986e-04 10 6
3.2741808067e+03 1.5224900000e+06 1.6449008067e+03 8.3198957986e-04 10 6
3.2741891266e+03 1.5225000000e+06 1.6449091266e+03 8.3198957986e-04 10 6
3.2741974465e+03 1.5225100000e+06 1.6449174465e+03 8.3198957986e-04 10 6
3.2742057664e+03 1.5225200000e+06 1.6449257664e+03 8.3198957986e-04 10 6
3.2742140863e+03 1.5225300000e+06 1.6449340863e+03 8.3198957987e-04 10 6
3.2742224062e+03 1.5225400000e+06 1.6449424062e+03 8.3198957986e-04 10 6
3.2742307261e+03 1.5225500000e+06 1.6449507261e+03 8.3198957988e-04 10 6
3.2742390460e+03 1.5225600000e+06 1.6449590460e+03 8.3198957984e-04 10 6
3.2742473658e+03 1.5225700000e+06 1.6449673658e+03 8.3198958009e-04 10 6
3.2742558292e+03 1.5225800000e+06 1.6449758292e+03 8.4633422779e-04 10 6
3.2742642925e+03 1.5225900000e+06 1.6449842925e+03 8.4633422777e-04 10 6
3.2742726533e+03 1.5226000000e+06 1.6449926533e+03 8.2068773601e-04 10 6
3.2742804954e+03 1.5226100000e+06 1.6450004954e+03 7.5989605185e-04 10 6
3.2742877687e+03 1.5226200000e+06 1.6450077687e+03 7.2371052556e-04 10 6
3.2742950058e+03 1.5226300000e+06 1.6450150058e+03 7.2371052556e-04 10 6
3.2743024948e+03 1.5226400000e+06 1.6450224948e+03 7.5519054171e-04 10 6
3.2743100467e+03 1.5226500000e+06 1.6450300467e+03 7.5519054167e-04 10 6
3.2743175986e+03 1.5226600000e+06 1.6450375986e+03 7.5519054167e-04 10 6
3.2743253447e+03 1.5226700000e+06 1.6450453447e+03 7.7676741431e-04 10 6
3.2743331123e+03 1.5226800000e+06 1.6450531123e+03 7.7676741437e-04 10 6
3.2743408800e+03 1.5226900000e+06 1.6450608800e+03 7.7676741440e-04 10 6
3.2743487075e+03 1.5227000000e+06 1.6450687075e+03 7.9173201956e-04 10 6
3.2743568369e+03 1.5227100000e+06 1.6450768369e+03 8.3980168274e-04 10 6
3.2743653609e+03 1.5227200000e+06 1.6450853609e+03 8.6079672484e-04 10 6
3.2743739689e+03 1.5227300000e+06 1.6450939689e+03 8.6079672488e-04 10 6
3.2743825768e+03 1.5227400000e+06 1.6451025768e+03 8.6079672495e-04 10 6
3.2743911848e+03 1.5227500000e+06 1.6451111848e+03 8.6079672501e-04 10 6
3.2743999830e+03 1.5227600000e+06 1.6451199830e+03 8.9249791296e-04 10 6
3.2744090117e+03 1.5227700000e+06 1.6451290117e+03 9.1325367838e-04 10 6
3.2744181443e+03 1.5227800000e+06 1.6451381443e+03 9.1325367838e-04 10 6
3.2744272768e+03 1.5227900000e+06 1.6451472768e+03 9.1325367837e-04 10 6
3.2744364094e+03 1.5228000000e+06 1.6451564094e+03 9.1325367834e-04 10 6
3.2744455677e+03 1.5228100000e+06 1.6451655677e+03 9.2617707947e-04 10 6
3.2744547310e+03 1.5228200000e+06 1.6451747310e+03 8.2764760293e-04 10 6
3.2744627721e+03 1.5228300000e+06 1.6451827721e+03 7.9028105311e-04 10 6
3.2744706239e+03 1.5228400000e+06 1.6451906239e+03 7.6478811593e-04 10 6
3.2744782718e+03 1.5228500000e+06 1.6451982718e+03 7.6478811593e-04 10 6
3.2744859197e+03 1.5228600000e+06 1.6452059197e+03 7.6478811593e-04 10 6
3.2744935698e+03 1.5228700000e+06 1.6452135698e+03 7.6699039394e-04 10 6
3.2745012397e+03 1.5228800000e+06 1.6452212397e+03 7.6699039395e-04 10 6
3.2745089096e+03 1.5228900000e+06 1.6452289096e+03 7.6699039395e-04 10 6
3.2745165795e+03 1.5229000000e+06 1.6452365795e+03 7.6699039397e-04 10 6
3.2745242494e+03 1.5229100000e+06 1.6452442494e+03 7.6699039399e-04 10 6
3.2745319193e+03 1.5229200000e+06 1.6452519193e+03 7.6699039404e-04 10 6
3.2745395892e+03 1.5229300000e+06 1.6452595892e+03 7.6699039414e-04 10 6
3.2745472591e+03 1.5229400000e+06 1.6452672591e+03 7.6699039394e-04 10 6
3.2745549290e+03 1.5229500000e+06 1.6452749290e+03 7.6699039395e-04 10 6
3.2745625989e+03 1.5229600000e+06 1.6452825989e+03 7.6699039396e-04 10 6
3.2745702688e+03 1.5229700000e+06 1.6452902688e+03 7.6699039398e-04 10 6
3.2745779387e+03 1.5229800000e+06 1.6452979387e+03 7.6699039401e-04 10 6
3.2745856086e+03 1.5229900000e+06 1.6453056086e+03 7.6699039414e-04 10 6
3.2745933150e+03 1.5230000000e+06 1.6453133150e+03 7.7916484464e-04 10 6
3.2746011067e+03 1.5230100000e+06 1.6453211067e+03 7.7916484467e-04 10 6
3.2746088983e+03 1.5230200000e+06 1.6453288983e+03 7.7916484470e-04 10 6
3.2746166900e+03 1.5230300000e+06 1.6453366900e+03 7.7916484475e-04 10 6
3.2746244816e+03 1.5230400000e+06 1.6453444816e+03 7.7916484473e-04 10 6
3.2746322733e+03 1.5230500000e+06 1.6453522733e+03 7.7916484476e-04 10 6
3.2746400649e+03 1.5230600000e+06 1.6453600649e+03 7.7916484452e-04 10 6
3.2746481120e+03 1.5230700000e+06 1.6453681120e+03 8.0471123301e-04 10 6
3.2746561404e+03 1.5230800000e+06 1.6453761404e+03 7.8599701834e-04 10 6
3.2746641616e+03 1.5230900000e+06 1.6453841616e+03 8.0615078808e-04 10 6
3.2746722231e+03 1.5231000000e+06 1.6453922231e+03 8.0615078809e-04 10 6
3.2746802847e+03 1.5231100000e+06 1.6454002847e+03 8.0615078809e-04 10 6
3.2746883462e+03 1.5231200000e+06 1.6454083462e+03 8.0615078809e-04 10 6
3.2746966402e+03 1.5231300000e+06 1.6454166402e+03 8.3198957986e-04 10 6
3.2747049034e+03 1.5231400000e+06 1.6454249034e+03 8.1308072576e-04 10 6
3.2747130342e+03 1.5231500000e+06 1.6454330342e+03 8.1308072572e-04 10 6
3.2747213241e+03 1.5231600000e+06 1.6454413241e+03 8.0550543951e-04 10 6
3.2747293791e+03 1.5231700000e+06 1.6454493791e+03 8.0550543949e-04 10 6
3.2747374342e+03 1.5231800000e+06 1.6454574342e+03 8.0550543930e-04 10 6
3.2747455310e+03 1.5231900000e+06 1.6454655310e+03 8.0377005024e-04 10 6
3.2747536262e+03 1.5232000000e+06 1.6454736262e+03 8.0240193100e-04 10 6
3.2747616502e+03 1.5232100000e+06 1.6454816502e+03 8.0240193098e-04 10 6
3.2747696742e+03 1.5232200000e+06 1.6454896742e+03 8.0240193096e-04 10 6
3.2747773494e+03 1.5232300000e+06 1.6454973494e+03 7.6751489054e-04 10 6
3.2747850245e+03 1.5232400000e+06 1.6455050245e+03 7.6751489064e-04 10 6
3.2747928043e+03 1.5232500000e+06 1.6455128043e+03 7.7875280612e-04 10 6
3.2748005918e+03 1.5232600000e+06 1.6455205918e+03 7.7875280612e-04 10 6
3.2748082137e+03 1.5232700000e+06 1.6455282137e+03 7.6218359746e-04 10 6
3.2748158355e+03 1.5232800000e+06 1.6455358355e+03 7.6218359743e-04 10 6
3.2748234573e+03 1.5232900000e+06 1.6455434573e+03 7.6218359737e-04 10 6
3.2748308713e+03 1.5233000000e+06 1.6455508713e+03 6.9289417939e-04 10 6
3.2748379249e+03 1.5233100000e+06 1.6455579249e+03 7.5519054172e-04 10 6
3.2748453689e+03 1.5233200000e+06 1.6455653689e+03 7.4320339025e-04 10 6
3.2748528009e+03 1.5233300000e+06 1.6455728009e+03 7.4320339023e-04 10 6
3.2748602329e+03 1.5233400000e+06 1.6455802329e+03 7.4320339019e-04 10 6
3.2748676650e+03 1.5233500000e+06 1.6455876650e+03 7.4320339014e-04 10 6
3.2748749731e+03 1.5233600000e+06 1.6455949731e+03 7.0191431291e-04 10 6
3.2748819923e+03 1.5233700000e+06 1.6456019923e+03 7.0191431291e-04 10 6
3.2748891651e+03 1.5233800000e+06 1.6456091651e+03 7.3264754047e-04 10 6
3.2748964916e+03 1.5233900000e+06 1.6456164916e+03 7.3264754044e-04 10 6
3.2749038180e+03 1.5234000000e+06 1.6456238180e+03 7.3264754042e-04 10 6
3.2749110163e+03 1.5234100000e+06 1.6456310163e+03 7.1433135191e-04 10 6
3.2749181596e+03 1.5234200000e+06 1.6456381596e+03 7.1433135192e-04 10 6
3.2749253029e+03 1.5234300000e+06 1.6456453029e+03 7.1433135193e-04 10 6
3.2749324462e+03 1.5234400000e+06 1.6456524462e+03 7.1433135201e-04 10 6
3.2749396424e+03 1.5234500000e+06 1.6456596424e+03 7.2187331193e-04 10 6
3.2749468611e+03 1.5234600000e+06 1.6456668611e+03 7.2187331193e-04 10 6
3.2749540798e+03 1.5234700000e+06 1.6456740798e+03 7.2187331193e-04 10 6
3.2749612986e+03 1.5234800000e+06 1.6456812986e+03 7.2187331193e-04 10 6
3.2749685173e+03 1.5234900000e+06 1.6456885173e+03 7.2187331193e-04 10 6
3.2749757360e+03 1.5235000000e+06 1.6456957360e+03 7.2187331193e-04 10 6
3.2749829548e+03 1.5235100000e+06 1.6457029548e+03 7.2187331193e-04 10 6
3.2749901735e+03 1.5235200000e+06 1.6457101735e+03 7.2187331193e-04 10 6
3.2749973922e+03 1.5235300000e+06 1.6457173922e+03 7.2187331193e-04 10 6
3.2750046110e+03 1.5235400000e+06 1.6457246110e+03 7.2187331193e-04 10 6
3.2750118297e+03 1.5235500000e+06 1.6457318297e+03 7.2187331193e-04 10 6
3.2750190484e+03 1.5235600000e+06 1.6457390484e+03 7.2187331193e-04 10 6
3.2750259699e+03 1.5235700000e+06 1.6457459699e+03 6.7941017592e-04 10 6
3.2750327640e+03 1.5235800000e+06 1.6457527640e+03 6.7941017596e-04 10 6
3.2750399478e+03 1.5235900000e+06 1.6457599478e+03 7.1023019401e-04 10 6
3.2750470501e+03 1.5236000000e+06 1.6457670501e+03 7.1023019404e-04 10 6
3.2750541524e+03 1.5236100000e+06 1.6457741524e+03 7.1023019404e-04 10 6
3.2750612547e+03 1.5236200000e+06 1.6457812547e+03 7.1023019404e-04 10 6
3.2750683570e+03 1.5236300000e+06 1.6457883570e+03 7.1023019404e-04 10 6
3.2750751042e+03 1.5236400000e+06 1.6457951042e+03 6.7471868430e-04 10 6
3.2750818514e+03 1.5236500000e+06 1.6458018514e+03 6.7471868397e-04 10 6
3.2750889008e+03 1.5236600000e+06 1.6458089008e+03 7.0063241959e-04 10 6
3.2750959072e+03 1.5236700000e+06 1.6458159072e+03 7.0063241961e-04 10 6
3.2751029135e+03 1.5236800000e+06 1.6458229135e+03 7.0063241964e-04 10 6
3.2751099198e+03 1.5236900000e+06 1.6458299198e+03 7.0063241969e-04 10 6
3.2751169261e+03 1.5237000000e+06 1.6458369261e+03 7.0063241970e-04 10 6
3.2751239325e+03 1.5237100000e+06 1.6458439325e+03 7.0063241967e-04 10 6
3.2751309388e+03 1.5237200000e+06 1.6458509388e+03 7.0063241992e-04 10 6
3.2751379134e+03 1.5237300000e+06 1.6458579134e+03 6.9037301180e-04 10 6
3.2751448171e+03 1.5237400000e+06 1.6458648171e+03 6.9037301179e-04 10 6
3.2751517209e+03 1.5237500000e+06 1.6458717209e+03 6.9037301179e-04 10 6
3.2751586246e+03 1.5237600000e+06 1.6458786246e+03 6.9037301178e-04 10 6
3.2751655283e+03 1.5237700000e+06 1.6458855283e+03 6.9037301176e-04 10 6
3.2751724321e+03 1.5237800000e+06 1.6458924321e+03 6.9037301171e-04 10 6
3.2751793358e+03 1.5237900000e+06 1.6458993358e+03 6.9037301159e-04 10 6
3.2751862485e+03 1.5238000000e+06 1.6459062485e+03 6.9137162268e-04 10 6
3.2751931622e+03 1.5238100000e+06 1.6459131622e+03 6.9137162268e-04 10 6
3.2752000643e+03 1.5238200000e+06 1.6459200643e+03 6.9164828197e-04 10 6
3.2752068598e+03 1.5238300000e+06 1.6459268598e+03 6.7435707493e-04 10 6
3.2752136033e+03 1.5238400000e+06 1.6459336033e+03 6.7435707499e-04 10 6
3.2752203469e+03 1.5238500000e+06 1.6459403469e+03 6.7435707501e-04 10 6
3.2752270905e+03 1.5238600000e+06 1.6459470905e+03 6.7435707501e-04 10 6
3.2752338859e+03 1.5238700000e+06 1.6459538859e+03 6.8176923904e-04 10 6
3.2752406917e+03 1.5238800000e+06 1.6459606917e+03 6.6980837517e-04 10 6
3.2752473898e+03 1.5238900000e+06 1.6459673898e+03 6.6980837514e-04 10 6
3.2752540878e+03 1.5239000000e+06 1.6459740878e+03 6.6980837511e-04 10 6
3.2752607859e+03 1.5239100000e+06 1.6459807859e+03 6.6980837506e-04 10 6
3.2752674840e+03 1.5239200000e+06 1.6459874840e+03 6.6980837504e-04 10 6
3.2752741821e+03 1.5239300000e+06 1.6459941821e+03 6.6980837508e-04 10 6
3.2752808907e+03 1.5239400000e+06 1.6460008907e+03 6.7242993441e-04 10 6
3.2752876150e+03 1.5239500000e+06 1.6460076150e+03 6.7242993441e-04 10 6
3.2752943393e+03 1.5239600000e+06 1.6460143393e+03 6.7242993441e-04 10 6
3.2753010636e+03 1.5239700000e+06 1.6460210636e+03 6.7242993441e-04 10 6
3.2753077879e+03 1.5239800000e+06 1.6460277879e+03 6.7242993441e-04 10 6
3.2753145122e+03 1.5239900000e+06 1.6460345122e+03 6.7242993441e-04 10 6
3.2753212365e+03 1.5240000000e+06 1.6460412365e+03 6.7242993441e-04 10 6
3.2753279701e+03 1.5240100000e+06 1.6460479701e+03 6.8176923906e-04 10 6
3.2753347878e+03 1.5240200000e+06 1.6460547878e+03 6.8176923903e-04 10 6
3.2753416055e+03 1.5240300000e+06 1.6460616055e+03 6.8176923901e-04 10 6
3.2753485010e+03 1.5240400000e+06 1.6460685010e+03 6.7987192202e-04 10 6
3.2753552997e+03 1.5240500000e+06 1.6460752997e+03 6.7987192206e-04 10 6
3.2753620984e+03 1.5240600000e+06 1.6460820984e+03 6.7987192210e-04 10 6
3.2753688971e+03 1.5240700000e+06 1.6460888971e+03 6.7987192210e-04 10 6
3.2753756958e+03 1.5240800000e+06 1.6460956958e+03 6.7987192210e-04 10 6
3.2753827602e+03 1.5240900000e+06 1.6461027602e+03 7.1171475361e-04 10 6
3.2753898774e+03 1.5241000000e+06 1.6461098774e+03 7.1171475360e-04 10 6
3.2753970292e+03 1.5241100000e+06 1.6461170292e+03 7.2907365004e-04 10 6
3.2754043200e+03 1.5241200000e+06 1.6461243200e+03 7.2907365006e-04 10 6
3.2754116107e+03 1.5241300000e+06 1.6461316107e+03 7.2907365006e-04 10 6
3.2754189014e+03 1.5241400000e+06 1.6461389014e+03 7.2907365006e-04 10 6
3.2754262068e+03 1.5241500000e+06 1.6461462068e+03 7.4374826079e-04 10 6
3.2754337470e+03 1.5241600000e+06 1.6461537470e+03 7.4188058941e-04 10 6
3.2754412918e+03 1.5241700000e+06 1.6461612918e+03 7.5587833638e-04 10 6
3.2754488506e+03 1.5241800000e+06 1.6461688506e+03 7.5587833639e-04 10 6
3.2754566045e+03 1.5241900000e+06 1.6461766045e+03 7.8026150849e-04 10 6
3.2754644071e+03 1.5242000000e+06 1.6461844071e+03 7.8026150845e-04 10 6
3.2754722097e+03 1.5242100000e+06 1.6461922097e+03 7.8026150845e-04 10 6
3.2754800046e+03 1.5242200000e+06 1.6462000046e+03 7.7916484465e-04 10 6
3.2754879379e+03 1.5242300000e+06 1.6462079379e+03 7.9333147819e-04 10 6
3.2754958713e+03 1.5242400000e+06 1.6462158713e+03 7.9333147817e-04 10 6
3.2755038046e+03 1.5242500000e+06 1.6462238046e+03 7.9333147815e-04 10 6
3.2755117379e+03 1.5242600000e+06 1.6462317379e+03 7.9333147809e-04 10 6
3.2755193106e+03 1.5242700000e+06 1.6462393106e+03 7.2121043448e-04 10 6
3.2755265685e+03 1.5242800000e+06 1.6462465685e+03 7.3264754047e-04 10 6
3.2755337903e+03 1.5242900000e+06 1.6462537903e+03 7.2101821444e-04 10 6
3.2755410887e+03 1.5243000000e+06 1.6462610887e+03 7.3573287190e-04 10 6
3.2755483864e+03 1.5243100000e+06 1.6462683864e+03 7.1584819969e-04 10 6
3.2755555449e+03 1.5243200000e+06 1.6462755449e+03 7.1584819967e-04 10 6
3.2755627034e+03 1.5243300000e+06 1.6462827034e+03 7.1584819965e-04 10 6
3.2755698619e+03 1.5243400000e+06 1.6462898619e+03 7.1584819971e-04 10 6
3.2755771420e+03 1.5243500000e+06 1.6462971420e+03 7.3230597985e-04 10 6
3.2755843469e+03 1.5243600000e+06 1.6463043469e+03 7.2049459305e-04 10 6
3.2755912850e+03 1.5243700000e+06 1.6463112850e+03 6.9380960814e-04 10 6
3.2755982231e+03 1.5243800000e+06 1.6463182231e+03 6.9380960817e-04 10 6
3.2756051612e+03 1.5243900000e+06 1.6463251612e+03 6.9380960822e-04 10 6
3.2756122920e+03 1.5244000000e+06 1.6463322920e+03 7.3235458652e-04 10 6
3.2756196156e+03 1.5244100000e+06 1.6463396156e+03 7.3235458660e-04 10 6
3.2756270990e+03 1.5244200000e+06 1.6463470990e+03 7.5519054171e-04 10 6
3.2756347834e+03 1.5244300000e+06 1.6463547834e+03 7.6843949857e-04 10 6
3.2756424885e+03 1.5244400000e+06 1.6463624885e+03 7.8920813364e-04 10 6
3.2756503806e+03 1.5244500000e+06 1.6463703806e+03 7.8920813370e-04 10 6
3.2756582727e+03 1.5244600000e+06 1.6463782727e+03 7.8920813370e-04 10 6
3.2756661648e+03 1.5244700000e+06 1.6463861648e+03 7.8920813374e-04 10 6
3.2756740669e+03 1.5244800000e+06 1.6463940669e+03 7.9173201956e-04 10 6
3.2756819843e+03 1.5244900000e+06 1.6464019843e+03 7.9173201957e-04 10 6
3.2756899016e+03 1.5245000000e+06 1.6464099016e+03 7.9173201960e-04 10 6
3.2756978189e+03 1.5245100000e+06 1.6464178189e+03 7.9173201964e-04 10 6
3.2757057362e+03 1.5245200000e+06 1.6464257362e+03 7.9173201972e-04 10 6
3.2757136535e+03 1.5245300000e+06 1.6464336535e+03 7.9173201968e-04 10 6
3.2757216237e+03 1.5245400000e+06 1.6464416237e+03 8.1812308687e-04 10 6
3.2757298049e+03 1.5245500000e+06 1.6464498049e+03 8.1812308686e-04 10 6
3.2757379861e+03 1.5245600000e+06 1.6464579861e+03 8.1812308685e-04 10 6
3.2757461673e+03 1.5245700000e+06 1.6464661673e+03 8.1812308684e-04 10 6
3.2757543486e+03 1.5245800000e+06 1.6464743486e+03 8.1812308681e-04 10 6
3.2757625298e+03 1.5245900000e+06 1.6464825298e+03 8.1812308670e-04 10 6
3.2757707110e+03 1.5246000000e+06 1.6464907110e+03 8.1812308687e-04 10 6
3.2757788923e+03 1.5246100000e+06 1.6464988923e+03 8.1812308686e-04 10 6
3.2757869644e+03 1.5246200000e+06 1.6465069644e+03 7.9994257381e-04 10 6
3.2757949638e+03 1.5246300000e+06 1.6465149638e+03 7.9994257380e-04 10 6
3.2758029633e+03 1.5246400000e+06 1.6465229633e+03 7.9994257378e-04 10 6
3.2758106333e+03 1.5246500000e+06 1.6465306333e+03 7.5288712820e-04 10 6
3.2758181622e+03 1.5246600000e+06 1.6465381622e+03 7.5288712787e-04 10 6
3.2758260795e+03 1.5246700000e+06 1.6465460795e+03 7.9173201957e-04 10 6
3.2758339968e+03 1.5246800000e+06 1.6465539968e+03 7.9173201958e-04 10 6
3.2758418780e+03 1.5246900000e+06 1.6465618780e+03 7.9285984299e-04 10 6
3.2758496892e+03 1.5247000000e+06 1.6465696892e+03 7.6349466362e-04 10 6
3.2758573241e+03 1.5247100000e+06 1.6465773241e+03 7.6349466355e-04 10 6
3.2758649591e+03 1.5247200000e+06 1.6465849591e+03 7.6349466349e-04 10 6
3.2758727917e+03 1.5247300000e+06 1.6465927917e+03 7.9173201956e-04 10 6
3.2758807090e+03 1.5247400000e+06 1.6466007090e+03 7.9173201958e-04 10 6
3.2758886263e+03 1.5247500000e+06 1.6466086263e+03 7.9173201961e-04 10 6
3.2758965436e+03 1.5247600000e+06 1.6466165436e+03 7.9173201965e-04 10 6
3.2759044610e+03 1.5247700000e+06 1.6466244610e+03 7.9173201971e-04 10 6
3.2759123783e+03 1.5247800000e+06 1.6466323783e+03 7.9173201971e-04 10 6
3.2759202956e+03 1.5247900000e+06 1.6466402956e+03 7.9173201956e-04 10 6
3.2759282129e+03 1.5248000000e+06 1.6466482129e+03 7.9173201957e-04 10 6
3.2759361302e+03 1.5248100000e+06 1.6466561302e+03 7.9173201960e-04 10 6
3.2759440476e+03 1.5248200000e+06 1.6466640476e+03 7.9173201964e-04 10 6
3.2759519649e+03 1.5248300000e+06 1.6466719649e+03 7.9173201971e-04 10 6
3.2759598822e+03 1.5248400000e+06 1.6466798822e+03 7.9173201971e-04 10 6
3.2759678385e+03 1.5248500000e+06 1.6466878385e+03 8.0471123299e-04 10 6
3.2759758856e+03 1.5248600000e+06 1.6466958856e+03 8.0471123303e-04 10 6
3.2759839327e+03 1.5248700000e+06 1.6467039327e+03 8.0471123306e-04 10 6
3.2759919798e+03 1.5248800000e+06 1.6467119798e+03 8.0471123305e-04 10 6
3.2760000269e+03 1.5248900000e+06 1.6467200269e+03 8.0471123307e-04 10 6
3.2760080740e+03 1.5249000000e+06 1.6467280740e+03 8.0471123303e-04 10 6
3.2760161480e+03 1.5249100000e+06 1.6467361480e+03 8.1812308687e-04 10 6
3.2760243292e+03 1.5249200000e+06 1.6467443292e+03 8.1812308686e-04 10 6
3.2760325104e+03 1.5249300000e+06 1.6467525104e+03 8.1812308685e-04 10 6
3.2760406917e+03 1.5249400000e+06 1.6467606917e+03 8.1812308684e-04 10 6
3.2760488729e+03 1.5249500000e+06 1.6467688729e+03 8.1812308681e-04 10 6
3.2760570541e+03 1.5249600000e+06 1.6467770541e+03 8.1812308670e-04 10 6
3.2760652631e+03 1.5249700000e+06 1.6467852631e+03 8.3198957986e-04 10 6
3.2760735830e+03 1.5249800000e+06 1.6467935830e+03 8.3198957986e-04 10 6
3.2760818236e+03 1.5249900000e+06 1.6468018236e+03 8.1218030414e-04 10 6
3.2760899454e+03 1.5250000000e+06 1.6468099454e+03 8.1218030415e-04 10 6
3.2760980672e+03 1.5250100000e+06 1.6468180672e+03 8.1218030413e-04 10 6
3.2761061890e+03 1.5250200000e+06 1.6468261890e+03 8.1218030416e-04 10 6
3.2761143364e+03 1.5250300000e+06 1.6468343364e+03 8.1788806156e-04 10 6
3.2761225152e+03 1.5250400000e+06 1.6468425152e+03 8.1788806154e-04 10 6
3.2761306941e+03 1.5250500000e+06 1.6468506941e+03 8.1788806152e-04 10 6
3.2761388730e+03 1.5250600000e+06 1.6468588730e+03 8.1788806147e-04 10 6
3.2761470519e+03 1.5250700000e+06 1.6468670519e+03 8.1788806143e-04 10 6
3.2761552308e+03 1.5250800000e+06 1.6468752308e+03 8.1788806139e-04 10 6
3.2761634379e+03 1.5250900000e+06 1.6468834379e+03 8.3198957986e-04 10 6
3.2761717577e+03 1.5251000000e+06 1.6468917577e+03 8.3198957986e-04 10 6
3.2761799642e+03 1.5251100000e+06 1.6468999642e+03 8.1308072575e-04 10 6
3.2761880950e+03 1.5251200000e+06 1.6469080950e+03 8.1308072573e-04 10 6
3.2761962258e+03 1.5251300000e+06 1.6469162258e+03 8.1308072571e-04 10 6
3.2762043566e+03 1.5251400000e+06 1.6469243566e+03 8.1308072575e-04 10 6
3.2762124975e+03 1.5251500000e+06 1.6469324975e+03 8.1812308687e-04 10 6
3.2762205401e+03 1.5251600000e+06 1.6469405401e+03 8.0425659390e-04 10 6
3.2762285826e+03 1.5251700000e+06 1.6469485826e+03 8.0425659394e-04 10 6
3.2762366252e+03 1.5251800000e+06 1.6469566252e+03 8.0425659394e-04 10 6
3.2762446295e+03 1.5251900000e+06 1.6469646295e+03 7.6595866089e-04 10 6
3.2762522891e+03 1.5252000000e+06 1.6469722891e+03 7.6595866093e-04 10 6
3.2762599486e+03 1.5252100000e+06 1.6469799486e+03 7.6595866130e-04 10 6
3.2762677403e+03 1.5252200000e+06 1.6469877403e+03 7.7916484466e-04 10 6
3.2762755319e+03 1.5252300000e+06 1.6469955319e+03 7.7916484469e-04 10 6
3.2762833236e+03 1.5252400000e+06 1.6470033236e+03 7.7916484474e-04 10 6
3.2762911152e+03 1.5252500000e+06 1.6470111152e+03 7.7916484474e-04 10 6
3.2762989069e+03 1.5252600000e+06 1.6470189069e+03 7.7916484474e-04 10 6
3.2763066985e+03 1.5252700000e+06 1.6470266985e+03 7.7916484474e-04 10 6
3.2763144638e+03 1.5252800000e+06 1.6470344638e+03 7.6595866084e-04 10 6
3.2763221077e+03 1.5252900000e+06 1.6470421077e+03 7.5032685144e-04 10 6
3.2763296110e+03 1.5253000000e+06 1.6470496110e+03 7.5032685141e-04 10 6
3.2763371143e+03 1.5253100000e+06 1.6470571143e+03 7.5032685140e-04 10 6
3.2763443588e+03 1.5253200000e+06 1.6470643588e+03 7.2445351166e-04 10 6
3.2763516033e+03 1.5253300000e+06 1.6470716033e+03 7.2445351157e-04 10 6
3.2763588672e+03 1.5253400000e+06 1.6470788672e+03 7.4374826079e-04 10 6
3.2763663046e+03 1.5253500000e+06 1.6470863046e+03 7.4374826077e-04 10 6
3.2763737421e+03 1.5253600000e+06 1.6470937421e+03 7.4374826074e-04 10 6
3.2763811796e+03 1.5253700000e+06 1.6471011796e+03 7.4374826070e-04 10 6
3.2763886171e+03 1.5253800000e+06 1.6471086171e+03 7.4374826067e-04 10 6
3.2763960546e+03 1.5253900000e+06 1.6471160546e+03 7.4374826067e-04 10 6
3.2764034921e+03 1.5254000000e+06 1.6471234921e+03 7.4374826067e-04 10 6
3.2764109868e+03 1.5254100000e+06 1.6471309868e+03 7.5519054172e-04 10 6
3.2764185387e+03 1.5254200000e+06 1.6471385387e+03 7.5519054168e-04 10 6
3.2764260906e+03 1.5254300000e+06 1.6471460906e+03 7.5519054166e-04 10 6
3.2764336425e+03 1.5254400000e+06 1.6471536425e+03 7.5519054167e-04 10 6
3.2764411944e+03 1.5254500000e+06 1.6471611944e+03 7.5519054166e-04 10 6
3.2764487463e+03 1.5254600000e+06 1.6471687463e+03 7.5519054169e-04 10 6
3.2764562982e+03 1.5254700000e+06 1.6471762982e+03 7.5519054144e-04 10 6
3.2764640898e+03 1.5254800000e+06 1.6471840898e+03 7.7916484466e-04 10 6
3.2764718815e+03 1.5254900000e+06 1.6471918815e+03 7.7916484469e-04 10 6
3.2764796731e+03 1.5255000000e+06 1.6471996731e+03 7.7916484474e-04 10 6
3.2764874648e+03 1.5255100000e+06 1.6472074648e+03 7.7916484474e-04 10 6
3.2764952564e+03 1.5255200000e+06 1.6472152564e+03 7.7916484474e-04 10 6
3.2765030481e+03 1.5255300000e+06 1.6472230481e+03 7.7916484474e-04 10 6
3.2765109277e+03 1.5255400000e+06 1.6472309277e+03 7.9173201956e-04 10 6
3.2765188450e+03 1.5255500000e+06 1.6472388450e+03 7.9173201958e-04 10 6
3.2765267623e+03 1.5255600000e+06 1.6472467623e+03 7.9173201961e-04 10 6
3.2765346797e+03 1.5255700000e+06 1.6472546797e+03 7.9173201965e-04 10 6
3.2765425970e+03 1.5255800000e+06 1.6472625970e+03 7.9173201971e-04 10 6
3.2765505143e+03 1.5255900000e+06 1.6472705143e+03 7.9173201971e-04 10 6
3.2765584316e+03 1.5256000000e+06 1.6472784316e+03 7.9173201956e-04 10 6
3.2765663489e+03 1.5256100000e+06 1.6472863489e+03 7.9173201957e-04 10 6
3.2765742663e+03 1.5256200000e+06 1.6472942663e+03 7.9173201960e-04 10 6
3.2765821836e+03 1.5256300000e+06 1.6473021836e+03 7.9173201964e-04 10 6
3.2765900592e+03 1.5256400000e+06 1.6473100592e+03 7.5006191341e-04 10 6
3.2765975598e+03 1.5256500000e+06 1.6473175598e+03 7.5006191335e-04 10 6
3.2766051187e+03 1.5256600000e+06 1.6473251187e+03 7.7916484464e-04 10 6
3.2766128420e+03 1.5256700000e+06 1.6473328420e+03 7.6549528597e-04 10 6
3.2766205325e+03 1.5256800000e+06 1.6473405325e+03 7.8329750191e-04 10 6
3.2766282984e+03 1.5256900000e+06 1.6473482984e+03 7.6091757326e-04 10 6
3.2766357717e+03 1.5257000000e+06 1.6473557717e+03 7.3374194566e-04 10 6
3.2766431091e+03 1.5257100000e+06 1.6473631091e+03 7.3374194569e-04 10 6
3.2766500063e+03 1.5257200000e+06 1.6473700063e+03 6.6036775115e-04 10 6
3.2766570207e+03 1.5257300000e+06 1.6473770207e+03 7.2119992265e-04 10 6
3.2766642852e+03 1.5257400000e+06 1.6473842852e+03 7.3431264850e-04 10 6
3.2766714871e+03 1.5257500000e+06 1.6473914871e+03 7.2019125144e-04 10 6
3.2766786890e+03 1.5257600000e+06 1.6473986890e+03 7.2019125150e-04 10 6
3.2766857842e+03 1.5257700000e+06 1.6474057842e+03 6.9351750144e-04 10 6
3.2766927194e+03 1.5257800000e+06 1.6474127194e+03 6.9351750137e-04 10 6
3.2766996546e+03 1.5257900000e+06 1.6474196546e+03 6.9351750130e-04 10 6
3.2767065747e+03 1.5258000000e+06 1.6474265747e+03 6.9137162269e-04 10 6
3.2767134884e+03 1.5258100000e+06 1.6474334884e+03 6.9137162267e-04 10 6
3.2767204021e+03 1.5258200000e+06 1.6474404021e+03 6.9137162268e-04 10 6
3.2767273159e+03 1.5258300000e+06 1.6474473159e+03 6.9137162267e-04 10 6
3.2767342296e+03 1.5258400000e+06 1.6474542296e+03 6.9137162269e-04 10 6
3.2767411433e+03 1.5258500000e+06 1.6474611433e+03 6.9137162266e-04 10 6
3.2767480570e+03 1.5258600000e+06 1.6474680570e+03 6.9137162272e-04 10 6
3.2767551537e+03 1.5258700000e+06 1.6474751537e+03 7.2187331193e-04 10 6
3.2767623605e+03 1.5258800000e+06 1.6474823605e+03 7.2210357456e-04 10 6
3.2767694931e+03 1.5258900000e+06 1.6474894931e+03 7.0736676692e-04 10 6
3.2767765668e+03 1.5259000000e+06 1.6474965668e+03 7.0736676687e-04 10 6
3.2767836404e+03 1.5259100000e+06 1.6475036404e+03 7.0736676685e-04 10 6
3.2767907141e+03 1.5259200000e+06 1.6475107141e+03 7.0736676685e-04 10 6
3.2767977878e+03 1.5259300000e+06 1.6475177878e+03 7.0736676685e-04 10 6
3.2768048898e+03 1.5259400000e+06 1.6475248898e+03 7.1141137987e-04 10 6
3.2768120039e+03 1.5259500000e+06 1.6475320039e+03 7.1141137984e-04 10 6
3.2768191180e+03 1.5259600000e+06 1.6475391180e+03 7.1141137982e-04 10 6
3.2768262321e+03 1.5259700000e+06 1.6475462321e+03 7.1141137983e-04 10 6
3.2768333462e+03 1.5259800000e+06 1.6475533462e+03 7.1141137982e-04 10 6
3.2768404603e+03 1.5259900000e+06 1.6475604603e+03 7.1141137984e-04 10 6
3.2768475744e+03 1.5260000000e+06 1.6475675744e+03 7.1141137975e-04 10 6
3.2768551119e+03 1.5260100000e+06 1.6475751119e+03 7.6737103434e-04 10 6
3.2768627856e+03 1.5260200000e+06 1.6475827856e+03 7.6737103435e-04 10 6
3.2768704593e+03 1.5260300000e+06 1.6475904593e+03 7.6737103437e-04 10 6
3.2768781330e+03 1.5260400000e+06 1.6475981330e+03 7.6737103441e-04 10 6
3.2768858067e+03 1.5260500000e+06 1.6476058067e+03 7.6737103449e-04 10 6
3.2768934804e+03 1.5260600000e+06 1.6476134804e+03 7.6737103447e-04 10 6
3.2769012013e+03 1.5260700000e+06 1.6476212013e+03 7.7916484465e-04 10 6
3.2769089930e+03 1.5260800000e+06 1.6476289930e+03 7.7916484467e-04 10 6
3.2769167846e+03 1.5260900000e+06 1.6476367846e+03 7.7916484471e-04 10 6
3.2769245763e+03 1.5261000000e+06 1.6476445763e+03 7.7916484474e-04 10 6
3.2769323679e+03 1.5261100000e+06 1.6476523679e+03 7.7916484474e-04 10 6
3.2769401596e+03 1.5261200000e+06 1.6476601596e+03 7.7916484474e-04 10 6
3.2769479638e+03 1.5261300000e+06 1.6476679638e+03 7.9173201955e-04 10 6
3.2769558811e+03 1.5261400000e+06 1.6476758811e+03 7.9173201957e-04 10 6
3.2769637984e+03 1.5261500000e+06 1.6476837984e+03 7.9173201959e-04 10 6
3.2769716692e+03 1.5261600000e+06 1.6476916692e+03 7.6844578375e-04 10 6
3.2769793536e+03 1.5261700000e+06 1.6476993536e+03 7.6844578377e-04 10 6
3.2769870381e+03 1.5261800000e+06 1.6477070381e+03 7.6844578381e-04 10 6
3.2769947225e+03 1.5261900000e+06 1.6477147225e+03 7.6844578401e-04 10 6
3.2770024927e+03 1.5262000000e+06 1.6477224927e+03 7.7916484465e-04 10 6
3.2770102844e+03 1.5262100000e+06 1.6477302844e+03 7.7916484468e-04 10 6
3.2770179810e+03 1.5262200000e+06 1.6477379810e+03 7.6016082412e-04 10 6
3.2770255826e+03 1.5262300000e+06 1.6477455826e+03 7.6016082415e-04 10 6
3.2770330115e+03 1.5262400000e+06 1.6477530115e+03 7.2560805946e-04 10 6
3.2770402675e+03 1.5262500000e+06 1.6477602675e+03 7.2560805955e-04 10 6
3.2770475124e+03 1.5262600000e+06 1.6477675124e+03 7.2187331194e-04 10 6
3.2770547185e+03 1.5262700000e+06 1.6477747185e+03 7.0920886786e-04 10 6
3.2770618940e+03 1.5262800000e+06 1.6477818940e+03 7.2311492409e-04 10 6
3.2770691252e+03 1.5262900000e+06 1.6477891252e+03 7.2311492409e-04 10 6
3.2770763563e+03 1.5263000000e+06 1.6477963563e+03 7.2311492409e-04 10 6
3.2770835875e+03 1.5263100000e+06 1.6478035875e+03 7.2311492409e-04 10 6
3.2770908186e+03 1.5263200000e+06 1.6478108186e+03 7.2311492409e-04 10 6
3.2770980974e+03 1.5263300000e+06 1.6478180974e+03 7.3264754047e-04 10 6
3.2771054239e+03 1.5263400000e+06 1.6478254239e+03 7.3264754044e-04 10 6
3.2771127504e+03 1.5263500000e+06 1.6478327504e+03 7.3264754042e-04 10 6
3.2771200769e+03 1.5263600000e+06 1.6478400769e+03 7.3264754041e-04 10 6
3.2771274033e+03 1.5263700000e+06 1.6478474033e+03 7.3264754043e-04 10 6
3.2771347298e+03 1.5263800000e+06 1.6478547298e+03 7.3264754040e-04 10 6
3.2771420563e+03 1.5263900000e+06 1.6478620563e+03 7.3264754049e-04 10 6
3.2771495631e+03 1.5264000000e+06 1.6478695631e+03 7.5519054171e-04 10 6
3.2771571150e+03 1.5264100000e+06 1.6478771150e+03 7.5519054167e-04 10 6
3.2771645639e+03 1.5264200000e+06 1.6478845639e+03 7.3802712025e-04 10 6
3.2771719442e+03 1.5264300000e+06 1.6478919442e+03 7.3802712020e-04 10 6
3.2771793245e+03 1.5264400000e+06 1.6478993245e+03 7.3802712017e-04 10 6
3.2771866309e+03 1.5264500000e+06 1.6479066309e+03 6.6422440818e-04 10 6
3.2771933416e+03 1.5264600000e+06 1.6479133416e+03 7.3264754048e-04 10 6
3.2772005587e+03 1.5264700000e+06 1.6479205587e+03 7.2171250256e-04 10 6
3.2772077759e+03 1.5264800000e+06 1.6479277759e+03 7.2171250255e-04 10 6
3.2772149402e+03 1.5264900000e+06 1.6479349402e+03 7.0410975857e-04 10 6
3.2772219813e+03 1.5265000000e+06 1.6479419813e+03 7.0410975854e-04 10 6
3.2772290224e+03 1.5265100000e+06 1.6479490224e+03 7.0410975856e-04 10 6
3.2772360635e+03 1.5265200000e+06 1.6479560635e+03 7.0410975852e-04 10 6
3.2772430988e+03 1.5265300000e+06 1.6479630988e+03 7.0124836017e-04 10 6
3.2772501113e+03 1.5265400000e+06 1.6479701113e+03 7.0124836017e-04 10 6
3.2772570963e+03 1.5265500000e+06 1.6479770963e+03 6.8749839232e-04 10 6
3.2772639713e+03 1.5265600000e+06 1.6479839713e+03 6.8749839230e-04 10 6
3.2772708463e+03 1.5265700000e+06 1.6479908463e+03 6.8749839227e-04 10 6
3.2772777213e+03 1.5265800000e+06 1.6479977213e+03 6.8749839222e-04 10 6
3.2772845962e+03 1.5265900000e+06 1.6480045962e+03 6.8749839215e-04 10 6
3.2772914655e+03 1.5266000000e+06 1.6480114655e+03 6.8176923906e-04 10 6
3.2772982832e+03 1.5266100000e+06 1.6480182832e+03 6.8176923903e-04 10 6
3.2773050756e+03 1.5266200000e+06 1.6480250756e+03 6.6914388273e-04 10 6
3.2773117671e+03 1.5266300000e+06 1.6480317671e+03 6.6914388277e-04 10 6
3.2773184585e+03 1.5266400000e+06 1.6480384585e+03 6.6914388275e-04 10 6
3.2773251500e+03 1.5266500000e+06 1.6480451500e+03 6.6914388277e-04 10 6
3.2773318414e+03 1.5266600000e+06 1.6480518414e+03 6.6914388274e-04 10 6
3.2773385328e+03 1.5266700000e+06 1.6480585328e+03 6.6914388284e-04 10 6
3.2773451779e+03 1.5266800000e+06 1.6480651779e+03 6.6334304340e-04 10 6
3.2773518113e+03 1.5266900000e+06 1.6480718113e+03 6.6334304339e-04 10 6
3.2773584447e+03 1.5267000000e+06 1.6480784447e+03 6.6334304337e-04 10 6
3.2773650782e+03 1.5267100000e+06 1.6480850782e+03 6.6334304335e-04 10 6
3.2773717116e+03 1.5267200000e+06 1.6480917116e+03 6.6334304330e-04 10 6
3.2773783450e+03 1.5267300000e+06 1.6480983450e+03 6.6334304326e-04 10 6
3.2773849784e+03 1.5267400000e+06 1.6481049784e+03 6.6334304321e-04 10 6
3.2773916482e+03 1.5267500000e+06 1.6481116482e+03 6.7242993441e-04 10 6
3.2773983725e+03 1.5267600000e+06 1.6481183725e+03 6.7242993441e-04 10 6
3.2774050968e+03 1.5267700000e+06 1.6481250968e+03 6.7242993441e-04 10 6
3.2774118211e+03 1.5267800000e+06 1.6481318211e+03 6.7242993441e-04 10 6
3.2774185454e+03 1.5267900000e+06 1.6481385454e+03 6.7242993441e-04 10 6
3.2774252697e+03 1.5268000000e+06 1.6481452697e+03 6.7242993441e-04 10 6
3.2774319940e+03 1.5268100000e+06 1.6481519940e+03 6.7242993441e-04 10 6
3.2774387373e+03 1.5268200000e+06 1.6481587373e+03 6.9137162271e-04 10 6
3.2774456510e+03 1.5268300000e+06 1.6481656510e+03 6.9137162268e-04 10 6
3.2774524610e+03 1.5268400000e+06 1.6481724610e+03 6.7984876227e-04 10 6
3.2774592595e+03 1.5268500000e+06 1.6481792595e+03 6.7984876227e-04 10 6
3.2774660580e+03 1.5268600000e+06 1.6481860580e+03 6.7984876227e-04 10 6
3.2774728564e+03 1.5268700000e+06 1.6481928564e+03 6.7984876227e-04 10 6
3.2774796549e+03 1.5268800000e+06 1.6481996549e+03 6.7984876227e-04 10 6
3.2774864534e+03 1.5268900000e+06 1.6482064534e+03 6.7984876227e-04 10 6
3.2774932692e+03 1.5269000000e+06 1.6482132692e+03 6.8176923904e-04 10 6
3.2775000869e+03 1.5269100000e+06 1.6482200869e+03 6.8176923901e-04 10 6
3.2775069046e+03 1.5269200000e+06 1.6482269046e+03 6.8176923901e-04 10 6
3.2775137223e+03 1.5269300000e+06 1.6482337223e+03 6.8176923901e-04 10 6
3.2775205400e+03 1.5269400000e+06 1.6482405400e+03 6.8176923901e-04 10 6
3.2775273577e+03 1.5269500000e+06 1.6482473577e+03 6.8176923901e-04 10 6
3.2775341753e+03 1.5269600000e+06 1.6482541753e+03 6.8176923901e-04 10 6
3.2775410603e+03 1.5269700000e+06 1.6482610603e+03 6.9137162269e-04 10 6
3.2775479740e+03 1.5269800000e+06 1.6482679740e+03 6.9137162267e-04 10 6
3.2775548877e+03 1.5269900000e+06 1.6482748877e+03 6.9137162268e-04 10 6
3.2775618014e+03 1.5270000000e+06 1.6482818014e+03 6.9137162267e-04 10 6
3.2775687151e+03 1.5270100000e+06 1.6482887151e+03 6.9137162269e-04 10 6
3.2775756288e+03 1.5270200000e+06 1.6482956288e+03 6.9137162266e-04 10 6
3.2775825426e+03 1.5270300000e+06 1.6483025426e+03 6.9137162272e-04 10 6
3.2775895765e+03 1.5270400000e+06 1.6483095765e+03 7.1141137987e-04 10 6
3.2775966906e+03 1.5270500000e+06 1.6483166906e+03 7.1141137984e-04 10 6
3.2776038047e+03 1.5270600000e+06 1.6483238047e+03 7.1141137983e-04 10 6
3.2776109189e+03 1.5270700000e+06 1.6483309189e+03 7.1141137983e-04 10 6
3.2776180330e+03 1.5270800000e+06 1.6483380330e+03 7.1141137983e-04 10 6
3.2776251471e+03 1.5270900000e+06 1.6483451471e+03 7.1141137983e-04 10 6
3.2776322612e+03 1.5271000000e+06 1.6483522612e+03 7.1141137983e-04 10 6
3.2776395240e+03 1.5271100000e+06 1.6483595240e+03 7.3264754047e-04 10 6
3.2776468792e+03 1.5271200000e+06 1.6483668792e+03 7.4701317848e-04 10 6
3.2776543493e+03 1.5271300000e+06 1.6483743493e+03 7.4701317844e-04 10 6
3.2776618194e+03 1.5271400000e+06 1.6483818194e+03 7.4701317840e-04 10 6
3.2776692896e+03 1.5271500000e+06 1.6483892896e+03 7.4701317840e-04 10 6
3.2776767597e+03 1.5271600000e+06 1.6483967597e+03 7.4701317840e-04 10 6
3.2776842380e+03 1.5271700000e+06 1.6484042380e+03 7.5519054173e-04 10 6
3.2776917899e+03 1.5271800000e+06 1.6484117899e+03 7.5519054170e-04 10 6
3.2776993418e+03 1.5271900000e+06 1.6484193418e+03 7.5519054166e-04 10 6
3.2777068937e+03 1.5272000000e+06 1.6484268937e+03 7.5519054167e-04 10 6
3.2777144456e+03 1.5272100000e+06 1.6484344456e+03 7.5519054166e-04 10 6
3.2777219975e+03 1.5272200000e+06 1.6484419975e+03 7.5519054168e-04 10 6
3.2777295494e+03 1.5272300000e+06 1.6484495494e+03 7.5519054162e-04 10 6
3.2777371013e+03 1.5272400000e+06 1.6484571013e+03 7.5519054171e-04 10 6
3.2777446242e+03 1.5272500000e+06 1.6484646242e+03 7.4066764665e-04 10 6
3.2777520309e+03 1.5272600000e+06 1.6484720309e+03 7.4066764660e-04 10 6
3.2777594376e+03 1.5272700000e+06 1.6484794376e+03 7.4066764660e-04 10 6
3.2777667798e+03 1.5272800000e+06 1.6484867798e+03 7.0846470544e-04 10 6
3.2777738645e+03 1.5272900000e+06 1.6484938645e+03 7.0846470544e-04 10 6
3.2777809491e+03 1.5273000000e+06 1.6485009491e+03 7.0846470544e-04 10 6
3.2777882514e+03 1.5273100000e+06 1.6485082514e+03 7.3264754046e-04 10 6
3.2777955779e+03 1.5273200000e+06 1.6485155779e+03 7.3264754042e-04 10 6
3.2778029044e+03 1.5273300000e+06 1.6485229044e+03 7.3264754042e-04 10 6
3.2778101231e+03 1.5273400000e+06 1.6485301231e+03 7.1109908336e-04 10 6
3.2778172341e+03 1.5273500000e+06 1.6485372341e+03 7.1109908342e-04 10 6
3.2778243451e+03 1.5273600000e+06 1.6485443451e+03 7.1109908345e-04 10 6
3.2778314668e+03 1.5273700000e+06 1.6485514668e+03 7.2187331195e-04 10 6
3.2778386856e+03 1.5273800000e+06 1.6485586856e+03 7.2187331193e-04 10 6
3.2778459043e+03 1.5273900000e+06 1.6485659043e+03 7.2187331193e-04 10 6
3.2778531230e+03 1.5274000000e+06 1.6485731230e+03 7.2187331193e-04 10 6
3.2778603418e+03 1.5274100000e+06 1.6485803418e+03 7.2187331193e-04 10 6
3.2778675605e+03 1.5274200000e+06 1.6485875605e+03 7.2187331193e-04 10 6
3.2778747792e+03 1.5274300000e+06 1.6485947792e+03 7.2187331193e-04 10 6
3.2778820636e+03 1.5274400000e+06 1.6486020636e+03 7.4374826079e-04 10 6
3.2778895011e+03 1.5274500000e+06 1.6486095011e+03 7.4374826077e-04 10 6
3.2778969386e+03 1.5274600000e+06 1.6486169386e+03 7.4374826074e-04 10 6
3.2779043760e+03 1.5274700000e+06 1.6486243760e+03 7.4374826069e-04 10 6
3.2779117563e+03 1.5274800000e+06 1.6486317563e+03 7.1514255833e-04 10 6
3.2779189077e+03 1.5274900000e+06 1.6486389077e+03 7.1514255827e-04 10 6
3.2779260592e+03 1.5275000000e+06 1.6486460592e+03 7.1514255824e-04 10 6
3.2779333156e+03 1.5275100000e+06 1.6486533156e+03 7.3264754047e-04 10 6
3.2779406421e+03 1.5275200000e+06 1.6486606421e+03 7.3264754043e-04 10 6
3.2779479686e+03 1.5275300000e+06 1.6486679686e+03 7.3264754042e-04 10 6
3.2779552951e+03 1.5275400000e+06 1.6486752951e+03 7.3264754042e-04 10 6
3.2779627681e+03 1.5275500000e+06 1.6486827681e+03 7.6195344201e-04 10 6
3.2779703876e+03 1.5275600000e+06 1.6486903876e+03 7.6195344193e-04 10 6
3.2779780071e+03 1.5275700000e+06 1.6486980071e+03 7.6195344218e-04 10 6
3.2779859951e+03 1.5275800000e+06 1.6487059951e+03 8.0587009133e-04 10 6
3.2779940538e+03 1.5275900000e+06 1.6487140538e+03 8.0587009131e-04 10 6
3.2780021125e+03 1.5276000000e+06 1.6487221125e+03 8.0587009127e-04 10 6
3.2780101712e+03 1.5276100000e+06 1.6487301712e+03 8.0587009120e-04 10 6
3.2780182299e+03 1.5276200000e+06 1.6487382299e+03 8.0587009120e-04 10 6
3.2780262886e+03 1.5276300000e+06 1.6487462886e+03 8.0587009120e-04 10 6
3.2780344576e+03 1.5276400000e+06 1.6487544576e+03 8.1812308687e-04 10 6
3.2780426388e+03 1.5276500000e+06 1.6487626388e+03 8.1812308686e-04 10 6
3.2780508201e+03 1.5276600000e+06 1.6487708201e+03 8.1812308684e-04 10 6
3.2780590013e+03 1.5276700000e+06 1.6487790013e+03 8.1812308682e-04 10 6
3.2780671825e+03 1.5276800000e+06 1.6487871825e+03 8.1812308675e-04 10 6
3.2780753638e+03 1.5276900000e+06 1.6487953638e+03 8.1812308667e-04 10 6
3.2780834311e+03 1.5277000000e+06 1.6488034311e+03 7.8939901613e-04 10 6
3.2780907968e+03 1.5277100000e+06 1.6488107968e+03 7.1817708089e-04 10 6
3.2780978563e+03 1.5277200000e+06 1.6488178563e+03 7.0289671747e-04 10 6
3.2781048853e+03 1.5277300000e+06 1.6488248853e+03 7.0289671747e-04 10 6
3.2781119142e+03 1.5277400000e+06 1.6488319142e+03 7.0289671746e-04 10 6
3.2781189432e+03 1.5277500000e+06 1.6488389432e+03 7.0289671744e-04 10 6
3.2781259807e+03 1.5277600000e+06 1.6488459807e+03 7.1141137989e-04 10 6
3.2781330948e+03 1.5277700000e+06 1.6488530948e+03 7.1141137986e-04 10 6
3.2781402089e+03 1.5277800000e+06 1.6488602089e+03 7.1141137983e-04 10 6
3.2781473230e+03 1.5277900000e+06 1.6488673230e+03 7.1141137982e-04 10 6
3.2781544371e+03 1.5278000000e+06 1.6488744371e+03 7.1141137983e-04 10 6
3.2781615513e+03 1.5278100000e+06 1.6488815513e+03 7.1141137981e-04 10 6
3.2781686654e+03 1.5278200000e+06 1.6488886654e+03 7.1141137985e-04 10 6
3.2781758220e+03 1.5278300000e+06 1.6488958220e+03 7.3264754048e-04 10 6
3.2781831484e+03 1.5278400000e+06 1.6489031484e+03 7.3264754045e-04 10 6
3.2781904749e+03 1.5278500000e+06 1.6489104749e+03 7.3264754042e-04 10 6
3.2781978014e+03 1.5278600000e+06 1.6489178014e+03 7.3264754042e-04 10 6
3.2782051279e+03 1.5278700000e+06 1.6489251279e+03 7.3264754042e-04 10 6
3.2782124543e+03 1.5278800000e+06 1.6489324543e+03 7.3264754042e-04 10 6
3.2782197808e+03 1.5278900000e+06 1.6489397808e+03 7.3264754042e-04 10 6
3.2782271628e+03 1.5279000000e+06 1.6489471628e+03 7.4374826078e-04 10 6
3.2782346003e+03 1.5279100000e+06 1.6489546003e+03 7.4374826076e-04 10 6
3.2782420378e+03 1.5279200000e+06 1.6489620378e+03 7.4374826073e-04 10 6
3.2782494752e+03 1.5279300000e+06 1.6489694752e+03 7.4374826067e-04 10 6
3.2782569127e+03 1.5279400000e+06 1.6489769127e+03 7.4374826067e-04 10 6
3.2782643502e+03 1.5279500000e+06 1.6489843502e+03 7.4374826067e-04 10 6
3.2782717877e+03 1.5279600000e+06 1.6489917877e+03 7.4374826067e-04 10 6
3.2782794343e+03 1.5279700000e+06 1.6489994343e+03 7.6699039395e-04 10 6
3.2782871043e+03 1.5279800000e+06 1.6490071043e+03 7.6699039395e-04 10 6
3.2782947742e+03 1.5279900000e+06 1.6490147742e+03 7.6699039396e-04 10 6
3.2783026532e+03 1.5280000000e+06 1.6490226532e+03 7.9023252716e-04 10 6
3.2783105556e+03 1.5280100000e+06 1.6490305556e+03 7.9023252714e-04 10 6
3.2783184579e+03 1.5280200000e+06 1.6490384579e+03 7.9023252720e-04 10 6
3.2783263692e+03 1.5280300000e+06 1.6490463692e+03 7.9173201956e-04 10 6
3.2783342865e+03 1.5280400000e+06 1.6490542865e+03 7.9173201958e-04 10 6
3.2783422039e+03 1.5280500000e+06 1.6490622039e+03 7.9173201960e-04 10 6
3.2783501212e+03 1.5280600000e+06 1.6490701212e+03 7.9173201965e-04 10 6
3.2783580385e+03 1.5280700000e+06 1.6490780385e+03 7.9173201969e-04 10 6
3.2783659558e+03 1.5280800000e+06 1.6490859558e+03 7.9173201974e-04 10 6
3.2783739787e+03 1.5280900000e+06 1.6490939787e+03 8.1812308687e-04 10 6
3.2783820673e+03 1.5281000000e+06 1.6491020673e+03 8.0268680221e-04 10 6
3.2783899405e+03 1.5281100000e+06 1.6491099405e+03 7.8560835959e-04 10 6
3.2783976105e+03 1.5281200000e+06 1.6491176105e+03 7.6493445545e-04 10 6
3.2784052598e+03 1.5281300000e+06 1.6491252598e+03 7.6493445545e-04 10 6
3.2784129092e+03 1.5281400000e+06 1.6491329092e+03 7.6493445545e-04 10 6
3.2784205606e+03 1.5281500000e+06 1.6491405606e+03 7.6699039394e-04 10 6
3.2784282305e+03 1.5281600000e+06 1.6491482305e+03 7.6699039395e-04 10 6
3.2784359004e+03 1.5281700000e+06 1.6491559004e+03 7.6699039395e-04 10 6
3.2784435703e+03 1.5281800000e+06 1.6491635703e+03 7.6699039397e-04 10 6
3.2784512402e+03 1.5281900000e+06 1.6491712402e+03 7.6699039399e-04 10 6
3.2784589101e+03 1.5282000000e+06 1.6491789101e+03 7.6699039404e-04 10 6
3.2784665800e+03 1.5282100000e+06 1.6491865800e+03 7.6699039414e-04 10 6
3.2784744231e+03 1.5282200000e+06 1.6491944231e+03 7.9173201956e-04 10 6
3.2784823404e+03 1.5282300000e+06 1.6492023404e+03 7.9173201958e-04 10 6
3.2784902577e+03 1.5282400000e+06 1.6492102577e+03 7.9173201961e-04 10 6
3.2784981751e+03 1.5282500000e+06 1.6492181751e+03 7.9173201965e-04 10 6
3.2785060924e+03 1.5282600000e+06 1.6492260924e+03 7.9173201971e-04 10 6
3.2785140097e+03 1.5282700000e+06 1.6492340097e+03 7.9173201971e-04 10 6
3.2785220590e+03 1.5282800000e+06 1.6492420590e+03 8.1812308687e-04 10 6
3.2785302402e+03 1.5282900000e+06 1.6492502402e+03 8.1812308686e-04 10 6
3.2785384214e+03 1.5283000000e+06 1.6492584214e+03 8.1812308685e-04 10 6
3.2785466027e+03 1.5283100000e+06 1.6492666027e+03 8.1812308683e-04 10 6
3.2785547839e+03 1.5283200000e+06 1.6492747839e+03 8.1812308679e-04 10 6
3.2785625246e+03 1.5283300000e+06 1.6492825246e+03 7.5519054170e-04 10 6
3.2785701724e+03 1.5283400000e+06 1.6492901724e+03 7.7916484465e-04 10 6
3.2785778806e+03 1.5283500000e+06 1.6492978806e+03 7.6525118671e-04 10 6
3.2785855331e+03 1.5283600000e+06 1.6493055331e+03 7.6525118670e-04 10 6
3.2785931856e+03 1.5283700000e+06 1.6493131856e+03 7.6525118669e-04 10 6
3.2786006681e+03 1.5283800000e+06 1.6493206681e+03 7.3690855013e-04 10 6
3.2786080371e+03 1.5283900000e+06 1.6493280371e+03 7.3690855011e-04 10 6
3.2786154062e+03 1.5284000000e+06 1.6493354062e+03 7.3690854992e-04 10 6
3.2786228369e+03 1.5284100000e+06 1.6493428369e+03 7.4374826078e-04 10 6
3.2786302743e+03 1.5284200000e+06 1.6493502743e+03 7.4374826075e-04 10 6
3.2786377118e+03 1.5284300000e+06 1.6493577118e+03 7.4374826071e-04 10 6
3.2786451493e+03 1.5284400000e+06 1.6493651493e+03 7.4374826067e-04 10 6
3.2786525868e+03 1.5284500000e+06 1.6493725868e+03 7.4374826067e-04 10 6
3.2786598755e+03 1.5284600000e+06 1.6493798755e+03 6.6937343460e-04 10 6
3.2786666958e+03 1.5284700000e+06 1.6493866958e+03 7.3264754048e-04 10 6
3.2786740223e+03 1.5284800000e+06 1.6493940223e+03 7.3264754045e-04 10 6
3.2786813039e+03 1.5284900000e+06 1.6494013039e+03 7.1769554980e-04 10 6
3.2786884809e+03 1.5285000000e+06 1.6494084809e+03 7.1769554984e-04 10 6
3.2786956578e+03 1.5285100000e+06 1.6494156578e+03 7.1769554983e-04 10 6
3.2787028348e+03 1.5285200000e+06 1.6494228348e+03 7.1769554985e-04 10 6
3.2787100117e+03 1.5285300000e+06 1.6494300117e+03 7.1769554981e-04 10 6
3.2787172054e+03 1.5285400000e+06 1.6494372054e+03 7.2187331194e-04 10 6
3.2787244241e+03 1.5285500000e+06 1.6494444241e+03 7.2187331193e-04 10 6
3.2787316429e+03 1.5285600000e+06 1.6494516429e+03 7.2187331194e-04 10 6
3.2787388616e+03 1.5285700000e+06 1.6494588616e+03 7.2187331193e-04 10 6
3.2787460803e+03 1.5285800000e+06 1.6494660803e+03 7.2187331194e-04 10 6
3.2787532991e+03 1.5285900000e+06 1.6494732991e+03 7.2187331192e-04 10 6
3.2787605178e+03 1.5286000000e+06 1.6494805178e+03 7.2187331198e-04 10 6
3.2787677365e+03 1.5286100000e+06 1.6494877365e+03 7.2187331193e-04 10 6
3.2787749899e+03 1.5286200000e+06 1.6494949899e+03 7.2120655703e-04 10 6
3.2787822020e+03 1.5286300000e+06 1.6495022020e+03 7.2120655702e-04 10 6
3.2787894141e+03 1.5286400000e+06 1.6495094141e+03 7.2120655702e-04 10 6
3.2787966261e+03 1.5286500000e+06 1.6495166261e+03 7.2120655701e-04 10 6
3.2788038382e+03 1.5286600000e+06 1.6495238382e+03 7.2120655698e-04 10 6
3.2788110503e+03 1.5286700000e+06 1.6495310503e+03 7.2120655674e-04 10 6
3.2788186286e+03 1.5286800000e+06 1.6495386286e+03 7.6699039395e-04 10 6
3.2788262985e+03 1.5286900000e+06 1.6495462985e+03 7.6699039395e-04 10 6
3.2788339684e+03 1.5287000000e+06 1.6495539684e+03 7.6699039396e-04 10 6
3.2788416383e+03 1.5287100000e+06 1.6495616383e+03 7.6699039398e-04 10 6
3.2788493082e+03 1.5287200000e+06 1.6495693082e+03 7.6699039402e-04 10 6
3.2788569781e+03 1.5287300000e+06 1.6495769781e+03 7.6699039417e-04 10 6
3.2788647470e+03 1.5287400000e+06 1.6495847470e+03 7.9173201956e-04 10 6
3.2788726643e+03 1.5287500000e+06 1.6495926643e+03 7.9173201957e-04 10 6
3.2788805816e+03 1.5287600000e+06 1.6496005816e+03 7.9173201960e-04 10 6
3.2788884989e+03 1.5287700000e+06 1.6496084989e+03 7.9173201964e-04 10 6
3.2788964163e+03 1.5287800000e+06 1.6496164163e+03 7.9173201972e-04 10 6
3.2789043336e+03 1.5287900000e+06 1.6496243336e+03 7.9173201968e-04 10 6
3.2789123037e+03 1.5288000000e+06 1.6496323037e+03 8.1812308687e-04 10 6
3.2789204849e+03 1.5288100000e+06 1.6496404849e+03 8.1812308686e-04 10 6
3.2789286662e+03 1.5288200000e+06 1.6496486662e+03 8.1812308685e-04 10 6
3.2789367482e+03 1.5288300000e+06 1.6496567482e+03 7.9333147814e-04 10 6
3.2789446815e+03 1.5288400000e+06 1.6496646815e+03 7.9333147810e-04 10 6
3.2789526148e+03 1.5288500000e+06 1.6496726148e+03 7.9333147801e-04 10 6
3.2789605466e+03 1.5288600000e+06 1.6496805466e+03 7.9173201955e-04 10 6
3.2789684202e+03 1.5288700000e+06 1.6496884202e+03 7.6268012447e-04 10 6
3.2789758270e+03 1.5288800000e+06 1.6496958270e+03 7.1772149360e-04 10 6
3.2789829896e+03 1.5288900000e+06 1.6497029896e+03 7.1812859601e-04 10 6
3.2789901709e+03 1.5289000000e+06 1.6497101709e+03 7.1812859603e-04 10 6
3.2789971889e+03 1.5289100000e+06 1.6497171889e+03 6.8548638711e-04 10 6
3.2790040438e+03 1.5289200000e+06 1.6497240438e+03 6.8548638706e-04 10 6
3.2790109764e+03 1.5289300000e+06 1.6497309764e+03 7.1141137988e-04 10 6
3.2790180906e+03 1.5289400000e+06 1.6497380906e+03 7.1141137985e-04 10 6
3.2790252047e+03 1.5289500000e+06 1.6497452047e+03 7.1141137982e-04 10 6
3.2790323188e+03 1.5289600000e+06 1.6497523188e+03 7.1141137983e-04 10 6
3.2790394329e+03 1.5289700000e+06 1.6497594329e+03 7.1141137982e-04 10 6
3.2790465470e+03 1.5289800000e+06 1.6497665470e+03 7.1141137984e-04 10 6
3.2790536611e+03 1.5289900000e+06 1.6497736611e+03 7.1141137979e-04 10 6
3.2790608171e+03 1.5290000000e+06 1.6497808171e+03 7.2187331194e-04 10 6
3.2790680105e+03 1.5290100000e+06 1.6497880105e+03 7.0920886787e-04 10 6
3.2790751026e+03 1.5290200000e+06 1.6497951026e+03 7.0920886787e-04 10 6
3.2790821947e+03 1.5290300000e+06 1.6498021947e+03 7.0920886787e-04 10 6
3.2790892868e+03 1.5290400000e+06 1.6498092868e+03 7.0920886787e-04 10 6
3.2790963789e+03 1.5290500000e+06 1.6498163789e+03 7.0920886787e-04 10 6
3.2791034709e+03 1.5290600000e+06 1.6498234709e+03 7.0920886787e-04 10 6
3.2791106264e+03 1.5290700000e+06 1.6498306264e+03 7.2187331193e-04 10 6
3.2791178348e+03 1.5290800000e+06 1.6498378348e+03 7.2206736392e-04 10 6
3.2791250555e+03 1.5290900000e+06 1.6498450555e+03 7.2206736395e-04 10 6
3.2791322761e+03 1.5291000000e+06 1.6498522761e+03 7.2206736399e-04 10 6
3.2791394968e+03 1.5291100000e+06 1.6498594968e+03 7.2206736399e-04 10 6
3.2791467175e+03 1.5291200000e+06 1.6498667175e+03 7.2206736399e-04 10 6
3.2791539382e+03 1.5291300000e+06 1.6498739382e+03 7.2206736399e-04 10 6
3.2791612228e+03 1.5291400000e+06 1.6498812228e+03 7.3281577184e-04 10 6
3.2791685510e+03 1.5291500000e+06 1.6498885510e+03 7.3281577187e-04 10 6
3.2791758791e+03 1.5291600000e+06 1.6498958791e+03 7.3281577191e-04 10 6
3.2791832073e+03 1.5291700000e+06 1.6499032073e+03 7.3281577192e-04 10 6
3.2791905354e+03 1.5291800000e+06 1.6499105354e+03 7.3281577194e-04 10 6
3.2791978636e+03 1.5291900000e+06 1.6499178636e+03 7.3281577191e-04 10 6
3.2792051918e+03 1.5292000000e+06 1.6499251918e+03 7.3281577215e-04 10 6
3.2792126292e+03 1.5292100000e+06 1.6499326292e+03 7.4374826077e-04 10 6
3.2792200667e+03 1.5292200000e+06 1.6499400667e+03 7.4374826075e-04 10 6
3.2792275042e+03 1.5292300000e+06 1.6499475042e+03 7.4374826071e-04 10 6
3.2792349417e+03 1.5292400000e+06 1.6499549417e+03 7.4374826068e-04 10 6
3.2792423792e+03 1.5292500000e+06 1.6499623792e+03 7.4374826066e-04 10 6
3.2792498167e+03 1.5292600000e+06 1.6499698167e+03 7.4374826071e-04 10 6
3.2792573471e+03 1.5292700000e+06 1.6499773471e+03 7.6699039394e-04 10 6
3.2792650170e+03 1.5292800000e+06 1.6499850170e+03 7.6699039395e-04 10 6
3.2792726869e+03 1.5292900000e+06 1.6499926869e+03 7.6699039396e-04 10 6
3.2792803568e+03 1.5293000000e+06 1.6500003568e+03 7.6699039397e-04 10 6
3.2792880267e+03 1.5293100000e+06 1.6500080267e+03 7.6699039400e-04 10 6
3.2792956966e+03 1.5293200000e+06 1.6500156966e+03 7.6699039408e-04 10 6
3.2793033665e+03 1.5293300000e+06 1.6500233665e+03 7.6699039391e-04 10 6
3.2793112838e+03 1.5293400000e+06 1.6500312838e+03 7.9173201957e-04 10 6
3.2793192012e+03 1.5293500000e+06 1.6500392012e+03 7.9173201958e-04 10 6
3.2793272469e+03 1.5293600000e+06 1.6500472469e+03 8.1313018227e-04 10 6
3.2793353782e+03 1.5293700000e+06 1.6500553782e+03 8.1313018222e-04 10 6
3.2793435095e+03 1.5293800000e+06 1.6500635095e+03 8.1313018222e-04 10 6
3.2793516408e+03 1.5293900000e+06 1.6500716408e+03 8.1313018222e-04 10 6
3.2793598170e+03 1.5294000000e+06 1.6500798170e+03 8.1812308687e-04 10 6
3.2793679982e+03 1.5294100000e+06 1.6500879982e+03 8.1812308686e-04 10 6
3.2793761795e+03 1.5294200000e+06 1.6500961795e+03 8.1812308684e-04 10 6
3.2793841425e+03 1.5294300000e+06 1.6501041425e+03 7.9085231733e-04 10 6
3.2793917072e+03 1.5294400000e+06 1.6501117072e+03 7.5646743403e-04 10 6
3.2793987316e+03 1.5294500000e+06 1.6501187316e+03 7.0243404598e-04 10 6
3.2794060038e+03 1.5294600000e+06 1.6501260038e+03 7.4374826078e-04 10 6
3.2794134413e+03 1.5294700000e+06 1.6501334413e+03 7.4374826076e-04 10 6
3.2794208788e+03 1.5294800000e+06 1.6501408788e+03 7.4374826072e-04 10 6
3.2794283162e+03 1.5294900000e+06 1.6501483162e+03 7.4374826068e-04 10 6
3.2794355306e+03 1.5295000000e+06 1.6501555306e+03 7.1895665201e-04 10 6
3.2794427202e+03 1.5295100000e+06 1.6501627202e+03 7.1895665201e-04 10 6
3.2794499097e+03 1.5295200000e+06 1.6501699097e+03 7.1895665201e-04 10 6
3.2794570923e+03 1.5295300000e+06 1.6501770923e+03 7.2243727546e-04 10 6
3.2794642889e+03 1.5295400000e+06 1.6501842889e+03 7.0854425097e-04 10 6
3.2794713743e+03 1.5295500000e+06 1.6501913743e+03 7.0854425098e-04 10 6
3.2794784597e+03 1.5295600000e+06 1.6501984597e+03 7.0854425099e-04 10 6
3.2794855452e+03 1.5295700000e+06 1.6502055452e+03 7.0854425097e-04 10 6
3.2794926306e+03 1.5295800000e+06 1.6502126306e+03 7.0854425100e-04 10 6
3.2794997161e+03 1.5295900000e+06 1.6502197161e+03 7.0854425076e-04 10 6
3.2795068302e+03 1.5296000000e+06 1.6502268302e+03 7.1141137986e-04 10 6
3.2795139443e+03 1.5296100000e+06 1.6502339443e+03 7.1141137983e-04 10 6
3.2795210584e+03 1.5296200000e+06 1.6502410584e+03 7.1141137983e-04 10 6
3.2795281725e+03 1.5296300000e+06 1.6502481725e+03 7.1141137983e-04 10 6
3.2795352866e+03 1.5296400000e+06 1.6502552866e+03 7.1141137983e-04 10 6
3.2795424007e+03 1.5296500000e+06 1.6502624007e+03 7.1141137983e-04 10 6
3.2795495149e+03 1.5296600000e+06 1.6502695149e+03 7.1141137989e-04 10 6
3.2795566290e+03 1.5296700000e+06 1.6502766290e+03 7.1141137986e-04 10 6
3.2795637431e+03 1.5296800000e+06 1.6502837431e+03 7.1141137983e-04 10 6
3.2795708572e+03 1.5296900000e+06 1.6502908572e+03 7.1141137982e-04 10 6
3.2795779713e+03 1.5297000000e+06 1.6502979713e+03 7.1141137983e-04 10 6
3.2795850854e+03 1.5297100000e+06 1.6503050854e+03 7.1141137981e-04 10 6
3.2795921995e+03 1.5297200000e+06 1.6503121995e+03 7.1141137985e-04 10 6
3.2795993137e+03 1.5297300000e+06 1.6503193137e+03 7.1141137989e-04 10 6
3.2796065263e+03 1.5297400000e+06 1.6503265263e+03 7.2235617036e-04 10 6
3.2796137498e+03 1.5297500000e+06 1.6503337498e+03 7.2235617040e-04 10 6
3.2796209734e+03 1.5297600000e+06 1.6503409734e+03 7.2235617039e-04 10 6
3.2796270223e+03 1.5297700000e+06 1.6503470223e+03 1.6357333563e-04 10 6
3.2796308284e+03 1.5297800000e+06 1.6503508284e+03 5.0468170529e-04 10 6
3.2796367155e+03 1.5297900000e+06 1.6503567155e+03 6.4142068416e-04 10 6
3.2796431297e+03 1.5298000000e+06 1.6503631297e+03 6.4142068420e-04 10 6
3.2796498239e+03 1.5298100000e+06 1.6503698239e+03 7.1141137988e-04 10 6
3.2796570491e+03 1.5298200000e+06 1.6503770491e+03 7.2252718269e-04 10 6
3.2796643065e+03 1.5298300000e+06 1.6503843065e+03 7.3858334230e-04 10 6
3.2796716924e+03 1.5298400000e+06 1.6503916924e+03 7.3858334229e-04 10 6
3.2796790782e+03 1.5298500000e+06 1.6503990782e+03 7.3858334226e-04 10 6
3.2796864640e+03 1.5298600000e+06 1.6504064640e+03 7.3858334219e-04 10 6
3.2796938499e+03 1.5298700000e+06 1.6504138499e+03 7.3858334213e-04 10 6
3.2797013519e+03 1.5298800000e+06 1.6504213519e+03 7.5519054171e-04 10 6
3.2797088893e+03 1.5298900000e+06 1.6504288893e+03 7.5549273877e-04 10 6
3.2797164109e+03 1.5299000000e+06 1.6504364109e+03 7.5637121870e-04 10 6
3.2797238987e+03 1.5299100000e+06 1.6504438987e+03 7.5908222663e-04 10 6
3.2797314895e+03 1.5299200000e+06 1.6504514895e+03 7.5908222669e-04 10 6
3.2797390803e+03 1.5299300000e+06 1.6504590803e+03 7.5908222672e-04 10 6
3.2797466870e+03 1.5299400000e+06 1.6504666870e+03 7.6699039394e-04 10 6
3.2797543569e+03 1.5299500000e+06 1.6504743569e+03 7.6699039395e-04 10 6
3.2797621648e+03 1.5299600000e+06 1.6504821648e+03 7.8233020186e-04 10 6
3.2797699881e+03 1.5299700000e+06 1.6504899881e+03 7.8233020190e-04 10 6
3.2797778114e+03 1.5299800000e+06 1.6504978114e+03 7.8233020190e-04 10 6
3.2797856347e+03 1.5299900000e+06 1.6505056347e+03 7.8233020190e-04 10 6
3.2797934580e+03 1.5300000000e+06 1.6505134580e+03 7.8233020190e-04 10 6
3.2798012529e+03 1.5300100000e+06 1.6505212529e+03 7.7916484466e-04 10 6
3.2798090445e+03 1.5300200000e+06 1.6505290445e+03 7.7916484469e-04 10 6
3.2798168362e+03 1.5300300000e+06 1.6505368362e+03 7.7916484474e-04 10 6
3.2798246278e+03 1.5300400000e+06 1.6505446278e+03 7.7916484473e-04 10 6
3.2798324195e+03 1.5300500000e+06 1.6505524195e+03 7.7916484476e-04 10 6
3.2798402111e+03 1.5300600000e+06 1.6505602111e+03 7.7916484470e-04 10 6
3.2798480028e+03 1.5300700000e+06 1.6505680028e+03 7.7916484465e-04 10 6
3.2798557944e+03 1.5300800000e+06 1.6505757944e+03 7.7916484468e-04 10 6
3.2798635860e+03 1.5300900000e+06 1.6505835860e+03 7.7916484472e-04 10 6
3.2798713777e+03 1.5301000000e+06 1.6505913777e+03 7.7916484474e-04 10 6
3.2798791693e+03 1.5301100000e+06 1.6505991693e+03 7.7916484474e-04 10 6
3.2798869610e+03 1.5301200000e+06 1.6506069610e+03 7.7916484474e-04 10 6
3.2798948293e+03 1.5301300000e+06 1.6506148293e+03 8.0471123299e-04 10 6
3.2799028764e+03 1.5301400000e+06 1.6506228764e+03 8.0471123303e-04 10 6
3.2799110947e+03 1.5301500000e+06 1.6506310947e+03 8.2183274867e-04 10 6
3.2799193130e+03 1.5301600000e+06 1.6506393130e+03 8.2183274867e-04 10 6
3.2799275314e+03 1.5301700000e+06 1.6506475314e+03 8.2183274867e-04 10 6
3.2799357497e+03 1.5301800000e+06 1.6506557497e+03 8.2183274867e-04 10 6
3.2799439985e+03 1.5301900000e+06 1.6506639985e+03 8.3198957987e-04 10 6
3.2799523184e+03 1.5302000000e+06 1.6506723184e+03 8.3198957986e-04 10 6
3.2799606383e+03 1.5302100000e+06 1.6506806383e+03 8.3198957987e-04 10 6
3.2799689582e+03 1.5302200000e+06 1.6506889582e+03 8.3198957986e-04 10 6
3.2799772781e+03 1.5302300000e+06 1.6506972781e+03 8.3198957988e-04 10 6
3.2799855980e+03 1.5302400000e+06 1.6507055980e+03 8.3198957983e-04 10 6
3.2799940346e+03 1.5302500000e+06 1.6507140346e+03 8.6118219670e-04 10 6
3.2800026465e+03 1.5302600000e+06 1.6507226465e+03 8.6118219668e-04 10 6
3.2800114633e+03 1.5302700000e+06 1.6507314633e+03 8.8168653468e-04 10 6
3.2800202802e+03 1.5302800000e+06 1.6507402802e+03 8.8168653466e-04 10 6
3.2800290971e+03 1.5302900000e+06 1.6507490971e+03 8.8168653460e-04 10 6
3.2800379139e+03 1.5303000000e+06 1.6507579139e+03 8.8168653459e-04 10 6
3.2800470867e+03 1.5303100000e+06 1.6507670867e+03 9.2617707946e-04 10 6
3.2800563485e+03 1.5303200000e+06 1.6507763485e+03 9.2617707946e-04 10 6
3.2800656103e+03 1.5303300000e+06 1.6507856103e+03 9.2617707946e-04 10 6
3.2800748720e+03 1.5303400000e+06 1.6507948720e+03 9.2617707946e-04 10 6
3.2800841338e+03 1.5303500000e+06 1.6508041338e+03 9.2617707946e-04 10 6
3.2800934846e+03 1.5303600000e+06 1.6508134846e+03 9.4398817714e-04 10 6
3.2801029245e+03 1.5303700000e+06 1.6508229245e+03 9.4398817714e-04 10 6
3.2801123644e+03 1.5303800000e+06 1.6508323644e+03 9.4398817714e-04 10 6
3.2801218043e+03 1.5303900000e+06 1.6508418043e+03 9.4398817714e-04 10 6
3.2801312442e+03 1.5304000000e+06 1.6508512442e+03 9.4398817714e-04 10 6
3.2801397044e+03 1.5304100000e+06 1.6508597044e+03 9.2617707947e-04 10 6
3.2801489662e+03 1.5304200000e+06 1.6508689662e+03 9.2617707946e-04 10 6
3.2801582280e+03 1.5304300000e+06 1.6508782280e+03 9.2617707946e-04 10 6
3.2801674897e+03 1.5304400000e+06 1.6508874897e+03 9.2617707946e-04 10 6
3.2801763810e+03 1.5304500000e+06 1.6508963810e+03 8.7986822539e-04 10 6
3.2801849598e+03 1.5304600000e+06 1.6509049598e+03 6.5990116912e-04 10 6
3.2801927050e+03 1.5304700000e+06 1.6509127050e+03 8.1739327144e-04 10 6
3.2802008789e+03 1.5304800000e+06 1.6509208789e+03 8.1739327143e-04 10 6
3.2802090529e+03 1.5304900000e+06 1.6509290529e+03 8.1739327140e-04 10 6
3.2802172268e+03 1.5305000000e+06 1.6509372268e+03 8.1739327135e-04 10 6
3.2802254007e+03 1.5305100000e+06 1.6509454007e+03 8.1739327129e-04 10 6
3.2802335747e+03 1.5305200000e+06 1.6509535747e+03 8.1739327129e-04 10 6
3.2802418508e+03 1.5305300000e+06 1.6509618508e+03 8.3198957987e-04 10 6
3.2802503338e+03 1.5305400000e+06 1.6509703338e+03 8.4830310103e-04 10 6
3.2802588168e+03 1.5305500000e+06 1.6509788168e+03 8.4830310102e-04 10 6
3.2802672999e+03 1.5305600000e+06 1.6509872999e+03 8.4830310100e-04 10 6
3.2802757829e+03 1.5305700000e+06 1.6509957829e+03 8.4830310095e-04 10 6
3.2802842659e+03 1.5305800000e+06 1.6510042659e+03 8.4830310084e-04 10 6
3.2802930033e+03 1.5305900000e+06 1.6510130033e+03 8.7656045021e-04 10 6
3.2803015907e+03 1.5306000000e+06 1.6510215907e+03 8.3617690641e-04 10 6
3.2803101000e+03 1.5306100000e+06 1.6510301000e+03 8.6077034483e-04 10 6
3.2803184109e+03 1.5306200000e+06 1.6510384109e+03 8.3108860883e-04 10 6
3.2803267218e+03 1.5306300000e+06 1.6510467218e+03 8.3108860895e-04 10 6
3.2803350479e+03 1.5306400000e+06 1.6510550479e+03 8.4633422780e-04 10 6
3.2803435981e+03 1.5306500000e+06 1.6510635981e+03 8.4448768039e-04 10 6
3.2803521738e+03 1.5306600000e+06 1.6510721738e+03 8.4095214582e-04 10 6
3.2803607812e+03 1.5306700000e+06 1.6510807812e+03 8.6568603252e-04 10 6
3.2803694380e+03 1.5306800000e+06 1.6510894380e+03 8.6568603250e-04 10 6
3.2803780949e+03 1.5306900000e+06 1.6510980949e+03 8.6568603254e-04 10 6
3.2803867337e+03 1.5307000000e+06 1.6511067337e+03 8.6118219670e-04 10 6
3.2803953456e+03 1.5307100000e+06 1.6511153456e+03 8.6118219668e-04 10 6
3.2804039574e+03 1.5307200000e+06 1.6511239574e+03 8.6118219665e-04 10 6
3.2804125692e+03 1.5307300000e+06 1.6511325692e+03 8.6118219660e-04 10 6
3.2804211810e+03 1.5307400000e+06 1.6511411810e+03 8.6118219656e-04 10 6
3.2804297928e+03 1.5307500000e+06 1.6511497928e+03 8.6118219656e-04 10 6
3.2804386239e+03 1.5307600000e+06 1.6511586239e+03 8.9249791296e-04 10 6
3.2804474851e+03 1.5307700000e+06 1.6511674851e+03 8.7124796266e-04 10 6
3.2804561976e+03 1.5307800000e+06 1.6511761976e+03 8.7124796270e-04 10 6
3.2804646842e+03 1.5307900000e+06 1.6511846842e+03 8.3897951962e-04 10 6
3.2804730740e+03 1.5308000000e+06 1.6511930740e+03 8.3897951956e-04 10 6
3.2804814638e+03 1.5308100000e+06 1.6512014638e+03 8.3897951981e-04 10 6
3.2804898083e+03 1.5308200000e+06 1.6512098083e+03 8.3148625888e-04 10 6
3.2804981232e+03 1.5308300000e+06 1.6512181232e+03 8.3148625888e-04 10 6
3.2805064381e+03 1.5308400000e+06 1.6512264381e+03 8.3148625887e-04 10 6
3.2805147529e+03 1.5308500000e+06 1.6512347529e+03 8.3148625886e-04 10 6
3.2805230678e+03 1.5308600000e+06 1.6512430678e+03 8.3148625881e-04 10 6
3.2805313831e+03 1.5308700000e+06 1.6512513831e+03 8.3198957987e-04 10 6
3.2805397030e+03 1.5308800000e+06 1.6512597030e+03 8.3198957987e-04 10 6
3.2805480229e+03 1.5308900000e+06 1.6512680229e+03 8.3198957986e-04 10 6
3.2805563428e+03 1.5309000000e+06 1.6512763428e+03 8.3198957987e-04 10 6
3.2805646627e+03 1.5309100000e+06 1.6512846627e+03 8.3198957985e-04 10 6
3.2805729826e+03 1.5309200000e+06 1.6512929826e+03 8.3198957989e-04 10 6
3.2805813025e+03 1.5309300000e+06 1.6513013025e+03 8.3198957986e-04 10 6
3.2805895165e+03 1.5309400000e+06 1.6513095165e+03 8.1686249657e-04 10 6
3.2805976852e+03 1.5309500000e+06 1.6513176852e+03 8.1686249654e-04 10 6
3.2806058538e+03 1.5309600000e+06 1.6513258538e+03 8.1686249656e-04 10 6
3.2806140224e+03 1.5309700000e+06 1.6513340224e+03 8.1686249654e-04 10 6
3.2806221910e+03 1.5309800000e+06 1.6513421910e+03 8.1686249657e-04 10 6
3.2806303899e+03 1.5309900000e+06 1.6513503899e+03 8.3198957986e-04 10 6
3.2806387098e+03 1.5310000000e+06 1.6513587098e+03 8.3198957986e-04 10 6
3.2806470297e+03 1.5310100000e+06 1.6513670297e+03 8.3198957986e-04 10 6
3.2806553496e+03 1.5310200000e+06 1.6513753496e+03 8.3198957986e-04 10 6
3.2806636695e+03 1.5310300000e+06 1.6513836695e+03 8.3198957986e-04 10 6
3.2806719894e+03 1.5310400000e+06 1.6513919894e+03 8.3198957986e-04 10 6
3.2806803969e+03 1.5310500000e+06 1.6514003969e+03 8.6118219670e-04 10 6
3.2806890087e+03 1.5310600000e+06 1.6514090087e+03 8.6118219669e-04 10 6
3.2806976205e+03 1.5310700000e+06 1.6514176205e+03 8.6118219666e-04 10 6
3.2807059863e+03 1.5310800000e+06 1.6514259863e+03 8.3657699109e-04 10 6
3.2807143520e+03 1.5310900000e+06 1.6514343520e+03 8.3657699111e-04 10 6
3.2807227178e+03 1.5311000000e+06 1.6514427178e+03 8.3657699111e-04 10 6
3.2807311324e+03 1.5311100000e+06 1.6514511324e+03 8.4633422779e-04 10 6
3.2807395957e+03 1.5311200000e+06 1.6514595957e+03 8.4633422778e-04 10 6
3.2807479321e+03 1.5311300000e+06 1.6514679321e+03 8.2517587206e-04 10 6
3.2807560241e+03 1.5311400000e+06 1.6514760241e+03 7.9855729548e-04 10 6
3.2807640097e+03 1.5311500000e+06 1.6514840097e+03 7.9855729541e-04 10 6
3.2807719953e+03 1.5311600000e+06 1.6514919953e+03 7.9855729541e-04 10 6
3.2807801351e+03 1.5311700000e+06 1.6515001351e+03 8.3222865734e-04 10 6
3.2807884574e+03 1.5311800000e+06 1.6515084574e+03 8.3222865737e-04 10 6
3.2807967797e+03 1.5311900000e+06 1.6515167797e+03 8.3222865738e-04 10 6
3.2808051020e+03 1.5312000000e+06 1.6515251020e+03 8.3222865736e-04 10 6
3.2808132027e+03 1.5312100000e+06 1.6515332027e+03 7.4204908151e-04 10 6
3.2808206232e+03 1.5312200000e+06 1.6515406232e+03 7.4204908151e-04 10 6
3.2808280962e+03 1.5312300000e+06 1.6515480962e+03 7.5519054172e-04 10 6
3.2808356099e+03 1.5312400000e+06 1.6515556099e+03 7.5594048266e-04 10 6
3.2808431693e+03 1.5312500000e+06 1.6515631693e+03 7.5594048269e-04 10 6
3.2808506842e+03 1.5312600000e+06 1.6515706842e+03 7.3370693910e-04 10 6
3.2808577531e+03 1.5312700000e+06 1.6515777531e+03 6.8374123355e-04 10 6
3.2808645905e+03 1.5312800000e+06 1.6515845905e+03 6.8374123363e-04 10 6
3.2808714279e+03 1.5312900000e+06 1.6515914279e+03 6.8374123357e-04 10 6
3.2808783394e+03 1.5313000000e+06 1.6515983394e+03 6.9093588428e-04 10 6
3.2808852488e+03 1.5313100000e+06 1.6516052488e+03 6.9093588425e-04 10 6
3.2808921581e+03 1.5313200000e+06 1.6516121581e+03 6.9093588422e-04 10 6
3.2808990675e+03 1.5313300000e+06 1.6516190675e+03 6.9093588422e-04 10 6
3.2809059768e+03 1.5313400000e+06 1.6516259768e+03 6.9093588422e-04 10 6
3.2809128862e+03 1.5313500000e+06 1.6516328862e+03 6.9093588422e-04 10 6
3.2809197956e+03 1.5313600000e+06 1.6516397956e+03 6.9093588422e-04 10 6
3.2809267565e+03 1.5313700000e+06 1.6516467565e+03 7.0124836017e-04 10 6
3.2809337690e+03 1.5313800000e+06 1.6516537690e+03 7.0124836017e-04 10 6
3.2809407814e+03 1.5313900000e+06 1.6516607814e+03 7.0124836016e-04 10 6
3.2809477939e+03 1.5314000000e+06 1.6516677939e+03 7.0124836015e-04 10 6
3.2809548064e+03 1.5314100000e+06 1.6516748064e+03 7.0124836013e-04 10 6
3.2809618189e+03 1.5314200000e+06 1.6516818189e+03 7.0124836009e-04 10 6
3.2809688314e+03 1.5314300000e+06 1.6516888314e+03 7.0124835997e-04 10 6
3.2809758439e+03 1.5314400000e+06 1.6516958439e+03 7.0124836017e-04 10 6
3.2809828563e+03 1.5314500000e+06 1.6517028563e+03 7.0124836017e-04 10 6
3.2809898688e+03 1.5314600000e+06 1.6517098688e+03 7.0124836016e-04 10 6
3.2809968813e+03 1.5314700000e+06 1.6517168813e+03 7.0124836015e-04 10 6
3.2810038938e+03 1.5314800000e+06 1.6517238938e+03 7.0124836013e-04 10 6
3.2810109063e+03 1.5314900000e+06 1.6517309063e+03 7.0124836009e-04 10 6
3.2810179188e+03 1.5315000000e+06 1.6517379188e+03 7.0124835997e-04 10 6
3.2810250344e+03 1.5315100000e+06 1.6517450344e+03 7.2187331193e-04 10 6
3.2810322531e+03 1.5315200000e+06 1.6517522531e+03 7.2187331193e-04 10 6
3.2810394718e+03 1.5315300000e+06 1.6517594718e+03 7.2187331193e-04 10 6
3.2810466906e+03 1.5315400000e+06 1.6517666906e+03 7.2187331193e-04 10 6
3.2810539093e+03 1.5315500000e+06 1.6517739093e+03 7.2187331193e-04 10 6
3.2810611280e+03 1.5315600000e+06 1.6517811280e+03 7.2187331193e-04 10 6
3.2810683468e+03 1.5315700000e+06 1.6517883468e+03 7.2187331193e-04 10 6
3.2810756409e+03 1.5315800000e+06 1.6517956409e+03 7.3264754047e-04 10 6
3.2810829674e+03 1.5315900000e+06 1.6518029674e+03 7.3264754043e-04 10 6
3.2810902939e+03 1.5316000000e+06 1.6518102939e+03 7.3264754041e-04 10 6
3.2810976204e+03 1.5316100000e+06 1.6518176204e+03 7.3264754042e-04 10 6
3.2811049468e+03 1.5316200000e+06 1.6518249468e+03 7.3264754041e-04 10 6
3.2811122733e+03 1.5316300000e+06 1.6518322733e+03 7.3264754044e-04 10 6
3.2811195998e+03 1.5316400000e+06 1.6518395998e+03 7.3264754019e-04 10 6
3.2811270373e+03 1.5316500000e+06 1.6518470373e+03 7.4374826077e-04 10 6
3.2811344747e+03 1.5316600000e+06 1.6518544747e+03 7.4374826075e-04 10 6
3.2811419122e+03 1.5316700000e+06 1.6518619122e+03 7.4374826071e-04 10 6
3.2811493497e+03 1.5316800000e+06 1.6518693497e+03 7.4374826068e-04 10 6
3.2811567872e+03 1.5316900000e+06 1.6518767872e+03 7.4374826066e-04 10 6
3.2811642247e+03 1.5317000000e+06 1.6518842247e+03 7.4374826071e-04 10 6
3.2811716963e+03 1.5317100000e+06 1.6518916963e+03 7.5538086192e-04 10 6
3.2811792501e+03 1.5317200000e+06 1.6518992501e+03 7.5538086193e-04 10 6
3.2811868039e+03 1.5317300000e+06 1.6519068039e+03 7.5538086196e-04 10 6
3.2811942385e+03 1.5317400000e+06 1.6519142385e+03 7.3550241825e-04 10 6
3.2812015935e+03 1.5317500000e+06 1.6519215935e+03 7.3550241830e-04 10 6
3.2812089485e+03 1.5317600000e+06 1.6519289485e+03 7.3550241838e-04 10 6
3.2812163035e+03 1.5317700000e+06 1.6519363035e+03 7.3550241829e-04 10 6
3.2812238161e+03 1.5317800000e+06 1.6519438161e+03 7.5519054171e-04 10 6
3.2812313680e+03 1.5317900000e+06 1.6519513680e+03 7.5519054167e-04 10 6
3.2812389199e+03 1.5318000000e+06 1.6519589199e+03 7.5519054167e-04 10 6
3.2812464718e+03 1.5318100000e+06 1.6519664718e+03 7.5519054167e-04 10 6
3.2812540237e+03 1.5318200000e+06 1.6519740237e+03 7.5519054167e-04 10 6
3.2812612851e+03 1.5318300000e+06 1.6519812851e+03 6.9709896151e-04 10 6
3.2812683723e+03 1.5318400000e+06 1.6519883723e+03 7.5519054172e-04 10 6
3.2812758919e+03 1.5318500000e+06 1.6519958919e+03 7.5580005788e-04 10 6
3.2812834223e+03 1.5318600000e+06 1.6520034223e+03 7.5644329195e-04 10 6
3.2812909254e+03 1.5318700000e+06 1.6520109254e+03 7.3599887866e-04 10 6
3.2812982853e+03 1.5318800000e+06 1.6520182853e+03 7.3599887870e-04 10 6
3.2813056453e+03 1.5318900000e+06 1.6520256453e+03 7.3599887877e-04 10 6
3.2813130053e+03 1.5319000000e+06 1.6520330053e+03 7.3599887883e-04 10 6
3.2813204805e+03 1.5319100000e+06 1.6520404805e+03 7.5519054171e-04 10 6
3.2813280201e+03 1.5319200000e+06 1.6520480201e+03 7.5544027401e-04 10 6
3.2813355745e+03 1.5319300000e+06 1.6520555745e+03 7.5544027397e-04 10 6
3.2813431289e+03 1.5319400000e+06 1.6520631289e+03 7.5544027392e-04 10 6
3.2813508949e+03 1.5319500000e+06 1.6520708949e+03 7.8565788482e-04 10 6
3.2813587514e+03 1.5319600000e+06 1.6520787514e+03 7.8565788474e-04 10 6
3.2813666730e+03 1.5319700000e+06 1.6520866730e+03 8.1812308687e-04 10 6
3.2813748542e+03 1.5319800000e+06 1.6520948542e+03 8.1812308686e-04 10 6
3.2813830354e+03 1.5319900000e+06 1.6521030354e+03 8.1812308685e-04 10 6
3.2813912166e+03 1.5320000000e+06 1.6521112166e+03 8.1812308684e-04 10 6
3.2813993979e+03 1.5320100000e+06 1.6521193979e+03 8.1812308681e-04 10 6
3.2814075791e+03 1.5320200000e+06 1.6521275791e+03 8.1812308670e-04 10 6
3.2814157881e+03 1.5320300000e+06 1.6521357881e+03 8.3198957986e-04 10 6
3.2814241080e+03 1.5320400000e+06 1.6521441080e+03 8.3198957986e-04 10 6
3.2814324279e+03 1.5320500000e+06 1.6521524279e+03 8.3198957986e-04 10 6
3.2814407478e+03 1.5320600000e+06 1.6521607478e+03 8.3198957986e-04 10 6
3.2814490677e+03 1.5320700000e+06 1.6521690677e+03 8.3198957986e-04 10 6
3.2814573875e+03 1.5320800000e+06 1.6521773875e+03 8.3198957986e-04 10 6
3.2814657074e+03 1.5320900000e+06 1.6521857074e+03 8.3198957987e-04 10 6
3.2814739307e+03 1.5321000000e+06 1.6521939307e+03 7.9933692759e-04 10 6
3.2814818851e+03 1.5321100000e+06 1.6522018851e+03 7.7984090494e-04 10 6
3.2814896835e+03 1.5321200000e+06 1.6522096835e+03 7.7984090490e-04 10 6
3.2814973019e+03 1.5321300000e+06 1.6522173019e+03 7.4984702390e-04 10 6
3.2815048004e+03 1.5321400000e+06 1.6522248004e+03 7.4984702385e-04 10 6
3.2815122989e+03 1.5321500000e+06 1.6522322989e+03 7.4984702360e-04 10 6
3.2815200905e+03 1.5321600000e+06 1.6522400905e+03 7.7916484466e-04 10 6
3.2815278822e+03 1.5321700000e+06 1.6522478822e+03 7.7916484469e-04 10 6
3.2815356738e+03 1.5321800000e+06 1.6522556738e+03 7.7916484474e-04 10 6
3.2815434055e+03 1.5321900000e+06 1.6522634055e+03 7.4919696610e-04 10 6
3.2815508975e+03 1.5322000000e+06 1.6522708975e+03 7.4919696614e-04 10 6
3.2815583895e+03 1.5322100000e+06 1.6522783895e+03 7.4919696608e-04 10 6
3.2815660612e+03 1.5322200000e+06 1.6522860612e+03 7.7916484465e-04 10 6
3.2815738529e+03 1.5322300000e+06 1.6522938529e+03 7.7916484468e-04 10 6
3.2815816445e+03 1.5322400000e+06 1.6523016445e+03 7.7916484472e-04 10 6
3.2815894362e+03 1.5322500000e+06 1.6523094362e+03 7.7916484474e-04 10 6
3.2815972278e+03 1.5322600000e+06 1.6523172278e+03 7.7916484474e-04 10 6
3.2816050195e+03 1.5322700000e+06 1.6523250195e+03 7.7916484474e-04 10 6
3.2816128488e+03 1.5322800000e+06 1.6523328488e+03 7.9173201956e-04 10 6
3.2816206342e+03 1.5322900000e+06 1.6523406342e+03 7.7853648588e-04 10 6
3.2816284196e+03 1.5323000000e+06 1.6523484196e+03 7.7853648585e-04 10 6
3.2816362049e+03 1.5323100000e+06 1.6523562049e+03 7.7853648580e-04 10 6
3.2816439903e+03 1.5323200000e+06 1.6523639903e+03 7.7853648576e-04 10 6
3.2816517757e+03 1.5323300000e+06 1.6523717757e+03 7.7853648579e-04 10 6
3.2816595610e+03 1.5323400000e+06 1.6523795610e+03 7.7853648554e-04 10 6
3.2816675929e+03 1.5323500000e+06 1.6523875929e+03 7.8952800220e-04 10 6
3.2816756243e+03 1.5323600000e+06 1.6523956243e+03 7.8628780520e-04 10 6
3.2816836546e+03 1.5323700000e+06 1.6524036546e+03 7.8105750943e-04 10 6
3.2816916499e+03 1.5323800000e+06 1.6524116499e+03 7.7265904162e-04 10 6
3.2816993765e+03 1.5323900000e+06 1.6524193765e+03 7.7265904166e-04 10 6
3.2817071031e+03 1.5324000000e+06 1.6524271031e+03 7.7265904186e-04 10 6
3.2817149823e+03 1.5324100000e+06 1.6524349823e+03 7.9173201956e-04 10 6
3.2817228996e+03 1.5324200000e+06 1.6524428996e+03 7.9173201958e-04 10 6
3.2817306550e+03 1.5324300000e+06 1.6524506550e+03 7.7373811002e-04 10 6
3.2817383923e+03 1.5324400000e+06 1.6524583923e+03 7.7373810996e-04 10 6
3.2817461297e+03 1.5324500000e+06 1.6524661297e+03 7.7373810996e-04 10 6
3.2817538671e+03 1.5324600000e+06 1.6524738671e+03 7.7373810996e-04 10 6
3.2817616316e+03 1.5324700000e+06 1.6524816316e+03 7.7916484465e-04 10 6
3.2817694233e+03 1.5324800000e+06 1.6524894233e+03 7.7916484467e-04 10 6
3.2817772149e+03 1.5324900000e+06 1.6524972149e+03 7.7916484471e-04 10 6
3.2817850066e+03 1.5325000000e+06 1.6525050066e+03 7.7916484474e-04 10 6
3.2817927982e+03 1.5325100000e+06 1.6525127982e+03 7.7916484476e-04 10 6
3.2818005899e+03 1.5325200000e+06 1.6525205899e+03 7.7916484472e-04 10 6
3.2818084066e+03 1.5325300000e+06 1.6525284066e+03 7.9173201955e-04 10 6
3.2818163240e+03 1.5325400000e+06 1.6525363240e+03 7.9173201957e-04 10 6
3.2818242413e+03 1.5325500000e+06 1.6525442413e+03 7.9173201959e-04 10 6
3.2818321586e+03 1.5325600000e+06 1.6525521586e+03 7.9173201963e-04 10 6
3.2818400759e+03 1.5325700000e+06 1.6525600759e+03 7.9173201970e-04 10 6
3.2818479932e+03 1.5325800000e+06 1.6525679932e+03 7.9173201973e-04 10 6
3.2818559106e+03 1.5325900000e+06 1.6525759106e+03 7.9173201948e-04 10 6
3.2818638960e+03 1.5326000000e+06 1.6525838960e+03 7.9042163886e-04 10 6
3.2818718473e+03 1.5326100000e+06 1.6525918473e+03 7.8930047338e-04 10 6
3.2818797403e+03 1.5326200000e+06 1.6525997403e+03 7.8930047335e-04 10 6
3.2818876333e+03 1.5326300000e+06 1.6526076333e+03 7.8930047333e-04 10 6
3.2818955263e+03 1.5326400000e+06 1.6526155263e+03 7.8930047336e-04 10 6
3.2819034193e+03 1.5326500000e+06 1.6526234193e+03 7.8930047327e-04 10 6
3.2819115429e+03 1.5326600000e+06 1.6526315429e+03 8.1812308687e-04 10 6
3.2819197242e+03 1.5326700000e+06 1.6526397242e+03 8.1812308686e-04 10 6
3.2819279054e+03 1.5326800000e+06 1.6526479054e+03 8.1812308685e-04 10 6
3.2819360866e+03 1.5326900000e+06 1.6526560866e+03 8.1812308682e-04 10 6
3.2819442094e+03 1.5327000000e+06 1.6526642094e+03 7.5968572342e-04 10 6
3.2819518063e+03 1.5327100000e+06 1.6526718063e+03 7.5968572332e-04 10 6
3.2819597978e+03 1.5327200000e+06 1.6526797978e+03 8.1839363021e-04 10 6
3.2819679818e+03 1.5327300000e+06 1.6526879818e+03 8.1839363022e-04 10 6
3.2819760608e+03 1.5327400000e+06 1.6526960608e+03 7.9740917816e-04 10 6
3.2819840349e+03 1.5327500000e+06 1.6527040349e+03 7.9740917816e-04 10 6
3.2819920090e+03 1.5327600000e+06 1.6527120090e+03 7.9740917815e-04 10 6
3.2819999831e+03 1.5327700000e+06 1.6527199831e+03 7.9740917809e-04 10 6
3.2820080419e+03 1.5327800000e+06 1.6527280419e+03 8.0396796523e-04 10 6
3.2820161570e+03 1.5327900000e+06 1.6527361570e+03 8.0229093569e-04 10 6
3.2820241799e+03 1.5328000000e+06 1.6527441799e+03 8.0229093573e-04 10 6
3.2820322028e+03 1.5328100000e+06 1.6527522028e+03 8.0229093578e-04 10 6
3.2820405397e+03 1.5328200000e+06 1.6527605397e+03 8.3717315032e-04 10 6
3.2820489114e+03 1.5328300000e+06 1.6527689114e+03 8.3717315038e-04 10 6
3.2820574864e+03 1.5328400000e+06 1.6527774864e+03 8.6002157380e-04 10 6
3.2820661891e+03 1.5328500000e+06 1.6527861891e+03 8.5752151109e-04 10 6
3.2820747643e+03 1.5328600000e+06 1.6527947643e+03 8.5752151109e-04 10 6
3.2820833395e+03 1.5328700000e+06 1.6528033395e+03 8.5752151110e-04 10 6
3.2820919147e+03 1.5328800000e+06 1.6528119147e+03 8.5752151112e-04 10 6
3.2821004900e+03 1.5328900000e+06 1.6528204900e+03 8.5752151131e-04 10 6
3.2821092229e+03 1.5329000000e+06 1.6528292229e+03 8.7685031810e-04 10 6
3.2821179991e+03 1.5329100000e+06 1.6528379991e+03 9.0099391063e-04 10 6
3.2821270090e+03 1.5329200000e+06 1.6528470090e+03 9.0099391058e-04 10 6
3.2821360190e+03 1.5329300000e+06 1.6528560190e+03 9.0099391060e-04 10 6
3.2821446535e+03 1.5329400000e+06 1.6528646535e+03 8.2591108475e-04 10 6
3.2821530645e+03 1.5329500000e+06 1.6528730645e+03 8.7656045022e-04 10 6
3.2821618302e+03 1.5329600000e+06 1.6528818302e+03 8.7656045021e-04 10 6
3.2821705958e+03 1.5329700000e+06 1.6528905958e+03 8.7656045020e-04 10 6
3.2821793614e+03 1.5329800000e+06 1.6528993614e+03 8.7656045018e-04 10 6
3.2821881270e+03 1.5329900000e+06 1.6529081270e+03 8.7656045012e-04 10 6
3.2821968926e+03 1.5330000000e+06 1.6529168926e+03 8.7656045002e-04 10 6
3.2822056582e+03 1.5330100000e+06 1.6529256582e+03 8.7656045022e-04 10 6
3.2822144238e+03 1.5330200000e+06 1.6529344238e+03 8.7656045021e-04 10 6
3.2822231894e+03 1.5330300000e+06 1.6529431894e+03 8.7656045019e-04 10 6
3.2822319550e+03 1.5330400000e+06 1.6529519550e+03 8.7656045016e-04 10 6
3.2822407206e+03 1.5330500000e+06 1.6529607206e+03 8.7656045007e-04 10 6
3.2822486096e+03 1.5330600000e+06 1.6529686096e+03 4.3828022490e-04 10 6
3.2822570398e+03 1.5330700000e+06 1.6529770398e+03 8.2973943901e-04 10 6
3.2822653169e+03 1.5330800000e+06 1.6529853169e+03 8.0950189175e-04 10 6
3.2822734120e+03 1.5330900000e+06 1.6529934120e+03 8.0950189180e-04 10 6
3.2822815070e+03 1.5331000000e+06 1.6530015070e+03 8.0950189180e-04 10 6
3.2822896020e+03 1.5331100000e+06 1.6530096020e+03 8.0950189183e-04 10 6
3.2822976970e+03 1.5331200000e+06 1.6530176970e+03 8.0950189158e-04 10 6
3.2823060169e+03 1.5331300000e+06 1.6530260169e+03 8.3198957986e-04 10 6
3.2823143368e+03 1.5331400000e+06 1.6530343368e+03 8.3198957986e-04 10 6
3.2823226567e+03 1.5331500000e+06 1.6530426567e+03 8.3198957986e-04 10 6
3.2823309766e+03 1.5331600000e+06 1.6530509766e+03 8.3198957986e-04 10 6
3.2823392965e+03 1.5331700000e+06 1.6530592965e+03 8.3198957986e-04 10 6
3.2823476934e+03 1.5331800000e+06 1.6530676934e+03 9.0902565208e-04 10 6
3.2823567837e+03 1.5331900000e+06 1.6530767837e+03 9.0902565206e-04 10 6
3.2823660735e+03 1.5332000000e+06 1.6530860735e+03 9.3119700945e-04 10 6
3.2823753467e+03 1.5332100000e+06 1.6530953467e+03 8.9239713410e-04 10 6
3.2823842706e+03 1.5332200000e+06 1.6531042706e+03 8.9239713413e-04 10 6
3.2823931946e+03 1.5332300000e+06 1.6531131946e+03 8.9239713429e-04 10 6
3.2824020519e+03 1.5332400000e+06 1.6531220519e+03 8.7565832969e-04 10 6
3.2824106626e+03 1.5332500000e+06 1.6531306626e+03 8.5741544785e-04 10 6
3.2824190788e+03 1.5332600000e+06 1.6531390788e+03 8.3485188340e-04 10 6
3.2824274273e+03 1.5332700000e+06 1.6531474273e+03 8.3485188338e-04 10 6
3.2824357758e+03 1.5332800000e+06 1.6531557758e+03 8.3485188338e-04 10 6
3.2824441243e+03 1.5332900000e+06 1.6531641243e+03 8.3485188338e-04 10 6
3.2824524471e+03 1.5333000000e+06 1.6531724471e+03 8.3198957986e-04 10 6
3.2824607670e+03 1.5333100000e+06 1.6531807670e+03 8.3198957987e-04 10 6
3.2824690869e+03 1.5333200000e+06 1.6531890869e+03 8.3198957986e-04 10 6
3.2824774068e+03 1.5333300000e+06 1.6531974068e+03 8.3198957988e-04 10 6
3.2824857267e+03 1.5333400000e+06 1.6532057267e+03 8.3198957984e-04 10 6
3.2824940466e+03 1.5333500000e+06 1.6532140466e+03 8.3198958009e-04 10 6
3.2825025099e+03 1.5333600000e+06 1.6532225099e+03 8.4633422779e-04 10 6
3.2825109732e+03 1.5333700000e+06 1.6532309732e+03 8.4633422777e-04 10 6
3.2825194366e+03 1.5333800000e+06 1.6532394366e+03 8.4633422775e-04 10 6
3.2825278999e+03 1.5333900000e+06 1.6532478999e+03 8.4633422770e-04 10 6
3.2825363633e+03 1.5334000000e+06 1.6532563633e+03 8.4633422764e-04 10 6
3.2825448563e+03 1.5334100000e+06 1.6532648563e+03 8.6118219670e-04 10 6
3.2825534681e+03 1.5334200000e+06 1.6532734681e+03 8.6118219669e-04 10 6
3.2825620800e+03 1.5334300000e+06 1.6532820800e+03 8.6118219666e-04 10 6
3.2825706918e+03 1.5334400000e+06 1.6532906918e+03 8.6118219661e-04 10 6
3.2825793036e+03 1.5334500000e+06 1.6532993036e+03 8.6118219656e-04 10 6
3.2825879154e+03 1.5334600000e+06 1.6533079154e+03 8.6118219656e-04 10 6
3.2825965272e+03 1.5334700000e+06 1.6533165272e+03 8.6118219670e-04 10 6
3.2826051391e+03 1.5334800000e+06 1.6533251391e+03 8.6118219668e-04 10 6
3.2826137509e+03 1.5334900000e+06 1.6533337509e+03 8.6118219665e-04 10 6
3.2826223627e+03 1.5335000000e+06 1.6533423627e+03 8.6118219659e-04 10 6
3.2826309745e+03 1.5335100000e+06 1.6533509745e+03 8.6118219654e-04 10 6
3.2826395864e+03 1.5335200000e+06 1.6533595864e+03 8.6118219663e-04 10 6
3.2826483212e+03 1.5335300000e+06 1.6533683212e+03 8.7656045021e-04 10 6
3.2826570868e+03 1.5335400000e+06 1.6533770868e+03 8.7656045020e-04 10 6
3.2826658524e+03 1.5335500000e+06 1.6533858524e+03 8.7656045019e-04 10 6
3.2826746180e+03 1.5335600000e+06 1.6533946180e+03 8.7656045016e-04 10 6
3.2826833836e+03 1.5335700000e+06 1.6534033836e+03 8.7656045005e-04 10 6
3.2826922142e+03 1.5335800000e+06 1.6534122142e+03 9.0902565208e-04 10 6
3.2827012278e+03 1.5335900000e+06 1.6534212278e+03 9.1085027202e-04 10 6
3.2827103363e+03 1.5336000000e+06 1.6534303363e+03 9.1085027203e-04 10 6
3.2827194448e+03 1.5336100000e+06 1.6534394448e+03 9.1085027201e-04 10 6
3.2827283825e+03 1.5336200000e+06 1.6534483825e+03 8.5392213003e-04 10 6
3.2827369217e+03 1.5336300000e+06 1.6534569217e+03 8.5392213009e-04 10 6
3.2827456795e+03 1.5336400000e+06 1.6534656795e+03 8.7533449156e-04 10 6
3.2827544328e+03 1.5336500000e+06 1.6534744328e+03 8.7533449159e-04 10 6
3.2827631862e+03 1.5336600000e+06 1.6534831862e+03 8.7533449164e-04 10 6
3.2827719395e+03 1.5336700000e+06 1.6534919395e+03 8.7533449164e-04 10 6
3.2827806929e+03 1.5336800000e+06 1.6535006929e+03 8.7533449164e-04 10 6
3.2827894634e+03 1.5336900000e+06 1.6535094634e+03 8.9249791295e-04 10 6
3.2827982536e+03 1.5337000000e+06 1.6535182536e+03 8.7565832968e-04 10 6
3.2828070102e+03 1.5337100000e+06 1.6535270102e+03 8.7565832967e-04 10 6
3.2828157668e+03 1.5337200000e+06 1.6535357668e+03 8.7565832965e-04 10 6
3.2828245234e+03 1.5337300000e+06 1.6535445234e+03 8.7565832959e-04 10 6
3.2828332800e+03 1.5337400000e+06 1.6535532800e+03 8.7565832951e-04 10 6
3.2828420411e+03 1.5337500000e+06 1.6535620411e+03 8.7656045022e-04 10 6
3.2828508067e+03 1.5337600000e+06 1.6535708067e+03 8.7656045021e-04 10 6
3.2828595723e+03 1.5337700000e+06 1.6535795723e+03 8.7656045019e-04 10 6
3.2828683379e+03 1.5337800000e+06 1.6535883379e+03 8.7656045017e-04 10 6
3.2828771035e+03 1.5337900000e+06 1.6535971035e+03 8.7656045010e-04 10 6
3.2828858691e+03 1.5338000000e+06 1.6536058691e+03 8.7656045002e-04 10 6
3.2828946347e+03 1.5338100000e+06 1.6536146347e+03 8.7656045021e-04 10 6
3.2829034003e+03 1.5338200000e+06 1.6536234003e+03 8.7656045020e-04 10 6
3.2829121659e+03 1.5338300000e+06 1.6536321659e+03 8.7656045019e-04 10 6
3.2829209315e+03 1.5338400000e+06 1.6536409315e+03 8.7656045015e-04 10 6
3.2829296971e+03 1.5338500000e+06 1.6536496971e+03 8.7656045002e-04 10 6
3.2829384627e+03 1.5338600000e+06 1.6536584627e+03 8.7656045022e-04 10 6
3.2829472283e+03 1.5338700000e+06 1.6536672283e+03 8.7656045021e-04 10 6
3.2829559939e+03 1.5338800000e+06 1.6536759939e+03 8.7656045020e-04 10 6
3.2829647595e+03 1.5338900000e+06 1.6536847595e+03 8.7656045018e-04 10 6
3.2829735251e+03 1.5339000000e+06 1.6536935251e+03 8.7656045012e-04 10 6
3.2829822907e+03 1.5339100000e+06 1.6537022907e+03 8.7656045002e-04 10 6
3.2829911679e+03 1.5339200000e+06 1.6537111679e+03 8.9249791296e-04 10 6
3.2830001598e+03 1.5339300000e+06 1.6537201598e+03 9.1481036079e-04 10 6
3.2830098187e+03 1.5339400000e+06 1.6537298187e+03 1.0078803975e-03 10 6
3.2830198975e+03 1.5339500000e+06 1.6537398975e+03 1.0078803974e-03 10 6
3.2830299763e+03 1.5339600000e+06 1.6537499763e+03 1.0078803974e-03 10 6
3.2830405262e+03 1.5339700000e+06 1.6537605262e+03 1.0642251536e-03 10 6
3.2830511684e+03 1.5339800000e+06 1.6537711684e+03 1.0642251536e-03 10 6
3.2830618107e+03 1.5339900000e+06 1.6537818107e+03 1.0642251536e-03 10 6
3.2830724529e+03 1.5340000000e+06 1.6537924529e+03 1.0642251536e-03 10 6
3.2830830952e+03 1.5340100000e+06 1.6538030952e+03 1.0642251532e-03 10 6
3.2830937664e+03 1.5340200000e+06 1.6538137664e+03 1.0671170698e-03 10 6
3.2831044375e+03 1.5340300000e+06 1.6538244375e+03 1.0671170698e-03 10 6
3.2831144236e+03 1.5340400000e+06 1.6538344236e+03 9.8660971686e-04 10 6
3.2831242897e+03 1.5340500000e+06 1.6538442897e+03 9.8660971682e-04 10 6
3.2831341461e+03 1.5340600000e+06 1.6538541461e+03 9.8174770424e-04 10 6
3.2831440139e+03 1.5340700000e+06 1.6538640139e+03 1.0069207223e-03 10 6
3.2831540831e+03 1.5340800000e+06 1.6538740831e+03 1.0069207222e-03 10 6
3.2831641523e+03 1.5340900000e+06 1.6538841523e+03 1.0069207221e-03 10 6
3.2831742215e+03 1.5341000000e+06 1.6538942215e+03 1.0069207221e-03 10 6
3.2831844713e+03 1.5341100000e+06 1.6539044713e+03 1.0671170698e-03 10 6
3.2831952610e+03 1.5341200000e+06 1.6539152610e+03 1.0967592107e-03 10 6
3.2832040077e+03 1.5341300000e+06 1.6539240077e+03 8.4998838825e-04 10 6
3.2832125076e+03 1.5341400000e+06 1.6539325076e+03 8.4998838820e-04 10 6
3.2832210075e+03 1.5341500000e+06 1.6539410075e+03 8.4998838815e-04 10 6
3.2832295074e+03 1.5341600000e+06 1.6539495074e+03 8.4998838815e-04 10 6
3.2832382332e+03 1.5341700000e+06 1.6539582332e+03 8.7684005482e-04 10 6
3.2832470016e+03 1.5341800000e+06 1.6539670016e+03 8.7684005482e-04 10 6
3.2832557700e+03 1.5341900000e+06 1.6539757700e+03 8.7684005481e-04 10 6
3.2832645384e+03 1.5342000000e+06 1.6539845384e+03 8.7684005479e-04 10 6
3.2832733068e+03 1.5342100000e+06 1.6539933068e+03 8.7684005473e-04 10 6
3.2832821222e+03 1.5342200000e+06 1.6540021222e+03 8.9249791295e-04 10 6
3.2832910472e+03 1.5342300000e+06 1.6540110472e+03 8.9249791296e-04 10 6
3.2832999722e+03 1.5342400000e+06 1.6540199722e+03 8.9249791298e-04 10 6
3.2833088972e+03 1.5342500000e+06 1.6540288972e+03 8.9249791302e-04 10 6
3.2833178221e+03 1.5342600000e+06 1.6540378221e+03 8.9249791311e-04 10 6
3.2833267471e+03 1.5342700000e+06 1.6540467471e+03 8.9249791305e-04 10 6
3.2833361902e+03 1.5342800000e+06 1.6540561902e+03 9.4157388515e-04 10 6
3.2833457508e+03 1.5342900000e+06 1.6540657508e+03 9.6571680531e-04 10 6
3.2833551666e+03 1.5343000000e+06 1.6540751666e+03 9.3553815510e-04 10 6
3.2833645220e+03 1.5343100000e+06 1.6540845220e+03 9.3553815511e-04 10 6
3.2833734096e+03 1.5343200000e+06 1.6540934096e+03 8.4198433956e-04 10 6
3.2833818793e+03 1.5343300000e+06 1.6541018793e+03 8.4580394319e-04 10 6
3.2833904303e+03 1.5343400000e+06 1.6541104303e+03 8.4364076177e-04 10 6
3.2833988667e+03 1.5343500000e+06 1.6541188667e+03 8.4364076179e-04 10 6
3.2834073031e+03 1.5343600000e+06 1.6541273031e+03 8.4364076179e-04 10 6
3.2834156833e+03 1.5343700000e+06 1.6541356833e+03 7.8739804433e-04 10 6
3.2834233323e+03 1.5343800000e+06 1.6541433323e+03 6.7491260938e-04 10 6
3.2834306027e+03 1.5343900000e+06 1.6541506027e+03 7.7916484465e-04 10 6
3.2834383944e+03 1.5344000000e+06 1.6541583944e+03 7.7916484467e-04 10 6
3.2834461860e+03 1.5344100000e+06 1.6541661860e+03 7.7916484471e-04 10 6
3.2834539777e+03 1.5344200000e+06 1.6541739777e+03 7.7916484474e-04 10 6
3.2834617693e+03 1.5344300000e+06 1.6541817693e+03 7.7916484476e-04 10 6
3.2834695609e+03 1.5344400000e+06 1.6541895609e+03 7.7916484472e-04 10 6
3.2834773526e+03 1.5344500000e+06 1.6541973526e+03 7.7916484464e-04 10 6
3.2834851442e+03 1.5344600000e+06 1.6542051442e+03 7.7916484467e-04 10 6
3.2834929359e+03 1.5344700000e+06 1.6542129359e+03 7.7916484470e-04 10 6
3.2835007275e+03 1.5344800000e+06 1.6542207275e+03 7.7916484474e-04 10 6
3.2835085192e+03 1.5344900000e+06 1.6542285192e+03 7.7916484474e-04 10 6
3.2835163108e+03 1.5345000000e+06 1.6542363108e+03 7.7916484474e-04 10 6
3.2835241025e+03 1.5345100000e+06 1.6542441025e+03 7.7916484474e-04 10 6
3.2835320072e+03 1.5345200000e+06 1.6542520072e+03 7.9173201956e-04 10 6
3.2835399246e+03 1.5345300000e+06 1.6542599246e+03 7.9173201958e-04 10 6
3.2835478419e+03 1.5345400000e+06 1.6542678419e+03 7.9173201961e-04 10 6
3.2835557592e+03 1.5345500000e+06 1.6542757592e+03 7.9173201967e-04 10 6
3.2835636765e+03 1.5345600000e+06 1.6542836765e+03 7.9173201971e-04 10 6
3.2835715938e+03 1.5345700000e+06 1.6542915938e+03 7.9173201971e-04 10 6
3.2835796020e+03 1.5345800000e+06 1.6542996020e+03 8.0471123300e-04 10 6
3.2835876491e+03 1.5345900000e+06 1.6543076491e+03 8.0471123304e-04 10 6
3.2835956962e+03 1.5346000000e+06 1.6543156962e+03 8.0471123307e-04 10 6
3.2836037434e+03 1.5346100000e+06 1.6543237434e+03 8.0471123305e-04 10 6
3.2836117905e+03 1.5346200000e+06 1.6543317905e+03 8.0471123307e-04 10 6
3.2836198376e+03 1.5346300000e+06 1.6543398376e+03 8.0471123301e-04 10 6
3.2836279652e+03 1.5346400000e+06 1.6543479652e+03 8.1812308687e-04 10 6
3.2836361464e+03 1.5346500000e+06 1.6543561464e+03 8.1812308686e-04 10 6
3.2836443276e+03 1.5346600000e+06 1.6543643276e+03 8.1812308685e-04 10 6
3.2836525089e+03 1.5346700000e+06 1.6543725089e+03 8.1812308683e-04 10 6
3.2836606901e+03 1.5346800000e+06 1.6543806901e+03 8.1812308678e-04 10 6
3.2836688713e+03 1.5346900000e+06 1.6543888713e+03 8.1812308663e-04 10 6
3.2836770525e+03 1.5347000000e+06 1.6543970525e+03 8.1812308687e-04 10 6
3.2836852338e+03 1.5347100000e+06 1.6544052338e+03 8.1812308686e-04 10 6
3.2836934150e+03 1.5347200000e+06 1.6544134150e+03 8.1812308685e-04 10 6
3.2837015962e+03 1.5347300000e+06 1.6544215962e+03 8.1812308683e-04 10 6
3.2837097775e+03 1.5347400000e+06 1.6544297775e+03 8.1812308678e-04 10 6
3.2837179587e+03 1.5347500000e+06 1.6544379587e+03 8.1812308663e-04 10 6
3.2837262231e+03 1.5347600000e+06 1.6544462231e+03 8.3198957986e-04 10 6
3.2837345430e+03 1.5347700000e+06 1.6544545430e+03 8.3198957986e-04 10 6
3.2837428629e+03 1.5347800000e+06 1.6544628629e+03 8.3198957986e-04 10 6
3.2837511828e+03 1.5347900000e+06 1.6544711828e+03 8.3198957986e-04 10 6
3.2837595027e+03 1.5348000000e+06 1.6544795027e+03 8.3198957986e-04 10 6
3.2837678226e+03 1.5348100000e+06 1.6544878226e+03 8.3198957986e-04 10 6
3.2837762429e+03 1.5348200000e+06 1.6544962429e+03 8.4633422779e-04 10 6
3.2837847063e+03 1.5348300000e+06 1.6545047063e+03 8.4633422778e-04 10 6
3.2837931696e+03 1.5348400000e+06 1.6545131696e+03 8.4633422776e-04 10 6
3.2838016329e+03 1.5348500000e+06 1.6545216329e+03 8.4633422772e-04 10 6
3.2838100963e+03 1.5348600000e+06 1.6545300963e+03 8.4633422762e-04 10 6
3.2838185596e+03 1.5348700000e+06 1.6545385596e+03 8.4633422762e-04 10 6
3.2838271566e+03 1.5348800000e+06 1.6545471566e+03 8.6118219669e-04 10 6
3.2838357684e+03 1.5348900000e+06 1.6545557684e+03 8.6118219667e-04 10 6
3.2838443802e+03 1.5349000000e+06 1.6545643802e+03 8.6118219663e-04 10 6
3.2838529921e+03 1.5349100000e+06 1.6545729921e+03 8.6118219657e-04 10 6
3.2838616039e+03 1.5349200000e+06 1.6545816039e+03 8.6118219653e-04 10 6
3.2838702465e+03 1.5349300000e+06 1.6545902465e+03 8.7656045022e-04 10 6
3.2838788660e+03 1.5349400000e+06 1.6545988660e+03 8.6032784929e-04 10 6
3.2838874693e+03 1.5349500000e+06 1.6546074693e+03 8.6032784928e-04 10 6
3.2838960725e+03 1.5349600000e+06 1.6546160725e+03 8.6032784928e-04 10 6
3.2839043661e+03 1.5349700000e+06 1.6546243661e+03 8.2591473531e-04 10 6
3.2839126252e+03 1.5349800000e+06 1.6546326252e+03 8.2591473535e-04 10 6
3.2839209087e+03 1.5349900000e+06 1.6546409087e+03 8.3198957986e-04 10 6
3.2839292286e+03 1.5350000000e+06 1.6546492286e+03 8.3198957986e-04 10 6
3.2839375334e+03 1.5350100000e+06 1.6546575334e+03 8.3241954863e-04 10 6
3.2839456264e+03 1.5350200000e+06 1.6546656264e+03 8.0929678343e-04 10 6
3.2839537194e+03 1.5350300000e+06 1.6546737194e+03 8.0929678346e-04 10 6
3.2839618123e+03 1.5350400000e+06 1.6546818123e+03 8.0929678351e-04 10 6
3.2839699961e+03 1.5350500000e+06 1.6546899961e+03 8.3198957986e-04 10 6
3.2839782615e+03 1.5350600000e+06 1.6546982615e+03 8.3319974652e-04 10 6
3.2839864124e+03 1.5350700000e+06 1.6547064124e+03 8.1508670859e-04 10 6
3.2839945633e+03 1.5350800000e+06 1.6547145633e+03 8.1508670861e-04 10 6
3.2840027141e+03 1.5350900000e+06 1.6547227141e+03 8.1508670859e-04 10 6
3.2840108650e+03 1.5351000000e+06 1.6547308650e+03 8.1508670863e-04 10 6
3.2840190835e+03 1.5351100000e+06 1.6547390835e+03 8.3198957986e-04 10 6
3.2840274034e+03 1.5351200000e+06 1.6547474034e+03 8.3198957986e-04 10 6
3.2840355424e+03 1.5351300000e+06 1.6547555424e+03 8.1390284983e-04 10 6
3.2840436814e+03 1.5351400000e+06 1.6547636814e+03 8.1390284981e-04 10 6
3.2840518204e+03 1.5351500000e+06 1.6547718204e+03 8.1390284983e-04 10 6
3.2840599595e+03 1.5351600000e+06 1.6547799595e+03 8.1390284978e-04 10 6
3.2840681154e+03 1.5351700000e+06 1.6547881154e+03 8.1812308687e-04 10 6
3.2840763929e+03 1.5351800000e+06 1.6547963929e+03 8.3416471603e-04 10 6
3.2840847345e+03 1.5351900000e+06 1.6548047345e+03 8.3416471603e-04 10 6
3.2840930762e+03 1.5352000000e+06 1.6548130762e+03 8.3416471603e-04 10 6
3.2841014178e+03 1.5352100000e+06 1.6548214178e+03 8.3416471603e-04 10 6
3.2841097595e+03 1.5352200000e+06 1.6548297595e+03 8.3416471603e-04 10 6
3.2841181619e+03 1.5352300000e+06 1.6548381619e+03 8.4633422779e-04 10 6
3.2841266253e+03 1.5352400000e+06 1.6548466253e+03 8.4633422778e-04 10 6
3.2841350886e+03 1.5352500000e+06 1.6548550886e+03 8.4633422776e-04 10 6
3.2841435520e+03 1.5352600000e+06 1.6548635520e+03 8.4633422773e-04 10 6
3.2841520153e+03 1.5352700000e+06 1.6548720153e+03 8.4633422765e-04 10 6
3.2841604787e+03 1.5352800000e+06 1.6548804787e+03 8.4633422762e-04 10 6
3.2841690459e+03 1.5352900000e+06 1.6548890459e+03 8.6118219670e-04 10 6
3.2841776578e+03 1.5353000000e+06 1.6548976578e+03 8.6118219668e-04 10 6
3.2841862696e+03 1.5353100000e+06 1.6549062696e+03 8.6118219664e-04 10 6
3.2841948814e+03 1.5353200000e+06 1.6549148814e+03 8.6118219657e-04 10 6
3.2842034932e+03 1.5353300000e+06 1.6549234932e+03 8.6118219658e-04 10 6
3.2842121050e+03 1.5353400000e+06 1.6549321050e+03 8.6118219633e-04 10 6
3.2842207169e+03 1.5353500000e+06 1.6549407169e+03 8.6118219669e-04 10 6
3.2842293287e+03 1.5353600000e+06 1.6549493287e+03 8.6118219667e-04 10 6
3.2842379405e+03 1.5353700000e+06 1.6549579405e+03 8.6118219662e-04 10 6
3.2842465523e+03 1.5353800000e+06 1.6549665523e+03 8.6118219656e-04 10 6
3.2842551642e+03 1.5353900000e+06 1.6549751642e+03 8.6118219656e-04 10 6
3.2842637760e+03 1.5354000000e+06 1.6549837760e+03 8.6118219670e-04 10 6
3.2842723878e+03 1.5354100000e+06 1.6549923878e+03 8.6118219669e-04 10 6
3.2842809996e+03 1.5354200000e+06 1.6550009996e+03 8.6118219666e-04 10 6
3.2842896114e+03 1.5354300000e+06 1.6550096114e+03 8.6118219660e-04 10 6
3.2842982233e+03 1.5354400000e+06 1.6550182233e+03 8.6118219657e-04 10 6
3.2843068351e+03 1.5354500000e+06 1.6550268351e+03 8.6118219651e-04 10 6
3.2843155392e+03 1.5354600000e+06 1.6550355392e+03 8.7656045022e-04 10 6
3.2843243048e+03 1.5354700000e+06 1.6550443048e+03 8.7656045021e-04 10 6
3.2843330704e+03 1.5354800000e+06 1.6550530704e+03 8.7656045019e-04 10 6
3.2843418360e+03 1.5354900000e+06 1.6550618360e+03 8.7656045016e-04 10 6
3.2843506016e+03 1.5355000000e+06 1.6550706016e+03 8.7656045009e-04 10 6
3.2843593672e+03 1.5355100000e+06 1.6550793672e+03 8.7656045025e-04 10 6
3.2843682922e+03 1.5355200000e+06 1.6550882922e+03 8.9249791296e-04 10 6
3.2843772172e+03 1.5355300000e+06 1.6550972172e+03 8.9249791298e-04 10 6
3.2843861421e+03 1.5355400000e+06 1.6551061421e+03 8.9249791301e-04 10 6
3.2843950671e+03 1.5355500000e+06 1.6551150671e+03 8.9249791307e-04 10 6
3.2844039921e+03 1.5355600000e+06 1.6551239921e+03 8.9249791313e-04 10 6
3.2844131745e+03 1.5355700000e+06 1.6551331745e+03 9.4398817714e-04 10 6
3.2844225806e+03 1.5355800000e+06 1.6551425806e+03 9.4490112510e-04 10 6
3.2844320296e+03 1.5355900000e+06 1.6551520296e+03 9.4490112515e-04 10 6
3.2844414787e+03 1.5356000000e+06 1.6551614787e+03 9.4490112519e-04 10 6
3.2844509277e+03 1.5356100000e+06 1.6551709277e+03 9.4490112519e-04 10 6
3.2844594299e+03 1.5356200000e+06 1.6551794299e+03 9.4398817715e-04 10 6
3.2844687157e+03 1.5356300000e+06 1.6551887157e+03 9.2472311229e-04 10 6
3.2844779629e+03 1.5356400000e+06 1.6551979629e+03 9.2472311228e-04 10 6
3.2844872102e+03 1.5356500000e+06 1.6552072102e+03 9.2472311224e-04 10 6
3.2844964574e+03 1.5356600000e+06 1.6552164574e+03 9.2472311216e-04 10 6
3.2845057046e+03 1.5356700000e+06 1.6552257046e+03 9.2472311212e-04 10 6
3.2845150120e+03 1.5356800000e+06 1.6552350120e+03 9.2510841362e-04 10 6
3.2845242631e+03 1.5356900000e+06 1.6552442631e+03 9.2510841365e-04 10 6
3.2845335141e+03 1.5357000000e+06 1.6552535141e+03 9.2510841363e-04 10 6
3.2845427652e+03 1.5357100000e+06 1.6552627652e+03 9.2510841365e-04 10 6
3.2845520163e+03 1.5357200000e+06 1.6552720163e+03 9.2510841359e-04 10 6
3.2845613807e+03 1.5357300000e+06 1.6552813807e+03 9.4398817714e-04 10 6
3.2845708206e+03 1.5357400000e+06 1.6552908206e+03 9.4398817715e-04 10 6
3.2845802604e+03 1.5357500000e+06 1.6553002604e+03 9.4398817713e-04 10 6
3.2845897003e+03 1.5357600000e+06 1.6553097003e+03 9.4398817715e-04 10 6
3.2845991402e+03 1.5357700000e+06 1.6553191402e+03 9.4398817711e-04 10 6
3.2846086541e+03 1.5357800000e+06 1.6553286541e+03 9.6249774926e-04 10 6
3.2846183298e+03 1.5357900000e+06 1.6553383298e+03 9.8782663741e-04 10 6
3.2846281561e+03 1.5358000000e+06 1.6553481561e+03 9.8982224677e-04 10 6
3.2846380268e+03 1.5358100000e+06 1.6553580268e+03 9.9154367677e-04 10 6
3.2846479423e+03 1.5358200000e+06 1.6553679423e+03 9.9154367685e-04 10 6
3.2846581854e+03 1.5358300000e+06 1.6553781854e+03 1.0925246191e-03 10 6
3.2846691106e+03 1.5358400000e+06 1.6553891106e+03 1.0925246191e-03 10 6
3.2846800359e+03 1.5358500000e+06 1.6554000359e+03 1.0925246190e-03 10 6
3.2846909611e+03 1.5358600000e+06 1.6554109611e+03 1.0925246190e-03 10 6
3.2847018864e+03 1.5358700000e+06 1.6554218864e+03 1.0925246190e-03 10 6
3.2847127964e+03 1.5358800000e+06 1.6554327964e+03 1.0908307825e-03 10 6
3.2847237047e+03 1.5358900000e+06 1.6554437047e+03 1.0908307825e-03 10 6
3.2847346130e+03 1.5359000000e+06 1.6554546130e+03 1.0908307825e-03 10 6
3.2847455213e+03 1.5359100000e+06 1.6554655213e+03 1.0908307824e-03 10 6
3.2847565288e+03 1.5359200000e+06 1.6554765288e+03 1.1156223912e-03 10 6
3.2847676850e+03 1.5359300000e+06 1.6554876850e+03 1.1156223911e-03 10 6
3.2847788412e+03 1.5359400000e+06 1.6554988412e+03 1.1156223911e-03 10 6
3.2847899974e+03 1.5359500000e+06 1.6555099974e+03 1.1156223911e-03 10 6
3.2848011537e+03 1.5359600000e+06 1.6555211537e+03 1.1156223914e-03 10 6
3.2848123099e+03 1.5359700000e+06 1.6555323099e+03 1.1156223911e-03 10 6
3.2848234661e+03 1.5359800000e+06 1.6555434661e+03 1.1156223911e-03 10 6
3.2848346223e+03 1.5359900000e+06 1.6555546223e+03 1.1156223911e-03 10 6
3.2848457786e+03 1.5360000000e+06 1.6555657786e+03 1.1156223912e-03 10 6
3.2848570905e+03 1.5360100000e+06 1.6555770905e+03 1.1415670980e-03 10 6
3.2848685061e+03 1.5360200000e+06 1.6555885061e+03 1.1415670980e-03 10 6
3.2848799218e+03 1.5360300000e+06 1.6555999218e+03 1.1415670981e-03 10 6
3.2848913375e+03 1.5360400000e+06 1.6556113375e+03 1.1415670981e-03 10 6
3.2849015597e+03 1.5360500000e+06 1.6556215597e+03 1.1156223912e-03 10 6
3.2849127159e+03 1.5360600000e+06 1.6556327159e+03 1.1156223911e-03 10 6
3.2849238721e+03 1.5360700000e+06 1.6556438721e+03 1.1156223911e-03 10 6
3.2849342846e+03 1.5360800000e+06 1.6556542846e+03 1.0093726396e-03 10 6
3.2849443783e+03 1.5360900000e+06 1.6556643783e+03 1.0093726396e-03 10 6
3.2849544265e+03 1.5361000000e+06 1.6556744265e+03 1.0017833717e-03 10 6
3.2849644444e+03 1.5361100000e+06 1.6556844444e+03 1.0017833717e-03 10 6
3.2849744622e+03 1.5361200000e+06 1.6556944622e+03 1.0017833717e-03 10 6
3.2849844800e+03 1.5361300000e+06 1.6557044800e+03 1.0017833717e-03 10 6
3.2849944979e+03 1.5361400000e+06 1.6557144979e+03 1.0017833717e-03 10 6
3.2850046618e+03 1.5361500000e+06 1.6557246618e+03 1.0226538586e-03 10 6
3.2850148883e+03 1.5361600000e+06 1.6557348883e+03 1.0226538586e-03 10 6
3.2850251149e+03 1.5361700000e+06 1.6557451149e+03 1.0226538586e-03 10 6
3.2850353414e+03 1.5361800000e+06 1.6557553414e+03 1.0226538586e-03 10 6
3.2850455679e+03 1.5361900000e+06 1.6557655679e+03 1.0226538586e-03 10 6
3.2850557945e+03 1.5362000000e+06 1.6557757945e+03 1.0226538586e-03 10 6
3.2850660210e+03 1.5362100000e+06 1.6557860210e+03 1.0226538586e-03 10 6
3.2850759554e+03 1.5362200000e+06 1.6557959554e+03 9.8613050652e-04 10 6
3.2850858167e+03 1.5362300000e+06 1.6558058167e+03 9.8613050647e-04 10 6
3.2850956780e+03 1.5362400000e+06 1.6558156780e+03 9.8613050659e-04 10 6
3.2851056958e+03 1.5362500000e+06 1.6558256958e+03 1.0017833717e-03 10 6
3.2851157136e+03 1.5362600000e+06 1.6558357136e+03 1.0017833717e-03 10 6
3.2851257315e+03 1.5362700000e+06 1.6558457315e+03 1.0017833717e-03 10 6
3.2851357493e+03 1.5362800000e+06 1.6558557493e+03 1.0017833717e-03 10 6
3.2851457671e+03 1.5362900000e+06 1.6558657671e+03 1.0017833717e-03 10 6
3.2851557850e+03 1.5363000000e+06 1.6558757850e+03 1.0017833717e-03 10 6
3.2851655459e+03 1.5363100000e+06 1.6558855459e+03 9.7609661860e-04 10 6
3.2851753069e+03 1.5363200000e+06 1.6558953069e+03 9.7609661859e-04 10 6
3.2851850679e+03 1.5363300000e+06 1.6559050679e+03 9.7609661857e-04 10 6
3.2851948545e+03 1.5363400000e+06 1.6559148545e+03 1.0017833717e-03 10 6
3.2852048724e+03 1.5363500000e+06 1.6559248724e+03 1.0017833717e-03 10 6
3.2852148902e+03 1.5363600000e+06 1.6559348902e+03 1.0017833717e-03 10 6
3.2852249080e+03 1.5363700000e+06 1.6559449080e+03 1.0017833718e-03 10 6
3.2852349259e+03 1.5363800000e+06 1.6559549259e+03 1.0017833717e-03 10 6
3.2852449854e+03 1.5363900000e+06 1.6559649854e+03 1.0226538586e-03 10 6
3.2852553169e+03 1.5364000000e+06 1.6559753169e+03 1.0488757524e-03 10 6
3.2852658056e+03 1.5364100000e+06 1.6559858056e+03 1.0488757524e-03 10 6
3.2852762944e+03 1.5364200000e+06 1.6559962944e+03 1.0488757523e-03 10 6
3.2852867831e+03 1.5364300000e+06 1.6560067831e+03 1.0488757523e-03 10 6
3.2852976342e+03 1.5364400000e+06 1.6560176342e+03 1.1442280935e-03 10 6
3.2853090765e+03 1.5364500000e+06 1.6560290765e+03 1.1442280936e-03 10 6
3.2853205188e+03 1.5364600000e+06 1.6560405188e+03 1.1442280936e-03 10 6
3.2853319611e+03 1.5364700000e+06 1.6560519611e+03 1.1442280936e-03 10 6
3.2853421593e+03 1.5364800000e+06 1.6560621593e+03 1.0444124513e-03 10 6
3.2853523991e+03 1.5364900000e+06 1.6560723991e+03 1.0217078328e-03 10 6
3.2853626162e+03 1.5365000000e+06 1.6560826162e+03 1.0217078327e-03 10 6
3.2853728333e+03 1.5365100000e+06 1.6560928333e+03 1.0217078327e-03 10 6
3.2853830503e+03 1.5365200000e+06 1.6561030503e+03 1.0217078327e-03 10 6
3.2853934036e+03 1.5365300000e+06 1.6561134036e+03 1.0671170698e-03 10 6
3.2854039147e+03 1.5365400000e+06 1.6561239147e+03 1.0404391431e-03 10 6
3.2854141756e+03 1.5365500000e+06 1.6561341756e+03 1.0045619312e-03 10 6
3.2854242212e+03 1.5365600000e+06 1.6561442212e+03 1.0045619313e-03 10 6
3.2854342669e+03 1.5365700000e+06 1.6561542669e+03 1.0045619313e-03 10 6
3.2854442986e+03 1.5365800000e+06 1.6561642986e+03 1.0017833717e-03 10 6
3.2854543164e+03 1.5365900000e+06 1.6561743164e+03 1.0017833717e-03 10 6
3.2854643343e+03 1.5366000000e+06 1.6561843343e+03 1.0017833717e-03 10 6
3.2854743521e+03 1.5366100000e+06 1.6561943521e+03 1.0017833718e-03 10 6
3.2854843699e+03 1.5366200000e+06 1.6562043699e+03 1.0017833717e-03 10 6
3.2854943878e+03 1.5366300000e+06 1.6562143878e+03 1.0017833717e-03 10 6
3.2855044056e+03 1.5366400000e+06 1.6562244056e+03 1.0017833717e-03 10 6
3.2855144234e+03 1.5366500000e+06 1.6562344234e+03 1.0017833717e-03 10 6
3.2855244413e+03 1.5366600000e+06 1.6562444413e+03 1.0017833717e-03 10 6
3.2855344591e+03 1.5366700000e+06 1.6562544591e+03 1.0017833717e-03 10 6
3.2855446230e+03 1.5366800000e+06 1.6562646230e+03 1.0226538586e-03 10 6
3.2855548496e+03 1.5366900000e+06 1.6562748496e+03 1.0226538586e-03 10 6
3.2855650761e+03 1.5367000000e+06 1.6562850761e+03 1.0226538586e-03 10 6
3.2855753026e+03 1.5367100000e+06 1.6562953026e+03 1.0226538586e-03 10 6
3.2855855292e+03 1.5367200000e+06 1.6563055292e+03 1.0226538586e-03 10 6
3.2855959515e+03 1.5367300000e+06 1.6563159515e+03 1.0444124513e-03 10 6
3.2856063957e+03 1.5367400000e+06 1.6563263957e+03 1.0444124513e-03 10 6
3.2856168398e+03 1.5367500000e+06 1.6563368398e+03 1.0444124512e-03 10 6
3.2856268662e+03 1.5367600000e+06 1.6563468662e+03 9.7478495441e-04 10 6
3.2856366410e+03 1.5367700000e+06 1.6563566410e+03 1.0017833717e-03 10 6
3.2856465656e+03 1.5367800000e+06 1.6563665656e+03 9.7848608399e-04 10 6
3.2856563505e+03 1.5367900000e+06 1.6563763505e+03 9.7848608398e-04 10 6
3.2856661354e+03 1.5368000000e+06 1.6563861354e+03 9.7848608395e-04 10 6
3.2856759202e+03 1.5368100000e+06 1.6563959202e+03 9.7848608389e-04 10 6
3.2856856891e+03 1.5368200000e+06 1.6564056891e+03 9.6249774926e-04 10 6
3.2856953141e+03 1.5368300000e+06 1.6564153141e+03 9.6249774926e-04 10 6
3.2857049391e+03 1.5368400000e+06 1.6564249391e+03 9.6249774927e-04 10 6
3.2857145640e+03 1.5368500000e+06 1.6564345640e+03 9.6249774929e-04 10 6
3.2857241890e+03 1.5368600000e+06 1.6564441890e+03 9.6249774932e-04 10 6
3.2857330440e+03 1.5368700000e+06 1.6564530440e+03 7.6999819953e-04 10 6
3.2857423099e+03 1.5368800000e+06 1.6564623099e+03 9.4398817714e-04 10 6
3.2857516082e+03 1.5368900000e+06 1.6564716082e+03 9.2038847268e-04 10 6
3.2857608120e+03 1.5369000000e+06 1.6564808120e+03 9.2038847264e-04 10 6
3.2857697231e+03 1.5369100000e+06 1.6564897231e+03 8.7855263300e-04 10 6
3.2857785086e+03 1.5369200000e+06 1.6564985086e+03 8.7855263314e-04 10 6
3.2857873639e+03 1.5369300000e+06 1.6565073639e+03 8.9249791295e-04 10 6
3.2857962888e+03 1.5369400000e+06 1.6565162888e+03 8.9249791297e-04 10 6
3.2858052138e+03 1.5369500000e+06 1.6565252138e+03 8.9249791299e-04 10 6
3.2858141388e+03 1.5369600000e+06 1.6565341388e+03 8.9249791303e-04 10 6
3.2858228725e+03 1.5369700000e+06 1.6565428725e+03 8.2874806215e-04 10 6
3.2858311600e+03 1.5369800000e+06 1.6565511600e+03 8.2874806208e-04 10 6
3.2858394767e+03 1.5369900000e+06 1.6565594767e+03 8.3198957986e-04 10 6
3.2858477966e+03 1.5370000000e+06 1.6565677966e+03 8.3198957987e-04 10 6
3.2858561165e+03 1.5370100000e+06 1.6565761165e+03 8.3198957986e-04 10 6
3.2858644364e+03 1.5370200000e+06 1.6565844364e+03 8.3198957988e-04 10 6
3.2858727562e+03 1.5370300000e+06 1.6565927562e+03 8.3198957984e-04 10 6
3.2858810761e+03 1.5370400000e+06 1.6566010761e+03 8.3198958009e-04 10 6
3.2858896209e+03 1.5370500000e+06 1.6566096209e+03 8.6260988601e-04 10 6
3.2858982470e+03 1.5370600000e+06 1.6566182470e+03 8.6260988599e-04 10 6
3.2859068731e+03 1.5370700000e+06 1.6566268731e+03 8.6260988595e-04 10 6
3.2859154992e+03 1.5370800000e+06 1.6566354992e+03 8.6260988587e-04 10 6
3.2859241253e+03 1.5370900000e+06 1.6566441253e+03 8.6260988587e-04 10 6
3.2859328906e+03 1.5371000000e+06 1.6566528906e+03 9.0902565208e-04 10 6
3.2859419809e+03 1.5371100000e+06 1.6566619809e+03 9.0902565205e-04 10 6
3.2859510711e+03 1.5371200000e+06 1.6566710711e+03 9.0902565202e-04 10 6
3.2859601614e+03 1.5371300000e+06 1.6566801614e+03 9.0902565196e-04 10 6
3.2859692516e+03 1.5371400000e+06 1.6566892516e+03 9.0902565194e-04 10 6
3.2859783419e+03 1.5371500000e+06 1.6566983419e+03 9.0902565194e-04 10 6
3.2859877468e+03 1.5371600000e+06 1.6567077468e+03 9.4398817714e-04 10 6
3.2859971867e+03 1.5371700000e+06 1.6567171867e+03 9.4398817714e-04 10 6
3.2860066266e+03 1.5371800000e+06 1.6567266266e+03 9.4398817714e-04 10 6
3.2860160665e+03 1.5371900000e+06 1.6567360665e+03 9.4398817714e-04 10 6
3.2860255063e+03 1.5372000000e+06 1.6567455063e+03 9.4398817714e-04 10 6
3.2860353508e+03 1.5372100000e+06 1.6567553508e+03 1.0017833717e-03 10 6
3.2860453686e+03 1.5372200000e+06 1.6567653686e+03 1.0017833717e-03 10 6
3.2860553865e+03 1.5372300000e+06 1.6567753865e+03 1.0017833718e-03 10 6
3.2860654043e+03 1.5372400000e+06 1.6567854043e+03 1.0017833717e-03 10 6
3.2860754221e+03 1.5372500000e+06 1.6567954221e+03 1.0017833718e-03 10 6
3.2860856069e+03 1.5372600000e+06 1.6568056069e+03 1.0226538586e-03 10 6
3.2860956581e+03 1.5372700000e+06 1.6568156581e+03 9.3499781360e-04 10 6
3.2861050081e+03 1.5372800000e+06 1.6568250081e+03 9.3499781360e-04 10 6
3.2861143581e+03 1.5372900000e+06 1.6568343581e+03 9.3499781360e-04 10 6
3.2861237081e+03 1.5373000000e+06 1.6568437081e+03 9.3499781360e-04 10 6
3.2861331210e+03 1.5373100000e+06 1.6568531210e+03 9.4398817714e-04 10 6
3.2861425609e+03 1.5373200000e+06 1.6568625609e+03 9.4398817714e-04 10 6
3.2861520008e+03 1.5373300000e+06 1.6568720008e+03 9.4398817714e-04 10 6
3.2861614406e+03 1.5373400000e+06 1.6568814406e+03 9.4398817714e-04 10 6
3.2861708805e+03 1.5373500000e+06 1.6568908805e+03 9.4398817714e-04 10 6
3.2861805092e+03 1.5373600000e+06 1.6569005092e+03 9.8174770423e-04 10 6
3.2861903267e+03 1.5373700000e+06 1.6569103267e+03 9.8174770420e-04 10 6
3.2862000132e+03 1.5373800000e+06 1.6569200132e+03 9.4902278067e-04 10 6
3.2862095035e+03 1.5373900000e+06 1.6569295035e+03 9.4902278060e-04 10 6
3.2862189937e+03 1.5374000000e+06 1.6569389937e+03 9.4902278053e-04 10 6
3.2862285378e+03 1.5374100000e+06 1.6569485378e+03 9.6249774926e-04 10 6
3.2862381628e+03 1.5374200000e+06 1.6569581628e+03 9.6249774927e-04 10 6
3.2862477878e+03 1.5374300000e+06 1.6569677878e+03 9.6249774927e-04 10 6
3.2862574128e+03 1.5374400000e+06 1.6569774128e+03 9.6249774929e-04 10 6
3.2862670377e+03 1.5374500000e+06 1.6569870377e+03 9.6249774936e-04 10 6
3.2862766627e+03 1.5374600000e+06 1.6569966627e+03 9.6249774926e-04 10 6
3.2862862877e+03 1.5374700000e+06 1.6570062877e+03 9.6249774927e-04 10 6
3.2862959127e+03 1.5374800000e+06 1.6570159127e+03 9.6249774927e-04 10 6
3.2863055377e+03 1.5374900000e+06 1.6570255377e+03 9.6249774929e-04 10 6
3.2863151626e+03 1.5375000000e+06 1.6570351626e+03 9.6249774934e-04 10 6
3.2863237888e+03 1.5375100000e+06 1.6570437888e+03 9.2617707948e-04 10 6
3.2863328903e+03 1.5375200000e+06 1.6570528903e+03 9.0836598179e-04 10 6
3.2863418783e+03 1.5375300000e+06 1.6570618783e+03 8.8446161386e-04 10 6
3.2863507229e+03 1.5375400000e+06 1.6570707229e+03 8.8446161384e-04 10 6
3.2863595675e+03 1.5375500000e+06 1.6570795675e+03 8.8446161387e-04 10 6
3.2863684121e+03 1.5375600000e+06 1.6570884121e+03 8.8446161380e-04 10 6
3.2863773050e+03 1.5375700000e+06 1.6570973050e+03 8.9249791296e-04 10 6
3.2863862300e+03 1.5375800000e+06 1.6571062300e+03 8.9249791297e-04 10 6
3.2863951549e+03 1.5375900000e+06 1.6571151549e+03 8.9249791299e-04 10 6
3.2864040799e+03 1.5376000000e+06 1.6571240799e+03 8.9249791304e-04 10 6
3.2864130049e+03 1.5376100000e+06 1.6571330049e+03 8.9249791313e-04 10 6
3.2864219299e+03 1.5376200000e+06 1.6571419299e+03 8.9249791295e-04 10 6
3.2864308751e+03 1.5376300000e+06 1.6571508751e+03 9.1278195644e-04 10 6
3.2864400030e+03 1.5376400000e+06 1.6571600030e+03 9.1278195646e-04 10 6
3.2864491308e+03 1.5376500000e+06 1.6571691308e+03 9.1278195646e-04 10 6
3.2864582586e+03 1.5376600000e+06 1.6571782586e+03 9.1278195646e-04 10 6
3.2864673864e+03 1.5376700000e+06 1.6571873864e+03 9.1278195646e-04 10 6
3.2864764879e+03 1.5376800000e+06 1.6571964879e+03 9.0902565207e-04 10 6
3.2864855782e+03 1.5376900000e+06 1.6572055782e+03 9.0902565204e-04 10 6
3.2864946685e+03 1.5377000000e+06 1.6572146685e+03 9.0902565200e-04 10 6
3.2865037587e+03 1.5377100000e+06 1.6572237587e+03 9.0902565194e-04 10 6
3.2865128490e+03 1.5377200000e+06 1.6572328490e+03 9.0902565194e-04 10 6
3.2865219392e+03 1.5377300000e+06 1.6572419392e+03 9.0902565208e-04 10 6
3.2865310295e+03 1.5377400000e+06 1.6572510295e+03 9.0902565205e-04 10 6
3.2865401197e+03 1.5377500000e+06 1.6572601197e+03 9.0902565202e-04 10 6
3.2865492100e+03 1.5377600000e+06 1.6572692100e+03 9.0902565196e-04 10 6
3.2865583003e+03 1.5377700000e+06 1.6572783003e+03 9.0902565194e-04 10 6
3.2865673905e+03 1.5377800000e+06 1.6572873905e+03 9.0902565194e-04 10 6
3.2865764808e+03 1.5377900000e+06 1.6572964808e+03 9.0902565206e-04 10 6
3.2865855710e+03 1.5378000000e+06 1.6573055710e+03 9.0902565204e-04 10 6
3.2865945672e+03 1.5378100000e+06 1.6573145672e+03 8.7767993985e-04 10 6
3.2866033440e+03 1.5378200000e+06 1.6573233440e+03 8.7767993979e-04 10 6
3.2866121208e+03 1.5378300000e+06 1.6573321208e+03 8.7767993974e-04 10 6
3.2866209569e+03 1.5378400000e+06 1.6573409569e+03 8.9249791295e-04 10 6
3.2866298819e+03 1.5378500000e+06 1.6573498819e+03 8.9249791297e-04 10 6
3.2866388069e+03 1.5378600000e+06 1.6573588069e+03 8.9249791299e-04 10 6
3.2866477319e+03 1.5378700000e+06 1.6573677319e+03 8.9249791302e-04 10 6
3.2866566568e+03 1.5378800000e+06 1.6573766568e+03 8.9249791313e-04 10 6
3.2866655818e+03 1.5378900000e+06 1.6573855818e+03 8.9249791313e-04 10 6
3.2866746555e+03 1.5379000000e+06 1.6573946555e+03 9.0902565206e-04 10 6
3.2866837458e+03 1.5379100000e+06 1.6574037458e+03 9.0902565204e-04 10 6
3.2866928361e+03 1.5379200000e+06 1.6574128361e+03 9.0902565199e-04 10 6
3.2867019263e+03 1.5379300000e+06 1.6574219263e+03 9.0902565194e-04 10 6
3.2867110166e+03 1.5379400000e+06 1.6574310166e+03 9.0902565194e-04 10 6
3.2867201068e+03 1.5379500000e+06 1.6574401068e+03 9.0902565207e-04 10 6
3.2867290617e+03 1.5379600000e+06 1.6574490617e+03 8.8968468075e-04 10 6
3.2867379585e+03 1.5379700000e+06 1.6574579585e+03 8.8968468076e-04 10 6
3.2867468554e+03 1.5379800000e+06 1.6574668554e+03 8.8968468078e-04 10 6
3.2867554382e+03 1.5379900000e+06 1.6574754382e+03 8.3735028780e-04 10 6
3.2867638117e+03 1.5380000000e+06 1.6574838117e+03 8.3735028761e-04 10 6
3.2867725381e+03 1.5380100000e+06 1.6574925381e+03 8.7656045021e-04 10 6
3.2867813037e+03 1.5380200000e+06 1.6575013037e+03 8.7656045020e-04 10 6
3.2867898745e+03 1.5380300000e+06 1.6575098745e+03 8.5221154883e-04 10 6
3.2867983967e+03 1.5380400000e+06 1.6575183967e+03 8.5221154881e-04 10 6
3.2868069188e+03 1.5380500000e+06 1.6575269188e+03 8.5221154884e-04 10 6
3.2868154588e+03 1.5380600000e+06 1.6575354588e+03 8.6118219670e-04 10 6
3.2868240706e+03 1.5380700000e+06 1.6575440706e+03 8.6118219669e-04 10 6
3.2868326825e+03 1.5380800000e+06 1.6575526825e+03 8.6118219666e-04 10 6
3.2868412943e+03 1.5380900000e+06 1.6575612943e+03 8.6118219661e-04 10 6
3.2868499061e+03 1.5381000000e+06 1.6575699061e+03 8.6118219656e-04 10 6
3.2868580258e+03 1.5381100000e+06 1.6575780258e+03 7.9966918254e-04 10 6
3.2868662092e+03 1.5381200000e+06 1.6575862092e+03 8.4633422780e-04 10 6
3.2868746725e+03 1.5381300000e+06 1.6575946725e+03 8.4633422778e-04 10 6
3.2868831359e+03 1.5381400000e+06 1.6576031359e+03 8.4633422777e-04 10 6
3.2868914354e+03 1.5381500000e+06 1.6576114354e+03 8.1903312363e-04 10 6
3.2868994307e+03 1.5381600000e+06 1.6576194307e+03 7.8003154634e-04 10 6
3.2869072310e+03 1.5381700000e+06 1.6576272310e+03 7.8003154632e-04 10 6
3.2869151301e+03 1.5381800000e+06 1.6576351301e+03 8.0471123300e-04 10 6
3.2869231772e+03 1.5381900000e+06 1.6576431772e+03 8.0471123303e-04 10 6
3.2869312243e+03 1.5382000000e+06 1.6576512243e+03 8.0471123306e-04 10 6
3.2869392714e+03 1.5382100000e+06 1.6576592714e+03 8.0471123306e-04 10 6
3.2869473185e+03 1.5382200000e+06 1.6576673185e+03 8.0471123306e-04 10 6
3.2869553656e+03 1.5382300000e+06 1.6576753656e+03 8.0471123306e-04 10 6
3.2869634128e+03 1.5382400000e+06 1.6576834128e+03 8.0471123299e-04 10 6
3.2869714599e+03 1.5382500000e+06 1.6576914599e+03 8.0471123303e-04 10 6
3.2869795070e+03 1.5382600000e+06 1.6576995070e+03 8.0471123306e-04 10 6
3.2869875541e+03 1.5382700000e+06 1.6577075541e+03 8.0471123305e-04 10 6
3.2869956012e+03 1.5382800000e+06 1.6577156012e+03 8.0471123307e-04 10 6
3.2870036483e+03 1.5382900000e+06 1.6577236483e+03 8.0471123303e-04 10 6
3.2870117222e+03 1.5383000000e+06 1.6577317222e+03 8.1812308687e-04 10 6
3.2870199035e+03 1.5383100000e+06 1.6577399035e+03 8.1812308686e-04 10 6
3.2870280847e+03 1.5383200000e+06 1.6577480847e+03 8.1812308685e-04 10 6
3.2870362659e+03 1.5383300000e+06 1.6577562659e+03 8.1812308684e-04 10 6
3.2870444472e+03 1.5383400000e+06 1.6577644472e+03 8.1812308681e-04 10 6
3.2870526284e+03 1.5383500000e+06 1.6577726284e+03 8.1812308670e-04 10 6
3.2870608096e+03 1.5383600000e+06 1.6577808096e+03 8.1812308687e-04 10 6
3.2870689909e+03 1.5383700000e+06 1.6577889909e+03 8.1812308686e-04 10 6
3.2870771721e+03 1.5383800000e+06 1.6577971721e+03 8.1812308685e-04 10 6
3.2870853533e+03 1.5383900000e+06 1.6578053533e+03 8.1812308684e-04 10 6
3.2870935346e+03 1.5384000000e+06 1.6578135346e+03 8.1812308681e-04 10 6
3.2871017158e+03 1.5384100000e+06 1.6578217158e+03 8.1812308670e-04 10 6
3.2871099248e+03 1.5384200000e+06 1.6578299248e+03 8.3198957986e-04 10 6
3.2871182446e+03 1.5384300000e+06 1.6578382446e+03 8.3198957986e-04 10 6
3.2871265645e+03 1.5384400000e+06 1.6578465645e+03 8.3198957986e-04 10 6
3.2871348844e+03 1.5384500000e+06 1.6578548844e+03 8.3198957986e-04 10 6
3.2871432043e+03 1.5384600000e+06 1.6578632043e+03 8.3198957986e-04 10 6
3.2871515242e+03 1.5384700000e+06 1.6578715242e+03 8.3198957986e-04 10 6
3.2871598872e+03 1.5384800000e+06 1.6578798872e+03 8.4633422780e-04 10 6
3.2871683505e+03 1.5384900000e+06 1.6578883505e+03 8.4633422779e-04 10 6
3.2871768138e+03 1.5385000000e+06 1.6578968138e+03 8.4633422777e-04 10 6
3.2871852772e+03 1.5385100000e+06 1.6579052772e+03 8.4633422774e-04 10 6
3.2871937405e+03 1.5385200000e+06 1.6579137405e+03 8.4633422767e-04 10 6
3.2872022039e+03 1.5385300000e+06 1.6579222039e+03 8.4633422762e-04 10 6
3.2872109807e+03 1.5385400000e+06 1.6579309807e+03 9.0902565207e-04 10 6
3.2872200709e+03 1.5385500000e+06 1.6579400709e+03 9.0902565205e-04 10 6
3.2872291612e+03 1.5385600000e+06 1.6579491612e+03 9.0902565201e-04 10 6
3.2872382514e+03 1.5385700000e+06 1.6579582514e+03 9.0902565194e-04 10 6
3.2872473417e+03 1.5385800000e+06 1.6579673417e+03 9.0902565194e-04 10 6
3.2872564669e+03 1.5385900000e+06 1.6579764669e+03 9.4398817716e-04 10 6
3.2872659068e+03 1.5386000000e+06 1.6579859068e+03 9.4398817714e-04 10 6
3.2872753467e+03 1.5386100000e+06 1.6579953467e+03 9.4398817714e-04 10 6
3.2872847866e+03 1.5386200000e+06 1.6580047866e+03 9.4398817714e-04 10 6
3.2872942264e+03 1.5386300000e+06 1.6580142264e+03 9.4398817714e-04 10 6
3.2873036663e+03 1.5386400000e+06 1.6580236663e+03 9.4398817714e-04 10 6
3.2873131062e+03 1.5386500000e+06 1.6580331062e+03 9.4398817714e-04 10 6
3.2873225461e+03 1.5386600000e+06 1.6580425461e+03 9.4398817714e-04 10 6
3.2873319860e+03 1.5386700000e+06 1.6580519860e+03 9.4398817714e-04 10 6
3.2873414259e+03 1.5386800000e+06 1.6580614259e+03 9.4398817714e-04 10 6
3.2873508657e+03 1.5386900000e+06 1.6580708657e+03 9.4398817714e-04 10 6
3.2873603056e+03 1.5387000000e+06 1.6580803056e+03 9.4398817714e-04 10 6
3.2873697200e+03 1.5387100000e+06 1.6580897200e+03 9.1847498316e-04 10 6
3.2873789047e+03 1.5387200000e+06 1.6580989047e+03 9.1847498312e-04 10 6
3.2873880895e+03 1.5387300000e+06 1.6581080895e+03 9.1847498310e-04 10 6
3.2873972742e+03 1.5387400000e+06 1.6581172742e+03 9.1847498314e-04 10 6
3.2874064898e+03 1.5387500000e+06 1.6581264898e+03 9.2617707946e-04 10 6
3.2874157516e+03 1.5387600000e+06 1.6581357516e+03 9.2617707946e-04 10 6
3.2874250133e+03 1.5387700000e+06 1.6581450133e+03 9.2617707946e-04 10 6
3.2874342751e+03 1.5387800000e+06 1.6581542751e+03 9.2617707946e-04 10 6
3.2874435369e+03 1.5387900000e+06 1.6581635369e+03 9.2617707946e-04 10 6
3.2874528165e+03 1.5388000000e+06 1.6581728165e+03 9.4398817716e-04 10 6
3.2874622563e+03 1.5388100000e+06 1.6581822563e+03 9.4398817714e-04 10 6
3.2874716962e+03 1.5388200000e+06 1.6581916962e+03 9.4398817714e-04 10 6
3.2874808620e+03 1.5388300000e+06 1.6582008620e+03 9.1353694566e-04 10 6
3.2874899974e+03 1.5388400000e+06 1.6582099974e+03 9.1353694576e-04 10 6
3.2874991328e+03 1.5388500000e+06 1.6582191328e+03 9.1353694567e-04 10 6
3.2875085118e+03 1.5388600000e+06 1.6582285118e+03 9.4398817715e-04 10 6
3.2875179516e+03 1.5388700000e+06 1.6582379516e+03 9.4398817713e-04 10 6
3.2875273915e+03 1.5388800000e+06 1.6582473915e+03 9.4398817715e-04 10 6
3.2875368314e+03 1.5388900000e+06 1.6582568314e+03 9.4398817713e-04 10 6
3.2875462713e+03 1.5389000000e+06 1.6582662713e+03 9.4398817719e-04 10 6
3.2875557112e+03 1.5389100000e+06 1.6582757112e+03 9.4398817714e-04 10 6
3.2875651511e+03 1.5389200000e+06 1.6582851511e+03 9.4398817715e-04 10 6
3.2875745909e+03 1.5389300000e+06 1.6582945909e+03 9.4398817713e-04 10 6
3.2875840308e+03 1.5389400000e+06 1.6583040308e+03 9.4398817715e-04 10 6
3.2875934707e+03 1.5389500000e+06 1.6583134707e+03 9.4398817711e-04 10 6
3.2876030812e+03 1.5389600000e+06 1.6583230812e+03 9.8132159847e-04 10 6
3.2876128944e+03 1.5389700000e+06 1.6583328944e+03 9.8132159850e-04 10 6
3.2876227076e+03 1.5389800000e+06 1.6583427076e+03 9.8132159854e-04 10 6
3.2876325209e+03 1.5389900000e+06 1.6583525209e+03 9.8132159861e-04 10 6
3.2876423341e+03 1.5390000000e+06 1.6583623341e+03 9.8132159857e-04 10 6
3.2876522291e+03 1.5390100000e+06 1.6583722291e+03 1.0017833717e-03 10 6
3.2876618908e+03 1.5390200000e+06 1.6583818908e+03 9.5725966626e-04 10 6
3.2876712945e+03 1.5390300000e+06 1.6583912945e+03 9.2910497020e-04 10 6
3.2876805855e+03 1.5390400000e+06 1.6584005855e+03 9.2910497027e-04 10 6
3.2876898766e+03 1.5390500000e+06 1.6584098766e+03 9.2910497031e-04 10 6
3.2876991974e+03 1.5390600000e+06 1.6584191974e+03 9.4398817715e-04 10 6
3.2877086373e+03 1.5390700000e+06 1.6584286373e+03 9.4398817715e-04 10 6
3.2877180771e+03 1.5390800000e+06 1.6584380771e+03 9.4398817713e-04 10 6
3.2877275170e+03 1.5390900000e+06 1.6584475170e+03 9.4398817715e-04 10 6
3.2877369569e+03 1.5391000000e+06 1.6584569569e+03 9.4398817712e-04 10 6
3.2877463968e+03 1.5391100000e+06 1.6584663968e+03 9.4398817737e-04 10 6
3.2877560218e+03 1.5391200000e+06 1.6584760218e+03 9.6249774926e-04 10 6
3.2877656467e+03 1.5391300000e+06 1.6584856467e+03 9.6249774927e-04 10 6
3.2877752717e+03 1.5391400000e+06 1.6584952717e+03 9.6249774928e-04 10 6
3.2877848967e+03 1.5391500000e+06 1.6585048967e+03 9.6249774932e-04 10 6
3.2877945217e+03 1.5391600000e+06 1.6585145217e+03 9.6249774947e-04 10 6
3.2878044661e+03 1.5391700000e+06 1.6585244661e+03 1.0026359533e-03 10 6
3.2878144925e+03 1.5391800000e+06 1.6585344925e+03 1.0026359533e-03 10 6
3.2878247277e+03 1.5391900000e+06 1.6585447277e+03 1.0444124513e-03 10 6
3.2878351718e+03 1.5392000000e+06 1.6585551718e+03 1.0444124513e-03 10 6
3.2878457131e+03 1.5392100000e+06 1.6585657131e+03 1.1415670980e-03 10 6
3.2878571288e+03 1.5392200000e+06 1.6585771288e+03 1.1415670980e-03 10 6
3.2878685445e+03 1.5392300000e+06 1.6585885445e+03 1.1415670980e-03 10 6
3.2878739108e+03 1.5392400000e+06 1.6585939108e+03 7.0529051050e-04 10 6
3.2878826237e+03 1.5392500000e+06 1.6586026237e+03 9.1960119908e-04 10 6
3.2878918197e+03 1.5392600000e+06 1.6586118197e+03 9.1960119895e-04 10 6
3.2879021357e+03 1.5392700000e+06 1.6586221357e+03 1.0687011130e-03 10 6
3.2879128227e+03 1.5392800000e+06 1.6586328227e+03 1.0687011129e-03 10 6
3.2879235097e+03 1.5392900000e+06 1.6586435097e+03 1.0687011129e-03 10 6
3.2879341967e+03 1.5393000000e+06 1.6586541967e+03 1.0687011129e-03 10 6
3.2879448806e+03 1.5393100000e+06 1.6586648806e+03 1.0671170698e-03 10 6
3.2879555517e+03 1.5393200000e+06 1.6586755517e+03 1.0671170698e-03 10 6
3.2879662229e+03 1.5393300000e+06 1.6586862229e+03 1.0671170698e-03 10 6
3.2879768941e+03 1.5393400000e+06 1.6586968941e+03 1.0671170698e-03 10 6
3.2879870317e+03 1.5393500000e+06 1.6587070317e+03 9.6040536278e-04 10 6
3.2879952965e+03 1.5393600000e+06 1.6587152965e+03 8.2953848275e-04 10 6
3.2880035573e+03 1.5393700000e+06 1.6587235573e+03 8.1225643103e-04 10 6
3.2880116799e+03 1.5393800000e+06 1.6587316799e+03 8.1225643106e-04 10 6
3.2880198024e+03 1.5393900000e+06 1.6587398024e+03 8.1225643113e-04 10 6
3.2880279250e+03 1.5394000000e+06 1.6587479250e+03 8.1225643110e-04 10 6
3.2880360476e+03 1.5394100000e+06 1.6587560476e+03 8.1225643115e-04 10 6
3.2880441936e+03 1.5394200000e+06 1.6587641936e+03 8.1812308687e-04 10 6
3.2880523748e+03 1.5394300000e+06 1.6587723748e+03 8.1812308686e-04 10 6
3.2880605560e+03 1.5394400000e+06 1.6587805560e+03 8.1812308685e-04 10 6
3.2880687373e+03 1.5394500000e+06 1.6587887373e+03 8.1812308683e-04 10 6
3.2880769185e+03 1.5394600000e+06 1.6587969185e+03 8.1812308679e-04 10 6
3.2880850997e+03 1.5394700000e+06 1.6588050997e+03 8.1812308671e-04 10 6
3.2880933364e+03 1.5394800000e+06 1.6588133364e+03 8.3198957986e-04 10 6
3.2881018104e+03 1.5394900000e+06 1.6588218104e+03 8.4739679433e-04 10 6
3.2881102844e+03 1.5395000000e+06 1.6588302844e+03 8.4739679438e-04 10 6
3.2881187583e+03 1.5395100000e+06 1.6588387583e+03 8.4739679436e-04 10 6
3.2881272323e+03 1.5395200000e+06 1.6588472323e+03 8.4739679439e-04 10 6
3.2881357063e+03 1.5395300000e+06 1.6588557063e+03 8.4739679432e-04 10 6
3.2881443552e+03 1.5395400000e+06 1.6588643552e+03 8.7656045022e-04 10 6
3.2881532930e+03 1.5395500000e+06 1.6588732930e+03 9.1816479233e-04 10 6
3.2881624746e+03 1.5395600000e+06 1.6588824746e+03 9.1816479230e-04 10 6
3.2881719963e+03 1.5395700000e+06 1.6588919963e+03 9.5217089569e-04 10 6
3.2881815181e+03 1.5395800000e+06 1.6589015181e+03 9.5217089563e-04 10 6
3.2881912512e+03 1.5395900000e+06 1.6589112512e+03 1.0226538586e-03 10 6
3.2882014777e+03 1.5396000000e+06 1.6589214777e+03 1.0226538586e-03 10 6
3.2882117043e+03 1.5396100000e+06 1.6589317043e+03 1.0226538586e-03 10 6
3.2882219308e+03 1.5396200000e+06 1.6589419308e+03 1.0226538586e-03 10 6
3.2882321574e+03 1.5396300000e+06 1.6589521574e+03 1.0226538586e-03 10 6
3.2882412778e+03 1.5396400000e+06 1.6589612778e+03 1.0017833717e-03 10 6
3.2882512956e+03 1.5396500000e+06 1.6589712956e+03 1.0017833717e-03 10 6
3.2882613134e+03 1.5396600000e+06 1.6589813134e+03 1.0017833717e-03 10 6
3.2882713313e+03 1.5396700000e+06 1.6589913313e+03 1.0017833717e-03 10 6
3.2882813491e+03 1.5396800000e+06 1.6590013491e+03 1.0017833717e-03 10 6
3.2882914713e+03 1.5396900000e+06 1.6590114713e+03 1.0226538586e-03 10 6
3.2883016978e+03 1.5397000000e+06 1.6590216978e+03 1.0226538586e-03 10 6
3.2883119244e+03 1.5397100000e+06 1.6590319244e+03 1.0226538586e-03 10 6
3.2883221509e+03 1.5397200000e+06 1.6590421509e+03 1.0226538586e-03 10 6
3.2883323774e+03 1.5397300000e+06 1.6590523774e+03 1.0226538586e-03 10 6
3.2883426040e+03 1.5397400000e+06 1.6590626040e+03 1.0226538586e-03 10 6
3.2883528305e+03 1.5397500000e+06 1.6590728305e+03 1.0226538586e-03 10 6
3.2883628997e+03 1.5397600000e+06 1.6590828997e+03 9.8332101790e-04 10 6
3.2883727329e+03 1.5397700000e+06 1.6590927329e+03 9.8332101792e-04 10 6
3.2883819106e+03 1.5397800000e+06 1.6591019106e+03 8.7406312718e-04 10 6
3.2883914496e+03 1.5397900000e+06 1.6591114496e+03 1.0040601521e-03 10 6
3.2884014902e+03 1.5398000000e+06 1.6591214902e+03 1.0040601521e-03 10 6
3.2884115309e+03 1.5398100000e+06 1.6591315309e+03 1.0040601521e-03 10 6
3.2884215715e+03 1.5398200000e+06 1.6591415715e+03 1.0040601521e-03 10 6
3.2884316121e+03 1.5398300000e+06 1.6591516121e+03 1.0040601521e-03 10 6
3.2884419755e+03 1.5398400000e+06 1.6591619755e+03 1.0444124513e-03 10 6
3.2884524196e+03 1.5398500000e+06 1.6591724196e+03 1.0444124513e-03 10 6
3.2884628637e+03 1.5398600000e+06 1.6591828637e+03 1.0444124512e-03 10 6
3.2884733078e+03 1.5398700000e+06 1.6591933078e+03 1.0444124512e-03 10 6
3.2884837747e+03 1.5398800000e+06 1.6592037747e+03 1.0671170698e-03 10 6
3.2884944458e+03 1.5398900000e+06 1.6592144458e+03 1.0671170698e-03 10 6
3.2885051170e+03 1.5399000000e+06 1.6592251170e+03 1.0671170698e-03 10 6
3.2885157882e+03 1.5399100000e+06 1.6592357882e+03 1.0671170698e-03 10 6
3.2885264594e+03 1.5399200000e+06 1.6592464594e+03 1.0671170697e-03 10 6
3.2885372491e+03 1.5399300000e+06 1.6592572491e+03 1.0908307825e-03 10 6
3.2885481574e+03 1.5399400000e+06 1.6592681574e+03 1.0908307825e-03 10 6
3.2885590657e+03 1.5399500000e+06 1.6592790657e+03 1.0908307825e-03 10 6
3.2885699740e+03 1.5399600000e+06 1.6592899740e+03 1.0908307824e-03 10 6
3.2885808823e+03 1.5399700000e+06 1.6593008823e+03 1.0908307827e-03 10 6
3.2885920386e+03 1.5399800000e+06 1.6593120386e+03 1.1156223911e-03 10 6
3.2886031948e+03 1.5399900000e+06 1.6593231948e+03 1.1156223911e-03 10 6
3.2886143510e+03 1.5400000000e+06 1.6593343510e+03 1.1156223911e-03 10 6
3.2886255072e+03 1.5400100000e+06 1.6593455072e+03 1.1156223912e-03 10 6
3.2886369822e+03 1.5400200000e+06 1.6593569822e+03 1.1687472670e-03 10 6
3.2886486697e+03 1.5400300000e+06 1.6593686697e+03 1.1687472669e-03 10 6
3.2886603571e+03 1.5400400000e+06 1.6593803571e+03 1.1687472669e-03 10 6
3.2886720446e+03 1.5400500000e+06 1.6593920446e+03 1.1687472668e-03 10 6
3.2886838154e+03 1.5400600000e+06 1.6594038154e+03 1.1665544953e-03 10 6
3.2886954810e+03 1.5400700000e+06 1.6594154810e+03 1.1665544954e-03 10 6
3.2887068009e+03 1.5400800000e+06 1.6594268009e+03 1.1233487733e-03 10 6
3.2887180343e+03 1.5400900000e+06 1.6594380343e+03 1.1233487733e-03 10 6
3.2887292601e+03 1.5401000000e+06 1.6594492601e+03 1.1156223912e-03 10 6
3.2887404163e+03 1.5401100000e+06 1.6594604163e+03 1.1156223911e-03 10 6
3.2887513206e+03 1.5401200000e+06 1.6594713206e+03 1.0796345721e-03 10 6
3.2887621170e+03 1.5401300000e+06 1.6594821170e+03 1.0796345721e-03 10 6
3.2887729133e+03 1.5401400000e+06 1.6594929133e+03 1.0796345720e-03 10 6
3.2887840813e+03 1.5401500000e+06 1.6595040813e+03 1.1415670980e-03 10 6
3.2887954969e+03 1.5401600000e+06 1.6595154969e+03 1.1415670980e-03 10 6
3.2888065930e+03 1.5401700000e+06 1.6595265930e+03 1.0959044141e-03 10 6
3.2888175520e+03 1.5401800000e+06 1.6595375520e+03 1.0959044141e-03 10 6
3.2888285505e+03 1.5401900000e+06 1.6595485505e+03 1.1156223912e-03 10 6
3.2888397067e+03 1.5402000000e+06 1.6595597067e+03 1.1156223911e-03 10 6
3.2888508629e+03 1.5402100000e+06 1.6595708629e+03 1.1156223911e-03 10 6
3.2888616669e+03 1.5402200000e+06 1.6595816669e+03 1.0569054232e-03 10 6
3.2888722359e+03 1.5402300000e+06 1.6595922359e+03 1.0569054232e-03 10 6
3.2888828765e+03 1.5402400000e+06 1.6596028765e+03 1.0671170698e-03 10 6
3.2888935476e+03 1.5402500000e+06 1.6596135476e+03 1.0671170698e-03 10 6
3.2889042188e+03 1.5402600000e+06 1.6596242188e+03 1.0671170698e-03 10 6
3.2889148900e+03 1.5402700000e+06 1.6596348900e+03 1.0671170698e-03 10 6
3.2889244940e+03 1.5402800000e+06 1.6596444940e+03 8.0033780205e-04 10 6
3.2889349382e+03 1.5402900000e+06 1.6596549382e+03 1.0444124513e-03 10 6
3.2889453823e+03 1.5403000000e+06 1.6596653823e+03 1.0444124513e-03 10 6
3.2889558264e+03 1.5403100000e+06 1.6596758264e+03 1.0444124512e-03 10 6
3.2889662705e+03 1.5403200000e+06 1.6596862705e+03 1.0444124512e-03 10 6
3.2889768539e+03 1.5403300000e+06 1.6596968539e+03 1.0908307825e-03 10 6
3.2889877622e+03 1.5403400000e+06 1.6597077622e+03 1.0908307825e-03 10 6
3.2889986705e+03 1.5403500000e+06 1.6597186705e+03 1.0908307824e-03 10 6
3.2890095788e+03 1.5403600000e+06 1.6597295788e+03 1.0908307825e-03 10 6
3.2890204871e+03 1.5403700000e+06 1.6597404871e+03 1.0908307824e-03 10 6
3.2890320188e+03 1.5403800000e+06 1.6597520188e+03 1.1687472669e-03 10 6
3.2890433556e+03 1.5403900000e+06 1.6597633556e+03 1.0518725402e-03 10 6
3.2890532874e+03 1.5404000000e+06 1.6597732874e+03 9.7204292776e-04 10 6
3.2890639753e+03 1.5404100000e+06 1.6597839753e+03 1.1115490886e-03 10 6
3.2890753479e+03 1.5404200000e+06 1.6597953479e+03 1.1972532979e-03 10 6
3.2890873205e+03 1.5404300000e+06 1.6598073205e+03 1.1972532978e-03 10 6
3.2890992930e+03 1.5404400000e+06 1.6598192930e+03 1.1972532977e-03 10 6
3.2891112655e+03 1.5404500000e+06 1.6598312655e+03 1.1972532978e-03 10 6
3.2891232089e+03 1.5404600000e+06 1.6598432089e+03 1.1680519979e-03 10 6
3.2891347559e+03 1.5404700000e+06 1.6598547559e+03 1.1346790837e-03 10 6
3.2891459281e+03 1.5404800000e+06 1.6598659281e+03 1.0910375804e-03 10 6
3.2891568385e+03 1.5404900000e+06 1.6598768385e+03 1.0910375804e-03 10 6
3.2891677489e+03 1.5405000000e+06 1.6598877489e+03 1.0910375806e-03 10 6
3.2891786576e+03 1.5405100000e+06 1.6598986576e+03 1.0908307825e-03 10 6
3.2891888963e+03 1.5405200000e+06 1.6599088963e+03 9.7167947119e-04 10 6
3.2891982342e+03 1.5405300000e+06 1.6599182342e+03 8.6600610695e-04 10 6
3.2892065478e+03 1.5405400000e+06 1.6599265478e+03 8.3136586264e-04 10 6
3.2892143627e+03 1.5405500000e+06 1.6599343627e+03 7.7594147186e-04 10 6
3.2892222908e+03 1.5405600000e+06 1.6599422908e+03 8.1812308687e-04 10 6
3.2892304721e+03 1.5405700000e+06 1.6599504721e+03 8.1812308686e-04 10 6
3.2892386533e+03 1.5405800000e+06 1.6599586533e+03 8.1812308685e-04 10 6
3.2892467067e+03 1.5405900000e+06 1.6599667067e+03 7.9255674041e-04 10 6
3.2892546323e+03 1.5406000000e+06 1.6599746323e+03 7.9255674041e-04 10 6
3.2892625578e+03 1.5406100000e+06 1.6599825578e+03 7.9255674041e-04 10 6
3.2892705601e+03 1.5406200000e+06 1.6599905601e+03 8.1812308687e-04 10 6
3.2892787413e+03 1.5406300000e+06 1.6599987413e+03 8.1812308686e-04 10 6
3.2892869226e+03 1.5406400000e+06 1.6600069226e+03 8.1812308685e-04 10 6
3.2892951038e+03 1.5406500000e+06 1.6600151038e+03 8.1812308684e-04 10 6
3.2893031681e+03 1.5406600000e+06 1.6600231681e+03 7.7916484459e-04 10 6
3.2893109598e+03 1.5406700000e+06 1.6600309598e+03 7.7916484467e-04 10 6
3.2893187766e+03 1.5406800000e+06 1.6600387766e+03 7.9173201955e-04 10 6
3.2893266106e+03 1.5406900000e+06 1.6600466106e+03 7.7784198414e-04 10 6
3.2893343890e+03 1.5407000000e+06 1.6600543890e+03 7.7784198417e-04 10 6
3.2893421674e+03 1.5407100000e+06 1.6600621674e+03 7.7784198422e-04 10 6
3.2893499458e+03 1.5407200000e+06 1.6600699458e+03 7.7784198425e-04 10 6
3.2893577242e+03 1.5407300000e+06 1.6600777242e+03 7.7784198425e-04 10 6
3.2893655027e+03 1.5407400000e+06 1.6600855027e+03 7.7784198425e-04 10 6
3.2893731940e+03 1.5407500000e+06 1.6600931940e+03 7.6679714871e-04 10 6
3.2893808620e+03 1.5407600000e+06 1.6601008620e+03 7.6679714874e-04 10 6
3.2893885300e+03 1.5407700000e+06 1.6601085300e+03 7.6679714879e-04 10 6
3.2893961979e+03 1.5407800000e+06 1.6601161979e+03 7.6679714880e-04 10 6
3.2894038659e+03 1.5407900000e+06 1.6601238659e+03 7.6679714880e-04 10 6
3.2894115339e+03 1.5408000000e+06 1.6601315339e+03 7.6679714880e-04 10 6
3.2894192028e+03 1.5408100000e+06 1.6601392028e+03 7.6699039394e-04 10 6
3.2894268884e+03 1.5408200000e+06 1.6601468884e+03 7.8264325913e-04 10 6
3.2894346105e+03 1.5408300000e+06 1.6601546105e+03 7.6525118668e-04 10 6
3.2894422630e+03 1.5408400000e+06 1.6601622630e+03 7.6525118666e-04 10 6
3.2894499155e+03 1.5408500000e+06 1.6601699155e+03 7.6525118661e-04 10 6
3.2894575680e+03 1.5408600000e+06 1.6601775680e+03 7.6525118652e-04 10 6
3.2894652344e+03 1.5408700000e+06 1.6601852344e+03 7.7916484464e-04 10 6
3.2894729714e+03 1.5408800000e+06 1.6601929714e+03 7.6549528597e-04 10 6
3.2894806264e+03 1.5408900000e+06 1.6602006264e+03 7.6549528596e-04 10 6
3.2894882813e+03 1.5409000000e+06 1.6602082813e+03 7.6549528594e-04 10 6
3.2894959363e+03 1.5409100000e+06 1.6602159363e+03 7.6549528590e-04 10 6
3.2895035912e+03 1.5409200000e+06 1.6602235912e+03 7.6549528580e-04 10 6
3.2895112462e+03 1.5409300000e+06 1.6602312462e+03 7.6549528580e-04 10 6
3.2895189968e+03 1.5409400000e+06 1.6602389968e+03 7.7916484465e-04 10 6
3.2895267885e+03 1.5409500000e+06 1.6602467885e+03 7.7916484468e-04 10 6
3.2895345801e+03 1.5409600000e+06 1.6602545801e+03 7.7916484473e-04 10 6
3.2895422712e+03 1.5409700000e+06 1.6602622712e+03 7.5403049490e-04 10 6
3.2895498115e+03 1.5409800000e+06 1.6602698115e+03 7.5403049482e-04 10 6
3.2895573518e+03 1.5409900000e+06 1.6602773518e+03 7.5403049482e-04 10 6
3.2895648956e+03 1.5410000000e+06 1.6602848956e+03 7.5519054172e-04 10 6
3.2895724475e+03 1.5410100000e+06 1.6602924475e+03 7.5519054169e-04 10 6
3.2895799994e+03 1.5410200000e+06 1.6602999994e+03 7.5519054167e-04 10 6
3.2895875513e+03 1.5410300000e+06 1.6603075513e+03 7.5519054166e-04 10 6
3.2895951032e+03 1.5410400000e+06 1.6603151032e+03 7.5519054168e-04 10 6
3.2896026551e+03 1.5410500000e+06 1.6603226551e+03 7.5519054165e-04 10 6
3.2896102070e+03 1.5410600000e+06 1.6603302070e+03 7.5519054174e-04 10 6
3.2896177338e+03 1.5410700000e+06 1.6603377338e+03 7.4260403268e-04 10 6
3.2896251598e+03 1.5410800000e+06 1.6603451598e+03 7.4260403266e-04 10 6
3.2896325859e+03 1.5410900000e+06 1.6603525859e+03 7.4260403267e-04 10 6
3.2896400119e+03 1.5411000000e+06 1.6603600119e+03 7.4260403266e-04 10 6
3.2896474379e+03 1.5411100000e+06 1.6603674379e+03 7.4260403268e-04 10 6
3.2896548640e+03 1.5411200000e+06 1.6603748640e+03 7.4260403264e-04 10 6
3.2896623388e+03 1.5411300000e+06 1.6603823388e+03 7.6699039394e-04 10 6
3.2896701127e+03 1.5411400000e+06 1.6603901127e+03 7.7999023115e-04 10 6
3.2896779126e+03 1.5411500000e+06 1.6603979126e+03 7.7999023119e-04 10 6
3.2896857125e+03 1.5411600000e+06 1.6604057125e+03 7.7999023119e-04 10 6
3.2896935124e+03 1.5411700000e+06 1.6604135124e+03 7.7999023119e-04 10 6
3.2897013123e+03 1.5411800000e+06 1.6604213123e+03 7.7999023119e-04 10 6
3.2897091122e+03 1.5411900000e+06 1.6604291122e+03 7.7999023119e-04 10 6
3.2897169047e+03 1.5412000000e+06 1.6604369047e+03 7.7916484466e-04 10 6
3.2897246963e+03 1.5412100000e+06 1.6604446963e+03 7.7916484469e-04 10 6
3.2897324880e+03 1.5412200000e+06 1.6604524880e+03 7.7916484474e-04 10 6
3.2897401498e+03 1.5412300000e+06 1.6604601498e+03 7.5319268327e-04 10 6
3.2897476817e+03 1.5412400000e+06 1.6604676817e+03 7.5319268331e-04 10 6
3.2897552136e+03 1.5412500000e+06 1.6604752136e+03 7.5319268331e-04 10 6
3.2897630031e+03 1.5412600000e+06 1.6604830031e+03 8.0471123300e-04 10 6
3.2897710502e+03 1.5412700000e+06 1.6604910502e+03 8.0471123303e-04 10 6
3.2897789543e+03 1.5412800000e+06 1.6604989543e+03 7.8682876120e-04 10 6
3.2897868226e+03 1.5412900000e+06 1.6605068226e+03 7.8682876121e-04 10 6
3.2897946909e+03 1.5413000000e+06 1.6605146909e+03 7.8682876122e-04 10 6
3.2898025592e+03 1.5413100000e+06 1.6605225592e+03 7.8682876125e-04 10 6
3.2898105213e+03 1.5413200000e+06 1.6605305213e+03 8.1812308687e-04 10 6
3.2898187026e+03 1.5413300000e+06 1.6605387026e+03 8.1812308686e-04 10 6
3.2898270474e+03 1.5413400000e+06 1.6605470474e+03 8.3630359989e-04 10 6
3.2898354724e+03 1.5413500000e+06 1.6605554724e+03 8.6727780728e-04 10 6
3.2898441452e+03 1.5413600000e+06 1.6605641452e+03 8.6727780734e-04 10 6
3.2898528180e+03 1.5413700000e+06 1.6605728180e+03 8.6727780740e-04 10 6
3.2898618743e+03 1.5413800000e+06 1.6605818743e+03 9.4398817714e-04 10 6
3.2898713142e+03 1.5413900000e+06 1.6605913142e+03 9.4398817714e-04 10 6
3.2898807540e+03 1.5414000000e+06 1.6606007540e+03 9.4398817714e-04 10 6
3.2898901939e+03 1.5414100000e+06 1.6606101939e+03 9.4398817714e-04 10 6
3.2898996338e+03 1.5414200000e+06 1.6606196338e+03 9.4398817714e-04 10 6
3.2899091100e+03 1.5414300000e+06 1.6606291100e+03 9.4324779428e-04 10 6
3.2899185425e+03 1.5414400000e+06 1.6606385425e+03 9.4324779432e-04 10 6
3.2899279749e+03 1.5414500000e+06 1.6606479749e+03 9.4324779434e-04 10 6
3.2899374074e+03 1.5414600000e+06 1.6606574074e+03 9.4324779434e-04 10 6
3.2899468399e+03 1.5414700000e+06 1.6606668399e+03 9.4324779434e-04 10 6
3.2899562916e+03 1.5414800000e+06 1.6606762916e+03 9.6249774926e-04 10 6
3.2899659166e+03 1.5414900000e+06 1.6606859166e+03 9.6249774926e-04 10 6
3.2899755416e+03 1.5415000000e+06 1.6606955416e+03 9.6249774927e-04 10 6
3.2899851665e+03 1.5415100000e+06 1.6607051665e+03 9.6249774929e-04 10 6
3.2899947915e+03 1.5415200000e+06 1.6607147915e+03 9.6249774932e-04 10 6
3.2900044165e+03 1.5415300000e+06 1.6607244165e+03 9.6249774970e-04 10 6
3.2900144343e+03 1.5415400000e+06 1.6607344343e+03 1.0017833717e-03 10 6
3.2900244522e+03 1.5415500000e+06 1.6607444522e+03 1.0017833717e-03 10 6
3.2900344700e+03 1.5415600000e+06 1.6607544700e+03 1.0017833717e-03 10 6
3.2900444878e+03 1.5415700000e+06 1.6607644878e+03 1.0017833717e-03 10 6
3.2900545057e+03 1.5415800000e+06 1.6607745057e+03 1.0017833717e-03 10 6
3.2900644985e+03 1.5415900000e+06 1.6607844985e+03 9.7673878743e-04 10 6
3.2900742658e+03 1.5416000000e+06 1.6607942658e+03 9.7673878745e-04 10 6
3.2900840332e+03 1.5416100000e+06 1.6608040332e+03 9.7673878749e-04 10 6
3.2900938006e+03 1.5416200000e+06 1.6608138006e+03 9.7673878759e-04 10 6
3.2901035730e+03 1.5416300000e+06 1.6608235730e+03 9.8174770425e-04 10 6
3.2901133905e+03 1.5416400000e+06 1.6608333905e+03 9.8174770421e-04 10 6
3.2901232080e+03 1.5416500000e+06 1.6608432080e+03 9.8174770416e-04 10 6
3.2901330255e+03 1.5416600000e+06 1.6608530255e+03 9.8174770415e-04 10 6
3.2901428429e+03 1.5416700000e+06 1.6608628429e+03 9.8174770415e-04 10 6
3.2901526804e+03 1.5416800000e+06 1.6608726804e+03 1.0017833717e-03 10 6
3.2901626983e+03 1.5416900000e+06 1.6608826983e+03 1.0017833717e-03 10 6
3.2901727161e+03 1.5417000000e+06 1.6608927161e+03 1.0017833717e-03 10 6
3.2901827339e+03 1.5417100000e+06 1.6609027339e+03 1.0017833718e-03 10 6
3.2901927518e+03 1.5417200000e+06 1.6609127518e+03 1.0017833717e-03 10 6
3.2902028549e+03 1.5417300000e+06 1.6609228549e+03 1.0444124513e-03 10 6
3.2902132990e+03 1.5417400000e+06 1.6609332990e+03 1.0444124513e-03 10 6
3.2902234974e+03 1.5417500000e+06 1.6609434974e+03 1.0136944381e-03 10 6
3.2902336343e+03 1.5417600000e+06 1.6609536343e+03 1.0136944381e-03 10 6
3.2902433034e+03 1.5417700000e+06 1.6609633034e+03 9.3571794292e-04 10 6
3.2902528588e+03 1.5417800000e+06 1.6609728588e+03 1.0017833717e-03 10 6
3.2902626806e+03 1.5417900000e+06 1.6609826806e+03 9.8000547232e-04 10 6
3.2902727113e+03 1.5418000000e+06 1.6609927113e+03 1.0088291627e-03 10 6
3.2902827995e+03 1.5418100000e+06 1.6610027995e+03 1.0088291626e-03 10 6
3.2902928878e+03 1.5418200000e+06 1.6610128878e+03 1.0088291627e-03 10 6
3.2903029479e+03 1.5418300000e+06 1.6610229479e+03 1.0017833717e-03 10 6
3.2903129658e+03 1.5418400000e+06 1.6610329658e+03 1.0017833717e-03 10 6
3.2903229836e+03 1.5418500000e+06 1.6610429836e+03 1.0017833717e-03 10 6
3.2903330014e+03 1.5418600000e+06 1.6610530014e+03 1.0017833717e-03 10 6
3.2903423932e+03 1.5418700000e+06 1.6610623932e+03 9.3917191115e-04 10 6
3.2903519552e+03 1.5418800000e+06 1.6610719552e+03 9.8174770424e-04 10 6
3.2903617727e+03 1.5418900000e+06 1.6610817727e+03 9.8174770420e-04 10 6
3.2903715901e+03 1.5419000000e+06 1.6610915901e+03 9.8174770414e-04 10 6
3.2903811271e+03 1.5419100000e+06 1.6611011271e+03 8.4149803213e-04 10 6
3.2903892265e+03 1.5419200000e+06 1.6611092265e+03 7.8890440521e-04 10 6
3.2903971156e+03 1.5419300000e+06 1.6611171156e+03 7.8890440500e-04 10 6
3.2904053389e+03 1.5419400000e+06 1.6611253389e+03 8.1728110772e-04 10 6
3.2904135447e+03 1.5419500000e+06 1.6611335447e+03 8.1645557127e-04 10 6
3.2904217530e+03 1.5419600000e+06 1.6611417530e+03 8.1500021377e-04 10 6
3.2904299030e+03 1.5419700000e+06 1.6611499030e+03 8.1500021382e-04 10 6
3.2904380530e+03 1.5419800000e+06 1.6611580530e+03 8.1500021385e-04 10 6
3.2904462030e+03 1.5419900000e+06 1.6611662030e+03 8.1500021361e-04 10 6
3.2904549142e+03 1.5420000000e+06 1.6611749142e+03 8.7774339280e-04 10 6
3.2904639107e+03 1.5420100000e+06 1.6611839107e+03 9.2292966787e-04 10 6
3.2904732465e+03 1.5420200000e+06 1.6611932465e+03 9.5842696277e-04 10 6
3.2904828308e+03 1.5420300000e+06 1.6612028308e+03 9.5842696273e-04 10 6
3.2904924151e+03 1.5420400000e+06 1.6612124151e+03 9.5842696260e-04 10 6
3.2905020278e+03 1.5420500000e+06 1.6612220278e+03 9.6249774926e-04 10 6
3.2905116528e+03 1.5420600000e+06 1.6612316528e+03 9.6249774927e-04 10 6
3.2905212778e+03 1.5420700000e+06 1.6612412778e+03 9.6249774928e-04 10 6
3.2905309028e+03 1.5420800000e+06 1.6612509028e+03 9.6249774930e-04 10 6
3.2905405277e+03 1.5420900000e+06 1.6612605277e+03 9.6249774942e-04 10 6
3.2905501527e+03 1.5421000000e+06 1.6612701527e+03 9.6249774926e-04 10 6
3.2905597517e+03 1.5421100000e+06 1.6612797517e+03 9.3648429658e-04 10 6
3.2905691165e+03 1.5421200000e+06 1.6612891165e+03 9.3648429653e-04 10 6
3.2905784814e+03 1.5421300000e+06 1.6612984814e+03 9.3648429653e-04 10 6
3.2905878462e+03 1.5421400000e+06 1.6613078462e+03 9.3648429648e-04 10 6
3.2905971698e+03 1.5421500000e+06 1.6613171698e+03 9.2617707946e-04 10 6
3.2906064316e+03 1.5421600000e+06 1.6613264316e+03 9.2617707946e-04 10 6
3.2906156934e+03 1.5421700000e+06 1.6613356934e+03 9.2617707946e-04 10 6
3.2906247699e+03 1.5421800000e+06 1.6613447699e+03 8.8912999629e-04 10 6
3.2906336612e+03 1.5421900000e+06 1.6613536612e+03 8.8912999631e-04 10 6
3.2906425525e+03 1.5422000000e+06 1.6613625525e+03 8.8912999627e-04 10 6
3.2906517740e+03 1.5422100000e+06 1.6613717740e+03 9.0604279513e-04 10 6
3.2906608344e+03 1.5422200000e+06 1.6613808344e+03 9.0604279514e-04 10 6
3.2906698949e+03 1.5422300000e+06 1.6613898949e+03 9.0604279514e-04 10 6
3.2906789553e+03 1.5422400000e+06 1.6613989553e+03 9.0604279515e-04 10 6
3.2906880157e+03 1.5422500000e+06 1.6614080157e+03 9.0604279521e-04 10 6
3.2906970416e+03 1.5422600000e+06 1.6614170416e+03 8.9154438953e-04 10 6
3.2907060470e+03 1.5422700000e+06 1.6614260470e+03 8.8923708001e-04 10 6
3.2907149394e+03 1.5422800000e+06 1.6614349394e+03 8.8923707996e-04 10 6
3.2907238318e+03 1.5422900000e+06 1.6614438318e+03 8.8923707995e-04 10 6
3.2907327241e+03 1.5423000000e+06 1.6614527241e+03 8.8923707995e-04 10 6
3.2907416363e+03 1.5423100000e+06 1.6614616363e+03 9.0902565208e-04 10 6
3.2907507266e+03 1.5423200000e+06 1.6614707266e+03 9.0902565206e-04 10 6
3.2907598168e+03 1.5423300000e+06 1.6614798168e+03 9.0902565203e-04 10 6
3.2907689071e+03 1.5423400000e+06 1.6614889071e+03 9.0902565197e-04 10 6
3.2907779973e+03 1.5423500000e+06 1.6614979973e+03 9.0902565194e-04 10 6
3.2907870876e+03 1.5423600000e+06 1.6615070876e+03 9.0902565194e-04 10 6
3.2907962979e+03 1.5423700000e+06 1.6615162979e+03 9.2617707946e-04 10 6
3.2908055597e+03 1.5423800000e+06 1.6615255597e+03 9.2617707947e-04 10 6
3.2908145711e+03 1.5423900000e+06 1.6615345711e+03 9.0114526646e-04 10 6
3.2908235826e+03 1.5424000000e+06 1.6615435826e+03 9.0114526643e-04 10 6
3.2908325940e+03 1.5424100000e+06 1.6615525940e+03 9.0114526643e-04 10 6
3.2908416291e+03 1.5424200000e+06 1.6615616291e+03 9.0902565208e-04 10 6
3.2908507194e+03 1.5424300000e+06 1.6615707194e+03 9.0902565205e-04 10 6
3.2908598096e+03 1.5424400000e+06 1.6615798096e+03 9.0902565202e-04 10 6
3.2908688999e+03 1.5424500000e+06 1.6615888999e+03 9.0902565196e-04 10 6
3.2908779902e+03 1.5424600000e+06 1.6615979902e+03 9.0902565194e-04 10 6
3.2908870804e+03 1.5424700000e+06 1.6616070804e+03 9.0902565194e-04 10 6
3.2908963105e+03 1.5424800000e+06 1.6616163105e+03 9.2650691459e-04 10 6
3.2909055756e+03 1.5424900000e+06 1.6616255756e+03 9.2650691455e-04 10 6
3.2909149779e+03 1.5425000000e+06 1.6616349779e+03 9.6082198547e-04 10 6
3.2909245861e+03 1.5425100000e+06 1.6616445861e+03 9.6082198547e-04 10 6
3.2909341944e+03 1.5425200000e+06 1.6616541944e+03 9.6082198547e-04 10 6
3.2909438143e+03 1.5425300000e+06 1.6616638143e+03 9.6249774926e-04 10 6
3.2909534393e+03 1.5425400000e+06 1.6616734393e+03 9.6249774927e-04 10 6
3.2909629930e+03 1.5425500000e+06 1.6616829930e+03 9.2684968448e-04 10 6
3.2909721151e+03 1.5425600000e+06 1.6616921151e+03 8.7806812213e-04 10 6
3.2909808958e+03 1.5425700000e+06 1.6617008958e+03 8.7806812209e-04 10 6
3.2909896704e+03 1.5425800000e+06 1.6617096704e+03 8.7656045022e-04 10 6
3.2909982843e+03 1.5425900000e+06 1.6617182843e+03 8.5970351848e-04 10 6
3.2910068117e+03 1.5426000000e+06 1.6617268117e+03 8.3646828827e-04 10 6
3.2910151764e+03 1.5426100000e+06 1.6617351764e+03 8.3646828831e-04 10 6
3.2910235410e+03 1.5426200000e+06 1.6617435410e+03 8.3646828828e-04 10 6
3.2910314178e+03 1.5426300000e+06 1.6617514178e+03 7.6676259755e-04 10 6
3.2910393422e+03 1.5426400000e+06 1.6617593422e+03 8.1812308687e-04 10 6
3.2910475234e+03 1.5426500000e+06 1.6617675234e+03 8.1812308686e-04 10 6
3.2910557047e+03 1.5426600000e+06 1.6617757047e+03 8.1812308685e-04 10 6
3.2910638859e+03 1.5426700000e+06 1.6617838859e+03 8.1812308683e-04 10 6
3.2910720671e+03 1.5426800000e+06 1.6617920671e+03 8.1812308679e-04 10 6
3.2910802484e+03 1.5426900000e+06 1.6618002484e+03 8.1812308667e-04 10 6
3.2910884989e+03 1.5427000000e+06 1.6618084989e+03 8.3198957986e-04 10 6
3.2910968188e+03 1.5427100000e+06 1.6618168188e+03 8.3198957987e-04 10 6
3.2911051387e+03 1.5427200000e+06 1.6618251387e+03 8.3198957986e-04 10 6
3.2911134586e+03 1.5427300000e+06 1.6618334586e+03 8.3198957987e-04 10 6
3.2911217785e+03 1.5427400000e+06 1.6618417785e+03 8.3198957985e-04 10 6
3.2911300984e+03 1.5427500000e+06 1.6618500984e+03 8.3198957991e-04 10 6
3.2911385044e+03 1.5427600000e+06 1.6618585044e+03 8.4633422779e-04 10 6
3.2911469677e+03 1.5427700000e+06 1.6618669677e+03 8.4633422778e-04 10 6
3.2911554311e+03 1.5427800000e+06 1.6618754311e+03 8.4633422776e-04 10 6
3.2911638944e+03 1.5427900000e+06 1.6618838944e+03 8.4633422773e-04 10 6
3.2911723577e+03 1.5428000000e+06 1.6618923577e+03 8.4633422763e-04 10 6
3.2911808211e+03 1.5428100000e+06 1.6619008211e+03 8.4633422754e-04 10 6
3.2911892844e+03 1.5428200000e+06 1.6619092844e+03 8.4633422779e-04 10 6
3.2911977478e+03 1.5428300000e+06 1.6619177478e+03 8.4633422778e-04 10 6
3.2912062111e+03 1.5428400000e+06 1.6619262111e+03 8.4633422776e-04 10 6
3.2912146744e+03 1.5428500000e+06 1.6619346744e+03 8.4633422771e-04 10 6
3.2912231378e+03 1.5428600000e+06 1.6619431378e+03 8.4633422760e-04 10 6
3.2912316011e+03 1.5428700000e+06 1.6619516011e+03 8.4633422784e-04 10 6
3.2912402130e+03 1.5428800000e+06 1.6619602130e+03 8.6118219669e-04 10 6
3.2912488248e+03 1.5428900000e+06 1.6619688248e+03 8.6118219667e-04 10 6
3.2912574366e+03 1.5429000000e+06 1.6619774366e+03 8.6118219662e-04 10 6
3.2912660484e+03 1.5429100000e+06 1.6619860484e+03 8.6118219656e-04 10 6
3.2912746602e+03 1.5429200000e+06 1.6619946602e+03 8.6118219656e-04 10 6
3.2912833660e+03 1.5429300000e+06 1.6620033660e+03 8.9249791295e-04 10 6
3.2912924516e+03 1.5429400000e+06 1.6620124516e+03 9.1034787124e-04 10 6
3.2913015551e+03 1.5429500000e+06 1.6620215551e+03 9.1034787124e-04 10 6
3.2913106586e+03 1.5429600000e+06 1.6620306586e+03 9.1034787124e-04 10 6
3.2913197621e+03 1.5429700000e+06 1.6620397621e+03 9.1034787124e-04 10 6
3.2913288656e+03 1.5429800000e+06 1.6620488656e+03 9.1034787124e-04 10 6
3.2913384067e+03 1.5429900000e+06 1.6620584067e+03 9.6325324200e-04 10 6
3.2913480392e+03 1.5430000000e+06 1.6620680392e+03 9.6325324202e-04 10 6
3.2913576717e+03 1.5430100000e+06 1.6620776717e+03 9.6325324205e-04 10 6
3.2913673042e+03 1.5430200000e+06 1.6620873042e+03 9.6325324214e-04 10 6
3.2913769368e+03 1.5430300000e+06 1.6620969368e+03 9.6325324209e-04 10 6
3.2913868776e+03 1.5430400000e+06 1.6621068776e+03 1.0017833717e-03 10 6
3.2913968954e+03 1.5430500000e+06 1.6621168954e+03 1.0017833717e-03 10 6
3.2914068297e+03 1.5430600000e+06 1.6621268297e+03 9.6004239794e-04 10 6
3.2914164302e+03 1.5430700000e+06 1.6621364302e+03 9.6004239797e-04 10 6
3.2914260306e+03 1.5430800000e+06 1.6621460306e+03 9.6004239807e-04 10 6
3.2914358047e+03 1.5430900000e+06 1.6621558047e+03 9.8174770422e-04 10 6
3.2914454118e+03 1.5431000000e+06 1.6621654118e+03 9.5837275891e-04 10 6
3.2914549955e+03 1.5431100000e+06 1.6621749955e+03 9.5837275897e-04 10 6
3.2914645792e+03 1.5431200000e+06 1.6621845792e+03 9.5837275899e-04 10 6
3.2914741629e+03 1.5431300000e+06 1.6621941629e+03 9.5837275899e-04 10 6
3.2914837755e+03 1.5431400000e+06 1.6622037755e+03 9.6249774926e-04 10 6
3.2914934005e+03 1.5431500000e+06 1.6622134005e+03 9.6249774927e-04 10 6
3.2915030255e+03 1.5431600000e+06 1.6622230255e+03 9.6249774928e-04 10 6
3.2915126505e+03 1.5431700000e+06 1.6622326505e+03 9.6249774930e-04 10 6
3.2915222755e+03 1.5431800000e+06 1.6622422755e+03 9.6249774942e-04 10 6
3.2915319004e+03 1.5431900000e+06 1.6622519004e+03 9.6249774926e-04 10 6
3.2915415254e+03 1.5432000000e+06 1.6622615254e+03 9.6249774927e-04 10 6
3.2915511504e+03 1.5432100000e+06 1.6622711504e+03 9.6249774928e-04 10 6
3.2915607754e+03 1.5432200000e+06 1.6622807754e+03 9.6249774930e-04 10 6
3.2915704003e+03 1.5432300000e+06 1.6622904003e+03 9.6249774939e-04 10 6
3.2915801216e+03 1.5432400000e+06 1.6623001216e+03 9.8174770423e-04 10 6
3.2915899390e+03 1.5432500000e+06 1.6623099390e+03 9.8174770420e-04 10 6
3.2915997565e+03 1.5432600000e+06 1.6623197565e+03 9.8174770415e-04 10 6
3.2916095740e+03 1.5432700000e+06 1.6623295740e+03 9.8174770415e-04 10 6
3.2916191460e+03 1.5432800000e+06 1.6623391460e+03 8.5902924112e-04 10 6
3.2916281502e+03 1.5432900000e+06 1.6623481502e+03 9.6249774926e-04 10 6
3.2916377752e+03 1.5433000000e+06 1.6623577752e+03 9.6249774927e-04 10 6
3.2916474002e+03 1.5433100000e+06 1.6623674002e+03 9.6249774927e-04 10 6
3.2916570251e+03 1.5433200000e+06 1.6623770251e+03 9.6249774929e-04 10 6
3.2916666501e+03 1.5433300000e+06 1.6623866501e+03 9.6249774936e-04 10 6
3.2916762751e+03 1.5433400000e+06 1.6623962751e+03 9.6249774926e-04 10 6
3.2916859001e+03 1.5433500000e+06 1.6624059001e+03 9.6249774927e-04 10 6
3.2916955250e+03 1.5433600000e+06 1.6624155250e+03 9.6249774927e-04 10 6
3.2917051500e+03 1.5433700000e+06 1.6624251500e+03 9.6249774929e-04 10 6
3.2917147750e+03 1.5433800000e+06 1.6624347750e+03 9.6249774934e-04 10 6
3.2917244385e+03 1.5433900000e+06 1.6624444385e+03 9.8174770424e-04 10 6
3.2917342560e+03 1.5434000000e+06 1.6624542560e+03 9.8174770421e-04 10 6
3.2917440734e+03 1.5434100000e+06 1.6624640734e+03 9.8174770415e-04 10 6
3.2917538909e+03 1.5434200000e+06 1.6624738909e+03 9.8174770413e-04 10 6
3.2917637084e+03 1.5434300000e+06 1.6624837084e+03 9.8174770417e-04 10 6
3.2917735259e+03 1.5434400000e+06 1.6624935259e+03 9.8174770424e-04 10 6
3.2917833433e+03 1.5434500000e+06 1.6625033433e+03 9.8174770421e-04 10 6
3.2917931608e+03 1.5434600000e+06 1.6625131608e+03 9.8174770415e-04 10 6
3.2918029783e+03 1.5434700000e+06 1.6625229783e+03 9.8174770413e-04 10 6
3.2918127958e+03 1.5434800000e+06 1.6625327958e+03 9.8174770417e-04 10 6
3.2918226533e+03 1.5434900000e+06 1.6625426533e+03 1.0017833717e-03 10 6
3.2918326712e+03 1.5435000000e+06 1.6625526712e+03 1.0017833717e-03 10 6
3.2918426890e+03 1.5435100000e+06 1.6625626890e+03 1.0017833717e-03 10 6
3.2918527068e+03 1.5435200000e+06 1.6625727068e+03 1.0017833717e-03 10 6
3.2918627247e+03 1.5435300000e+06 1.6625827247e+03 1.0017833717e-03 10 6
3.2918728051e+03 1.5435400000e+06 1.6625928051e+03 1.0226538586e-03 10 6
3.2918831850e+03 1.5435500000e+06 1.6626031850e+03 1.0482202051e-03 10 6
3.2918936672e+03 1.5435600000e+06 1.6626136672e+03 1.0482202051e-03 10 6
3.2919040839e+03 1.5435700000e+06 1.6626240839e+03 9.8270644222e-04 10 6
3.2919139110e+03 1.5435800000e+06 1.6626339110e+03 9.8270644207e-04 10 6
3.2919237333e+03 1.5435900000e+06 1.6626437333e+03 9.8174770423e-04 10 6
3.2919335507e+03 1.5436000000e+06 1.6626535507e+03 9.8174770420e-04 10 6
3.2919433682e+03 1.5436100000e+06 1.6626633682e+03 9.8174770415e-04 10 6
3.2919531857e+03 1.5436200000e+06 1.6626731857e+03 9.8174770415e-04 10 6
3.2919630032e+03 1.5436300000e+06 1.6626830032e+03 9.8174770415e-04 10 6
3.2919730252e+03 1.5436400000e+06 1.6626930252e+03 1.0226538586e-03 10 6
3.2919832517e+03 1.5436500000e+06 1.6627032517e+03 1.0226538586e-03 10 6
3.2919934783e+03 1.5436600000e+06 1.6627134783e+03 1.0226538586e-03 10 6
3.2920037048e+03 1.5436700000e+06 1.6627237048e+03 1.0226538586e-03 10 6
3.2920139313e+03 1.5436800000e+06 1.6627339313e+03 1.0226538586e-03 10 6
3.2920241579e+03 1.5436900000e+06 1.6627441579e+03 1.0226538586e-03 10 6
3.2920343534e+03 1.5437000000e+06 1.6627543534e+03 9.9166434776e-04 10 6
3.2920442701e+03 1.5437100000e+06 1.6627642701e+03 9.9166434778e-04 10 6
3.2920541867e+03 1.5437200000e+06 1.6627741867e+03 9.9166434781e-04 10 6
3.2920641034e+03 1.5437300000e+06 1.6627841034e+03 9.9166434772e-04 10 6
3.2920742679e+03 1.5437400000e+06 1.6627942679e+03 1.0226538586e-03 10 6
3.2920844944e+03 1.5437500000e+06 1.6628044944e+03 1.0226538586e-03 10 6
3.2920947210e+03 1.5437600000e+06 1.6628147210e+03 1.0226538586e-03 10 6
3.2921049475e+03 1.5437700000e+06 1.6628249475e+03 1.0226538586e-03 10 6
3.2921151741e+03 1.5437800000e+06 1.6628351741e+03 1.0226538584e-03 10 6
3.2921255660e+03 1.5437900000e+06 1.6628455660e+03 1.0183021400e-03 10 6
3.2921357490e+03 1.5438000000e+06 1.6628557490e+03 1.0183021400e-03 10 6
3.2921459320e+03 1.5438100000e+06 1.6628659320e+03 1.0183021401e-03 10 6
3.2921561150e+03 1.5438200000e+06 1.6628761150e+03 1.0183021402e-03 10 6
3.2921663068e+03 1.5438300000e+06 1.6628863068e+03 1.0226538586e-03 10 6
3.2921765333e+03 1.5438400000e+06 1.6628965333e+03 1.0226538586e-03 10 6
3.2921867598e+03 1.5438500000e+06 1.6629067598e+03 1.0226538586e-03 10 6
3.2921969864e+03 1.5438600000e+06 1.6629169864e+03 1.0226538586e-03 10 6
3.2922072129e+03 1.5438700000e+06 1.6629272129e+03 1.0226538587e-03 10 6
3.2922174395e+03 1.5438800000e+06 1.6629374395e+03 1.0226538586e-03 10 6
3.2922276660e+03 1.5438900000e+06 1.6629476660e+03 1.0226538586e-03 10 6
3.2922378925e+03 1.5439000000e+06 1.6629578925e+03 1.0226538586e-03 10 6
3.2922481191e+03 1.5439100000e+06 1.6629681191e+03 1.0226538586e-03 10 6
3.2922583456e+03 1.5439200000e+06 1.6629783456e+03 1.0226538586e-03 10 6
3.2922682112e+03 1.5439300000e+06 1.6629882112e+03 9.6249774926e-04 10 6
3.2922778362e+03 1.5439400000e+06 1.6629978362e+03 9.6249774927e-04 10 6
3.2922869799e+03 1.5439500000e+06 1.6630069799e+03 9.0902565207e-04 10 6
3.2922960702e+03 1.5439600000e+06 1.6630160702e+03 9.0902565201e-04 10 6
3.2923049786e+03 1.5439700000e+06 1.6630249786e+03 8.1812308675e-04 10 6
3.2923133086e+03 1.5439800000e+06 1.6630333086e+03 8.9249791295e-04 10 6
3.2923222336e+03 1.5439900000e+06 1.6630422336e+03 8.9249791296e-04 10 6
3.2923311586e+03 1.5440000000e+06 1.6630511586e+03 8.9249791298e-04 10 6
3.2923400835e+03 1.5440100000e+06 1.6630600835e+03 8.9249791301e-04 10 6
3.2923490085e+03 1.5440200000e+06 1.6630690085e+03 8.9249791310e-04 10 6
3.2923579335e+03 1.5440300000e+06 1.6630779335e+03 8.9249791313e-04 10 6
3.2923670120e+03 1.5440400000e+06 1.6630870120e+03 9.2796368649e-04 10 6
3.2923763418e+03 1.5440500000e+06 1.6630963418e+03 9.5304378611e-04 10 6
3.2923858723e+03 1.5440600000e+06 1.6631058723e+03 9.5304378615e-04 10 6
3.2923954027e+03 1.5440700000e+06 1.6631154027e+03 9.5304378624e-04 10 6
3.2924039801e+03 1.5440800000e+06 1.6631239801e+03 8.1689467402e-04 10 6
3.2924121943e+03 1.5440900000e+06 1.6631321943e+03 8.3198957987e-04 10 6
3.2924204484e+03 1.5441000000e+06 1.6631404484e+03 8.3342059049e-04 10 6
3.2924287262e+03 1.5441100000e+06 1.6631487262e+03 8.3498717055e-04 10 6
3.2924370761e+03 1.5441200000e+06 1.6631570761e+03 8.3498717058e-04 10 6
3.2924454260e+03 1.5441300000e+06 1.6631654260e+03 8.3498717063e-04 10 6
3.2924535903e+03 1.5441400000e+06 1.6631735903e+03 7.4221081843e-04 10 6
3.2924612817e+03 1.5441500000e+06 1.6631812817e+03 8.3198957987e-04 10 6
3.2924696016e+03 1.5441600000e+06 1.6631896016e+03 8.3198957986e-04 10 6
3.2924779215e+03 1.5441700000e+06 1.6631979215e+03 8.3198957987e-04 10 6
3.2924862414e+03 1.5441800000e+06 1.6632062414e+03 8.3198957986e-04 10 6
3.2924945613e+03 1.5441900000e+06 1.6632145613e+03 8.3198957988e-04 10 6
3.2925028812e+03 1.5442000000e+06 1.6632228812e+03 8.3198957983e-04 10 6
3.2925112585e+03 1.5442100000e+06 1.6632312585e+03 8.4633422780e-04 10 6
3.2925197218e+03 1.5442200000e+06 1.6632397218e+03 8.4633422778e-04 10 6
3.2925281852e+03 1.5442300000e+06 1.6632481852e+03 8.4633422777e-04 10 6
3.2925366485e+03 1.5442400000e+06 1.6632566485e+03 8.4633422774e-04 10 6
3.2925451119e+03 1.5442500000e+06 1.6632651119e+03 8.4633422766e-04 10 6
3.2925535752e+03 1.5442600000e+06 1.6632735752e+03 8.4633422766e-04 10 6
3.2925622344e+03 1.5442700000e+06 1.6632822344e+03 8.7627067819e-04 10 6
3.2925710190e+03 1.5442800000e+06 1.6632910190e+03 8.9817744514e-04 10 6
3.2925800008e+03 1.5442900000e+06 1.6633000008e+03 8.9817744515e-04 10 6
3.2925889825e+03 1.5443000000e+06 1.6633089825e+03 8.9817744515e-04 10 6
3.2925979643e+03 1.5443100000e+06 1.6633179643e+03 8.9817744515e-04 10 6
3.2926069569e+03 1.5443200000e+06 1.6633269569e+03 9.0902565208e-04 10 6
3.2926160472e+03 1.5443300000e+06 1.6633360472e+03 9.0902565206e-04 10 6
3.2926251115e+03 1.5443400000e+06 1.6633451115e+03 8.8305349054e-04 10 6
3.2926339420e+03 1.5443500000e+06 1.6633539420e+03 8.8305349049e-04 10 6
3.2926427726e+03 1.5443600000e+06 1.6633627726e+03 8.8305349051e-04 10 6
3.2926510144e+03 1.5443700000e+06 1.6633710144e+03 8.2418325769e-04 10 6
3.2926582033e+03 1.5443800000e+06 1.6633782033e+03 7.6699039394e-04 10 6
3.2926658732e+03 1.5443900000e+06 1.6633858732e+03 7.6699039395e-04 10 6
3.2926732481e+03 1.5444000000e+06 1.6633932481e+03 7.3749076342e-04 10 6
3.2926806230e+03 1.5444100000e+06 1.6634006230e+03 7.3749076341e-04 10 6
3.2926879979e+03 1.5444200000e+06 1.6634079979e+03 7.3749076342e-04 10 6
3.2926953728e+03 1.5444300000e+06 1.6634153728e+03 7.3749076340e-04 10 6
3.2927024527e+03 1.5444400000e+06 1.6634224527e+03 5.8999261068e-04 10 6
3.2927093512e+03 1.5444500000e+06 1.6634293512e+03 7.3264754047e-04 10 6
3.2927166777e+03 1.5444600000e+06 1.6634366777e+03 7.3264754043e-04 10 6
3.2927240042e+03 1.5444700000e+06 1.6634440042e+03 7.3264754041e-04 10 6
3.2927313306e+03 1.5444800000e+06 1.6634513306e+03 7.3264754042e-04 10 6
3.2927386571e+03 1.5444900000e+06 1.6634586571e+03 7.3264754041e-04 10 6
3.2927459836e+03 1.5445000000e+06 1.6634659836e+03 7.3264754044e-04 10 6
3.2927533101e+03 1.5445100000e+06 1.6634733101e+03 7.3264754019e-04 10 6
3.2927607608e+03 1.5445200000e+06 1.6634807608e+03 7.5702947972e-04 10 6
3.2927682438e+03 1.5445300000e+06 1.6634882438e+03 7.4247122051e-04 10 6
3.2927756685e+03 1.5445400000e+06 1.6634956685e+03 7.4247122053e-04 10 6
3.2927830932e+03 1.5445500000e+06 1.6635030932e+03 7.4247122051e-04 10 6
3.2927905179e+03 1.5445600000e+06 1.6635105179e+03 7.4247122053e-04 10 6
3.2927979426e+03 1.5445700000e+06 1.6635179426e+03 7.4247122049e-04 10 6
3.2928055141e+03 1.5445800000e+06 1.6635255141e+03 7.7916484465e-04 10 6
3.2928133058e+03 1.5445900000e+06 1.6635333058e+03 7.7916484467e-04 10 6
3.2928210974e+03 1.5446000000e+06 1.6635410974e+03 7.7916484471e-04 10 6
3.2928288891e+03 1.5446100000e+06 1.6635488891e+03 7.7916484474e-04 10 6
3.2928366807e+03 1.5446200000e+06 1.6635566807e+03 7.7916484474e-04 10 6
3.2928444724e+03 1.5446300000e+06 1.6635644724e+03 7.7916484474e-04 10 6
3.2928522766e+03 1.5446400000e+06 1.6635722766e+03 7.9173201955e-04 10 6
3.2928601939e+03 1.5446500000e+06 1.6635801939e+03 7.9173201957e-04 10 6
3.2928681112e+03 1.5446600000e+06 1.6635881112e+03 7.9173201959e-04 10 6
3.2928760285e+03 1.5446700000e+06 1.6635960285e+03 7.9173201962e-04 10 6
3.2928839459e+03 1.5446800000e+06 1.6636039459e+03 7.9173201969e-04 10 6
3.2928918632e+03 1.5446900000e+06 1.6636118632e+03 7.9173201971e-04 10 6
3.2928997805e+03 1.5447000000e+06 1.6636197805e+03 7.9173201971e-04 10 6
3.2929077773e+03 1.5447100000e+06 1.6636277773e+03 8.0542972517e-04 10 6
3.2929158316e+03 1.5447200000e+06 1.6636358316e+03 8.0542972521e-04 10 6
3.2929238859e+03 1.5447300000e+06 1.6636438859e+03 8.0542972524e-04 10 6
3.2929319402e+03 1.5447400000e+06 1.6636519402e+03 8.0542972522e-04 10 6
3.2929399945e+03 1.5447500000e+06 1.6636599945e+03 8.0542972525e-04 10 6
3.2929480488e+03 1.5447600000e+06 1.6636680488e+03 8.0542972516e-04 10 6
3.2929562046e+03 1.5447700000e+06 1.6636762046e+03 8.1812308687e-04 10 6
3.2929643858e+03 1.5447800000e+06 1.6636843858e+03 8.1812308686e-04 10 6
3.2929725671e+03 1.5447900000e+06 1.6636925671e+03 8.1812308685e-04 10 6
3.2929807483e+03 1.5448000000e+06 1.6637007483e+03 8.1812308682e-04 10 6
3.2929889295e+03 1.5448100000e+06 1.6637089295e+03 8.1812308676e-04 10 6
3.2929971108e+03 1.5448200000e+06 1.6637171108e+03 8.1812308675e-04 10 6
3.2930053872e+03 1.5448300000e+06 1.6637253872e+03 8.1629166326e-04 10 6
3.2930136389e+03 1.5448400000e+06 1.6637336389e+03 8.3403713420e-04 10 6
3.2930219792e+03 1.5448500000e+06 1.6637419792e+03 8.3403713421e-04 10 6
3.2930303196e+03 1.5448600000e+06 1.6637503196e+03 8.3403713424e-04 10 6
3.2930386600e+03 1.5448700000e+06 1.6637586600e+03 8.3403713431e-04 10 6
3.2930470003e+03 1.5448800000e+06 1.6637670003e+03 8.3403713438e-04 10 6
3.2930553475e+03 1.5448900000e+06 1.6637753475e+03 8.3148625889e-04 10 6
3.2930636623e+03 1.5449000000e+06 1.6637836623e+03 8.3148625888e-04 10 6
3.2930719772e+03 1.5449100000e+06 1.6637919772e+03 8.3148625887e-04 10 6
3.2930802920e+03 1.5449200000e+06 1.6638002920e+03 8.3148625886e-04 10 6
3.2930886069e+03 1.5449300000e+06 1.6638086069e+03 8.3148625882e-04 10 6
3.2930969218e+03 1.5449400000e+06 1.6638169218e+03 8.3148625845e-04 10 6
3.2931052097e+03 1.5449500000e+06 1.6638252097e+03 8.1598978025e-04 10 6
3.2931133696e+03 1.5449600000e+06 1.6638333696e+03 8.1598978025e-04 10 6
3.2931215295e+03 1.5449700000e+06 1.6638415295e+03 8.1598978027e-04 10 6
3.2931296894e+03 1.5449800000e+06 1.6638496894e+03 8.1598978029e-04 10 6
3.2931378493e+03 1.5449900000e+06 1.6638578493e+03 8.1598978035e-04 10 6
3.2931460092e+03 1.5450000000e+06 1.6638660092e+03 8.1598978022e-04 10 6
3.2931541043e+03 1.5450100000e+06 1.6638741043e+03 8.0377005024e-04 10 6
3.2931621867e+03 1.5450200000e+06 1.6638821867e+03 8.0267797136e-04 10 6
3.2931702135e+03 1.5450300000e+06 1.6638902135e+03 8.0267797132e-04 10 6
3.2931782403e+03 1.5450400000e+06 1.6638982403e+03 8.0267797125e-04 10 6
3.2931862671e+03 1.5450500000e+06 1.6639062671e+03 8.0267797125e-04 10 6
3.2931942939e+03 1.5450600000e+06 1.6639142939e+03 8.0267797125e-04 10 6
3.2932023389e+03 1.5450700000e+06 1.6639223389e+03 8.0471123301e-04 10 6
3.2932103861e+03 1.5450800000e+06 1.6639303861e+03 8.0471123305e-04 10 6
3.2932184332e+03 1.5450900000e+06 1.6639384332e+03 8.0471123305e-04 10 6
3.2932264803e+03 1.5451000000e+06 1.6639464803e+03 8.0471123307e-04 10 6
3.2932345274e+03 1.5451100000e+06 1.6639545274e+03 8.0471123304e-04 10 6
3.2932425745e+03 1.5451200000e+06 1.6639625745e+03 8.0471123313e-04 10 6
3.2932506216e+03 1.5451300000e+06 1.6639706216e+03 8.0471123301e-04 10 6
3.2932586687e+03 1.5451400000e+06 1.6639786687e+03 8.0471123305e-04 10 6
3.2932667158e+03 1.5451500000e+06 1.6639867158e+03 8.0471123306e-04 10 6
3.2932747630e+03 1.5451600000e+06 1.6639947630e+03 8.0471123306e-04 10 6
3.2932828101e+03 1.5451700000e+06 1.6640028101e+03 8.0471123306e-04 10 6
3.2932908572e+03 1.5451800000e+06 1.6640108572e+03 8.0471123306e-04 10 6
3.2932989861e+03 1.5451900000e+06 1.6640189861e+03 8.1835040643e-04 10 6
3.2933071696e+03 1.5452000000e+06 1.6640271696e+03 8.1835040642e-04 10 6
3.2933153531e+03 1.5452100000e+06 1.6640353531e+03 8.1835040641e-04 10 6
3.2933235366e+03 1.5452200000e+06 1.6640435366e+03 8.1835040639e-04 10 6
3.2933317201e+03 1.5452300000e+06 1.6640517201e+03 8.1835040633e-04 10 6
3.2933395529e+03 1.5452400000e+06 1.6640595529e+03 7.0144320534e-04 10 6
3.2933471728e+03 1.5452500000e+06 1.6640671728e+03 7.9059349207e-04 10 6
3.2933552225e+03 1.5452600000e+06 1.6640752225e+03 8.0496791922e-04 10 6
3.2933632722e+03 1.5452700000e+06 1.6640832722e+03 8.0496791927e-04 10 6
3.2933713219e+03 1.5452800000e+06 1.6640913219e+03 8.0496791929e-04 10 6
3.2933793716e+03 1.5452900000e+06 1.6640993716e+03 8.0496791929e-04 10 6
3.2933874212e+03 1.5453000000e+06 1.6641074212e+03 8.0496791929e-04 10 6
3.2933954696e+03 1.5453100000e+06 1.6641154696e+03 8.0471123300e-04 10 6
3.2934036129e+03 1.5453200000e+06 1.6641236129e+03 8.0262107394e-04 10 6
3.2934116391e+03 1.5453300000e+06 1.6641316391e+03 8.0262107394e-04 10 6
3.2934196653e+03 1.5453400000e+06 1.6641396653e+03 8.0262107394e-04 10 6
3.2934276915e+03 1.5453500000e+06 1.6641476915e+03 8.0262107394e-04 10 6
3.2934357177e+03 1.5453600000e+06 1.6641557177e+03 8.0262107394e-04 10 6
3.2934438614e+03 1.5453700000e+06 1.6641638614e+03 8.3198957986e-04 10 6
3.2934520838e+03 1.5453800000e+06 1.6641720838e+03 8.3415621940e-04 10 6
3.2934603288e+03 1.5453900000e+06 1.6641803288e+03 8.3691467252e-04 10 6
3.2934686382e+03 1.5454000000e+06 1.6641886382e+03 8.0702486275e-04 10 6
3.2934767085e+03 1.5454100000e+06 1.6641967085e+03 8.0702486275e-04 10 6
3.2934847787e+03 1.5454200000e+06 1.6642047787e+03 8.0702486275e-04 10 6
3.2934929488e+03 1.5454300000e+06 1.6642129488e+03 8.3198957986e-04 10 6
3.2935012687e+03 1.5454400000e+06 1.6642212687e+03 8.3198957986e-04 10 6
3.2935095886e+03 1.5454500000e+06 1.6642295886e+03 8.3198957986e-04 10 6
3.2935179085e+03 1.5454600000e+06 1.6642379085e+03 8.3198957986e-04 10 6
3.2935262284e+03 1.5454700000e+06 1.6642462284e+03 8.3198957986e-04 10 6
3.2935345483e+03 1.5454800000e+06 1.6642545483e+03 8.3198957986e-04 10 6
3.2935429399e+03 1.5454900000e+06 1.6642629399e+03 8.4633422779e-04 10 6
3.2935514032e+03 1.5455000000e+06 1.6642714032e+03 8.4633422778e-04 10 6
3.2935598666e+03 1.5455100000e+06 1.6642798666e+03 8.4633422776e-04 10 6
3.2935683299e+03 1.5455200000e+06 1.6642883299e+03 8.4633422773e-04 10 6
3.2935767933e+03 1.5455300000e+06 1.6642967933e+03 8.4633422765e-04 10 6
3.2935852566e+03 1.5455400000e+06 1.6643052566e+03 8.4633422762e-04 10 6
3.2935939315e+03 1.5455500000e+06 1.6643139315e+03 8.7656045022e-04 10 6
3.2936026971e+03 1.5455600000e+06 1.6643226971e+03 8.7656045021e-04 10 6
3.2936114628e+03 1.5455700000e+06 1.6643314628e+03 8.7656045019e-04 10 6
3.2936202284e+03 1.5455800000e+06 1.6643402284e+03 8.7656045016e-04 10 6
3.2936289940e+03 1.5455900000e+06 1.6643489940e+03 8.7656045007e-04 10 6
3.2936377442e+03 1.5456000000e+06 1.6643577442e+03 8.6118219671e-04 10 6
3.2936463560e+03 1.5456100000e+06 1.6643663560e+03 8.6118219669e-04 10 6
3.2936549678e+03 1.5456200000e+06 1.6643749678e+03 8.6118219666e-04 10 6
3.2936635797e+03 1.5456300000e+06 1.6643835797e+03 8.6118219662e-04 10 6
3.2936721915e+03 1.5456400000e+06 1.6643921915e+03 8.6118219655e-04 10 6
3.2936808033e+03 1.5456500000e+06 1.6644008033e+03 8.6118219659e-04 10 6
3.2936894766e+03 1.5456600000e+06 1.6644094766e+03 8.7656045022e-04 10 6
3.2936982263e+03 1.5456700000e+06 1.6644182263e+03 8.7694106699e-04 10 6
3.2937069957e+03 1.5456800000e+06 1.6644269957e+03 8.7694106700e-04 10 6
3.2937157651e+03 1.5456900000e+06 1.6644357651e+03 8.7694106702e-04 10 6
3.2937245345e+03 1.5457000000e+06 1.6644445345e+03 8.7694106707e-04 10 6
3.2937333039e+03 1.5457100000e+06 1.6644533039e+03 8.7694106711e-04 10 6
3.2937420703e+03 1.5457200000e+06 1.6644620703e+03 8.7656045021e-04 10 6
3.2937508359e+03 1.5457300000e+06 1.6644708359e+03 8.7656045020e-04 10 6
3.2937596015e+03 1.5457400000e+06 1.6644796015e+03 8.7656045019e-04 10 6
3.2937683671e+03 1.5457500000e+06 1.6644883671e+03 8.7656045016e-04 10 6
3.2937771327e+03 1.5457600000e+06 1.6644971327e+03 8.7656045005e-04 10 6
3.2937859302e+03 1.5457700000e+06 1.6645059302e+03 8.9249791295e-04 10 6
3.2937948551e+03 1.5457800000e+06 1.6645148551e+03 8.9249791296e-04 10 6
3.2938037801e+03 1.5457900000e+06 1.6645237801e+03 8.9249791298e-04 10 6
3.2938127051e+03 1.5458000000e+06 1.6645327051e+03 8.9249791301e-04 10 6
3.2938216301e+03 1.5458100000e+06 1.6645416301e+03 8.9249791310e-04 10 6
3.2938305551e+03 1.5458200000e+06 1.6645505551e+03 8.9249791313e-04 10 6
3.2938395622e+03 1.5458300000e+06 1.6645595622e+03 9.0973917299e-04 10 6
3.2938486204e+03 1.5458400000e+06 1.6645686204e+03 9.1079700923e-04 10 6
3.2938577284e+03 1.5458500000e+06 1.6645777284e+03 9.1079700928e-04 10 6
3.2938668364e+03 1.5458600000e+06 1.6645868364e+03 9.1079700928e-04 10 6
3.2938759444e+03 1.5458700000e+06 1.6645959444e+03 9.1079700928e-04 10 6
3.2938850470e+03 1.5458800000e+06 1.6646050470e+03 9.0902565208e-04 10 6
3.2938941373e+03 1.5458900000e+06 1.6646141373e+03 9.0902565205e-04 10 6
3.2939032275e+03 1.5459000000e+06 1.6646232275e+03 9.0902565202e-04 10 6
3.2939123178e+03 1.5459100000e+06 1.6646323178e+03 9.0902565196e-04 10 6
3.2939214080e+03 1.5459200000e+06 1.6646414080e+03 9.0902565194e-04 10 6
3.2939304983e+03 1.5459300000e+06 1.6646504983e+03 9.0902565194e-04 10 6
3.2939398882e+03 1.5459400000e+06 1.6646598882e+03 9.4433741438e-04 10 6
3.2939491169e+03 1.5459500000e+06 1.6646691169e+03 9.2287520039e-04 10 6
3.2939583457e+03 1.5459600000e+06 1.6646783457e+03 9.2287520032e-04 10 6
3.2939675745e+03 1.5459700000e+06 1.6646875745e+03 9.2287520035e-04 10 6
3.2939768032e+03 1.5459800000e+06 1.6646968032e+03 9.2287520029e-04 10 6
3.2939861586e+03 1.5459900000e+06 1.6647061586e+03 9.4398817714e-04 10 6
3.2939955985e+03 1.5460000000e+06 1.6647155985e+03 9.4398817715e-04 10 6
3.2940050384e+03 1.5460100000e+06 1.6647250384e+03 9.4398817713e-04 10 6
3.2940144783e+03 1.5460200000e+06 1.6647344783e+03 9.4398817715e-04 10 6
3.2940234147e+03 1.5460300000e+06 1.6647434147e+03 8.8105563208e-04 10 6
3.2940321958e+03 1.5460400000e+06 1.6647521958e+03 8.6062298749e-04 10 6
3.2940408021e+03 1.5460500000e+06 1.6647608021e+03 8.6062298746e-04 10 6
3.2940494083e+03 1.5460600000e+06 1.6647694083e+03 8.6062298742e-04 10 6
3.2940580145e+03 1.5460700000e+06 1.6647780145e+03 8.6062298737e-04 10 6
3.2940666208e+03 1.5460800000e+06 1.6647866208e+03 8.6062298739e-04 10 6
3.2940752270e+03 1.5460900000e+06 1.6647952270e+03 8.6062298733e-04 10 6
3.2940839288e+03 1.5461000000e+06 1.6648039288e+03 8.7656045022e-04 10 6
3.2940926944e+03 1.5461100000e+06 1.6648126944e+03 8.7656045021e-04 10 6
3.2941014600e+03 1.5461200000e+06 1.6648214600e+03 8.7656045019e-04 10 6
3.2941102257e+03 1.5461300000e+06 1.6648302257e+03 8.7656045016e-04 10 6
3.2941189913e+03 1.5461400000e+06 1.6648389913e+03 8.7656045009e-04 10 6
3.2941277569e+03 1.5461500000e+06 1.6648477569e+03 8.7656045025e-04 10 6
3.2941368471e+03 1.5461600000e+06 1.6648568471e+03 9.0902565206e-04 10 6
3.2941459374e+03 1.5461700000e+06 1.6648659374e+03 9.0902565203e-04 10 6
3.2941550276e+03 1.5461800000e+06 1.6648750276e+03 9.0902565198e-04 10 6
3.2941641179e+03 1.5461900000e+06 1.6648841179e+03 9.0902565192e-04 10 6
3.2941732081e+03 1.5462000000e+06 1.6648932081e+03 9.0902565198e-04 10 6
3.2941825082e+03 1.5462100000e+06 1.6649025082e+03 9.4398817714e-04 10 6
3.2941919481e+03 1.5462200000e+06 1.6649119481e+03 9.4398817715e-04 10 6
3.2942013879e+03 1.5462300000e+06 1.6649213879e+03 9.4398817713e-04 10 6
3.2942108278e+03 1.5462400000e+06 1.6649308278e+03 9.4398817715e-04 10 6
3.2942202677e+03 1.5462500000e+06 1.6649402677e+03 9.4398817711e-04 10 6
3.2942298405e+03 1.5462600000e+06 1.6649498405e+03 9.8214056046e-04 10 6
3.2942396620e+03 1.5462700000e+06 1.6649596620e+03 9.8214056042e-04 10 6
3.2942494834e+03 1.5462800000e+06 1.6649694834e+03 9.8214056037e-04 10 6
3.2942593048e+03 1.5462900000e+06 1.6649793048e+03 9.8214056039e-04 10 6
3.2942691262e+03 1.5463000000e+06 1.6649891262e+03 9.8214056035e-04 10 6
3.2942789460e+03 1.5463100000e+06 1.6649989460e+03 9.8174770424e-04 10 6
3.2942887635e+03 1.5463200000e+06 1.6650087635e+03 9.8174770420e-04 10 6
3.2942985810e+03 1.5463300000e+06 1.6650185810e+03 9.8174770414e-04 10 6
3.2943083984e+03 1.5463400000e+06 1.6650283984e+03 9.8174770416e-04 10 6
3.2943182159e+03 1.5463500000e+06 1.6650382159e+03 9.8174770411e-04 10 6
3.2943269939e+03 1.5463600000e+06 1.6650469939e+03 9.6249774926e-04 10 6
3.2943366189e+03 1.5463700000e+06 1.6650566189e+03 9.6249774927e-04 10 6
3.2943462438e+03 1.5463800000e+06 1.6650662438e+03 9.6249774927e-04 10 6
3.2943556683e+03 1.5463900000e+06 1.6650756683e+03 9.2239367641e-04 10 6
3.2943648922e+03 1.5464000000e+06 1.6650848922e+03 9.2239367650e-04 10 6
3.2943741378e+03 1.5464100000e+06 1.6650941378e+03 9.4398817716e-04 10 6
3.2943837350e+03 1.5464200000e+06 1.6651037350e+03 9.6365459752e-04 10 6
3.2943933715e+03 1.5464300000e+06 1.6651133715e+03 9.6365459756e-04 10 6
3.2944030081e+03 1.5464400000e+06 1.6651230081e+03 9.6365459764e-04 10 6
3.2944126446e+03 1.5464500000e+06 1.6651326446e+03 9.6365459761e-04 10 6
3.2944222812e+03 1.5464600000e+06 1.6651422812e+03 9.6365459785e-04 10 6
3.2944322291e+03 1.5464700000e+06 1.6651522291e+03 9.7848608399e-04 10 6
3.2944420140e+03 1.5464800000e+06 1.6651620140e+03 9.7848608398e-04 10 6
3.2944517988e+03 1.5464900000e+06 1.6651717988e+03 9.7848608396e-04 10 6
3.2944615837e+03 1.5465000000e+06 1.6651815837e+03 9.7848608390e-04 10 6
3.2944705532e+03 1.5465100000e+06 1.6651905532e+03 8.1540506994e-04 10 6
3.2944800310e+03 1.5465200000e+06 1.6652000310e+03 9.6249774926e-04 10 6
3.2944896560e+03 1.5465300000e+06 1.6652096560e+03 9.6249774927e-04 10 6
3.2944992810e+03 1.5465400000e+06 1.6652192810e+03 9.6249774928e-04 10 6
3.2945089060e+03 1.5465500000e+06 1.6652289060e+03 9.6249774931e-04 10 6
3.2945185309e+03 1.5465600000e+06 1.6652385309e+03 9.6249774939e-04 10 6
3.2945284702e+03 1.5465700000e+06 1.6652484702e+03 1.0017833717e-03 10 6
3.2945384880e+03 1.5465800000e+06 1.6652584880e+03 1.0017833717e-03 10 6
3.2945485059e+03 1.5465900000e+06 1.6652685059e+03 1.0017833717e-03 10 6
3.2945585237e+03 1.5466000000e+06 1.6652785237e+03 1.0017833717e-03 10 6
3.2945685415e+03 1.5466100000e+06 1.6652885415e+03 1.0017833717e-03 10 6
3.2945787472e+03 1.5466200000e+06 1.6652987472e+03 1.0226538586e-03 10 6
3.2945889737e+03 1.5466300000e+06 1.6653089737e+03 1.0226538586e-03 10 6
3.2945992003e+03 1.5466400000e+06 1.6653192003e+03 1.0226538586e-03 10 6
3.2946094268e+03 1.5466500000e+06 1.6653294268e+03 1.0226538586e-03 10 6
3.2946196534e+03 1.5466600000e+06 1.6653396534e+03 1.0226538586e-03 10 6
3.2946298537e+03 1.5466700000e+06 1.6653498537e+03 9.9643196482e-04 10 6
3.2946396026e+03 1.5466800000e+06 1.6653596026e+03 9.6950137117e-04 10 6
3.2946492703e+03 1.5466900000e+06 1.6653692703e+03 9.7093766949e-04 10 6
3.2946587556e+03 1.5467000000e+06 1.6653787556e+03 8.9625015641e-04 10 6
3.2946677181e+03 1.5467100000e+06 1.6653877181e+03 8.9625015653e-04 10 6
3.2946773431e+03 1.5467200000e+06 1.6653973431e+03 9.6249774926e-04 10 6
3.2946869681e+03 1.5467300000e+06 1.6654069681e+03 9.6249774927e-04 10 6
3.2946965930e+03 1.5467400000e+06 1.6654165930e+03 9.6249774928e-04 10 6
3.2947062180e+03 1.5467500000e+06 1.6654262180e+03 9.6249774932e-04 10 6
3.2947158430e+03 1.5467600000e+06 1.6654358430e+03 9.6249774947e-04 10 6
3.2947256222e+03 1.5467700000e+06 1.6654456222e+03 9.8221188754e-04 10 6
3.2947354443e+03 1.5467800000e+06 1.6654554443e+03 9.8221188750e-04 10 6
3.2947452664e+03 1.5467900000e+06 1.6654652664e+03 9.8221188750e-04 10 6
3.2947550885e+03 1.5468000000e+06 1.6654750885e+03 9.8221188750e-04 10 6
3.2947649107e+03 1.5468100000e+06 1.6654849107e+03 9.8221188750e-04 10 6
3.2947747286e+03 1.5468200000e+06 1.6654947286e+03 9.8174770422e-04 10 6
3.2947845461e+03 1.5468300000e+06 1.6655045461e+03 9.8174770417e-04 10 6
3.2947943636e+03 1.5468400000e+06 1.6655143636e+03 9.8174770415e-04 10 6
3.2948041810e+03 1.5468500000e+06 1.6655241810e+03 9.8174770415e-04 10 6
3.2948132349e+03 1.5468600000e+06 1.6655332349e+03 8.7266462576e-04 10 6
3.2948221455e+03 1.5468700000e+06 1.6655421455e+03 8.7337758729e-04 10 6
3.2948308793e+03 1.5468800000e+06 1.6655508793e+03 8.7337758733e-04 10 6
3.2948395840e+03 1.5468900000e+06 1.6655595840e+03 8.4426500111e-04 10 6
3.2948480266e+03 1.5469000000e+06 1.6655680266e+03 8.4426500118e-04 10 6
3.2948564693e+03 1.5469100000e+06 1.6655764693e+03 8.4426500121e-04 10 6
3.2948649140e+03 1.5469200000e+06 1.6655849140e+03 8.4633422780e-04 10 6
3.2948733773e+03 1.5469300000e+06 1.6655933773e+03 8.4633422779e-04 10 6
3.2948818407e+03 1.5469400000e+06 1.6656018407e+03 8.4633422777e-04 10 6
3.2948903040e+03 1.5469500000e+06 1.6656103040e+03 8.4633422775e-04 10 6
3.2948987673e+03 1.5469600000e+06 1.6656187673e+03 8.4633422769e-04 10 6
3.2949072307e+03 1.5469700000e+06 1.6656272307e+03 8.4633422762e-04 10 6
3.2949156940e+03 1.5469800000e+06 1.6656356940e+03 8.4633422780e-04 10 6
3.2949241574e+03 1.5469900000e+06 1.6656441574e+03 8.4633422779e-04 10 6
3.2949326207e+03 1.5470000000e+06 1.6656526207e+03 8.4633422777e-04 10 6
3.2949410841e+03 1.5470100000e+06 1.6656610841e+03 8.4633422774e-04 10 6
3.2949495474e+03 1.5470200000e+06 1.6656695474e+03 8.4633422767e-04 10 6
3.2949580107e+03 1.5470300000e+06 1.6656780107e+03 8.4633422762e-04 10 6
3.2949667049e+03 1.5470400000e+06 1.6656867049e+03 8.9249791295e-04 10 6
3.2949756734e+03 1.5470500000e+06 1.6656956734e+03 9.1426615475e-04 10 6
3.2949848161e+03 1.5470600000e+06 1.6657048161e+03 9.1426615475e-04 10 6
3.2949939587e+03 1.5470700000e+06 1.6657139587e+03 9.1426615477e-04 10 6
3.2950031014e+03 1.5470800000e+06 1.6657231014e+03 9.1426615481e-04 10 6
3.2950122560e+03 1.5470900000e+06 1.6657322560e+03 9.2617707948e-04 10 6
3.2950215177e+03 1.5471000000e+06 1.6657415177e+03 9.2617707946e-04 10 6
3.2950307795e+03 1.5471100000e+06 1.6657507795e+03 9.2617707947e-04 10 6
3.2950400413e+03 1.5471200000e+06 1.6657600413e+03 9.2617707945e-04 10 6
3.2950493031e+03 1.5471300000e+06 1.6657693031e+03 9.2617707948e-04 10 6
3.2950585648e+03 1.5471400000e+06 1.6657785648e+03 9.2617707939e-04 10 6
3.2950678266e+03 1.5471500000e+06 1.6657878266e+03 9.2617707946e-04 10 6
3.2950770884e+03 1.5471600000e+06 1.6657970884e+03 9.2617707946e-04 10 6
3.2950863872e+03 1.5471700000e+06 1.6658063872e+03 9.6322416264e-04 10 6
3.2950960194e+03 1.5471800000e+06 1.6658160194e+03 9.6322416263e-04 10 6
3.2951056517e+03 1.5471900000e+06 1.6658256517e+03 9.6322416257e-04 10 6
3.2951141169e+03 1.5472000000e+06 1.6658341169e+03 9.0765353788e-04 10 6
3.2951231935e+03 1.5472100000e+06 1.6658431935e+03 9.0765353785e-04 10 6
3.2951324908e+03 1.5472200000e+06 1.6658524908e+03 9.3218471452e-04 10 6
3.2951418126e+03 1.5472300000e+06 1.6658618126e+03 9.3218471444e-04 10 6
3.2951511345e+03 1.5472400000e+06 1.6658711345e+03 9.3218471440e-04 10 6
3.2951605169e+03 1.5472500000e+06 1.6658805169e+03 9.6249774926e-04 10 6
3.2951700164e+03 1.5472600000e+06 1.6658900164e+03 9.4157388516e-04 10 6
3.2951792794e+03 1.5472700000e+06 1.6658992794e+03 9.1612594235e-04 10 6
3.2951884407e+03 1.5472800000e+06 1.6659084407e+03 9.1612594241e-04 10 6
3.2951971855e+03 1.5472900000e+06 1.6659171855e+03 8.7448385406e-04 10 6
3.2952059304e+03 1.5473000000e+06 1.6659259304e+03 8.7448385405e-04 10 6
3.2952148011e+03 1.5473100000e+06 1.6659348011e+03 8.7428366984e-04 10 6
3.2952235439e+03 1.5473200000e+06 1.6659435439e+03 8.7428366983e-04 10 6
3.2952322868e+03 1.5473300000e+06 1.6659522868e+03 8.7428366981e-04 10 6
3.2952410296e+03 1.5473400000e+06 1.6659610296e+03 8.7428366978e-04 10 6
3.2952497724e+03 1.5473500000e+06 1.6659697724e+03 8.7428366967e-04 10 6
3.2952585198e+03 1.5473600000e+06 1.6659785198e+03 8.7656045022e-04 10 6
3.2952674372e+03 1.5473700000e+06 1.6659874372e+03 8.9341738194e-04 10 6
3.2952763713e+03 1.5473800000e+06 1.6659963713e+03 8.9341738191e-04 10 6
3.2952853055e+03 1.5473900000e+06 1.6660053055e+03 8.9341738186e-04 10 6
3.2952942397e+03 1.5474000000e+06 1.6660142397e+03 8.9341738180e-04 10 6
3.2953031739e+03 1.5474100000e+06 1.6660231739e+03 8.9341738180e-04 10 6
3.2953122173e+03 1.5474200000e+06 1.6660322173e+03 9.0902565207e-04 10 6
3.2953215052e+03 1.5474300000e+06 1.6660415052e+03 9.2878707926e-04 10 6
3.2953307930e+03 1.5474400000e+06 1.6660507930e+03 9.2878707922e-04 10 6
3.2953400809e+03 1.5474500000e+06 1.6660600809e+03 9.2878707916e-04 10 6
3.2953493688e+03 1.5474600000e+06 1.6660693688e+03 9.2878707911e-04 10 6
3.2953587174e+03 1.5474700000e+06 1.6660787174e+03 9.4398817715e-04 10 6
3.2953681573e+03 1.5474800000e+06 1.6660881573e+03 9.4398817714e-04 10 6
3.2953775972e+03 1.5474900000e+06 1.6660975972e+03 9.4398817715e-04 10 6
3.2953870371e+03 1.5475000000e+06 1.6661070371e+03 9.4398817713e-04 10 6
3.2953964770e+03 1.5475100000e+06 1.6661164770e+03 9.4398817717e-04 10 6
3.2954059169e+03 1.5475200000e+06 1.6661259169e+03 9.4398817715e-04 10 6
3.2954153567e+03 1.5475300000e+06 1.6661353567e+03 9.4398817715e-04 10 6
3.2954247966e+03 1.5475400000e+06 1.6661447966e+03 9.4398817713e-04 10 6
3.2954342365e+03 1.5475500000e+06 1.6661542365e+03 9.4398817715e-04 10 6
3.2954436764e+03 1.5475600000e+06 1.6661636764e+03 9.4398817712e-04 10 6
3.2954531163e+03 1.5475700000e+06 1.6661731163e+03 9.4398817737e-04 10 6
3.2954627412e+03 1.5475800000e+06 1.6661827412e+03 9.6249774926e-04 10 6
3.2954723662e+03 1.5475900000e+06 1.6661923662e+03 9.6249774927e-04 10 6
3.2954819912e+03 1.5476000000e+06 1.6662019912e+03 9.6249774928e-04 10 6
3.2954916162e+03 1.5476100000e+06 1.6662116162e+03 9.6249774932e-04 10 6
3.2955012411e+03 1.5476200000e+06 1.6662212411e+03 9.6249774947e-04 10 6
3.2955110394e+03 1.5476300000e+06 1.6662310394e+03 9.8174770422e-04 10 6
3.2955208569e+03 1.5476400000e+06 1.6662408569e+03 9.8174770417e-04 10 6
3.2955306743e+03 1.5476500000e+06 1.6662506743e+03 9.8174770415e-04 10 6
3.2955404918e+03 1.5476600000e+06 1.6662604918e+03 9.8174770415e-04 10 6
3.2955503093e+03 1.5476700000e+06 1.6662703093e+03 9.8174770415e-04 10 6
3.2955603813e+03 1.5476800000e+06 1.6662803813e+03 9.9992821729e-04 10 6
3.2955704139e+03 1.5476900000e+06 1.6662904139e+03 1.0332591578e-03 10 6
3.2955807465e+03 1.5477000000e+06 1.6663007465e+03 1.0332591578e-03 10 6
3.2955910791e+03 1.5477100000e+06 1.6663110791e+03 1.0332591579e-03 10 6
3.2956014228e+03 1.5477200000e+06 1.6663214228e+03 1.0444124513e-03 10 6
3.2956118670e+03 1.5477300000e+06 1.6663318670e+03 1.0444124513e-03 10 6
3.2956223111e+03 1.5477400000e+06 1.6663423111e+03 1.0444124513e-03 10 6
3.2956327552e+03 1.5477500000e+06 1.6663527552e+03 1.0444124512e-03 10 6
3.2956431993e+03 1.5477600000e+06 1.6663631993e+03 1.0444124511e-03 10 6
3.2956536435e+03 1.5477700000e+06 1.6663736435e+03 1.0444124513e-03 10 6
3.2956640876e+03 1.5477800000e+06 1.6663840876e+03 1.0444124513e-03 10 6
3.2956741139e+03 1.5477900000e+06 1.6663941139e+03 9.3997120614e-04 10 6
3.2956831883e+03 1.5478000000e+06 1.6664031883e+03 9.0381846738e-04 10 6
3.2956917243e+03 1.5478100000e+06 1.6664117243e+03 8.5360633031e-04 10 6
3.2957003382e+03 1.5478200000e+06 1.6664203382e+03 8.9249791295e-04 10 6
3.2957092632e+03 1.5478300000e+06 1.6664292632e+03 8.9249791296e-04 10 6
3.2957181881e+03 1.5478400000e+06 1.6664381881e+03 8.9249791298e-04 10 6
3.2957271131e+03 1.5478500000e+06 1.6664471131e+03 8.9249791301e-04 10 6
3.2957360381e+03 1.5478600000e+06 1.6664560381e+03 8.9249791310e-04 10 6
3.2957449631e+03 1.5478700000e+06 1.6664649631e+03 8.9249791313e-04 10 6
3.2957538881e+03 1.5478800000e+06 1.6664738881e+03 8.9249791296e-04 10 6
3.2957628130e+03 1.5478900000e+06 1.6664828130e+03 8.9249791297e-04 10 6
3.2957696709e+03 1.5479000000e+06 1.6664896709e+03 2.7057085410e-04 10 6
3.2957748465e+03 1.5479100000e+06 1.6664948465e+03 6.6307420972e-04 10 6
3.2957823758e+03 1.5479200000e+06 1.6665023758e+03 7.9733940732e-04 10 6
3.2957907745e+03 1.5479300000e+06 1.6665107745e+03 8.5049536779e-04 10 6
3.2957995065e+03 1.5479400000e+06 1.6665195065e+03 9.2617707947e-04 10 6
3.2958089573e+03 1.5479500000e+06 1.6665289573e+03 9.4507865253e-04 10 6
3.2958184081e+03 1.5479600000e+06 1.6665384081e+03 9.4507865257e-04 10 6
3.2958278588e+03 1.5479700000e+06 1.6665478588e+03 9.4507865265e-04 10 6
3.2958373096e+03 1.5479800000e+06 1.6665573096e+03 9.4507865265e-04 10 6
3.2958467778e+03 1.5479900000e+06 1.6665667778e+03 9.6249774926e-04 10 6
3.2958564028e+03 1.5480000000e+06 1.6665764028e+03 9.6249774926e-04 10 6
3.2958656823e+03 1.5480100000e+06 1.6665856823e+03 9.1313889036e-04 10 6
3.2958748137e+03 1.5480200000e+06 1.6665948137e+03 9.1313889039e-04 10 6
3.2958835715e+03 1.5480300000e+06 1.6666035715e+03 8.7163257717e-04 10 6
3.2958918036e+03 1.5480400000e+06 1.6666118036e+03 7.7478451312e-04 10 6
3.2958999807e+03 1.5480500000e+06 1.6666199807e+03 8.4633422779e-04 10 6
3.2959083536e+03 1.5480600000e+06 1.6666283536e+03 8.0991984729e-04 10 6
3.2959164528e+03 1.5480700000e+06 1.6666364528e+03 8.0991984734e-04 10 6
3.2959243206e+03 1.5480800000e+06 1.6666443206e+03 7.8677928033e-04 10 6
3.2959321884e+03 1.5480900000e+06 1.6666521884e+03 7.8677928036e-04 10 6
3.2959400562e+03 1.5481000000e+06 1.6666600562e+03 7.8677928036e-04 10 6
3.2959480807e+03 1.5481100000e+06 1.6666680807e+03 8.1812308687e-04 10 6
3.2959562620e+03 1.5481200000e+06 1.6666762620e+03 8.1812308686e-04 10 6
3.2959644001e+03 1.5481300000e+06 1.6666844001e+03 7.9659353193e-04 10 6
3.2959723661e+03 1.5481400000e+06 1.6666923661e+03 7.9659353193e-04 10 6
3.2959803320e+03 1.5481500000e+06 1.6667003320e+03 7.9659353191e-04 10 6
3.2959882979e+03 1.5481600000e+06 1.6667082979e+03 7.9659353183e-04 10 6
3.2959963500e+03 1.5481700000e+06 1.6667163500e+03 8.1812308687e-04 10 6
3.2960043997e+03 1.5481800000e+06 1.6667243997e+03 8.0351374601e-04 10 6
3.2960124349e+03 1.5481900000e+06 1.6667324349e+03 8.0351374596e-04 10 6
3.2960203696e+03 1.5482000000e+06 1.6667403696e+03 7.7840394141e-04 10 6
3.2960281536e+03 1.5482100000e+06 1.6667481536e+03 7.7840394148e-04 10 6
3.2960359377e+03 1.5482200000e+06 1.6667559377e+03 7.7840394144e-04 10 6
3.2960438011e+03 1.5482300000e+06 1.6667638011e+03 8.1812308687e-04 10 6
3.2960520884e+03 1.5482400000e+06 1.6667720884e+03 8.3327351443e-04 10 6
3.2960604211e+03 1.5482500000e+06 1.6667804211e+03 8.3327351444e-04 10 6
3.2960687539e+03 1.5482600000e+06 1.6667887539e+03 8.3327351444e-04 10 6
3.2960770866e+03 1.5482700000e+06 1.6667970866e+03 8.3327351444e-04 10 6
3.2960854194e+03 1.5482800000e+06 1.6668054194e+03 8.3327351444e-04 10 6
3.2960937482e+03 1.5482900000e+06 1.6668137482e+03 8.3198957987e-04 10 6
3.2961019881e+03 1.5483000000e+06 1.6668219881e+03 8.1598978025e-04 10 6
3.2961101480e+03 1.5483100000e+06 1.6668301480e+03 8.1598978026e-04 10 6
3.2961183079e+03 1.5483200000e+06 1.6668383079e+03 8.1598978027e-04 10 6
3.2961264678e+03 1.5483300000e+06 1.6668464678e+03 8.1598978030e-04 10 6
3.2961343557e+03 1.5483400000e+06 1.6668543557e+03 7.4799063193e-04 10 6
3.2961419491e+03 1.5483500000e+06 1.6668619491e+03 8.0471123299e-04 10 6
3.2961499962e+03 1.5483600000e+06 1.6668699962e+03 8.0471123302e-04 10 6
3.2961578955e+03 1.5483700000e+06 1.6668778955e+03 7.8828855481e-04 10 6
3.2961659488e+03 1.5483800000e+06 1.6668859488e+03 8.0959365088e-04 10 6
3.2961740448e+03 1.5483900000e+06 1.6668940448e+03 8.0959365084e-04 10 6
3.2961821407e+03 1.5484000000e+06 1.6669021407e+03 8.0959365073e-04 10 6
3.2961902452e+03 1.5484100000e+06 1.6669102452e+03 8.1812308687e-04 10 6
3.2961984264e+03 1.5484200000e+06 1.6669184264e+03 8.1812308686e-04 10 6
3.2962066076e+03 1.5484300000e+06 1.6669266076e+03 8.1812308686e-04 10 6
3.2962147625e+03 1.5484400000e+06 1.6669347625e+03 7.9173201952e-04 10 6
3.2962226798e+03 1.5484500000e+06 1.6669426798e+03 7.9173201954e-04 10 6
3.2962305971e+03 1.5484600000e+06 1.6669505971e+03 7.9173201960e-04 10 6
3.2962385144e+03 1.5484700000e+06 1.6669585144e+03 7.9173201948e-04 10 6
3.2962469778e+03 1.5484800000e+06 1.6669669778e+03 8.4633422779e-04 10 6
3.2962553449e+03 1.5484900000e+06 1.6669753449e+03 8.2709935897e-04 10 6
3.2962636159e+03 1.5485000000e+06 1.6669836159e+03 8.2709935897e-04 10 6
3.2962718869e+03 1.5485100000e+06 1.6669918869e+03 8.2709935898e-04 10 6
3.2962801579e+03 1.5485200000e+06 1.6670001579e+03 8.2709935900e-04 10 6
3.2962884630e+03 1.5485300000e+06 1.6670084630e+03 8.6118219671e-04 10 6
3.2962970748e+03 1.5485400000e+06 1.6670170748e+03 8.6118219669e-04 10 6
3.2963056866e+03 1.5485500000e+06 1.6670256866e+03 8.6118219666e-04 10 6
3.2963142985e+03 1.5485600000e+06 1.6670342985e+03 8.6118219662e-04 10 6
3.2963226856e+03 1.5485700000e+06 1.6670426856e+03 8.2373949241e-04 10 6
3.2963309230e+03 1.5485800000e+06 1.6670509230e+03 8.2373949249e-04 10 6
3.2963392282e+03 1.5485900000e+06 1.6670592282e+03 8.4633422780e-04 10 6
3.2963480770e+03 1.5486000000e+06 1.6670680770e+03 8.9760937893e-04 10 6
3.2963572372e+03 1.5486100000e+06 1.6670772372e+03 9.2062500403e-04 10 6
3.2963664435e+03 1.5486200000e+06 1.6670864435e+03 9.2062500403e-04 10 6
3.2963756497e+03 1.5486300000e+06 1.6670956497e+03 9.2062500403e-04 10 6
3.2963848560e+03 1.5486400000e+06 1.6671048560e+03 9.2062500403e-04 10 6
3.2963939578e+03 1.5486500000e+06 1.6671139578e+03 9.0902565206e-04 10 6
3.2964030481e+03 1.5486600000e+06 1.6671230481e+03 9.0902565204e-04 10 6
3.2964119244e+03 1.5486700000e+06 1.6671319244e+03 8.8228960345e-04 10 6
3.2964204650e+03 1.5486800000e+06 1.6671404650e+03 8.4699801929e-04 10 6
3.2964285397e+03 1.5486900000e+06 1.6671485397e+03 7.9053148465e-04 10 6
3.2964365279e+03 1.5487000000e+06 1.6671565279e+03 8.3198957986e-04 10 6
3.2964448478e+03 1.5487100000e+06 1.6671648478e+03 8.3198957986e-04 10 6
3.2964531677e+03 1.5487200000e+06 1.6671731677e+03 8.3198957986e-04 10 6
3.2964614876e+03 1.5487300000e+06 1.6671814876e+03 8.3198957986e-04 10 6
3.2964698075e+03 1.5487400000e+06 1.6671898075e+03 8.3198957986e-04 10 6
3.2964781274e+03 1.5487500000e+06 1.6671981274e+03 8.3198957986e-04 10 6
3.2964864473e+03 1.5487600000e+06 1.6672064473e+03 8.3198957987e-04 10 6
3.2964947672e+03 1.5487700000e+06 1.6672147672e+03 8.3198957986e-04 10 6
3.2965030871e+03 1.5487800000e+06 1.6672230871e+03 8.3198957987e-04 10 6
3.2965114070e+03 1.5487900000e+06 1.6672314070e+03 8.3198957986e-04 10 6
3.2965197269e+03 1.5488000000e+06 1.6672397269e+03 8.3198957988e-04 10 6
3.2965280468e+03 1.5488100000e+06 1.6672480468e+03 8.3198957983e-04 10 6
3.2965364241e+03 1.5488200000e+06 1.6672564241e+03 8.4633422780e-04 10 6
3.2965448874e+03 1.5488300000e+06 1.6672648874e+03 8.4633422778e-04 10 6
3.2965533508e+03 1.5488400000e+06 1.6672733508e+03 8.4633422777e-04 10 6
3.2965618141e+03 1.5488500000e+06 1.6672818141e+03 8.4633422774e-04 10 6
3.2965702774e+03 1.5488600000e+06 1.6672902774e+03 8.4633422766e-04 10 6
3.2965787408e+03 1.5488700000e+06 1.6672987408e+03 8.4633422766e-04 10 6
3.2965873855e+03 1.5488800000e+06 1.6673073855e+03 8.7656045022e-04 10 6
3.2965961511e+03 1.5488900000e+06 1.6673161511e+03 8.7656045021e-04 10 6
3.2966051243e+03 1.5489000000e+06 1.6673251243e+03 8.9962783045e-04 10 6
3.2966141206e+03 1.5489100000e+06 1.6673341206e+03 8.9962783045e-04 10 6
3.2966228598e+03 1.5489200000e+06 1.6673428598e+03 8.3536869967e-04 10 6
3.2966312135e+03 1.5489300000e+06 1.6673512135e+03 8.3536869943e-04 10 6
3.2966398922e+03 1.5489400000e+06 1.6673598922e+03 8.2466807156e-04 10 6
3.2966478155e+03 1.5489500000e+06 1.6673678155e+03 7.7346202108e-04 10 6
3.2966554568e+03 1.5489600000e+06 1.6673754568e+03 7.5285135676e-04 10 6
3.2966629684e+03 1.5489700000e+06 1.6673829684e+03 7.5358728183e-04 10 6
3.2966701903e+03 1.5489800000e+06 1.6673901903e+03 7.2218781173e-04 10 6
3.2966774121e+03 1.5489900000e+06 1.6673974121e+03 7.2218781161e-04 10 6
3.2966847426e+03 1.5490000000e+06 1.6674047426e+03 7.4409515831e-04 10 6
3.2966920615e+03 1.5490100000e+06 1.6674120615e+03 7.3189687705e-04 10 6
3.2966993805e+03 1.5490200000e+06 1.6674193805e+03 7.3189687708e-04 10 6
3.2967066995e+03 1.5490300000e+06 1.6674266995e+03 7.3189687713e-04 10 6
3.2967140184e+03 1.5490400000e+06 1.6674340184e+03 7.3189687714e-04 10 6
3.2967213374e+03 1.5490500000e+06 1.6674413374e+03 7.3189687714e-04 10 6
3.2967286564e+03 1.5490600000e+06 1.6674486564e+03 7.3189687714e-04 10 6
3.2967360820e+03 1.5490700000e+06 1.6674560820e+03 7.4374826078e-04 10 6
3.2967435195e+03 1.5490800000e+06 1.6674635195e+03 7.4374826075e-04 10 6
3.2967509570e+03 1.5490900000e+06 1.6674709570e+03 7.4374826071e-04 10 6
3.2967583945e+03 1.5491000000e+06 1.6674783945e+03 7.4374826067e-04 10 6
3.2967658319e+03 1.5491100000e+06 1.6674858319e+03 7.4374826067e-04 10 6
3.2967732694e+03 1.5491200000e+06 1.6674932694e+03 7.4374826067e-04 10 6
3.2967807412e+03 1.5491300000e+06 1.6675007412e+03 7.5519054172e-04 10 6
3.2967882931e+03 1.5491400000e+06 1.6675082931e+03 7.5519054169e-04 10 6
3.2967958450e+03 1.5491500000e+06 1.6675158450e+03 7.5519054167e-04 10 6
3.2968033969e+03 1.5491600000e+06 1.6675233969e+03 7.5519054166e-04 10 6
3.2968109489e+03 1.5491700000e+06 1.6675309489e+03 7.5519054168e-04 10 6
3.2968185008e+03 1.5491800000e+06 1.6675385008e+03 7.5519054165e-04 10 6
3.2968260527e+03 1.5491900000e+06 1.6675460527e+03 7.5519054174e-04 10 6
3.2968336990e+03 1.5492000000e+06 1.6675536990e+03 7.6699039395e-04 10 6
3.2968413689e+03 1.5492100000e+06 1.6675613689e+03 7.6699039395e-04 10 6
3.2968490388e+03 1.5492200000e+06 1.6675690388e+03 7.6699039396e-04 10 6
3.2968567087e+03 1.5492300000e+06 1.6675767087e+03 7.6699039398e-04 10 6
3.2968643786e+03 1.5492400000e+06 1.6675843786e+03 7.6699039402e-04 10 6
3.2968720485e+03 1.5492500000e+06 1.6675920485e+03 7.6699039417e-04 10 6
3.2968798174e+03 1.5492600000e+06 1.6675998174e+03 7.9173201956e-04 10 6
3.2968877347e+03 1.5492700000e+06 1.6676077347e+03 7.9173201957e-04 10 6
3.2968956520e+03 1.5492800000e+06 1.6676156520e+03 7.9173201960e-04 10 6
3.2969035693e+03 1.5492900000e+06 1.6676235693e+03 7.9173201964e-04 10 6
3.2969114866e+03 1.5493000000e+06 1.6676314866e+03 7.9173201972e-04 10 6
3.2969194040e+03 1.5493100000e+06 1.6676394040e+03 7.9173201968e-04 10 6
3.2969273472e+03 1.5493200000e+06 1.6676473472e+03 8.0471123299e-04 10 6
3.2969353944e+03 1.5493300000e+06 1.6676553944e+03 8.0471123302e-04 10 6
3.2969436091e+03 1.5493400000e+06 1.6676636091e+03 8.2147605035e-04 10 6
3.2969518239e+03 1.5493500000e+06 1.6676718239e+03 8.2147605031e-04 10 6
3.2969600386e+03 1.5493600000e+06 1.6676800386e+03 8.2147605029e-04 10 6
3.2969682534e+03 1.5493700000e+06 1.6676882534e+03 8.2147605033e-04 10 6
3.2969764892e+03 1.5493800000e+06 1.6676964892e+03 8.3198957986e-04 10 6
3.2969848091e+03 1.5493900000e+06 1.6677048091e+03 8.3198957986e-04 10 6
3.2969931290e+03 1.5494000000e+06 1.6677131290e+03 8.3198957986e-04 10 6
3.2970014489e+03 1.5494100000e+06 1.6677214489e+03 8.3198957986e-04 10 6
3.2970097688e+03 1.5494200000e+06 1.6677297688e+03 8.3198957986e-04 10 6
3.2970180887e+03 1.5494300000e+06 1.6677380887e+03 8.3198957986e-04 10 6
3.2970264961e+03 1.5494400000e+06 1.6677464961e+03 8.6118219670e-04 10 6
3.2970349780e+03 1.5494500000e+06 1.6677549780e+03 8.4493347602e-04 10 6
3.2970434273e+03 1.5494600000e+06 1.6677634273e+03 8.4493347603e-04 10 6
3.2970518766e+03 1.5494700000e+06 1.6677718766e+03 8.4493347607e-04 10 6
3.2970603260e+03 1.5494800000e+06 1.6677803260e+03 8.4493347615e-04 10 6
3.2970687753e+03 1.5494900000e+06 1.6677887753e+03 8.4493347617e-04 10 6
3.2970773828e+03 1.5495000000e+06 1.6677973828e+03 8.7656045022e-04 10 6
3.2970861484e+03 1.5495100000e+06 1.6678061484e+03 8.7656045021e-04 10 6
3.2970947975e+03 1.5495200000e+06 1.6678147975e+03 8.5280885229e-04 10 6
3.2971033256e+03 1.5495300000e+06 1.6678233256e+03 8.5280885224e-04 10 6
3.2971118537e+03 1.5495400000e+06 1.6678318537e+03 8.5280885220e-04 10 6
3.2971203817e+03 1.5495500000e+06 1.6678403817e+03 8.5280885211e-04 10 6
3.2971293596e+03 1.5495600000e+06 1.6678493596e+03 9.0902565207e-04 10 6
3.2971385828e+03 1.5495700000e+06 1.6678585828e+03 9.3119700944e-04 10 6
3.2971480811e+03 1.5495800000e+06 1.6678680811e+03 9.6223690976e-04 10 6
3.2971577034e+03 1.5495900000e+06 1.6678777034e+03 9.6223690974e-04 10 6
3.2971673258e+03 1.5496000000e+06 1.6678873258e+03 9.6223690962e-04 10 6
3.2971769497e+03 1.5496100000e+06 1.6678969497e+03 9.6249774926e-04 10 6
3.2971869449e+03 1.5496200000e+06 1.6679069449e+03 1.0096130237e-03 10 6
3.2971970410e+03 1.5496300000e+06 1.6679170410e+03 1.0096130238e-03 10 6
3.2972071372e+03 1.5496400000e+06 1.6679271372e+03 1.0096130238e-03 10 6
3.2972165343e+03 1.5496500000e+06 1.6679365343e+03 9.3195048366e-04 10 6
3.2972261893e+03 1.5496600000e+06 1.6679461893e+03 9.8091288478e-04 10 6
3.2972359985e+03 1.5496700000e+06 1.6679559985e+03 9.8091288482e-04 10 6
3.2972458076e+03 1.5496800000e+06 1.6679658076e+03 9.8091288486e-04 10 6
3.2972556167e+03 1.5496900000e+06 1.6679756167e+03 9.8091288489e-04 10 6
3.2972654259e+03 1.5497000000e+06 1.6679854259e+03 9.8091288482e-04 10 6
3.2972754854e+03 1.5497100000e+06 1.6679954854e+03 1.0226538586e-03 10 6
3.2972855124e+03 1.5497200000e+06 1.6680055124e+03 9.9771108156e-04 10 6
3.2972954895e+03 1.5497300000e+06 1.6680154895e+03 9.9771108150e-04 10 6
3.2973054667e+03 1.5497400000e+06 1.6680254667e+03 9.9771108148e-04 10 6
3.2973154438e+03 1.5497500000e+06 1.6680354438e+03 9.9771108148e-04 10 6
3.2973255384e+03 1.5497600000e+06 1.6680455384e+03 1.0240452244e-03 10 6
3.2973357789e+03 1.5497700000e+06 1.6680557789e+03 1.0240452244e-03 10 6
3.2973460193e+03 1.5497800000e+06 1.6680660193e+03 1.0240452245e-03 10 6
3.2973562598e+03 1.5497900000e+06 1.6680762598e+03 1.0240452245e-03 10 6
3.2973658175e+03 1.5498000000e+06 1.6680858175e+03 8.5337102049e-04 10 6
3.2973755386e+03 1.5498100000e+06 1.6680955386e+03 1.0017833717e-03 10 6
3.2973855564e+03 1.5498200000e+06 1.6681055564e+03 1.0017833717e-03 10 6
3.2973955742e+03 1.5498300000e+06 1.6681155742e+03 1.0017833717e-03 10 6
3.2974055921e+03 1.5498400000e+06 1.6681255921e+03 1.0017833717e-03 10 6
3.2974156099e+03 1.5498500000e+06 1.6681356099e+03 1.0017833717e-03 10 6
3.2974256277e+03 1.5498600000e+06 1.6681456277e+03 1.0017833717e-03 10 6
3.2974354202e+03 1.5498700000e+06 1.6681554202e+03 9.7673878744e-04 10 6
3.2974451875e+03 1.5498800000e+06 1.6681651875e+03 9.7673878748e-04 10 6
3.2974549549e+03 1.5498900000e+06 1.6681749549e+03 9.7673878759e-04 10 6
3.2974647223e+03 1.5499000000e+06 1.6681847223e+03 9.7673878759e-04 10 6
3.2974745348e+03 1.5499100000e+06 1.6681945348e+03 9.8174770422e-04 10 6
3.2974842432e+03 1.5499200000e+06 1.6682042432e+03 9.5447693464e-04 10 6
3.2974937879e+03 1.5499300000e+06 1.6682137879e+03 9.5447693467e-04 10 6
3.2975033327e+03 1.5499400000e+06 1.6682233327e+03 9.5447693474e-04 10 6
3.2975128775e+03 1.5499500000e+06 1.6682328775e+03 9.5447693472e-04 10 6
3.2975224864e+03 1.5499600000e+06 1.6682424864e+03 9.6249774926e-04 10 6
3.2975321114e+03 1.5499700000e+06 1.6682521114e+03 9.6249774927e-04 10 6
3.2975417364e+03 1.5499800000e+06 1.6682617364e+03 9.6249774928e-04 10 6
3.2975513614e+03 1.5499900000e+06 1.6682713614e+03 9.6249774931e-04 10 6
3.2975609863e+03 1.5500000000e+06 1.6682809863e+03 9.6249774947e-04 10 6
3.2975706113e+03 1.5500100000e+06 1.6682906113e+03 9.6249774926e-04 10 6
3.2975802363e+03 1.5500200000e+06 1.6683002363e+03 9.6249774927e-04 10 6
3.2975898613e+03 1.5500300000e+06 1.6683098613e+03 9.6249774928e-04 10 6
3.2975994862e+03 1.5500400000e+06 1.6683194862e+03 9.6249774930e-04 10 6
3.2976091112e+03 1.5500500000e+06 1.6683291112e+03 9.6249774942e-04 10 6
3.2976185489e+03 1.5500600000e+06 1.6683385489e+03 8.6999302243e-04 10 6
3.2976271220e+03 1.5500700000e+06 1.6683471220e+03 8.5186816777e-04 10 6
3.2976354537e+03 1.5500800000e+06 1.6683554537e+03 8.3109089542e-04 10 6
3.2976437646e+03 1.5500900000e+06 1.6683637646e+03 8.3109089541e-04 10 6
3.2976520755e+03 1.5501000000e+06 1.6683720755e+03 8.3109089543e-04 10 6
3.2976603864e+03 1.5501100000e+06 1.6683803864e+03 8.3109089534e-04 10 6
3.2976687437e+03 1.5501200000e+06 1.6683887437e+03 8.3122111658e-04 10 6
3.2976770559e+03 1.5501300000e+06 1.6683970559e+03 8.3122111657e-04 10 6
3.2976853681e+03 1.5501400000e+06 1.6684053681e+03 8.3122111654e-04 10 6
3.2976936803e+03 1.5501500000e+06 1.6684136803e+03 8.3122111650e-04 10 6
3.2977019925e+03 1.5501600000e+06 1.6684219925e+03 8.3122111641e-04 10 6
3.2977103048e+03 1.5501700000e+06 1.6684303048e+03 8.3122111641e-04 10 6
3.2977190250e+03 1.5501800000e+06 1.6684390250e+03 8.7656045021e-04 10 6
3.2977279333e+03 1.5501900000e+06 1.6684479333e+03 8.9694557694e-04 10 6
3.2977368707e+03 1.5502000000e+06 1.6684568707e+03 8.6491180627e-04 10 6
3.2977455199e+03 1.5502100000e+06 1.6684655199e+03 8.6491180627e-04 10 6
3.2977540729e+03 1.5502200000e+06 1.6684740729e+03 7.6881049447e-04 10 6
3.2977619160e+03 1.5502300000e+06 1.6684819160e+03 8.4633422780e-04 10 6
3.2977700851e+03 1.5502400000e+06 1.6684900851e+03 7.8451351773e-04 10 6
3.2977779302e+03 1.5502500000e+06 1.6684979302e+03 7.8451351771e-04 10 6
3.2977857508e+03 1.5502600000e+06 1.6685057508e+03 7.5999747024e-04 10 6
3.2977933508e+03 1.5502700000e+06 1.6685133508e+03 7.5999747029e-04 10 6
3.2978009508e+03 1.5502800000e+06 1.6685209508e+03 7.5999747037e-04 10 6
3.2978085508e+03 1.5502900000e+06 1.6685285508e+03 7.5999747037e-04 10 6
3.2978163232e+03 1.5503000000e+06 1.6685363232e+03 7.7916484466e-04 10 6
3.2978241149e+03 1.5503100000e+06 1.6685441149e+03 7.7916484469e-04 10 6
3.2978319065e+03 1.5503200000e+06 1.6685519065e+03 7.7916484474e-04 10 6
3.2978396982e+03 1.5503300000e+06 1.6685596982e+03 7.7916484473e-04 10 6
3.2978474898e+03 1.5503400000e+06 1.6685674898e+03 7.7916484476e-04 10 6
3.2978552815e+03 1.5503500000e+06 1.6685752815e+03 7.7916484470e-04 10 6
3.2978630731e+03 1.5503600000e+06 1.6685830731e+03 7.7916484465e-04 10 6
3.2978708648e+03 1.5503700000e+06 1.6685908648e+03 7.7916484468e-04 10 6
3.2978786564e+03 1.5503800000e+06 1.6685986564e+03 7.7916484472e-04 10 6
3.2978864481e+03 1.5503900000e+06 1.6686064481e+03 7.7916484474e-04 10 6
3.2978942397e+03 1.5504000000e+06 1.6686142397e+03 7.7916484474e-04 10 6
3.2979020314e+03 1.5504100000e+06 1.6686220314e+03 7.7916484474e-04 10 6
3.2979098997e+03 1.5504200000e+06 1.6686298997e+03 8.0471123299e-04 10 6
3.2979180241e+03 1.5504300000e+06 1.6686380241e+03 8.2018644904e-04 10 6
3.2979262260e+03 1.5504400000e+06 1.6686462260e+03 8.2018644908e-04 10 6
3.2979344279e+03 1.5504500000e+06 1.6686544279e+03 8.2018644912e-04 10 6
3.2979426297e+03 1.5504600000e+06 1.6686626297e+03 8.2018644912e-04 10 6
3.2979508316e+03 1.5504700000e+06 1.6686708316e+03 8.2018644912e-04 10 6
3.2979591119e+03 1.5504800000e+06 1.6686791119e+03 8.4633422780e-04 10 6
3.2979675753e+03 1.5504900000e+06 1.6686875753e+03 8.4633422779e-04 10 6
3.2979760386e+03 1.5505000000e+06 1.6686960386e+03 8.4633422777e-04 10 6
3.2979845019e+03 1.5505100000e+06 1.6687045019e+03 8.4633422774e-04 10 6
3.2979929653e+03 1.5505200000e+06 1.6687129653e+03 8.4633422767e-04 10 6
3.2980014286e+03 1.5505300000e+06 1.6687214286e+03 8.4633422762e-04 10 6
3.2980099662e+03 1.5505400000e+06 1.6687299662e+03 8.6118219670e-04 10 6
3.2980185780e+03 1.5505500000e+06 1.6687385780e+03 8.6118219668e-04 10 6
3.2980271898e+03 1.5505600000e+06 1.6687471898e+03 8.6118219665e-04 10 6
3.2980358017e+03 1.5505700000e+06 1.6687558017e+03 8.6118219659e-04 10 6
3.2980444135e+03 1.5505800000e+06 1.6687644135e+03 8.6118219654e-04 10 6
3.2980530253e+03 1.5505900000e+06 1.6687730253e+03 8.6118219663e-04 10 6
3.2980616371e+03 1.5506000000e+06 1.6687816371e+03 8.6118219670e-04 10 6
3.2980702490e+03 1.5506100000e+06 1.6687902490e+03 8.6118219667e-04 10 6
3.2980788608e+03 1.5506200000e+06 1.6687988608e+03 8.6118219663e-04 10 6
3.2980874726e+03 1.5506300000e+06 1.6688074726e+03 8.6118219656e-04 10 6
3.2980960844e+03 1.5506400000e+06 1.6688160844e+03 8.6118219656e-04 10 6
3.2981047116e+03 1.5506500000e+06 1.6688247116e+03 8.7656045022e-04 10 6
3.2981135975e+03 1.5506600000e+06 1.6688335975e+03 8.9374791001e-04 10 6
3.2981225350e+03 1.5506700000e+06 1.6688425350e+03 8.9374790997e-04 10 6
3.2981314725e+03 1.5506800000e+06 1.6688514725e+03 8.9374790992e-04 10 6
3.2981404100e+03 1.5506900000e+06 1.6688604100e+03 8.9374790990e-04 10 6
3.2981493475e+03 1.5507000000e+06 1.6688693475e+03 8.9374790996e-04 10 6
3.2981584795e+03 1.5507100000e+06 1.6688784795e+03 9.2617707946e-04 10 6
3.2981677413e+03 1.5507200000e+06 1.6688877413e+03 9.2617707946e-04 10 6
3.2981770031e+03 1.5507300000e+06 1.6688970031e+03 9.2617707946e-04 10 6
3.2981862648e+03 1.5507400000e+06 1.6689062648e+03 9.2617707946e-04 10 6
3.2981955266e+03 1.5507500000e+06 1.6689155266e+03 9.2617707946e-04 10 6
3.2982048418e+03 1.5507600000e+06 1.6689248418e+03 9.4398817715e-04 10 6
3.2982142817e+03 1.5507700000e+06 1.6689342817e+03 9.4398817714e-04 10 6
3.2982237216e+03 1.5507800000e+06 1.6689437216e+03 9.4398817714e-04 10 6
3.2982331614e+03 1.5507900000e+06 1.6689531614e+03 9.4398817714e-04 10 6
3.2982426013e+03 1.5508000000e+06 1.6689626013e+03 9.4398817714e-04 10 6
3.2982520597e+03 1.5508100000e+06 1.6689720597e+03 9.6249774926e-04 10 6
3.2982616847e+03 1.5508200000e+06 1.6689816847e+03 9.6249774926e-04 10 6
3.2982713097e+03 1.5508300000e+06 1.6689913097e+03 9.6249774927e-04 10 6
3.2982809346e+03 1.5508400000e+06 1.6690009346e+03 9.6249774929e-04 10 6
3.2982905596e+03 1.5508500000e+06 1.6690105596e+03 9.6249774932e-04 10 6
3.2983001846e+03 1.5508600000e+06 1.6690201846e+03 9.6249774970e-04 10 6
3.2983104111e+03 1.5508700000e+06 1.6690304111e+03 1.0226538586e-03 10 6
3.2983206377e+03 1.5508800000e+06 1.6690406377e+03 1.0226538586e-03 10 6
3.2983308642e+03 1.5508900000e+06 1.6690508642e+03 1.0226538586e-03 10 6
3.2983410908e+03 1.5509000000e+06 1.6690610908e+03 1.0226538586e-03 10 6
3.2983513173e+03 1.5509100000e+06 1.6690713173e+03 1.0226538586e-03 10 6
3.2983614011e+03 1.5509200000e+06 1.6690814011e+03 9.9887121072e-04 10 6
3.2983712932e+03 1.5509300000e+06 1.6690912932e+03 9.6664955872e-04 10 6
3.2983801866e+03 1.5509400000e+06 1.6691001866e+03 8.6536929989e-04 10 6
3.2983885215e+03 1.5509500000e+06 1.6691085215e+03 8.1982354725e-04 10 6
3.2983967197e+03 1.5509600000e+06 1.6691167197e+03 8.1982354717e-04 10 6
3.2984050153e+03 1.5509700000e+06 1.6691250153e+03 8.3198957986e-04 10 6
3.2984133352e+03 1.5509800000e+06 1.6691333352e+03 8.3198957986e-04 10 6
3.2984216551e+03 1.5509900000e+06 1.6691416551e+03 8.3198957986e-04 10 6
3.2984297967e+03 1.5510000000e+06 1.6691497967e+03 8.0227566628e-04 10 6
3.2984378194e+03 1.5510100000e+06 1.6691578194e+03 8.0227566626e-04 10 6
3.2984458422e+03 1.5510200000e+06 1.6691658422e+03 8.0227566635e-04 10 6
3.2984538844e+03 1.5510300000e+06 1.6691738844e+03 8.0471123301e-04 10 6
3.2984618802e+03 1.5510400000e+06 1.6691818802e+03 7.8758971745e-04 10 6
3.2984698215e+03 1.5510500000e+06 1.6691898215e+03 7.8566642142e-04 10 6
3.2984776781e+03 1.5510600000e+06 1.6691976781e+03 7.8566642138e-04 10 6
3.2984855348e+03 1.5510700000e+06 1.6692055348e+03 7.8566642129e-04 10 6
3.2984933915e+03 1.5510800000e+06 1.6692133915e+03 7.8566642123e-04 10 6
3.2985013255e+03 1.5510900000e+06 1.6692213255e+03 8.0538257161e-04 10 6
3.2985093642e+03 1.5511000000e+06 1.6692293642e+03 8.0571814766e-04 10 6
3.2985174214e+03 1.5511100000e+06 1.6692374214e+03 8.0571814768e-04 10 6
3.2985252268e+03 1.5511200000e+06 1.6692452268e+03 7.5536076346e-04 10 6
3.2985327804e+03 1.5511300000e+06 1.6692527804e+03 7.5536076350e-04 10 6
3.2985403340e+03 1.5511400000e+06 1.6692603340e+03 7.5536076361e-04 10 6
3.2985479590e+03 1.5511500000e+06 1.6692679590e+03 7.7916484464e-04 10 6
3.2985557507e+03 1.5511600000e+06 1.6692757507e+03 7.7916484467e-04 10 6
3.2985635423e+03 1.5511700000e+06 1.6692835423e+03 7.7916484470e-04 10 6
3.2985713340e+03 1.5511800000e+06 1.6692913340e+03 7.7916484475e-04 10 6
3.2985791256e+03 1.5511900000e+06 1.6692991256e+03 7.7916484473e-04 10 6
3.2985869173e+03 1.5512000000e+06 1.6693069173e+03 7.7916484476e-04 10 6
3.2985947089e+03 1.5512100000e+06 1.6693147089e+03 7.7916484452e-04 10 6
3.2986027560e+03 1.5512200000e+06 1.6693227560e+03 8.0471123301e-04 10 6
3.2986108031e+03 1.5512300000e+06 1.6693308031e+03 8.0471123306e-04 10 6
3.2986188503e+03 1.5512400000e+06 1.6693388503e+03 8.0471123306e-04 10 6
3.2986268974e+03 1.5512500000e+06 1.6693468974e+03 8.0471123306e-04 10 6
3.2986349445e+03 1.5512600000e+06 1.6693549445e+03 8.0471123306e-04 10 6
3.2986429916e+03 1.5512700000e+06 1.6693629916e+03 8.0471123306e-04 10 6
3.2986515469e+03 1.5512800000e+06 1.6693715469e+03 8.6118219669e-04 10 6
3.2986601588e+03 1.5512900000e+06 1.6693801588e+03 8.6118219667e-04 10 6
3.2986687706e+03 1.5513000000e+06 1.6693887706e+03 8.6118219663e-04 10 6
3.2986773824e+03 1.5513100000e+06 1.6693973824e+03 8.6118219657e-04 10 6
3.2986859942e+03 1.5513200000e+06 1.6694059942e+03 8.6118219653e-04 10 6
3.2986946060e+03 1.5513300000e+06 1.6694146060e+03 8.6118219670e-04 10 6
3.2987032179e+03 1.5513400000e+06 1.6694232179e+03 8.6118219669e-04 10 6
3.2987118297e+03 1.5513500000e+06 1.6694318297e+03 8.6118219666e-04 10 6
3.2987204415e+03 1.5513600000e+06 1.6694404415e+03 8.6118219661e-04 10 6
3.2987287663e+03 1.5513700000e+06 1.6694487663e+03 8.2529960513e-04 10 6
3.2987370193e+03 1.5513800000e+06 1.6694570193e+03 8.2529960511e-04 10 6
3.2987454158e+03 1.5513900000e+06 1.6694654158e+03 8.6118219670e-04 10 6
3.2987539948e+03 1.5514000000e+06 1.6694739948e+03 8.6194633352e-04 10 6
3.2987625037e+03 1.5514100000e+06 1.6694825037e+03 8.3984514551e-04 10 6
3.2987709022e+03 1.5514200000e+06 1.6694909022e+03 8.3984514551e-04 10 6
3.2987793006e+03 1.5514300000e+06 1.6694993006e+03 8.3984514552e-04 10 6
3.2987876991e+03 1.5514400000e+06 1.6695076991e+03 8.3984514558e-04 10 6
3.2987963178e+03 1.5514500000e+06 1.6695163178e+03 8.7656045022e-04 10 6
3.2988050834e+03 1.5514600000e+06 1.6695250834e+03 8.7656045021e-04 10 6
3.2988138490e+03 1.5514700000e+06 1.6695338490e+03 8.7656045019e-04 10 6
3.2988226146e+03 1.5514800000e+06 1.6695426146e+03 8.7656045016e-04 10 6
3.2988313802e+03 1.5514900000e+06 1.6695513802e+03 8.7656045009e-04 10 6
3.2988401458e+03 1.5515000000e+06 1.6695601458e+03 8.7656045025e-04 10 6
3.2988492361e+03 1.5515100000e+06 1.6695692361e+03 9.0902565206e-04 10 6
3.2988583264e+03 1.5515200000e+06 1.6695783264e+03 9.0902565203e-04 10 6
3.2988674166e+03 1.5515300000e+06 1.6695874166e+03 9.0902565198e-04 10 6
3.2988765069e+03 1.5515400000e+06 1.6695965069e+03 9.0902565192e-04 10 6
3.2988855971e+03 1.5515500000e+06 1.6696055971e+03 9.0902565198e-04 10 6
3.2988950082e+03 1.5515600000e+06 1.6696150082e+03 9.6249774926e-04 10 6
3.2989046332e+03 1.5515700000e+06 1.6696246332e+03 9.6249774927e-04 10 6
3.2989142582e+03 1.5515800000e+06 1.6696342582e+03 9.6249774928e-04 10 6
3.2989238831e+03 1.5515900000e+06 1.6696438831e+03 9.6249774930e-04 10 6
3.2989335081e+03 1.5516000000e+06 1.6696535081e+03 9.6249774939e-04 10 6
3.2989431331e+03 1.5516100000e+06 1.6696631331e+03 9.6249774926e-04 10 6
3.2989529185e+03 1.5516200000e+06 1.6696729185e+03 9.8541436235e-04 10 6
3.2989628821e+03 1.5516300000e+06 1.6696828821e+03 1.0219111906e-03 10 6
3.2989731012e+03 1.5516400000e+06 1.6696931012e+03 1.0219111907e-03 10 6
3.2989833204e+03 1.5516500000e+06 1.6697033204e+03 1.0219111907e-03 10 6
3.2989937242e+03 1.5516600000e+06 1.6697137242e+03 1.0692794144e-03 10 6
3.2990044170e+03 1.5516700000e+06 1.6697244170e+03 1.0692794145e-03 10 6
3.2990151098e+03 1.5516800000e+06 1.6697351098e+03 1.0692794145e-03 10 6
3.2990258026e+03 1.5516900000e+06 1.6697458026e+03 1.0692794145e-03 10 6
3.2990364954e+03 1.5517000000e+06 1.6697564954e+03 1.0692794144e-03 10 6
3.2990469874e+03 1.5517100000e+06 1.6697669874e+03 1.0156667825e-03 10 6
3.2990568837e+03 1.5517200000e+06 1.6697768837e+03 9.8962404454e-04 10 6
3.2990667799e+03 1.5517300000e+06 1.6697867799e+03 9.8962404459e-04 10 6
3.2990766761e+03 1.5517400000e+06 1.6697966761e+03 9.8962404468e-04 10 6
3.2990865845e+03 1.5517500000e+06 1.6698065845e+03 1.0017833717e-03 10 6
3.2990965613e+03 1.5517600000e+06 1.6698165613e+03 1.0028638678e-03 10 6
3.2991065332e+03 1.5517700000e+06 1.6698265332e+03 1.0048898555e-03 10 6
3.2991165821e+03 1.5517800000e+06 1.6698365821e+03 1.0048898555e-03 10 6
3.2991261021e+03 1.5517900000e+06 1.6698461021e+03 9.5200091573e-04 10 6
3.2991356719e+03 1.5518000000e+06 1.6698556719e+03 1.0017833717e-03 10 6
3.2991456898e+03 1.5518100000e+06 1.6698656898e+03 1.0017833717e-03 10 6
3.2991557076e+03 1.5518200000e+06 1.6698757076e+03 1.0017833717e-03 10 6
3.2991654034e+03 1.5518300000e+06 1.6698854034e+03 9.6600539416e-04 10 6
3.2991750635e+03 1.5518400000e+06 1.6698950635e+03 9.6600539405e-04 10 6
3.2991847802e+03 1.5518500000e+06 1.6699047802e+03 1.0226538586e-03 10 6
3.2991953419e+03 1.5518600000e+06 1.6699153419e+03 1.0715139874e-03 10 6
3.2992062101e+03 1.5518700000e+06 1.6699262101e+03 1.1097823441e-03 10 6
3.2992171774e+03 1.5518800000e+06 1.6699371774e+03 1.0445010298e-03 10 6
3.2992271476e+03 1.5518900000e+06 1.6699471476e+03 9.4954639079e-04 10 6
3.2992369355e+03 1.5519000000e+06 1.6699569355e+03 1.0226538586e-03 10 6
3.2992470073e+03 1.5519100000e+06 1.6699670073e+03 9.7013920103e-04 10 6
3.2992570549e+03 1.5519200000e+06 1.6699770549e+03 1.0365572608e-03 10 6
3.2992668749e+03 1.5519300000e+06 1.6699868749e+03 9.4108488156e-04 10 6
3.2992769132e+03 1.5519400000e+06 1.6699969132e+03 1.0038238736e-03 10 6
3.2992858593e+03 1.5519500000e+06 1.6700058593e+03 9.8174770424e-04 10 6
3.2992957369e+03 1.5519600000e+06 1.6700157369e+03 9.8007711823e-04 10 6
3.2993055377e+03 1.5519700000e+06 1.6700255377e+03 9.8007711826e-04 10 6
3.2993153385e+03 1.5519800000e+06 1.6700353385e+03 9.8007711834e-04 10 6
3.2993251392e+03 1.5519900000e+06 1.6700451392e+03 9.8007711839e-04 10 6
3.2993350268e+03 1.5520000000e+06 1.6700550268e+03 1.0017833717e-03 10 6
3.2993450447e+03 1.5520100000e+06 1.6700650447e+03 1.0017833717e-03 10 6
3.2993550625e+03 1.5520200000e+06 1.6700750625e+03 1.0017833717e-03 10 6
3.2993650803e+03 1.5520300000e+06 1.6700850803e+03 1.0017833717e-03 10 6
3.2993747642e+03 1.5520400000e+06 1.6700947642e+03 8.9047410821e-04 10 6
3.2993840341e+03 1.5520500000e+06 1.6701040341e+03 9.8174770424e-04 10 6
3.2993938515e+03 1.5520600000e+06 1.6701138515e+03 9.8174770420e-04 10 6
3.2994036690e+03 1.5520700000e+06 1.6701236690e+03 9.8174770414e-04 10 6
3.2994134865e+03 1.5520800000e+06 1.6701334865e+03 9.8174770416e-04 10 6
3.2994233040e+03 1.5520900000e+06 1.6701433040e+03 9.8174770411e-04 10 6
3.2994331215e+03 1.5521000000e+06 1.6701531215e+03 9.8174770424e-04 10 6
3.2994429389e+03 1.5521100000e+06 1.6701629389e+03 9.8174770420e-04 10 6
3.2994527564e+03 1.5521200000e+06 1.6701727564e+03 9.8174770414e-04 10 6
3.2994625739e+03 1.5521300000e+06 1.6701825739e+03 9.8174770416e-04 10 6
3.2994723914e+03 1.5521400000e+06 1.6701923914e+03 9.8174770411e-04 10 6
3.2994822890e+03 1.5521500000e+06 1.6702022890e+03 1.0017833717e-03 10 6
3.2994921247e+03 1.5521600000e+06 1.6702121247e+03 9.7901556781e-04 10 6
3.2995019148e+03 1.5521700000e+06 1.6702219148e+03 9.7901556784e-04 10 6
3.2995112155e+03 1.5521800000e+06 1.6702312155e+03 8.9743093723e-04 10 6
3.2995198308e+03 1.5521900000e+06 1.6702398308e+03 8.3760220809e-04 10 6
3.2995282458e+03 1.5522000000e+06 1.6702482458e+03 8.7656045022e-04 10 6
3.2995370114e+03 1.5522100000e+06 1.6702570114e+03 8.7656045021e-04 10 6
3.2995457770e+03 1.5522200000e+06 1.6702657770e+03 8.7656045020e-04 10 6
3.2995543364e+03 1.5522300000e+06 1.6702743364e+03 8.5077926050e-04 10 6
3.2995628441e+03 1.5522400000e+06 1.6702828441e+03 8.5077926055e-04 10 6
3.2995713519e+03 1.5522500000e+06 1.6702913519e+03 8.5077926068e-04 10 6
3.2995798420e+03 1.5522600000e+06 1.6702998420e+03 8.4633422780e-04 10 6
3.2995883053e+03 1.5522700000e+06 1.6703083053e+03 8.4633422778e-04 10 6
3.2995967686e+03 1.5522800000e+06 1.6703167686e+03 8.4633422777e-04 10 6
3.2996052320e+03 1.5522900000e+06 1.6703252320e+03 8.4633422774e-04 10 6
3.2996136953e+03 1.5523000000e+06 1.6703336953e+03 8.4633422766e-04 10 6
3.2996221587e+03 1.5523100000e+06 1.6703421587e+03 8.4633422766e-04 10 6
3.2996306220e+03 1.5523200000e+06 1.6703506220e+03 8.4633422779e-04 10 6
3.2996390854e+03 1.5523300000e+06 1.6703590854e+03 8.4633422778e-04 10 6
3.2996475487e+03 1.5523400000e+06 1.6703675487e+03 8.4633422776e-04 10 6
3.2996559144e+03 1.5523500000e+06 1.6703759144e+03 8.1378291128e-04 10 6
3.2996640522e+03 1.5523600000e+06 1.6703840522e+03 8.1378291124e-04 10 6
3.2996721900e+03 1.5523700000e+06 1.6703921900e+03 8.1378291111e-04 10 6
3.2996804251e+03 1.5523800000e+06 1.6704004251e+03 8.1686249659e-04 10 6
3.2996887054e+03 1.5523900000e+06 1.6704087054e+03 8.1426338864e-04 10 6
3.2996968481e+03 1.5524000000e+06 1.6704168481e+03 8.1426338861e-04 10 6
3.2997049907e+03 1.5524100000e+06 1.6704249907e+03 8.1426338856e-04 10 6
3.2997131333e+03 1.5524200000e+06 1.6704331333e+03 8.1426338852e-04 10 6
3.2997212760e+03 1.5524300000e+06 1.6704412760e+03 8.1426338852e-04 10 6
3.2997295427e+03 1.5524400000e+06 1.6704495427e+03 8.3198957987e-04 10 6
3.2997378626e+03 1.5524500000e+06 1.6704578626e+03 8.3198957986e-04 10 6
3.2997461825e+03 1.5524600000e+06 1.6704661825e+03 8.3198957987e-04 10 6
3.2997545024e+03 1.5524700000e+06 1.6704745024e+03 8.3198957986e-04 10 6
3.2997628223e+03 1.5524800000e+06 1.6704828223e+03 8.3198957988e-04 10 6
3.2997711422e+03 1.5524900000e+06 1.6704911422e+03 8.3198957979e-04 10 6
3.2997795013e+03 1.5525000000e+06 1.6704995013e+03 8.3122111658e-04 10 6
3.2997878766e+03 1.5525100000e+06 1.6705078766e+03 8.2968181821e-04 10 6
3.2997962919e+03 1.5525200000e+06 1.6705162919e+03 8.5338701299e-04 10 6
3.2998048258e+03 1.5525300000e+06 1.6705248258e+03 8.5338701296e-04 10 6
3.2998129533e+03 1.5525400000e+06 1.6705329533e+03 8.1274953614e-04 10 6
3.2998210808e+03 1.5525500000e+06 1.6705410808e+03 8.1274953595e-04 10 6
3.2998296442e+03 1.5525600000e+06 1.6705496442e+03 8.6118219669e-04 10 6
3.2998382560e+03 1.5525700000e+06 1.6705582560e+03 8.6118219667e-04 10 6
3.2998468678e+03 1.5525800000e+06 1.6705668678e+03 8.6118219663e-04 10 6
3.2998554796e+03 1.5525900000e+06 1.6705754796e+03 8.6118219657e-04 10 6
3.2998640915e+03 1.5526000000e+06 1.6705840915e+03 8.6118219653e-04 10 6
3.2998727340e+03 1.5526100000e+06 1.6705927340e+03 8.7656045022e-04 10 6
3.2998814997e+03 1.5526200000e+06 1.6706014997e+03 8.7656045021e-04 10 6
3.2998902653e+03 1.5526300000e+06 1.6706102653e+03 8.7656045020e-04 10 6
3.2998990309e+03 1.5526400000e+06 1.6706190309e+03 8.7656045018e-04 10 6
3.2999077965e+03 1.5526500000e+06 1.6706277965e+03 8.7656045013e-04 10 6
3.2999165621e+03 1.5526600000e+06 1.6706365621e+03 8.7656045007e-04 10 6
3.2999254565e+03 1.5526700000e+06 1.6706454565e+03 9.1039984051e-04 10 6
3.2999345409e+03 1.5526800000e+06 1.6706545409e+03 9.1091623294e-04 10 6
3.2999436235e+03 1.5526900000e+06 1.6706636235e+03 9.1186510403e-04 10 6
3.2999527421e+03 1.5527000000e+06 1.6706727421e+03 9.1186510396e-04 10 6
3.2999618608e+03 1.5527100000e+06 1.6706818608e+03 9.1186510392e-04 10 6
3.2999710081e+03 1.5527200000e+06 1.6706910081e+03 9.2617707947e-04 10 6
3.2999802698e+03 1.5527300000e+06 1.6707002698e+03 9.2617707946e-04 10 6
3.2999895316e+03 1.5527400000e+06 1.6707095316e+03 9.2617707946e-04 10 6
3.2999987934e+03 1.5527500000e+06 1.6707187934e+03 9.2617707946e-04 10 6
3.3000080551e+03 1.5527600000e+06 1.6707280551e+03 9.2617707946e-04 10 6
3.3000173169e+03 1.5527700000e+06 1.6707373169e+03 9.2617707946e-04 10 6
3.3000267877e+03 1.5527800000e+06 1.6707467877e+03 9.4285493807e-04 10 6
3.3000362922e+03 1.5527900000e+06 1.6707562922e+03 9.4055248405e-04 10 6
3.3000456978e+03 1.5528000000e+06 1.6707656978e+03 9.4055248405e-04 10 6
3.3000551033e+03 1.5528100000e+06 1.6707751033e+03 9.4055248405e-04 10 6
3.3000645088e+03 1.5528200000e+06 1.6707845088e+03 9.4055248405e-04 10 6
3.3000740680e+03 1.5528300000e+06 1.6707940680e+03 9.6249774926e-04 10 6
3.3000836929e+03 1.5528400000e+06 1.6708036929e+03 9.6249774927e-04 10 6
3.3000933179e+03 1.5528500000e+06 1.6708133179e+03 9.6249774928e-04 10 6
3.3001029429e+03 1.5528600000e+06 1.6708229429e+03 9.6249774930e-04 10 6
3.3001125679e+03 1.5528700000e+06 1.6708325679e+03 9.6249774942e-04 10 6
3.3001223083e+03 1.5528800000e+06 1.6708423083e+03 9.8174770423e-04 10 6
3.3001320728e+03 1.5528900000e+06 1.6708520728e+03 9.5521398247e-04 10 6
3.3001416249e+03 1.5529000000e+06 1.6708616249e+03 9.5521398248e-04 10 6
3.3001511770e+03 1.5529100000e+06 1.6708711770e+03 9.5521398248e-04 10 6
3.3001607292e+03 1.5529200000e+06 1.6708807292e+03 9.5521398248e-04 10 6
3.3001704140e+03 1.5529300000e+06 1.6708904140e+03 9.8174770423e-04 10 6
3.3001800180e+03 1.5529400000e+06 1.6709000180e+03 9.6040536279e-04 10 6
3.3001896221e+03 1.5529500000e+06 1.6709096221e+03 9.6040536278e-04 10 6
3.3001992261e+03 1.5529600000e+06 1.6709192261e+03 9.6040536276e-04 10 6
3.3002088302e+03 1.5529700000e+06 1.6709288302e+03 9.6040536281e-04 10 6
3.3002185196e+03 1.5529800000e+06 1.6709385196e+03 9.8174770424e-04 10 6
3.3002281626e+03 1.5529900000e+06 1.6709481626e+03 9.5993108857e-04 10 6
3.3002376419e+03 1.5530000000e+06 1.6709576419e+03 9.2993324208e-04 10 6
3.3002466205e+03 1.5530100000e+06 1.6709666205e+03 8.9786657850e-04 10 6
3.3002555992e+03 1.5530200000e+06 1.6709755992e+03 8.9786657850e-04 10 6
3.3002646062e+03 1.5530300000e+06 1.6709846062e+03 9.2617707948e-04 10 6
3.3002738680e+03 1.5530400000e+06 1.6709938680e+03 9.2617707946e-04 10 6
3.3002831297e+03 1.5530500000e+06 1.6710031297e+03 9.2617707947e-04 10 6
3.3002923915e+03 1.5530600000e+06 1.6710123915e+03 9.2617707945e-04 10 6
3.3003016533e+03 1.5530700000e+06 1.6710216533e+03 9.2617707948e-04 10 6
3.3003109150e+03 1.5530800000e+06 1.6710309150e+03 9.2617707939e-04 10 6
3.3003206214e+03 1.5530900000e+06 1.6710406214e+03 9.8174770422e-04 10 6
3.3003304389e+03 1.5531000000e+06 1.6710504389e+03 9.8174770418e-04 10 6
3.3003402563e+03 1.5531100000e+06 1.6710602563e+03 9.8174770414e-04 10 6
3.3003500738e+03 1.5531200000e+06 1.6710700738e+03 9.8174770416e-04 10 6
3.3003598913e+03 1.5531300000e+06 1.6710798913e+03 9.8174770407e-04 10 6
3.3003697088e+03 1.5531400000e+06 1.6710897088e+03 9.8174770422e-04 10 6
3.3003795262e+03 1.5531500000e+06 1.6710995262e+03 9.8174770418e-04 10 6
3.3003893437e+03 1.5531600000e+06 1.6711093437e+03 9.8174770414e-04 10 6
3.3003991612e+03 1.5531700000e+06 1.6711191612e+03 9.8174770416e-04 10 6
3.3004089787e+03 1.5531800000e+06 1.6711289787e+03 9.8174770407e-04 10 6
3.3004189564e+03 1.5531900000e+06 1.6711389564e+03 1.0017833717e-03 10 6
3.3004289743e+03 1.5532000000e+06 1.6711489743e+03 1.0017833717e-03 10 6
3.3004389921e+03 1.5532100000e+06 1.6711589921e+03 1.0017833717e-03 10 6
3.3004490099e+03 1.5532200000e+06 1.6711690099e+03 1.0017833717e-03 10 6
3.3004590278e+03 1.5532300000e+06 1.6711790278e+03 1.0017833717e-03 10 6
3.3004691198e+03 1.5532400000e+06 1.6711891198e+03 9.9992821729e-04 10 6
3.3004792046e+03 1.5532500000e+06 1.6711992046e+03 9.9707941894e-04 10 6
3.3004891753e+03 1.5532600000e+06 1.6712091753e+03 9.9707941891e-04 10 6
3.3004984115e+03 1.5532700000e+06 1.6712184115e+03 8.9212369064e-04 10 6
3.3005073327e+03 1.5532800000e+06 1.6712273327e+03 8.9212369054e-04 10 6
3.3005165264e+03 1.5532900000e+06 1.6712365264e+03 9.2617707946e-04 10 6
3.3005257881e+03 1.5533000000e+06 1.6712457881e+03 9.2617707946e-04 10 6
3.3005350499e+03 1.5533100000e+06 1.6712550499e+03 9.2617707946e-04 10 6
3.3005443117e+03 1.5533200000e+06 1.6712643117e+03 9.2617707946e-04 10 6
3.3005535734e+03 1.5533300000e+06 1.6712735734e+03 9.2617707946e-04 10 6
3.3005628352e+03 1.5533400000e+06 1.6712828352e+03 9.2617707947e-04 10 6
3.3005720970e+03 1.5533500000e+06 1.6712920970e+03 9.2617707946e-04 10 6
3.3005813587e+03 1.5533600000e+06 1.6713013587e+03 9.2617707947e-04 10 6
3.3005906205e+03 1.5533700000e+06 1.6713106205e+03 9.2617707945e-04 10 6
3.3005998823e+03 1.5533800000e+06 1.6713198823e+03 9.2617707949e-04 10 6
3.3006091797e+03 1.5533900000e+06 1.6713291797e+03 9.4398817715e-04 10 6
3.3006187802e+03 1.5534000000e+06 1.6713387802e+03 9.6407303200e-04 10 6
3.3006284210e+03 1.5534100000e+06 1.6713484210e+03 9.6407303204e-04 10 6
3.3006380617e+03 1.5534200000e+06 1.6713580617e+03 9.6407303204e-04 10 6
3.3006477024e+03 1.5534300000e+06 1.6713677024e+03 9.6407303204e-04 10 6
3.3006574017e+03 1.5534400000e+06 1.6713774017e+03 1.0226538586e-03 10 6
3.3006676283e+03 1.5534500000e+06 1.6713876283e+03 1.0226538586e-03 10 6
3.3006781389e+03 1.5534600000e+06 1.6713981389e+03 1.0510609102e-03 10 6
3.3006886495e+03 1.5534700000e+06 1.6714086495e+03 1.0510609102e-03 10 6
3.3006984594e+03 1.5534800000e+06 1.6714184594e+03 8.7588409183e-04 10 6
3.3007072515e+03 1.5534900000e+06 1.6714272515e+03 8.9249791295e-04 10 6
3.3007160391e+03 1.5535000000e+06 1.6714360391e+03 8.7533449157e-04 10 6
3.3007247925e+03 1.5535100000e+06 1.6714447925e+03 8.7533449162e-04 10 6
3.3007335458e+03 1.5535200000e+06 1.6714535458e+03 8.7533449163e-04 10 6
3.3007422992e+03 1.5535300000e+06 1.6714622992e+03 8.7533449165e-04 10 6
3.3007510525e+03 1.5535400000e+06 1.6714710525e+03 8.7533449159e-04 10 6
3.3007600080e+03 1.5535500000e+06 1.6714800080e+03 9.0902565207e-04 10 6
3.3007690983e+03 1.5535600000e+06 1.6714890983e+03 9.0902565205e-04 10 6
3.3007781885e+03 1.5535700000e+06 1.6714981885e+03 9.0902565201e-04 10 6
3.3007872788e+03 1.5535800000e+06 1.6715072788e+03 9.0902565192e-04 10 6
3.3007963690e+03 1.5535900000e+06 1.6715163690e+03 9.0902565196e-04 10 6
3.3008054936e+03 1.5536000000e+06 1.6715254936e+03 9.2617707947e-04 10 6
3.3008149255e+03 1.5536100000e+06 1.6715349255e+03 9.4507865253e-04 10 6
3.3008243467e+03 1.5536200000e+06 1.6715443467e+03 9.1554494468e-04 10 6
3.3008334259e+03 1.5536300000e+06 1.6715534259e+03 8.7739723862e-04 10 6
3.3008421999e+03 1.5536400000e+06 1.6715621999e+03 8.7739723865e-04 10 6
3.3008509738e+03 1.5536500000e+06 1.6715709738e+03 8.7739723873e-04 10 6
3.3008597411e+03 1.5536600000e+06 1.6715797411e+03 8.7656045021e-04 10 6
3.3008685067e+03 1.5536700000e+06 1.6715885067e+03 8.7656045020e-04 10 6
3.3008770244e+03 1.5536800000e+06 1.6715970244e+03 8.2638695644e-04 10 6
3.3008852883e+03 1.5536900000e+06 1.6716052883e+03 8.2638695650e-04 10 6
3.3008934250e+03 1.5537000000e+06 1.6716134250e+03 7.6281872911e-04 10 6
3.3009010532e+03 1.5537100000e+06 1.6716210532e+03 7.6281872930e-04 10 6
3.3009088889e+03 1.5537200000e+06 1.6716288889e+03 7.9272603341e-04 10 6
3.3009167074e+03 1.5537300000e+06 1.6716367074e+03 7.7718238568e-04 10 6
3.3009244792e+03 1.5537400000e+06 1.6716444792e+03 7.7718238567e-04 10 6
3.3009322510e+03 1.5537500000e+06 1.6716522510e+03 7.7718238565e-04 10 6
3.3009400229e+03 1.5537600000e+06 1.6716600229e+03 7.7718238560e-04 10 6
3.3009477947e+03 1.5537700000e+06 1.6716677947e+03 7.7718238545e-04 10 6
3.3009547384e+03 1.5537800000e+06 1.6716747384e+03 7.6699039394e-04 10 6
3.3009624083e+03 1.5537900000e+06 1.6716824083e+03 7.6699039395e-04 10 6
3.3009700782e+03 1.5538000000e+06 1.6716900782e+03 7.6699039396e-04 10 6
3.3009777481e+03 1.5538100000e+06 1.6716977481e+03 7.6699039397e-04 10 6
3.3009854180e+03 1.5538200000e+06 1.6717054180e+03 7.6699039400e-04 10 6
3.3009930879e+03 1.5538300000e+06 1.6717130879e+03 7.6699039410e-04 10 6
3.3010007460e+03 1.5538400000e+06 1.6717207460e+03 7.5519054173e-04 10 6
3.3010083913e+03 1.5538500000e+06 1.6717283913e+03 7.6767618423e-04 10 6
3.3010160400e+03 1.5538600000e+06 1.6717360400e+03 7.6832952565e-04 10 6
3.3010237233e+03 1.5538700000e+06 1.6717437233e+03 7.6832952563e-04 10 6
3.3010314066e+03 1.5538800000e+06 1.6717514066e+03 7.6832952559e-04 10 6
3.3010390899e+03 1.5538900000e+06 1.6717590899e+03 7.6832952550e-04 10 6
3.3010467732e+03 1.5539000000e+06 1.6717667732e+03 7.6832952550e-04 10 6
3.3010544471e+03 1.5539100000e+06 1.6717744471e+03 7.6699039394e-04 10 6
3.3010621170e+03 1.5539200000e+06 1.6717821170e+03 7.6699039395e-04 10 6
3.3010697869e+03 1.5539300000e+06 1.6717897869e+03 7.6699039396e-04 10 6
3.3010774568e+03 1.5539400000e+06 1.6717974568e+03 7.6699039398e-04 10 6
3.3010851267e+03 1.5539500000e+06 1.6718051267e+03 7.6699039401e-04 10 6
3.3010927966e+03 1.5539600000e+06 1.6718127966e+03 7.6699039414e-04 10 6
3.3011004665e+03 1.5539700000e+06 1.6718204665e+03 7.6699039394e-04 10 6
3.3011081364e+03 1.5539800000e+06 1.6718281364e+03 7.6699039395e-04 10 6
3.3011158063e+03 1.5539900000e+06 1.6718358063e+03 7.6699039396e-04 10 6
3.3011234762e+03 1.5540000000e+06 1.6718434762e+03 7.6699039397e-04 10 6
3.3011311461e+03 1.5540100000e+06 1.6718511461e+03 7.6699039400e-04 10 6
3.3011388161e+03 1.5540200000e+06 1.6718588161e+03 7.6699039406e-04 10 6
3.3011464860e+03 1.5540300000e+06 1.6718664860e+03 7.6699039414e-04 10 6
3.3011541962e+03 1.5540400000e+06 1.6718741962e+03 7.8044636577e-04 10 6
3.3011621231e+03 1.5540500000e+06 1.6718821231e+03 7.9574923568e-04 10 6
3.3011700806e+03 1.5540600000e+06 1.6718900806e+03 7.9574923566e-04 10 6
3.3011780381e+03 1.5540700000e+06 1.6718980381e+03 7.9574923562e-04 10 6
3.3011859956e+03 1.5540800000e+06 1.6719059956e+03 7.9574923552e-04 10 6
3.3011939531e+03 1.5540900000e+06 1.6719139531e+03 7.9574923552e-04 10 6
3.3012022647e+03 1.5541000000e+06 1.6719222647e+03 8.4633422779e-04 10 6
3.3012107280e+03 1.5541100000e+06 1.6719307280e+03 8.4633422778e-04 10 6
3.3012191914e+03 1.5541200000e+06 1.6719391914e+03 8.4633422776e-04 10 6
3.3012276547e+03 1.5541300000e+06 1.6719476547e+03 8.4633422772e-04 10 6
3.3012361180e+03 1.5541400000e+06 1.6719561180e+03 8.4633422762e-04 10 6
3.3012445814e+03 1.5541500000e+06 1.6719645814e+03 8.4633422762e-04 10 6
3.3012531784e+03 1.5541600000e+06 1.6719731784e+03 8.6118219669e-04 10 6
3.3012617902e+03 1.5541700000e+06 1.6719817902e+03 8.6118219667e-04 10 6
3.3012704020e+03 1.5541800000e+06 1.6719904020e+03 8.6118219663e-04 10 6
3.3012790138e+03 1.5541900000e+06 1.6719990138e+03 8.6118219657e-04 10 6
3.3012876256e+03 1.5542000000e+06 1.6720076256e+03 8.6118219653e-04 10 6
3.3012962682e+03 1.5542100000e+06 1.6720162682e+03 8.7656045022e-04 10 6
3.3013048745e+03 1.5542200000e+06 1.6720248745e+03 8.6062298746e-04 10 6
3.3013134807e+03 1.5542300000e+06 1.6720334807e+03 8.6062298743e-04 10 6
3.3013220869e+03 1.5542400000e+06 1.6720420869e+03 8.6062298737e-04 10 6
3.3013306931e+03 1.5542500000e+06 1.6720506931e+03 8.6062298737e-04 10 6
3.3013392994e+03 1.5542600000e+06 1.6720592994e+03 8.6062298737e-04 10 6
3.3013480349e+03 1.5542700000e+06 1.6720680349e+03 8.9309932663e-04 10 6
3.3013569659e+03 1.5542800000e+06 1.6720769659e+03 8.9309932661e-04 10 6
3.3013658969e+03 1.5542900000e+06 1.6720858969e+03 8.9309932657e-04 10 6
3.3013748279e+03 1.5543000000e+06 1.6720948279e+03 8.9309932651e-04 10 6
3.3013837589e+03 1.5543100000e+06 1.6721037589e+03 8.9309932648e-04 10 6
3.3013926899e+03 1.5543200000e+06 1.6721126899e+03 8.9309932673e-04 10 6
3.3014015934e+03 1.5543300000e+06 1.6721215934e+03 8.3716309703e-04 10 6
3.3014097942e+03 1.5543400000e+06 1.6721297942e+03 8.2007813588e-04 10 6
3.3014178583e+03 1.5543500000e+06 1.6721378583e+03 7.9729818770e-04 10 6
3.3014258313e+03 1.5543600000e+06 1.6721458313e+03 7.9729818777e-04 10 6
3.3014338043e+03 1.5543700000e+06 1.6721538043e+03 7.9729818774e-04 10 6
3.3014417773e+03 1.5543800000e+06 1.6721617773e+03 7.9729818799e-04 10 6
3.3014498244e+03 1.5543900000e+06 1.6721698244e+03 8.0471123301e-04 10 6
3.3014578715e+03 1.5544000000e+06 1.6721778715e+03 8.0471123306e-04 10 6
3.3014659186e+03 1.5544100000e+06 1.6721859186e+03 8.0471123306e-04 10 6
3.3014739657e+03 1.5544200000e+06 1.6721939657e+03 8.0471123306e-04 10 6
3.3014820128e+03 1.5544300000e+06 1.6722020128e+03 8.0471123306e-04 10 6
3.3014900599e+03 1.5544400000e+06 1.6722100599e+03 8.0471123306e-04 10 6
3.3014981070e+03 1.5544500000e+06 1.6722181070e+03 8.0471123301e-04 10 6
3.3015061542e+03 1.5544600000e+06 1.6722261542e+03 8.0471123305e-04 10 6
3.3015142013e+03 1.5544700000e+06 1.6722342013e+03 8.0471123305e-04 10 6
3.3015222484e+03 1.5544800000e+06 1.6722422484e+03 8.0471123307e-04 10 6
3.3015300720e+03 1.5544900000e+06 1.6722500720e+03 7.6000505341e-04 10 6
3.3015376720e+03 1.5545000000e+06 1.6722576720e+03 7.6000505328e-04 10 6
3.3015454590e+03 1.5545100000e+06 1.6722654590e+03 7.9237102844e-04 10 6
3.3015532531e+03 1.5545200000e+06 1.6722732531e+03 7.7796428247e-04 10 6
3.3015610327e+03 1.5545300000e+06 1.6722810327e+03 7.7796428249e-04 10 6
3.3015688123e+03 1.5545400000e+06 1.6722888123e+03 7.7796428252e-04 10 6
3.3015765920e+03 1.5545500000e+06 1.6722965920e+03 7.7796428259e-04 10 6
3.3015843716e+03 1.5545600000e+06 1.6723043716e+03 7.7796428267e-04 10 6
3.3015921561e+03 1.5545700000e+06 1.6723121561e+03 7.7916484465e-04 10 6
3.3015999477e+03 1.5545800000e+06 1.6723199477e+03 7.7916484467e-04 10 6
3.3016077394e+03 1.5545900000e+06 1.6723277394e+03 7.7916484471e-04 10 6
3.3016155310e+03 1.5546000000e+06 1.6723355310e+03 7.7916484474e-04 10 6
3.3016233227e+03 1.5546100000e+06 1.6723433227e+03 7.7916484474e-04 10 6
3.3016311143e+03 1.5546200000e+06 1.6723511143e+03 7.7916484474e-04 10 6
3.3016389315e+03 1.5546300000e+06 1.6723589315e+03 8.0471123299e-04 10 6
3.3016469786e+03 1.5546400000e+06 1.6723669786e+03 8.0471123302e-04 10 6
3.3016551627e+03 1.5546500000e+06 1.6723751627e+03 8.2183274866e-04 10 6
3.3016633063e+03 1.5546600000e+06 1.6723833063e+03 7.9692872600e-04 10 6
3.3016712756e+03 1.5546700000e+06 1.6723912756e+03 7.9692872599e-04 10 6
3.3016792449e+03 1.5546800000e+06 1.6723992449e+03 7.9692872602e-04 10 6
3.3016872142e+03 1.5546900000e+06 1.6724072142e+03 7.9692872578e-04 10 6
3.3016953954e+03 1.5547000000e+06 1.6724153954e+03 8.1812308687e-04 10 6
3.3017037039e+03 1.5547100000e+06 1.6724237039e+03 7.9506616797e-04 10 6
3.3017116545e+03 1.5547200000e+06 1.6724316545e+03 7.9506616798e-04 10 6
3.3017196052e+03 1.5547300000e+06 1.6724396052e+03 7.9506616800e-04 10 6
3.3017275558e+03 1.5547400000e+06 1.6724475558e+03 7.9506616805e-04 10 6
3.3017355065e+03 1.5547500000e+06 1.6724555065e+03 7.9506616817e-04 10 6
3.3017435800e+03 1.5547600000e+06 1.6724635800e+03 8.0401751643e-04 10 6
3.3017516202e+03 1.5547700000e+06 1.6724716202e+03 8.0401751642e-04 10 6
3.3017598085e+03 1.5547800000e+06 1.6724798085e+03 8.2517587209e-04 10 6
3.3017680603e+03 1.5547900000e+06 1.6724880603e+03 8.2517587202e-04 10 6
3.3017763120e+03 1.5548000000e+06 1.6724963120e+03 8.2517587202e-04 10 6
3.3017845638e+03 1.5548100000e+06 1.6725045638e+03 8.2517587202e-04 10 6
3.3017933639e+03 1.5548200000e+06 1.6725133639e+03 8.9374791001e-04 10 6
3.3018024131e+03 1.5548300000e+06 1.6725224131e+03 9.1609160773e-04 10 6
3.3018115740e+03 1.5548400000e+06 1.6725315740e+03 9.1609160768e-04 10 6
3.3018207350e+03 1.5548500000e+06 1.6725407350e+03 9.1609160768e-04 10 6
3.3018298959e+03 1.5548600000e+06 1.6725498959e+03 9.1609160768e-04 10 6
3.3018390215e+03 1.5548700000e+06 1.6725590215e+03 9.0902565207e-04 10 6
3.3018481117e+03 1.5548800000e+06 1.6725681117e+03 9.0902565205e-04 10 6
3.3018572020e+03 1.5548900000e+06 1.6725772020e+03 9.0902565201e-04 10 6
3.3018662922e+03 1.5549000000e+06 1.6725862922e+03 9.0902565194e-04 10 6
3.3018753825e+03 1.5549100000e+06 1.6725953825e+03 9.0902565194e-04 10 6
3.3018844727e+03 1.5549200000e+06 1.6726044727e+03 9.0902565208e-04 10 6
3.3018935630e+03 1.5549300000e+06 1.6726135630e+03 9.0902565206e-04 10 6
3.3019026533e+03 1.5549400000e+06 1.6726226533e+03 9.0902565203e-04 10 6
3.3019117435e+03 1.5549500000e+06 1.6726317435e+03 9.0902565197e-04 10 6
3.3019208338e+03 1.5549600000e+06 1.6726408338e+03 9.0902565194e-04 10 6
3.3019299240e+03 1.5549700000e+06 1.6726499240e+03 9.0902565194e-04 10 6
3.3019391343e+03 1.5549800000e+06 1.6726591343e+03 9.2617707946e-04 10 6
3.3019483961e+03 1.5549900000e+06 1.6726683961e+03 9.2617707947e-04 10 6
3.3019576579e+03 1.5550000000e+06 1.6726776579e+03 9.2617707946e-04 10 6
3.3019669197e+03 1.5550100000e+06 1.6726869197e+03 9.2617707948e-04 10 6
3.3019761814e+03 1.5550200000e+06 1.6726961814e+03 9.2617707943e-04 10 6
3.3019854432e+03 1.5550300000e+06 1.6727054432e+03 9.2617707946e-04 10 6
3.3019945197e+03 1.5550400000e+06 1.6727145197e+03 9.0765353786e-04 10 6
3.3020035963e+03 1.5550500000e+06 1.6727235963e+03 9.0765353782e-04 10 6
3.3020126728e+03 1.5550600000e+06 1.6727326728e+03 9.0765353774e-04 10 6
3.3020217493e+03 1.5550700000e+06 1.6727417493e+03 9.0765353777e-04 10 6
3.3020308259e+03 1.5550800000e+06 1.6727508259e+03 9.0765353752e-04 10 6
3.3020399161e+03 1.5550900000e+06 1.6727599161e+03 9.0902565206e-04 10 6
3.3020490064e+03 1.5551000000e+06 1.6727690064e+03 9.0902565203e-04 10 6
3.3020580966e+03 1.5551100000e+06 1.6727780966e+03 9.0902565198e-04 10 6
3.3020671869e+03 1.5551200000e+06 1.6727871869e+03 9.0902565192e-04 10 6
3.3020762772e+03 1.5551300000e+06 1.6727962772e+03 9.0902565198e-04 10 6
3.3020854703e+03 1.5551400000e+06 1.6728054703e+03 9.2617707946e-04 10 6
3.3020947321e+03 1.5551500000e+06 1.6728147321e+03 9.2617707946e-04 10 6
3.3021039939e+03 1.5551600000e+06 1.6728239939e+03 9.2617707946e-04 10 6
3.3021132556e+03 1.5551700000e+06 1.6728332556e+03 9.2617707946e-04 10 6
3.3021225174e+03 1.5551800000e+06 1.6728425174e+03 9.2617707946e-04 10 6
3.3021317792e+03 1.5551900000e+06 1.6728517792e+03 9.2617707947e-04 10 6
3.3021410410e+03 1.5552000000e+06 1.6728610410e+03 9.2617707947e-04 10 6
3.3021503027e+03 1.5552100000e+06 1.6728703027e+03 9.2617707946e-04 10 6
3.3021595645e+03 1.5552200000e+06 1.6728795645e+03 9.2617707947e-04 10 6
3.3021688263e+03 1.5552300000e+06 1.6728888263e+03 9.2617707944e-04 10 6
3.3021780880e+03 1.5552400000e+06 1.6728980880e+03 9.2617707969e-04 10 6
3.3021875279e+03 1.5552500000e+06 1.6729075279e+03 9.4398817714e-04 10 6
3.3021969678e+03 1.5552600000e+06 1.6729169678e+03 9.4398817715e-04 10 6
3.3022064077e+03 1.5552700000e+06 1.6729264077e+03 9.4398817713e-04 10 6
3.3022158476e+03 1.5552800000e+06 1.6729358476e+03 9.4398817716e-04 10 6
3.3022252874e+03 1.5552900000e+06 1.6729452874e+03 9.4398817707e-04 10 6
3.3022346683e+03 1.5553000000e+06 1.6729546683e+03 9.2432175677e-04 10 6
3.3022439115e+03 1.5553100000e+06 1.6729639115e+03 9.2432175674e-04 10 6
3.3022531548e+03 1.5553200000e+06 1.6729731548e+03 9.2432175669e-04 10 6
3.3022620899e+03 1.5553300000e+06 1.6729820899e+03 8.8580835012e-04 10 6
3.3022709480e+03 1.5553400000e+06 1.6729909480e+03 8.8580835005e-04 10 6
3.3022798989e+03 1.5553500000e+06 1.6729998989e+03 9.0902565207e-04 10 6
3.3022888408e+03 1.5553600000e+06 1.6730088408e+03 8.9047410817e-04 10 6
3.3022977455e+03 1.5553700000e+06 1.6730177455e+03 8.9047410822e-04 10 6
3.3023066502e+03 1.5553800000e+06 1.6730266502e+03 8.9047410825e-04 10 6
3.3023155550e+03 1.5553900000e+06 1.6730355550e+03 8.9047410825e-04 10 6
3.3023244597e+03 1.5554000000e+06 1.6730444597e+03 8.9047410825e-04 10 6
3.3023333827e+03 1.5554100000e+06 1.6730533827e+03 8.9249791296e-04 10 6
3.3023423076e+03 1.5554200000e+06 1.6730623076e+03 8.9249791297e-04 10 6
3.3023512326e+03 1.5554300000e+06 1.6730712326e+03 8.9249791300e-04 10 6
3.3023601576e+03 1.5554400000e+06 1.6730801576e+03 8.9249791306e-04 10 6
3.3023690826e+03 1.5554500000e+06 1.6730890826e+03 8.9249791310e-04 10 6
3.3023780076e+03 1.5554600000e+06 1.6730980076e+03 8.9249791295e-04 10 6
3.3023869325e+03 1.5554700000e+06 1.6731069325e+03 8.9249791297e-04 10 6
3.3023958575e+03 1.5554800000e+06 1.6731158575e+03 8.9249791299e-04 10 6
3.3024047825e+03 1.5554900000e+06 1.6731247825e+03 8.9249791302e-04 10 6
3.3024137075e+03 1.5555000000e+06 1.6731337075e+03 8.9249791313e-04 10 6
3.3024226325e+03 1.5555100000e+06 1.6731426325e+03 8.9249791313e-04 10 6
3.3024317062e+03 1.5555200000e+06 1.6731517062e+03 9.0902565206e-04 10 6
3.3024407964e+03 1.5555300000e+06 1.6731607964e+03 9.0902565204e-04 10 6
3.3024498867e+03 1.5555400000e+06 1.6731698867e+03 9.0902565199e-04 10 6
3.3024589770e+03 1.5555500000e+06 1.6731789770e+03 9.0902565194e-04 10 6
3.3024676127e+03 1.5555600000e+06 1.6731876127e+03 8.3327351428e-04 10 6
3.3024761337e+03 1.5555700000e+06 1.6731961337e+03 8.7627067818e-04 10 6
3.3024846861e+03 1.5555800000e+06 1.6732046861e+03 8.4121985105e-04 10 6
3.3024929931e+03 1.5555900000e+06 1.6732129931e+03 8.2018935479e-04 10 6
3.3025011950e+03 1.5556000000e+06 1.6732211950e+03 8.2018935481e-04 10 6
3.3025093969e+03 1.5556100000e+06 1.6732293969e+03 8.2018935487e-04 10 6
3.3025175988e+03 1.5556200000e+06 1.6732375988e+03 8.2018935495e-04 10 6
3.3025258597e+03 1.5556300000e+06 1.6732458597e+03 8.3198957986e-04 10 6
3.3025341796e+03 1.5556400000e+06 1.6732541796e+03 8.3198957987e-04 10 6
3.3025424995e+03 1.5556500000e+06 1.6732624995e+03 8.3198957986e-04 10 6
3.3025508194e+03 1.5556600000e+06 1.6732708194e+03 8.3198957987e-04 10 6
3.3025591393e+03 1.5556700000e+06 1.6732791393e+03 8.3198957985e-04 10 6
3.3025674592e+03 1.5556800000e+06 1.6732874592e+03 8.3198957991e-04 10 6
3.3025758651e+03 1.5556900000e+06 1.6732958651e+03 8.4633422779e-04 10 6
3.3025843285e+03 1.5557000000e+06 1.6733043285e+03 8.4633422778e-04 10 6
3.3025927918e+03 1.5557100000e+06 1.6733127918e+03 8.4633422776e-04 10 6
3.3026012551e+03 1.5557200000e+06 1.6733212551e+03 8.4633422773e-04 10 6
3.3026097185e+03 1.5557300000e+06 1.6733297185e+03 8.4633422763e-04 10 6
3.3026181818e+03 1.5557400000e+06 1.6733381818e+03 8.4633422754e-04 10 6
3.3026268870e+03 1.5557500000e+06 1.6733468870e+03 8.7656045021e-04 10 6
3.3026357749e+03 1.5557600000e+06 1.6733557749e+03 8.9694557694e-04 10 6
3.3026447444e+03 1.5557700000e+06 1.6733647444e+03 8.9694557689e-04 10 6
3.3026537138e+03 1.5557800000e+06 1.6733737138e+03 8.9694557687e-04 10 6
3.3026626833e+03 1.5557900000e+06 1.6733826833e+03 8.9694557687e-04 10 6
3.3026717939e+03 1.5558000000e+06 1.6733917939e+03 9.4398817715e-04 10 6
3.3026812337e+03 1.5558100000e+06 1.6734012337e+03 9.4398817714e-04 10 6
3.3026906736e+03 1.5558200000e+06 1.6734106736e+03 9.4398817714e-04 10 6
3.3027001135e+03 1.5558300000e+06 1.6734201135e+03 9.4398817714e-04 10 6
3.3027095534e+03 1.5558400000e+06 1.6734295534e+03 9.4398817714e-04 10 6
3.3027190511e+03 1.5558500000e+06 1.6734390511e+03 1.0017833717e-03 10 6
3.3027290689e+03 1.5558600000e+06 1.6734490689e+03 1.0017833717e-03 10 6
3.3027390867e+03 1.5558700000e+06 1.6734590867e+03 1.0017833717e-03 10 6
3.3027491046e+03 1.5558800000e+06 1.6734691046e+03 1.0017833718e-03 10 6
3.3027591224e+03 1.5558900000e+06 1.6734791224e+03 1.0017833717e-03 10 6
3.3027692255e+03 1.5559000000e+06 1.6734892255e+03 1.0444124513e-03 10 6
3.3027796696e+03 1.5559100000e+06 1.6734996696e+03 1.0444124513e-03 10 6
3.3027901137e+03 1.5559200000e+06 1.6735101137e+03 1.0444124513e-03 10 6
3.3027994331e+03 1.5559300000e+06 1.6735194331e+03 8.8373361257e-04 10 6
3.3028082704e+03 1.5559400000e+06 1.6735282704e+03 8.8373361245e-04 10 6
3.3028171331e+03 1.5559500000e+06 1.6735371331e+03 9.0902565208e-04 10 6
3.3028262233e+03 1.5559600000e+06 1.6735462233e+03 9.0902565206e-04 10 6
3.3028353136e+03 1.5559700000e+06 1.6735553136e+03 9.0902565203e-04 10 6
3.3028444038e+03 1.5559800000e+06 1.6735644038e+03 9.0902565197e-04 10 6
3.3028534941e+03 1.5559900000e+06 1.6735734941e+03 9.0902565194e-04 10 6
3.3028625843e+03 1.5560000000e+06 1.6735825843e+03 9.0902565194e-04 10 6
3.3028716746e+03 1.5560100000e+06 1.6735916746e+03 9.0902565207e-04 10 6
3.3028807649e+03 1.5560200000e+06 1.6736007649e+03 9.0902565204e-04 10 6
3.3028898551e+03 1.5560300000e+06 1.6736098551e+03 9.0902565200e-04 10 6
3.3028989454e+03 1.5560400000e+06 1.6736189454e+03 9.0902565194e-04 10 6
3.3029080356e+03 1.5560500000e+06 1.6736280356e+03 9.0902565194e-04 10 6
3.3029172863e+03 1.5560600000e+06 1.6736372863e+03 9.6249774926e-04 10 6
3.3029269113e+03 1.5560700000e+06 1.6736469113e+03 9.6249774927e-04 10 6
3.3029365363e+03 1.5560800000e+06 1.6736565363e+03 9.6249774927e-04 10 6
3.3029461612e+03 1.5560900000e+06 1.6736661612e+03 9.6249774929e-04 10 6
3.3029553651e+03 1.5561000000e+06 1.6736753651e+03 9.0234163990e-04 10 6
3.3029644124e+03 1.5561100000e+06 1.6736844124e+03 9.2617707948e-04 10 6
3.3029686781e+03 1.5561200000e+06 1.6736886781e+03 5.5563904876e-04 10 6
3.3029756766e+03 1.5561300000e+06 1.6736956766e+03 7.8504136680e-04 10 6
3.3029839868e+03 1.5561400000e+06 1.6737039868e+03 8.6626730121e-04 10 6
3.3029927827e+03 1.5561500000e+06 1.6737127827e+03 8.9958527429e-04 10 6
3.3030017786e+03 1.5561600000e+06 1.6737217786e+03 8.9958527430e-04 10 6
3.3030107744e+03 1.5561700000e+06 1.6737307744e+03 8.9958527421e-04 10 6
3.3030199830e+03 1.5561800000e+06 1.6737399830e+03 9.2617707946e-04 10 6
3.3030292448e+03 1.5561900000e+06 1.6737492448e+03 9.2617707946e-04 10 6
3.3030385065e+03 1.5562000000e+06 1.6737585065e+03 9.2617707946e-04 10 6
3.3030477683e+03 1.5562100000e+06 1.6737677683e+03 9.2617707946e-04 10 6
3.3030570301e+03 1.5562200000e+06 1.6737770301e+03 9.2617707946e-04 10 6
3.3030664735e+03 1.5562300000e+06 1.6737864735e+03 9.6249774926e-04 10 6
3.3030760984e+03 1.5562400000e+06 1.6737960984e+03 9.6249774927e-04 10 6
3.3030857234e+03 1.5562500000e+06 1.6738057234e+03 9.6249774928e-04 10 6
3.3030953484e+03 1.5562600000e+06 1.6738153484e+03 9.6249774930e-04 10 6
3.3031049734e+03 1.5562700000e+06 1.6738249734e+03 9.6249774937e-04 10 6
3.3031147555e+03 1.5562800000e+06 1.6738347555e+03 1.0017833717e-03 10 6
3.3031247733e+03 1.5562900000e+06 1.6738447733e+03 1.0017833717e-03 10 6
3.3031347912e+03 1.5563000000e+06 1.6738547912e+03 1.0017833717e-03 10 6
3.3031448090e+03 1.5563100000e+06 1.6738648090e+03 1.0017833717e-03 10 6
3.3031548268e+03 1.5563200000e+06 1.6738748268e+03 1.0017833717e-03 10 6
3.3031649490e+03 1.5563300000e+06 1.6738849490e+03 1.0226538586e-03 10 6
3.3031751755e+03 1.5563400000e+06 1.6738951755e+03 1.0226538586e-03 10 6
3.3031854021e+03 1.5563500000e+06 1.6739054021e+03 1.0226538586e-03 10 6
3.3031953218e+03 1.5563600000e+06 1.6739153218e+03 9.7152116565e-04 10 6
3.3032050370e+03 1.5563700000e+06 1.6739250370e+03 9.7152116568e-04 10 6
3.3032149338e+03 1.5563800000e+06 1.6739349338e+03 1.0017833717e-03 10 6
3.3032248960e+03 1.5563900000e+06 1.6739448960e+03 9.7395605586e-04 10 6
3.3032346356e+03 1.5564000000e+06 1.6739546356e+03 9.7395605580e-04 10 6
3.3032443143e+03 1.5564100000e+06 1.6739643143e+03 9.1308380226e-04 10 6
3.3032534451e+03 1.5564200000e+06 1.6739734451e+03 9.1308380229e-04 10 6
3.3032627475e+03 1.5564300000e+06 1.6739827475e+03 9.4362524437e-04 10 6
3.3032721838e+03 1.5564400000e+06 1.6739921838e+03 9.4362524436e-04 10 6
3.3032816200e+03 1.5564500000e+06 1.6740016200e+03 9.4362524434e-04 10 6
3.3032910563e+03 1.5564600000e+06 1.6740110563e+03 9.4362524429e-04 10 6
3.3033004925e+03 1.5564700000e+06 1.6740204925e+03 9.4362524419e-04 10 6
3.3033099299e+03 1.5564800000e+06 1.6740299299e+03 9.4398817715e-04 10 6
3.3033192124e+03 1.5564900000e+06 1.6740392124e+03 9.2432175676e-04 10 6
3.3033284556e+03 1.5565000000e+06 1.6740484556e+03 9.2432175672e-04 10 6
3.3033376988e+03 1.5565100000e+06 1.6740576988e+03 9.2432175667e-04 10 6
3.3033469421e+03 1.5565200000e+06 1.6740669421e+03 9.2432175664e-04 10 6
3.3033561853e+03 1.5565300000e+06 1.6740761853e+03 9.2432175688e-04 10 6
3.3033654470e+03 1.5565400000e+06 1.6740854470e+03 9.2617707946e-04 10 6
3.3033747088e+03 1.5565500000e+06 1.6740947088e+03 9.2617707946e-04 10 6
3.3033839706e+03 1.5565600000e+06 1.6741039706e+03 9.2617707946e-04 10 6
3.3033928465e+03 1.5565700000e+06 1.6741128465e+03 8.8758636784e-04 10 6
3.3034017223e+03 1.5565800000e+06 1.6741217223e+03 8.8758636803e-04 10 6
3.3034106277e+03 1.5565900000e+06 1.6741306277e+03 8.9249791296e-04 10 6
3.3034195526e+03 1.5566000000e+06 1.6741395526e+03 8.9249791297e-04 10 6
3.3034284776e+03 1.5566100000e+06 1.6741484776e+03 8.9249791299e-04 10 6
3.3034374026e+03 1.5566200000e+06 1.6741574026e+03 8.9249791304e-04 10 6
3.3034463276e+03 1.5566300000e+06 1.6741663276e+03 8.9249791313e-04 10 6
3.3034552691e+03 1.5566400000e+06 1.6741752691e+03 9.0902565208e-04 10 6
3.3034643593e+03 1.5566500000e+06 1.6741843593e+03 9.0902565206e-04 10 6
3.3034734496e+03 1.5566600000e+06 1.6741934496e+03 9.0902565203e-04 10 6
3.3034825398e+03 1.5566700000e+06 1.6742025398e+03 9.0902565197e-04 10 6
3.3034916301e+03 1.5566800000e+06 1.6742116301e+03 9.0902565194e-04 10 6
3.3035007204e+03 1.5566900000e+06 1.6742207204e+03 9.0902565194e-04 10 6
3.3035098106e+03 1.5567000000e+06 1.6742298106e+03 9.0902565207e-04 10 6
3.3035189009e+03 1.5567100000e+06 1.6742389009e+03 9.0902565204e-04 10 6
3.3035279911e+03 1.5567200000e+06 1.6742479911e+03 9.0902565200e-04 10 6
3.3035370814e+03 1.5567300000e+06 1.6742570814e+03 9.0902565194e-04 10 6
3.3035461716e+03 1.5567400000e+06 1.6742661716e+03 9.0902565194e-04 10 6
3.3035553668e+03 1.5567500000e+06 1.6742753668e+03 9.4398817715e-04 10 6
3.3035648067e+03 1.5567600000e+06 1.6742848067e+03 9.4398817714e-04 10 6
3.3035742465e+03 1.5567700000e+06 1.6742942465e+03 9.4398817714e-04 10 6
3.3035836864e+03 1.5567800000e+06 1.6743036864e+03 9.4398817714e-04 10 6
3.3035931263e+03 1.5567900000e+06 1.6743131263e+03 9.4398817714e-04 10 6
3.3036025662e+03 1.5568000000e+06 1.6743225662e+03 9.4398817716e-04 10 6
3.3036119315e+03 1.5568100000e+06 1.6743319315e+03 9.2328760456e-04 10 6
3.3036211644e+03 1.5568200000e+06 1.6743411644e+03 9.2328760456e-04 10 6
3.3036303973e+03 1.5568300000e+06 1.6743503973e+03 9.2328760456e-04 10 6
3.3036396301e+03 1.5568400000e+06 1.6743596301e+03 9.2328760456e-04 10 6
3.3036488630e+03 1.5568500000e+06 1.6743688630e+03 9.2328760456e-04 10 6
3.3036582615e+03 1.5568600000e+06 1.6743782615e+03 9.4398817715e-04 10 6
3.3036677014e+03 1.5568700000e+06 1.6743877014e+03 9.4398817713e-04 10 6
3.3036771413e+03 1.5568800000e+06 1.6743971413e+03 9.4398817715e-04 10 6
3.3036865811e+03 1.5568900000e+06 1.6744065811e+03 9.4398817713e-04 10 6
3.3036960210e+03 1.5569000000e+06 1.6744160210e+03 9.4398817719e-04 10 6
3.3037059329e+03 1.5569100000e+06 1.6744259329e+03 1.0226538586e-03 10 6
3.3037161594e+03 1.5569200000e+06 1.6744361594e+03 1.0226538586e-03 10 6
3.3037263860e+03 1.5569300000e+06 1.6744463860e+03 1.0226538586e-03 10 6
3.3037366125e+03 1.5569400000e+06 1.6744566125e+03 1.0226538586e-03 10 6
3.3037461573e+03 1.5569500000e+06 1.6744661573e+03 9.0902565205e-04 10 6
3.3037558968e+03 1.5569600000e+06 1.6744758968e+03 1.0017833717e-03 10 6
3.3037659147e+03 1.5569700000e+06 1.6744859147e+03 1.0017833717e-03 10 6
3.3037756508e+03 1.5569800000e+06 1.6744956508e+03 9.7047764143e-04 10 6
3.3037853555e+03 1.5569900000e+06 1.6745053555e+03 9.7047764143e-04 10 6
3.3037950603e+03 1.5570000000e+06 1.6745150603e+03 9.7047764143e-04 10 6
3.3038048440e+03 1.5570100000e+06 1.6745248440e+03 9.8174770423e-04 10 6
3.3038146615e+03 1.5570200000e+06 1.6745346615e+03 9.8174770419e-04 10 6
3.3038244789e+03 1.5570300000e+06 1.6745444789e+03 9.8174770415e-04 10 6
3.3038342964e+03 1.5570400000e+06 1.6745542964e+03 9.8174770415e-04 10 6
3.3038441139e+03 1.5570500000e+06 1.6745641139e+03 9.8174770415e-04 10 6
3.3038539314e+03 1.5570600000e+06 1.6745739314e+03 9.8174770423e-04 10 6
3.3038637488e+03 1.5570700000e+06 1.6745837488e+03 9.8174770419e-04 10 6
3.3038735663e+03 1.5570800000e+06 1.6745935663e+03 9.8174770415e-04 10 6
3.3038833838e+03 1.5570900000e+06 1.6746033838e+03 9.8174770415e-04 10 6
3.3038932013e+03 1.5571000000e+06 1.6746132013e+03 9.8174770415e-04 10 6
3.3039031590e+03 1.5571100000e+06 1.6746231590e+03 1.0017833717e-03 10 6
3.3039131768e+03 1.5571200000e+06 1.6746331768e+03 1.0017833717e-03 10 6
3.3039231947e+03 1.5571300000e+06 1.6746431947e+03 1.0017833718e-03 10 6
3.3039332125e+03 1.5571400000e+06 1.6746532125e+03 1.0017833717e-03 10 6
3.3039432303e+03 1.5571500000e+06 1.6746632303e+03 1.0017833718e-03 10 6
3.3039532482e+03 1.5571600000e+06 1.6746732482e+03 1.0017833717e-03 10 6
3.3039634769e+03 1.5571700000e+06 1.6746834769e+03 1.0281460920e-03 10 6
3.3039737584e+03 1.5571800000e+06 1.6746937584e+03 1.0281460921e-03 10 6
3.3039840398e+03 1.5571900000e+06 1.6747040398e+03 1.0281460920e-03 10 6
3.3039943213e+03 1.5572000000e+06 1.6747143213e+03 1.0281460923e-03 10 6
3.3040049925e+03 1.5572100000e+06 1.6747249925e+03 1.0671170698e-03 10 6
3.3040156636e+03 1.5572200000e+06 1.6747356636e+03 1.0671170698e-03 10 6
3.3040263348e+03 1.5572300000e+06 1.6747463348e+03 1.0671170698e-03 10 6
3.3040370060e+03 1.5572400000e+06 1.6747570060e+03 1.0671170697e-03 10 6
3.3040477720e+03 1.5572500000e+06 1.6747677720e+03 1.0908307825e-03 10 6
3.3040584096e+03 1.5572600000e+06 1.6747784096e+03 1.0329244138e-03 10 6
3.3040687388e+03 1.5572700000e+06 1.6747887388e+03 1.0329244139e-03 10 6
3.3040786639e+03 1.5572800000e+06 1.6747986639e+03 9.8801465674e-04 10 6
3.3040885440e+03 1.5572900000e+06 1.6748085440e+03 9.8801465674e-04 10 6
3.3040984632e+03 1.5573000000e+06 1.6748184632e+03 9.8000547231e-04 10 6
3.3041082633e+03 1.5573100000e+06 1.6748282633e+03 9.8000547233e-04 10 6
3.3041180633e+03 1.5573200000e+06 1.6748380633e+03 9.8000547237e-04 10 6
3.3041276570e+03 1.5573300000e+06 1.6748476570e+03 9.2842623707e-04 10 6
3.3041369413e+03 1.5573400000e+06 1.6748569413e+03 9.2842623712e-04 10 6
3.3041463959e+03 1.5573500000e+06 1.6748663959e+03 9.6249774926e-04 10 6
3.3041559487e+03 1.5573600000e+06 1.6748759487e+03 9.3843530553e-04 10 6
3.3041653331e+03 1.5573700000e+06 1.6748853331e+03 9.3843530548e-04 10 6
3.3041747174e+03 1.5573800000e+06 1.6748947174e+03 9.3843530544e-04 10 6
3.3041841018e+03 1.5573900000e+06 1.6749041018e+03 9.3843530544e-04 10 6
3.3041935028e+03 1.5574000000e+06 1.6749135028e+03 9.4398817715e-04 10 6
3.3042029427e+03 1.5574100000e+06 1.6749229427e+03 9.4398817714e-04 10 6
3.3042123826e+03 1.5574200000e+06 1.6749323826e+03 9.4398817714e-04 10 6
3.3042218224e+03 1.5574300000e+06 1.6749418224e+03 9.4398817714e-04 10 6
3.3042312623e+03 1.5574400000e+06 1.6749512623e+03 9.4398817714e-04 10 6
3.3042407207e+03 1.5574500000e+06 1.6749607207e+03 9.6249774926e-04 10 6
3.3042501174e+03 1.5574600000e+06 1.6749701174e+03 8.8018688432e-04 10 6
3.3042587392e+03 1.5574700000e+06 1.6749787392e+03 8.6018263691e-04 10 6
3.3042673410e+03 1.5574800000e+06 1.6749873410e+03 8.6018263687e-04 10 6
3.3042759429e+03 1.5574900000e+06 1.6749959429e+03 8.6018263687e-04 10 6
3.3042845447e+03 1.5575000000e+06 1.6750045447e+03 8.6018263687e-04 10 6
3.3042933081e+03 1.5575100000e+06 1.6750133081e+03 8.9249791295e-04 10 6
3.3043023521e+03 1.5575200000e+06 1.6750223521e+03 9.1233119994e-04 10 6
3.3043114754e+03 1.5575300000e+06 1.6750314754e+03 9.1233119997e-04 10 6
3.3043205987e+03 1.5575400000e+06 1.6750405987e+03 9.1233119997e-04 10 6
3.3043297220e+03 1.5575500000e+06 1.6750497220e+03 9.1233119997e-04 10 6
3.3043389147e+03 1.5575600000e+06 1.6750589147e+03 9.8174770425e-04 10 6
3.3043487322e+03 1.5575700000e+06 1.6750687322e+03 9.8174770421e-04 10 6
3.3043585497e+03 1.5575800000e+06 1.6750785497e+03 9.8174770416e-04 10 6
3.3043683672e+03 1.5575900000e+06 1.6750883672e+03 9.8174770415e-04 10 6
3.3043781846e+03 1.5576000000e+06 1.6750981846e+03 9.8174770415e-04 10 6
3.3043880021e+03 1.5576100000e+06 1.6751080021e+03 9.8174770425e-04 10 6
3.3043978196e+03 1.5576200000e+06 1.6751178196e+03 9.8174770421e-04 10 6
3.3044076371e+03 1.5576300000e+06 1.6751276371e+03 9.8174770416e-04 10 6
3.3044174545e+03 1.5576400000e+06 1.6751374545e+03 9.8174770415e-04 10 6
3.3044272720e+03 1.5576500000e+06 1.6751472720e+03 9.8174770415e-04 10 6
3.3044370895e+03 1.5576600000e+06 1.6751570895e+03 9.8174770425e-04 10 6
3.3044469070e+03 1.5576700000e+06 1.6751669070e+03 9.8174770421e-04 10 6
3.3044567245e+03 1.5576800000e+06 1.6751767245e+03 9.8174770416e-04 10 6
3.3044665419e+03 1.5576900000e+06 1.6751865419e+03 9.8174770415e-04 10 6
3.3044763594e+03 1.5577000000e+06 1.6751963594e+03 9.8174770415e-04 10 6
3.3044861969e+03 1.5577100000e+06 1.6752061969e+03 1.0017833717e-03 10 6
3.3044962148e+03 1.5577200000e+06 1.6752162148e+03 1.0017833717e-03 10 6
3.3045062326e+03 1.5577300000e+06 1.6752262326e+03 1.0017833717e-03 10 6
3.3045162504e+03 1.5577400000e+06 1.6752362504e+03 1.0017833718e-03 10 6
3.3045262683e+03 1.5577500000e+06 1.6752462683e+03 1.0017833717e-03 10 6
3.3045363278e+03 1.5577600000e+06 1.6752563278e+03 1.0226538586e-03 10 6
3.3045465544e+03 1.5577700000e+06 1.6752665544e+03 1.0226538586e-03 10 6
3.3045567809e+03 1.5577800000e+06 1.6752767809e+03 1.0226538586e-03 10 6
3.3045670074e+03 1.5577900000e+06 1.6752870074e+03 1.0226538586e-03 10 6
3.3045772340e+03 1.5578000000e+06 1.6752972340e+03 1.0226538587e-03 10 6
3.3045875476e+03 1.5578100000e+06 1.6753075476e+03 1.0444124513e-03 10 6
3.3045979917e+03 1.5578200000e+06 1.6753179917e+03 1.0444124513e-03 10 6
3.3046084358e+03 1.5578300000e+06 1.6753284358e+03 1.0444124513e-03 10 6
3.3046188799e+03 1.5578400000e+06 1.6753388799e+03 1.0444124512e-03 10 6
3.3046293241e+03 1.5578500000e+06 1.6753493241e+03 1.0444124512e-03 10 6
3.3046397682e+03 1.5578600000e+06 1.6753597682e+03 1.0444124513e-03 10 6
3.3046502123e+03 1.5578700000e+06 1.6753702123e+03 1.0444124513e-03 10 6
3.3046606564e+03 1.5578800000e+06 1.6753806564e+03 1.0444124512e-03 10 6
3.3046711006e+03 1.5578900000e+06 1.6753911006e+03 1.0444124511e-03 10 6
3.3046815447e+03 1.5579000000e+06 1.6754015447e+03 1.0444124514e-03 10 6
3.3046917712e+03 1.5579100000e+06 1.6754117712e+03 1.0226538586e-03 10 6
3.3047018474e+03 1.5579200000e+06 1.6754218474e+03 9.9257580394e-04 10 6
3.3047117731e+03 1.5579300000e+06 1.6754317731e+03 9.9257580389e-04 10 6
3.3047216989e+03 1.5579400000e+06 1.6754416989e+03 9.9257580382e-04 10 6
3.3047316138e+03 1.5579500000e+06 1.6754516138e+03 9.8174770425e-04 10 6
3.3047414313e+03 1.5579600000e+06 1.6754614313e+03 9.8174770421e-04 10 6
3.3047512488e+03 1.5579700000e+06 1.6754712488e+03 9.8174770416e-04 10 6
3.3047610662e+03 1.5579800000e+06 1.6754810662e+03 9.8174770415e-04 10 6
3.3047708837e+03 1.5579900000e+06 1.6754908837e+03 9.8174770415e-04 10 6
3.3047807212e+03 1.5580000000e+06 1.6755007212e+03 1.0017833717e-03 10 6
3.3047908789e+03 1.5580100000e+06 1.6755108789e+03 1.0250806594e-03 10 6
3.3048011297e+03 1.5580200000e+06 1.6755211297e+03 1.0250806594e-03 10 6
3.3048113805e+03 1.5580300000e+06 1.6755313805e+03 1.0250806593e-03 10 6
3.3048216313e+03 1.5580400000e+06 1.6755416313e+03 1.0250806592e-03 10 6
3.3048320793e+03 1.5580500000e+06 1.6755520793e+03 1.0908307825e-03 10 6
3.3048429876e+03 1.5580600000e+06 1.6755629876e+03 1.0908307825e-03 10 6
3.3048538959e+03 1.5580700000e+06 1.6755738959e+03 1.0908307824e-03 10 6
3.3048648043e+03 1.5580800000e+06 1.6755848043e+03 1.0908307825e-03 10 6
3.3048757126e+03 1.5580900000e+06 1.6755957126e+03 1.0908307824e-03 10 6
3.3048870268e+03 1.5581000000e+06 1.6756070268e+03 1.1415670980e-03 10 6
3.3048984424e+03 1.5581100000e+06 1.6756184424e+03 1.1415670980e-03 10 6
3.3049098581e+03 1.5581200000e+06 1.6756298581e+03 1.1415670981e-03 10 6
3.3049212738e+03 1.5581300000e+06 1.6756412738e+03 1.1415670981e-03 10 6
3.3049313449e+03 1.5581400000e+06 1.6756513449e+03 1.0908307825e-03 10 6
3.3049422532e+03 1.5581500000e+06 1.6756622532e+03 1.0908307825e-03 10 6
3.3049531615e+03 1.5581600000e+06 1.6756731615e+03 1.0908307825e-03 10 6
3.3049636680e+03 1.5581700000e+06 1.6756836680e+03 1.0334186361e-03 10 6
3.3049740022e+03 1.5581800000e+06 1.6756940022e+03 1.0334186362e-03 10 6
3.3049846059e+03 1.5581900000e+06 1.6757046059e+03 1.0671170698e-03 10 6
3.3049951202e+03 1.5582000000e+06 1.6757151202e+03 1.0357312737e-03 10 6
3.3050054775e+03 1.5582100000e+06 1.6757254775e+03 1.0357312737e-03 10 6
3.3050158348e+03 1.5582200000e+06 1.6757358348e+03 1.0357312738e-03 10 6
3.3050251564e+03 1.5582300000e+06 1.6757451564e+03 8.6310939469e-04 10 6
3.3050352273e+03 1.5582400000e+06 1.6757552273e+03 1.0004222530e-03 10 6
3.3050451406e+03 1.5582500000e+06 1.6757651406e+03 9.7010642708e-04 10 6
3.3050548416e+03 1.5582600000e+06 1.6757748416e+03 9.7010642706e-04 10 6
3.3050645427e+03 1.5582700000e+06 1.6757845427e+03 9.7010642710e-04 10 6
3.3050734353e+03 1.5582800000e+06 1.6757934353e+03 8.0842202237e-04 10 6
3.3050827553e+03 1.5582900000e+06 1.6758027553e+03 9.4362524437e-04 10 6
3.3050921150e+03 1.5583000000e+06 1.6758121150e+03 9.1812185938e-04 10 6
3.3051012962e+03 1.5583100000e+06 1.6758212962e+03 9.1812185941e-04 10 6
3.3051104774e+03 1.5583200000e+06 1.6758304774e+03 9.1812185950e-04 10 6
3.3051193144e+03 1.5583300000e+06 1.6758393144e+03 8.0335662710e-04 10 6
3.3051278413e+03 1.5583400000e+06 1.6758478413e+03 8.9154438953e-04 10 6
3.3051367568e+03 1.5583500000e+06 1.6758567568e+03 8.9154438953e-04 10 6
3.3051456722e+03 1.5583600000e+06 1.6758656722e+03 8.9154438952e-04 10 6
3.3051545876e+03 1.5583700000e+06 1.6758745876e+03 8.9154438950e-04 10 6
3.3051634288e+03 1.5583800000e+06 1.6758834288e+03 8.1724902365e-04 10 6
3.3051716013e+03 1.5583900000e+06 1.6758916013e+03 8.1724902361e-04 10 6
3.3051803076e+03 1.5584000000e+06 1.6759003076e+03 8.7656045021e-04 10 6
3.3051890732e+03 1.5584100000e+06 1.6759090732e+03 8.7656045020e-04 10 6
3.3051978388e+03 1.5584200000e+06 1.6759178388e+03 8.7656045019e-04 10 6
3.3052066044e+03 1.5584300000e+06 1.6759266044e+03 8.7656045015e-04 10 6
3.3052153700e+03 1.5584400000e+06 1.6759353700e+03 8.7656045002e-04 10 6
3.3052241834e+03 1.5584500000e+06 1.6759441834e+03 8.9249791295e-04 10 6
3.3052331084e+03 1.5584600000e+06 1.6759531084e+03 8.9249791296e-04 10 6
3.3052420334e+03 1.5584700000e+06 1.6759620334e+03 8.9249791298e-04 10 6
3.3052509583e+03 1.5584800000e+06 1.6759709583e+03 8.9249791302e-04 10 6
3.3052598833e+03 1.5584900000e+06 1.6759798833e+03 8.9249791311e-04 10 6
3.3052688083e+03 1.5585000000e+06 1.6759888083e+03 8.9249791305e-04 10 6
3.3052777333e+03 1.5585100000e+06 1.6759977333e+03 8.9249791296e-04 10 6
3.3052866583e+03 1.5585200000e+06 1.6760066583e+03 8.9249791297e-04 10 6
3.3052955162e+03 1.5585300000e+06 1.6760155162e+03 8.6301794561e-04 10 6
3.3053041464e+03 1.5585400000e+06 1.6760241464e+03 8.6301794566e-04 10 6
3.3053127765e+03 1.5585500000e+06 1.6760327765e+03 8.6301794570e-04 10 6
3.3053214338e+03 1.5585600000e+06 1.6760414338e+03 8.7656045022e-04 10 6
3.3053301566e+03 1.5585700000e+06 1.6760501566e+03 8.7753440627e-04 10 6
3.3053387369e+03 1.5585800000e+06 1.6760587369e+03 8.5803364170e-04 10 6
3.3053473172e+03 1.5585900000e+06 1.6760673172e+03 8.5803364172e-04 10 6
3.3053558976e+03 1.5586000000e+06 1.6760758976e+03 8.5803364178e-04 10 6
3.3053644779e+03 1.5586100000e+06 1.6760844779e+03 8.5803364186e-04 10 6
3.3053729997e+03 1.5586200000e+06 1.6760929997e+03 8.4633422779e-04 10 6
3.3053814631e+03 1.5586300000e+06 1.6761014631e+03 8.4633422778e-04 10 6
3.3053899264e+03 1.5586400000e+06 1.6761099264e+03 8.4633422776e-04 10 6
3.3053983559e+03 1.5586500000e+06 1.6761183559e+03 8.1248085862e-04 10 6
3.3054064807e+03 1.5586600000e+06 1.6761264807e+03 8.1248085856e-04 10 6
3.3054146055e+03 1.5586700000e+06 1.6761346055e+03 8.1248085853e-04 10 6
3.3054228474e+03 1.5586800000e+06 1.6761428474e+03 8.3198957986e-04 10 6
3.3054311673e+03 1.5586900000e+06 1.6761511673e+03 8.3198957986e-04 10 6
3.3054394872e+03 1.5587000000e+06 1.6761594872e+03 8.3198957986e-04 10 6
3.3054478071e+03 1.5587100000e+06 1.6761678071e+03 8.3198957986e-04 10 6
3.3054561270e+03 1.5587200000e+06 1.6761761270e+03 8.3198957986e-04 10 6
3.3054644469e+03 1.5587300000e+06 1.6761844469e+03 8.3198957986e-04 10 6
3.3054728672e+03 1.5587400000e+06 1.6761928672e+03 8.4633422779e-04 10 6
3.3054813305e+03 1.5587500000e+06 1.6762013305e+03 8.4633422778e-04 10 6
3.3054897939e+03 1.5587600000e+06 1.6762097939e+03 8.4633422776e-04 10 6
3.3054982572e+03 1.5587700000e+06 1.6762182572e+03 8.4633422772e-04 10 6
3.3055067206e+03 1.5587800000e+06 1.6762267206e+03 8.4633422762e-04 10 6
3.3055151839e+03 1.5587900000e+06 1.6762351839e+03 8.4633422762e-04 10 6
3.3055239193e+03 1.5588000000e+06 1.6762439193e+03 8.7656045021e-04 10 6
3.3055328443e+03 1.5588100000e+06 1.6762528443e+03 8.9648227862e-04 10 6
3.3055418091e+03 1.5588200000e+06 1.6762618091e+03 8.9648227859e-04 10 6
3.3055507739e+03 1.5588300000e+06 1.6762707739e+03 8.9648227854e-04 10 6
3.3055597387e+03 1.5588400000e+06 1.6762797387e+03 8.9648227842e-04 10 6
3.3055688223e+03 1.5588500000e+06 1.6762888223e+03 9.2617707946e-04 10 6
3.3055780841e+03 1.5588600000e+06 1.6762980841e+03 9.2617707946e-04 10 6
3.3055873459e+03 1.5588700000e+06 1.6763073459e+03 9.2617707946e-04 10 6
3.3055966076e+03 1.5588800000e+06 1.6763166076e+03 9.2617707946e-04 10 6
3.3056058694e+03 1.5588900000e+06 1.6763258694e+03 9.2617707946e-04 10 6
3.3056151675e+03 1.5589000000e+06 1.6763351675e+03 9.6249774926e-04 10 6
3.3056247925e+03 1.5589100000e+06 1.6763447925e+03 9.6249774926e-04 10 6
3.3056344175e+03 1.5589200000e+06 1.6763544175e+03 9.6249774927e-04 10 6
3.3056440424e+03 1.5589300000e+06 1.6763640424e+03 9.6249774929e-04 10 6
3.3056536674e+03 1.5589400000e+06 1.6763736674e+03 9.6249774932e-04 10 6
3.3056632924e+03 1.5589500000e+06 1.6763832924e+03 9.6249774970e-04 10 6
3.3056733102e+03 1.5589600000e+06 1.6763933102e+03 1.0017833717e-03 10 6
3.3056833281e+03 1.5589700000e+06 1.6764033281e+03 1.0017833717e-03 10 6
3.3056933459e+03 1.5589800000e+06 1.6764133459e+03 1.0017833717e-03 10 6
3.3057033637e+03 1.5589900000e+06 1.6764233637e+03 1.0017833717e-03 10 6
3.3057134024e+03 1.5590000000e+06 1.6764334024e+03 1.0226538586e-03 10 6
3.3057236290e+03 1.5590100000e+06 1.6764436290e+03 1.0226538586e-03 10 6
3.3057338555e+03 1.5590200000e+06 1.6764538555e+03 1.0226538586e-03 10 6
3.3057440820e+03 1.5590300000e+06 1.6764640820e+03 1.0226538586e-03 10 6
3.3057543086e+03 1.5590400000e+06 1.6764743086e+03 1.0226538586e-03 10 6
3.3057646685e+03 1.5590500000e+06 1.6764846685e+03 1.0671170698e-03 10 6
3.3057753397e+03 1.5590600000e+06 1.6764953397e+03 1.0671170698e-03 10 6
3.3057860108e+03 1.5590700000e+06 1.6765060108e+03 1.0671170698e-03 10 6
3.3057966820e+03 1.5590800000e+06 1.6765166820e+03 1.0671170698e-03 10 6
3.3058073532e+03 1.5590900000e+06 1.6765273532e+03 1.0671170696e-03 10 6
3.3058180244e+03 1.5591000000e+06 1.6765380244e+03 1.0671170698e-03 10 6
3.3058286955e+03 1.5591100000e+06 1.6765486955e+03 1.0671170698e-03 10 6
3.3058393667e+03 1.5591200000e+06 1.6765593667e+03 1.0671170698e-03 10 6
3.3058500379e+03 1.5591300000e+06 1.6765700379e+03 1.0671170698e-03 10 6
3.3058607328e+03 1.5591400000e+06 1.6765807328e+03 1.0908307825e-03 10 6
3.3058716411e+03 1.5591500000e+06 1.6765916411e+03 1.0908307825e-03 10 6
3.3058825494e+03 1.5591600000e+06 1.6766025494e+03 1.0908307825e-03 10 6
3.3058934577e+03 1.5591700000e+06 1.6766134577e+03 1.0908307824e-03 10 6
3.3059043660e+03 1.5591800000e+06 1.6766243660e+03 1.0908307825e-03 10 6
3.3059154230e+03 1.5591900000e+06 1.6766354230e+03 1.1156223912e-03 10 6
3.3059265793e+03 1.5592000000e+06 1.6766465793e+03 1.1156223911e-03 10 6
3.3059377355e+03 1.5592100000e+06 1.6766577355e+03 1.1156223911e-03 10 6
3.3059488917e+03 1.5592200000e+06 1.6766688917e+03 1.1156223912e-03 10 6
3.3059600479e+03 1.5592300000e+06 1.6766800479e+03 1.1156223912e-03 10 6
3.3059712042e+03 1.5592400000e+06 1.6766912042e+03 1.1156223911e-03 10 6
3.3059816283e+03 1.5592500000e+06 1.6767016283e+03 1.0110327919e-03 10 6
3.3059917386e+03 1.5592600000e+06 1.6767117386e+03 1.0110327919e-03 10 6
3.3060018489e+03 1.5592700000e+06 1.6767218489e+03 1.0110327919e-03 10 6
3.3060121261e+03 1.5592800000e+06 1.6767321261e+03 1.0444124513e-03 10 6
3.3060219250e+03 1.5592900000e+06 1.6767419250e+03 9.2071525011e-04 10 6
3.3060308698e+03 1.5593000000e+06 1.6767508698e+03 8.6626434825e-04 10 6
3.3060395324e+03 1.5593100000e+06 1.6767595324e+03 8.6626434831e-04 10 6
3.3060481951e+03 1.5593200000e+06 1.6767681951e+03 8.6626434836e-04 10 6
3.3060559915e+03 1.5593300000e+06 1.6767759915e+03 6.4969826099e-04 10 6
3.3060645857e+03 1.5593400000e+06 1.6767845857e+03 8.4360704982e-04 10 6
3.3060731437e+03 1.5593500000e+06 1.6767931437e+03 8.4039767520e-04 10 6
3.3060815477e+03 1.5593600000e+06 1.6768015477e+03 8.4039767514e-04 10 6
3.3060899517e+03 1.5593700000e+06 1.6768099517e+03 8.4039767513e-04 10 6
3.3060980555e+03 1.5593800000e+06 1.6768180555e+03 7.8036926975e-04 10 6
3.3061058970e+03 1.5593900000e+06 1.6768258970e+03 8.1812308687e-04 10 6
3.3061141364e+03 1.5594000000e+06 1.6768341364e+03 8.1693481806e-04 10 6
3.3061224215e+03 1.5594100000e+06 1.6768424215e+03 8.1396722920e-04 10 6
3.3061306455e+03 1.5594200000e+06 1.6768506455e+03 8.1106020342e-04 10 6
3.3061387561e+03 1.5594300000e+06 1.6768587561e+03 8.1106020341e-04 10 6
3.3061468667e+03 1.5594400000e+06 1.6768668667e+03 8.1106020339e-04 10 6
3.3061549982e+03 1.5594500000e+06 1.6768749982e+03 8.3198957987e-04 10 6
3.3061633181e+03 1.5594600000e+06 1.6768833181e+03 8.3198957987e-04 10 6
3.3061716380e+03 1.5594700000e+06 1.6768916380e+03 8.3198957986e-04 10 6
3.3061799579e+03 1.5594800000e+06 1.6768999579e+03 8.3198957987e-04 10 6
3.3061882778e+03 1.5594900000e+06 1.6769082778e+03 8.3198957985e-04 10 6
3.3061965977e+03 1.5595000000e+06 1.6769165977e+03 8.3198957989e-04 10 6
3.3062049322e+03 1.5595100000e+06 1.6769249322e+03 8.4658588828e-04 10 6
3.3062133981e+03 1.5595200000e+06 1.6769333981e+03 8.4658588830e-04 10 6
3.3062218639e+03 1.5595300000e+06 1.6769418639e+03 8.4658588832e-04 10 6
3.3062303298e+03 1.5595400000e+06 1.6769503298e+03 8.4658588836e-04 10 6
3.3062387956e+03 1.5595500000e+06 1.6769587956e+03 8.4658588845e-04 10 6
3.3062472615e+03 1.5595600000e+06 1.6769672615e+03 8.4658588841e-04 10 6
3.3062557857e+03 1.5595700000e+06 1.6769757857e+03 8.6118219670e-04 10 6
3.3062643976e+03 1.5595800000e+06 1.6769843976e+03 8.6118219668e-04 10 6
3.3062730094e+03 1.5595900000e+06 1.6769930094e+03 8.6118219665e-04 10 6
3.3062816212e+03 1.5596000000e+06 1.6770016212e+03 8.6118219660e-04 10 6
3.3062902330e+03 1.5596100000e+06 1.6770102330e+03 8.6118219656e-04 10 6
3.3062988448e+03 1.5596200000e+06 1.6770188448e+03 8.6118219656e-04 10 6
3.3063078946e+03 1.5596300000e+06 1.6770278946e+03 9.2654769855e-04 10 6
3.3063171601e+03 1.5596400000e+06 1.6770371601e+03 9.2654769856e-04 10 6
3.3063264255e+03 1.5596500000e+06 1.6770464255e+03 9.2654769855e-04 10 6
3.3063356910e+03 1.5596600000e+06 1.6770556910e+03 9.2654769857e-04 10 6
3.3063449565e+03 1.5596700000e+06 1.6770649565e+03 9.2654769852e-04 10 6
3.3063544428e+03 1.5596800000e+06 1.6770744428e+03 9.8174770424e-04 10 6
3.3063642602e+03 1.5596900000e+06 1.6770842602e+03 9.8174770420e-04 10 6
3.3063740777e+03 1.5597000000e+06 1.6770940777e+03 9.8174770414e-04 10 6
3.3063838952e+03 1.5597100000e+06 1.6771038952e+03 9.8174770416e-04 10 6
3.3063937127e+03 1.5597200000e+06 1.6771137127e+03 9.8174770411e-04 10 6
3.3064036103e+03 1.5597300000e+06 1.6771236103e+03 1.0017833717e-03 10 6
3.3064136281e+03 1.5597400000e+06 1.6771336281e+03 1.0017833717e-03 10 6
3.3064236460e+03 1.5597500000e+06 1.6771436460e+03 1.0017833717e-03 10 6
3.3064336638e+03 1.5597600000e+06 1.6771536638e+03 1.0017833717e-03 10 6
3.3064432263e+03 1.5597700000e+06 1.6771632263e+03 9.1071215612e-04 10 6
3.3064525405e+03 1.5597800000e+06 1.6771725405e+03 9.6249774926e-04 10 6
3.3064621655e+03 1.5597900000e+06 1.6771821655e+03 9.6249774927e-04 10 6
3.3064717905e+03 1.5598000000e+06 1.6771917905e+03 9.6249774927e-04 10 6
3.3064814155e+03 1.5598100000e+06 1.6772014155e+03 9.6249774929e-04 10 6
3.3064910404e+03 1.5598200000e+06 1.6772110404e+03 9.6249774936e-04 10 6
3.3065007232e+03 1.5598300000e+06 1.6772207232e+03 9.8174770424e-04 10 6
3.3065105407e+03 1.5598400000e+06 1.6772305407e+03 9.8174770420e-04 10 6
3.3065203581e+03 1.5598500000e+06 1.6772403581e+03 9.8174770415e-04 10 6
3.3065301756e+03 1.5598600000e+06 1.6772501756e+03 9.8174770415e-04 10 6
3.3065399931e+03 1.5598700000e+06 1.6772599931e+03 9.8174770415e-04 10 6
3.3065486184e+03 1.5598800000e+06 1.6772686184e+03 8.7656045022e-04 10 6
3.3065572660e+03 1.5598900000e+06 1.6772772660e+03 8.5970351848e-04 10 6
3.3065658631e+03 1.5599000000e+06 1.6772858631e+03 8.5970351848e-04 10 6
3.3065744601e+03 1.5599100000e+06 1.6772944601e+03 8.5970351849e-04 10 6
3.3065830572e+03 1.5599200000e+06 1.6773030572e+03 8.5970351850e-04 10 6
3.3065916542e+03 1.5599300000e+06 1.6773116542e+03 8.5970351855e-04 10 6
3.3066002586e+03 1.5599400000e+06 1.6773202586e+03 8.6118219670e-04 10 6
3.3066088704e+03 1.5599500000e+06 1.6773288704e+03 8.6118219668e-04 10 6
3.3066174823e+03 1.5599600000e+06 1.6773374823e+03 8.6118219665e-04 10 6
3.3066258931e+03 1.5599700000e+06 1.6773458931e+03 8.3247612342e-04 10 6
3.3066342179e+03 1.5599800000e+06 1.6773542179e+03 8.3247612344e-04 10 6
3.3066420432e+03 1.5599900000e+06 1.6773620432e+03 7.4922851099e-04 10 6
3.3066497905e+03 1.5600000000e+06 1.6773697905e+03 7.9173201956e-04 10 6
3.3066576603e+03 1.5600100000e+06 1.6773776603e+03 7.7589737918e-04 10 6
3.3066654193e+03 1.5600200000e+06 1.6773854193e+03 7.7589737914e-04 10 6
3.3066731782e+03 1.5600300000e+06 1.6773931782e+03 7.7589737909e-04 10 6
3.3066809372e+03 1.5600400000e+06 1.6774009372e+03 7.7589737907e-04 10 6
3.3066886962e+03 1.5600500000e+06 1.6774086962e+03 7.7589737907e-04 10 6
3.3066965027e+03 1.5600600000e+06 1.6774165027e+03 7.9173201956e-04 10 6
3.3067044200e+03 1.5600700000e+06 1.6774244200e+03 7.9173201957e-04 10 6
3.3067123373e+03 1.5600800000e+06 1.6774323373e+03 7.9173201959e-04 10 6
3.3067202546e+03 1.5600900000e+06 1.6774402546e+03 7.9173201963e-04 10 6
3.3067281720e+03 1.5601000000e+06 1.6774481720e+03 7.9173201971e-04 10 6
3.3067360893e+03 1.5601100000e+06 1.6774560893e+03 7.9173201971e-04 10 6
3.3067440066e+03 1.5601200000e+06 1.6774640066e+03 7.9173201955e-04 10 6
3.3067520211e+03 1.5601300000e+06 1.6774720211e+03 8.0562205499e-04 10 6
3.3067600774e+03 1.5601400000e+06 1.6774800774e+03 8.0562205501e-04 10 6
3.3067683402e+03 1.5601500000e+06 1.6774883402e+03 8.2627903081e-04 10 6
3.3067766029e+03 1.5601600000e+06 1.6774966029e+03 8.2627903089e-04 10 6
3.3067848657e+03 1.5601700000e+06 1.6775048657e+03 8.2627903089e-04 10 6
3.3067931486e+03 1.5601800000e+06 1.6775131486e+03 8.4633422780e-04 10 6
3.3068016119e+03 1.5601900000e+06 1.6775216119e+03 8.4633422779e-04 10 6
3.3068100753e+03 1.5602000000e+06 1.6775300753e+03 8.4633422777e-04 10 6
3.3068185386e+03 1.5602100000e+06 1.6775385386e+03 8.4633422775e-04 10 6
3.3068270019e+03 1.5602200000e+06 1.6775470019e+03 8.4633422769e-04 10 6
3.3068354653e+03 1.5602300000e+06 1.6775554653e+03 8.4633422762e-04 10 6
3.3068439286e+03 1.5602400000e+06 1.6775639286e+03 8.4633422780e-04 10 6
3.3068523920e+03 1.5602500000e+06 1.6775723920e+03 8.4633422779e-04 10 6
3.3068608553e+03 1.5602600000e+06 1.6775808553e+03 8.4633422777e-04 10 6
3.3068693187e+03 1.5602700000e+06 1.6775893187e+03 8.4633422774e-04 10 6
3.3068777820e+03 1.5602800000e+06 1.6775977820e+03 8.4633422767e-04 10 6
3.3068862453e+03 1.5602900000e+06 1.6776062453e+03 8.4633422762e-04 10 6
3.3068947087e+03 1.5603000000e+06 1.6776147087e+03 8.4633422779e-04 10 6
3.3069031720e+03 1.5603100000e+06 1.6776231720e+03 8.4633422778e-04 10 6
3.3069116354e+03 1.5603200000e+06 1.6776316354e+03 8.4633422776e-04 10 6
3.3069200987e+03 1.5603300000e+06 1.6776400987e+03 8.4633422773e-04 10 6
3.3069285621e+03 1.5603400000e+06 1.6776485621e+03 8.4633422765e-04 10 6
3.3069370254e+03 1.5603500000e+06 1.6776570254e+03 8.4633422762e-04 10 6
3.3069454887e+03 1.5603600000e+06 1.6776654887e+03 8.4633422779e-04 10 6
3.3069539521e+03 1.5603700000e+06 1.6776739521e+03 8.4633422778e-04 10 6
3.3069624154e+03 1.5603800000e+06 1.6776824154e+03 8.4633422776e-04 10 6
3.3069708788e+03 1.5603900000e+06 1.6776908788e+03 8.4633422772e-04 10 6
3.3069793421e+03 1.5604000000e+06 1.6776993421e+03 8.4633422762e-04 10 6
3.3069878055e+03 1.5604100000e+06 1.6777078055e+03 8.4633422762e-04 10 6
3.3069962688e+03 1.5604200000e+06 1.6777162688e+03 8.4633422779e-04 10 6
3.3070047321e+03 1.5604300000e+06 1.6777247321e+03 8.4633422778e-04 10 6
3.3070131955e+03 1.5604400000e+06 1.6777331955e+03 8.4633422775e-04 10 6
3.3070216588e+03 1.5604500000e+06 1.6777416588e+03 8.4633422771e-04 10 6
3.3070301222e+03 1.5604600000e+06 1.6777501222e+03 8.4633422762e-04 10 6
3.3070385855e+03 1.5604700000e+06 1.6777585855e+03 8.4633422780e-04 10 6
3.3070470488e+03 1.5604800000e+06 1.6777670488e+03 8.4633422779e-04 10 6
3.3070555122e+03 1.5604900000e+06 1.6777755122e+03 8.4633422777e-04 10 6
3.3070639755e+03 1.5605000000e+06 1.6777839755e+03 8.4633422775e-04 10 6
3.3070724389e+03 1.5605100000e+06 1.6777924389e+03 8.4633422769e-04 10 6
3.3070809022e+03 1.5605200000e+06 1.6778009022e+03 8.4633422762e-04 10 6
3.3070894101e+03 1.5605300000e+06 1.6778094101e+03 8.6118219670e-04 10 6
3.3070980219e+03 1.5605400000e+06 1.6778180219e+03 8.6118219669e-04 10 6
3.3071066337e+03 1.5605500000e+06 1.6778266337e+03 8.6118219666e-04 10 6
3.3071152456e+03 1.5605600000e+06 1.6778352456e+03 8.6118219660e-04 10 6
3.3071238574e+03 1.5605700000e+06 1.6778438574e+03 8.6118219657e-04 10 6
3.3071324692e+03 1.5605800000e+06 1.6778524692e+03 8.6118219651e-04 10 6
3.3071412689e+03 1.5605900000e+06 1.6778612689e+03 8.9249791296e-04 10 6
3.3071501939e+03 1.5606000000e+06 1.6778701939e+03 8.9249791297e-04 10 6
3.3071582068e+03 1.5606100000e+06 1.6778782068e+03 7.6555742031e-04 10 6
3.3071658624e+03 1.5606200000e+06 1.6778858624e+03 7.6555742026e-04 10 6
3.3071735180e+03 1.5606300000e+06 1.6778935180e+03 7.6555742021e-04 10 6
3.3071811735e+03 1.5606400000e+06 1.6779011735e+03 7.6555742021e-04 10 6
3.3071888363e+03 1.5606500000e+06 1.6779088363e+03 7.6699039394e-04 10 6
3.3071965062e+03 1.5606600000e+06 1.6779165062e+03 7.6699039395e-04 10 6
3.3072041761e+03 1.5606700000e+06 1.6779241761e+03 7.6699039396e-04 10 6
3.3072118460e+03 1.5606800000e+06 1.6779318460e+03 7.6699039397e-04 10 6
3.3072195159e+03 1.5606900000e+06 1.6779395159e+03 7.6699039400e-04 10 6
3.3072271858e+03 1.5607000000e+06 1.6779471858e+03 7.6699039410e-04 10 6
3.3072348557e+03 1.5607100000e+06 1.6779548557e+03 7.6699039394e-04 10 6
3.3072425256e+03 1.5607200000e+06 1.6779625256e+03 7.6699039395e-04 10 6
3.3072501955e+03 1.5607300000e+06 1.6779701955e+03 7.6699039395e-04 10 6
3.3072578654e+03 1.5607400000e+06 1.6779778654e+03 7.6699039397e-04 10 6
3.3072655353e+03 1.5607500000e+06 1.6779855353e+03 7.6699039399e-04 10 6
3.3072732052e+03 1.5607600000e+06 1.6779932052e+03 7.6699039404e-04 10 6
3.3072808751e+03 1.5607700000e+06 1.6780008751e+03 7.6699039414e-04 10 6
3.3072885450e+03 1.5607800000e+06 1.6780085450e+03 7.6699039394e-04 10 6
3.3072962149e+03 1.5607900000e+06 1.6780162149e+03 7.6699039395e-04 10 6
3.3073038848e+03 1.5608000000e+06 1.6780238848e+03 7.6699039396e-04 10 6
3.3073114385e+03 1.5608100000e+06 1.6780314385e+03 7.4374826081e-04 10 6
3.3073188760e+03 1.5608200000e+06 1.6780388760e+03 7.4374826076e-04 10 6
3.3073263135e+03 1.5608300000e+06 1.6780463135e+03 7.4374826065e-04 10 6
3.3073337739e+03 1.5608400000e+06 1.6780537739e+03 7.5519054172e-04 10 6
3.3073413258e+03 1.5608500000e+06 1.6780613258e+03 7.5519054169e-04 10 6
3.3073488777e+03 1.5608600000e+06 1.6780688777e+03 7.5519054167e-04 10 6
3.3073564296e+03 1.5608700000e+06 1.6780764296e+03 7.5519054167e-04 10 6
3.3073639815e+03 1.5608800000e+06 1.6780839815e+03 7.5519054167e-04 10 6
3.3073715334e+03 1.5608900000e+06 1.6780915334e+03 7.5519054167e-04 10 6
3.3073790853e+03 1.5609000000e+06 1.6780990853e+03 7.5519054167e-04 10 6
3.3073868453e+03 1.5609100000e+06 1.6781068453e+03 7.9259872129e-04 10 6
3.3073948058e+03 1.5609200000e+06 1.6781148058e+03 8.0982912830e-04 10 6
3.3074034043e+03 1.5609300000e+06 1.6781234043e+03 9.0113319424e-04 10 6
3.3074126582e+03 1.5609400000e+06 1.6781326582e+03 9.3579216330e-04 10 6
3.3074220161e+03 1.5609500000e+06 1.6781420161e+03 9.3579216332e-04 10 6
3.3074314200e+03 1.5609600000e+06 1.6781514200e+03 9.8174770425e-04 10 6
3.3074413902e+03 1.5609700000e+06 1.6781613902e+03 1.0035643199e-03 10 6
3.3074514258e+03 1.5609800000e+06 1.6781714258e+03 1.0035643199e-03 10 6
3.3074614615e+03 1.5609900000e+06 1.6781814615e+03 1.0035643198e-03 10 6
3.3074714971e+03 1.5610000000e+06 1.6781914971e+03 1.0035643197e-03 10 6
3.3074815292e+03 1.5610100000e+06 1.6782015292e+03 1.0017833717e-03 10 6
3.3074915470e+03 1.5610200000e+06 1.6782115470e+03 1.0017833717e-03 10 6
3.3075015649e+03 1.5610300000e+06 1.6782215649e+03 1.0017833717e-03 10 6
3.3075115827e+03 1.5610400000e+06 1.6782315827e+03 1.0017833717e-03 10 6
3.3075216005e+03 1.5610500000e+06 1.6782416005e+03 1.0017833717e-03 10 6
3.3075303661e+03 1.5610600000e+06 1.6782503661e+03 8.7656045022e-04 10 6
3.3075391317e+03 1.5610700000e+06 1.6782591317e+03 8.7656045021e-04 10 6
3.3075478974e+03 1.5610800000e+06 1.6782678974e+03 8.7656045020e-04 10 6
3.3075566630e+03 1.5610900000e+06 1.6782766630e+03 8.7656045018e-04 10 6
3.3075654286e+03 1.5611000000e+06 1.6782854286e+03 8.7656045013e-04 10 6
3.3075741942e+03 1.5611100000e+06 1.6782941942e+03 8.7656045007e-04 10 6
3.3075831546e+03 1.5611200000e+06 1.6783031546e+03 9.0902565207e-04 10 6
3.3075922448e+03 1.5611300000e+06 1.6783122448e+03 9.0902565205e-04 10 6
3.3076013351e+03 1.5611400000e+06 1.6783213351e+03 9.0902565201e-04 10 6
3.3076104253e+03 1.5611500000e+06 1.6783304253e+03 9.0902565192e-04 10 6
3.3076195156e+03 1.5611600000e+06 1.6783395156e+03 9.0902565196e-04 10 6
3.3076276644e+03 1.5611700000e+06 1.6783476644e+03 8.7656045022e-04 10 6
3.3076363001e+03 1.5611800000e+06 1.6783563001e+03 8.6032784929e-04 10 6
3.3076449034e+03 1.5611900000e+06 1.6783649034e+03 8.6032784928e-04 10 6
3.3076535067e+03 1.5612000000e+06 1.6783735067e+03 8.6032784928e-04 10 6
3.3076621099e+03 1.5612100000e+06 1.6783821099e+03 8.6032784927e-04 10 6
3.3076707132e+03 1.5612200000e+06 1.6783907132e+03 8.6032784923e-04 10 6
3.3076793199e+03 1.5612300000e+06 1.6783993199e+03 8.6118219670e-04 10 6
3.3076879317e+03 1.5612400000e+06 1.6784079317e+03 8.6118219668e-04 10 6
3.3076965436e+03 1.5612500000e+06 1.6784165436e+03 8.6118219665e-04 10 6
3.3077051554e+03 1.5612600000e+06 1.6784251554e+03 8.6118219660e-04 10 6
3.3077137672e+03 1.5612700000e+06 1.6784337672e+03 8.6118219656e-04 10 6
3.3077223790e+03 1.5612800000e+06 1.6784423790e+03 8.6118219656e-04 10 6
3.3077310985e+03 1.5612900000e+06 1.6784510985e+03 8.7656045022e-04 10 6
3.3077398641e+03 1.5613000000e+06 1.6784598641e+03 8.7656045021e-04 10 6
3.3077486297e+03 1.5613100000e+06 1.6784686297e+03 8.7656045019e-04 10 6
3.3077573953e+03 1.5613200000e+06 1.6784773953e+03 8.7656045016e-04 10 6
3.3077661609e+03 1.5613300000e+06 1.6784861609e+03 8.7656045007e-04 10 6
3.3077749424e+03 1.5613400000e+06 1.6784949424e+03 8.9249791295e-04 10 6
3.3077838674e+03 1.5613500000e+06 1.6785038674e+03 8.9249791296e-04 10 6
3.3077927924e+03 1.5613600000e+06 1.6785127924e+03 8.9249791298e-04 10 6
3.3078017174e+03 1.5613700000e+06 1.6785217174e+03 8.9249791301e-04 10 6
3.3078106424e+03 1.5613800000e+06 1.6785306424e+03 8.9249791308e-04 10 6
3.3078195673e+03 1.5613900000e+06 1.6785395673e+03 8.9249791317e-04 10 6
3.3078286104e+03 1.5614000000e+06 1.6785486104e+03 9.2796368649e-04 10 6
3.3078378901e+03 1.5614100000e+06 1.6785578901e+03 9.2796368648e-04 10 6
3.3078471697e+03 1.5614200000e+06 1.6785671697e+03 9.2796368645e-04 10 6
3.3078561895e+03 1.5614300000e+06 1.6785761895e+03 8.9084513894e-04 10 6
3.3078650980e+03 1.5614400000e+06 1.6785850980e+03 8.9084513886e-04 10 6
3.3078740771e+03 1.5614500000e+06 1.6785940771e+03 9.2617707947e-04 10 6
3.3078833388e+03 1.5614600000e+06 1.6786033388e+03 9.2617707946e-04 10 6
3.3078926006e+03 1.5614700000e+06 1.6786126006e+03 9.2617707946e-04 10 6
3.3079018624e+03 1.5614800000e+06 1.6786218624e+03 9.2617707946e-04 10 6
3.3079111242e+03 1.5614900000e+06 1.6786311242e+03 9.2617707946e-04 10 6
3.3079203859e+03 1.5615000000e+06 1.6786403859e+03 9.2617707946e-04 10 6
3.3079298080e+03 1.5615100000e+06 1.6786498080e+03 9.4398817714e-04 10 6
3.3079393288e+03 1.5615200000e+06 1.6786593288e+03 9.7095926793e-04 10 6
3.3079490384e+03 1.5615300000e+06 1.6786690384e+03 9.7095926798e-04 10 6
3.3079586185e+03 1.5615400000e+06 1.6786786185e+03 9.0622865014e-04 10 6
3.3079676808e+03 1.5615500000e+06 1.6786876808e+03 9.0622865014e-04 10 6
3.3079770074e+03 1.5615600000e+06 1.6786970074e+03 9.4398817714e-04 10 6
3.3079864473e+03 1.5615700000e+06 1.6787064473e+03 9.4398817714e-04 10 6
3.3079958872e+03 1.5615800000e+06 1.6787158872e+03 9.4398817714e-04 10 6
3.3080053271e+03 1.5615900000e+06 1.6787253271e+03 9.4398817714e-04 10 6
3.3080147669e+03 1.5616000000e+06 1.6787347669e+03 9.4398817714e-04 10 6
3.3080242068e+03 1.5616100000e+06 1.6787442068e+03 9.4398817714e-04 10 6
3.3080336467e+03 1.5616200000e+06 1.6787536467e+03 9.4398817714e-04 10 6
3.3080430866e+03 1.5616300000e+06 1.6787630866e+03 9.4398817714e-04 10 6
3.3080525265e+03 1.5616400000e+06 1.6787725265e+03 9.4398817714e-04 10 6
3.3080619663e+03 1.5616500000e+06 1.6787819663e+03 9.4398817714e-04 10 6
3.3080714062e+03 1.5616600000e+06 1.6787914062e+03 9.4398817715e-04 10 6
3.3080810103e+03 1.5616700000e+06 1.6788010103e+03 9.6450965924e-04 10 6
3.3080906554e+03 1.5616800000e+06 1.6788106554e+03 9.6450965922e-04 10 6
3.3081003005e+03 1.5616900000e+06 1.6788203005e+03 9.6450965918e-04 10 6
3.3081099456e+03 1.5617000000e+06 1.6788299456e+03 9.6450965910e-04 10 6
3.3081186056e+03 1.5617100000e+06 1.6788386056e+03 9.4398817716e-04 10 6
3.3081280026e+03 1.5617200000e+06 1.6788480026e+03 9.2253390038e-04 10 6
3.3081372279e+03 1.5617300000e+06 1.6788572279e+03 9.2253390038e-04 10 6
3.3081464533e+03 1.5617400000e+06 1.6788664533e+03 9.2253390037e-04 10 6
3.3081556786e+03 1.5617500000e+06 1.6788756786e+03 9.2253390036e-04 10 6
3.3081649040e+03 1.5617600000e+06 1.6788849040e+03 9.2253390024e-04 10 6
3.3081740212e+03 1.5617700000e+06 1.6788940212e+03 9.0902565207e-04 10 6
3.3081831115e+03 1.5617800000e+06 1.6789031115e+03 9.0902565204e-04 10 6
3.3081922017e+03 1.5617900000e+06 1.6789122017e+03 9.0902565199e-04 10 6
3.3082012920e+03 1.5618000000e+06 1.6789212920e+03 9.0902565195e-04 10 6
3.3082103823e+03 1.5618100000e+06 1.6789303823e+03 9.0902565190e-04 10 6
3.3082195411e+03 1.5618200000e+06 1.6789395411e+03 9.2617707946e-04 10 6
3.3082289106e+03 1.5618300000e+06 1.6789489106e+03 9.4771608132e-04 10 6
3.3082381459e+03 1.5618400000e+06 1.6789581459e+03 8.9259717728e-04 10 6
3.3082470719e+03 1.5618500000e+06 1.6789670719e+03 8.9259717721e-04 10 6
3.3082558066e+03 1.5618600000e+06 1.6789758066e+03 8.2884023599e-04 10 6
3.3082640950e+03 1.5618700000e+06 1.6789840950e+03 8.2884023618e-04 10 6
3.3082728128e+03 1.5618800000e+06 1.6789928128e+03 8.7656045021e-04 10 6
3.3082815784e+03 1.5618900000e+06 1.6790015784e+03 8.7656045020e-04 10 6
3.3082903441e+03 1.5619000000e+06 1.6790103441e+03 8.7656045019e-04 10 6
3.3082991097e+03 1.5619100000e+06 1.6790191097e+03 8.7656045015e-04 10 6
3.3083078753e+03 1.5619200000e+06 1.6790278753e+03 8.7656045002e-04 10 6
3.3083166887e+03 1.5619300000e+06 1.6790366887e+03 8.9249791295e-04 10 6
3.3083256137e+03 1.5619400000e+06 1.6790456137e+03 8.9249791296e-04 10 6
3.3083345386e+03 1.5619500000e+06 1.6790545386e+03 8.9249791298e-04 10 6
3.3083434636e+03 1.5619600000e+06 1.6790634636e+03 8.9249791302e-04 10 6
3.3083523886e+03 1.5619700000e+06 1.6790723886e+03 8.9249791311e-04 10 6
3.3083613136e+03 1.5619800000e+06 1.6790813136e+03 8.9249791305e-04 10 6
3.3083706505e+03 1.5619900000e+06 1.6790906505e+03 9.4398817715e-04 10 6
3.3083800904e+03 1.5620000000e+06 1.6791000904e+03 9.4398817713e-04 10 6
3.3083895302e+03 1.5620100000e+06 1.6791095302e+03 9.4398817715e-04 10 6
3.3083989701e+03 1.5620200000e+06 1.6791189701e+03 9.4398817713e-04 10 6
3.3084084100e+03 1.5620300000e+06 1.6791284100e+03 9.4398817719e-04 10 6
3.3084179609e+03 1.5620400000e+06 1.6791379609e+03 9.6249774926e-04 10 6
3.3084275859e+03 1.5620500000e+06 1.6791475859e+03 9.6249774927e-04 10 6
3.3084372109e+03 1.5620600000e+06 1.6791572109e+03 9.6249774928e-04 10 6
3.3084468359e+03 1.5620700000e+06 1.6791668359e+03 9.6249774930e-04 10 6
3.3084564609e+03 1.5620800000e+06 1.6791764609e+03 9.6249774939e-04 10 6
3.3084660465e+03 1.5620900000e+06 1.6791860465e+03 9.4285493806e-04 10 6
3.3084754751e+03 1.5621000000e+06 1.6791954751e+03 9.4285493810e-04 10 6
3.3084847858e+03 1.5621100000e+06 1.6792047858e+03 9.1339072127e-04 10 6
3.3084939197e+03 1.5621200000e+06 1.6792139197e+03 9.1339072129e-04 10 6
3.3085030536e+03 1.5621300000e+06 1.6792230536e+03 9.1339072125e-04 10 6
3.3085122131e+03 1.5621400000e+06 1.6792322131e+03 9.2617707947e-04 10 6
3.3085214749e+03 1.5621500000e+06 1.6792414749e+03 9.2617707946e-04 10 6
3.3085307366e+03 1.5621600000e+06 1.6792507366e+03 9.2617707946e-04 10 6
3.3085399984e+03 1.5621700000e+06 1.6792599984e+03 9.2617707946e-04 10 6
3.3085492602e+03 1.5621800000e+06 1.6792692602e+03 9.2617707946e-04 10 6
3.3085585219e+03 1.5621900000e+06 1.6792785219e+03 9.2617707946e-04 10 6
3.3085677081e+03 1.5622000000e+06 1.6792877081e+03 9.0727550641e-04 10 6
3.3085767809e+03 1.5622100000e+06 1.6792967809e+03 9.0727550638e-04 10 6
3.3085858536e+03 1.5622200000e+06 1.6793058536e+03 9.0727550633e-04 10 6
3.3085949264e+03 1.5622300000e+06 1.6793149264e+03 9.0727550628e-04 10 6
3.3086039991e+03 1.5622400000e+06 1.6793239991e+03 9.0727550628e-04 10 6
3.3086121055e+03 1.5622500000e+06 1.6793321055e+03 8.9249791295e-04 10 6
3.3086210305e+03 1.5622600000e+06 1.6793410305e+03 8.9249791297e-04 10 6
3.3086299554e+03 1.5622700000e+06 1.6793499554e+03 8.9249791299e-04 10 6
3.3086388804e+03 1.5622800000e+06 1.6793588804e+03 8.9249791302e-04 10 6
3.3086478054e+03 1.5622900000e+06 1.6793678054e+03 8.9249791313e-04 10 6
3.3086567304e+03 1.5623000000e+06 1.6793767304e+03 8.9249791313e-04 10 6
3.3086656554e+03 1.5623100000e+06 1.6793856554e+03 8.9249791296e-04 10 6
3.3086745803e+03 1.5623200000e+06 1.6793945803e+03 8.9249791297e-04 10 6
3.3086835053e+03 1.5623300000e+06 1.6794035053e+03 8.9249791300e-04 10 6
3.3086924303e+03 1.5623400000e+06 1.6794124303e+03 8.9249791306e-04 10 6
3.3087013553e+03 1.5623500000e+06 1.6794213553e+03 8.9249791310e-04 10 6
3.3087103464e+03 1.5623600000e+06 1.6794303464e+03 9.0902565207e-04 10 6
3.3087194366e+03 1.5623700000e+06 1.6794394366e+03 9.0902565205e-04 10 6
3.3087285269e+03 1.5623800000e+06 1.6794485269e+03 9.0902565202e-04 10 6
3.3087376171e+03 1.5623900000e+06 1.6794576171e+03 9.0902565195e-04 10 6
3.3087467074e+03 1.5624000000e+06 1.6794667074e+03 9.0902565192e-04 10 6
3.3087557977e+03 1.5624100000e+06 1.6794757977e+03 9.0902565216e-04 10 6
3.3087650594e+03 1.5624200000e+06 1.6794850594e+03 9.2617707946e-04 10 6
3.3087743212e+03 1.5624300000e+06 1.6794943212e+03 9.2617707946e-04 10 6
3.3087835830e+03 1.5624400000e+06 1.6795035830e+03 9.2617707946e-04 10 6
3.3087928447e+03 1.5624500000e+06 1.6795128447e+03 9.2617707946e-04 10 6
3.3088021065e+03 1.5624600000e+06 1.6795221065e+03 9.2617707946e-04 10 6
3.3088110810e+03 1.5624700000e+06 1.6795310810e+03 8.4100764872e-04 10 6
3.3088194016e+03 1.5624800000e+06 1.6795394016e+03 8.2311386893e-04 10 6
3.3088276328e+03 1.5624900000e+06 1.6795476328e+03 8.2311386889e-04 10 6
3.3088358639e+03 1.5625000000e+06 1.6795558639e+03 8.2311386883e-04 10 6
3.3088440951e+03 1.5625100000e+06 1.6795640951e+03 8.2311386880e-04 10 6
3.3088523262e+03 1.5625200000e+06 1.6795723262e+03 8.2311386889e-04 10 6
3.3088607431e+03 1.5625300000e+06 1.6795807431e+03 8.4633422779e-04 10 6
3.3088692064e+03 1.5625400000e+06 1.6795892064e+03 8.4633422778e-04 10 6
3.3088776698e+03 1.5625500000e+06 1.6795976698e+03 8.4633422776e-04 10 6
3.3088859977e+03 1.5625600000e+06 1.6796059977e+03 8.1248085861e-04 10 6
3.3088938517e+03 1.5625700000e+06 1.6796138517e+03 7.6734303306e-04 10 6
3.3089015251e+03 1.5625800000e+06 1.6796215251e+03 7.6734303290e-04 10 6
3.3089094975e+03 1.5625900000e+06 1.6796294975e+03 8.0471123301e-04 10 6
3.3089175446e+03 1.5626000000e+06 1.6796375446e+03 8.0471123305e-04 10 6
3.3089258027e+03 1.5626100000e+06 1.6796458027e+03 8.4982383251e-04 10 6
3.3089343009e+03 1.5626200000e+06 1.6796543009e+03 8.4982383247e-04 10 6
3.3089427991e+03 1.5626300000e+06 1.6796627991e+03 8.4982383237e-04 10 6
3.3089512974e+03 1.5626400000e+06 1.6796712974e+03 8.4982383237e-04 10 6
3.3089598978e+03 1.5626500000e+06 1.6796798978e+03 8.6118219669e-04 10 6
3.3089685097e+03 1.5626600000e+06 1.6796885097e+03 8.6118219667e-04 10 6
3.3089771215e+03 1.5626700000e+06 1.6796971215e+03 8.6118219663e-04 10 6
3.3089857333e+03 1.5626800000e+06 1.6797057333e+03 8.6118219657e-04 10 6
3.3089943451e+03 1.5626900000e+06 1.6797143451e+03 8.6118219653e-04 10 6
3.3090030196e+03 1.5627000000e+06 1.6797230196e+03 8.9249791295e-04 10 6
3.3090119309e+03 1.5627100000e+06 1.6797319309e+03 8.9281575411e-04 10 6
3.3090207867e+03 1.5627200000e+06 1.6797407867e+03 8.6868559861e-04 10 6
3.3090294735e+03 1.5627300000e+06 1.6797494735e+03 8.6868559863e-04 10 6
3.3090381604e+03 1.5627400000e+06 1.6797581604e+03 8.6868559868e-04 10 6
3.3090468472e+03 1.5627500000e+06 1.6797668472e+03 8.6868559874e-04 10 6
3.3090556770e+03 1.5627600000e+06 1.6797756770e+03 8.9249791296e-04 10 6
3.3090646019e+03 1.5627700000e+06 1.6797846019e+03 8.9249791297e-04 10 6
3.3090735269e+03 1.5627800000e+06 1.6797935269e+03 8.9249791299e-04 10 6
3.3090824519e+03 1.5627900000e+06 1.6798024519e+03 8.9249791304e-04 10 6
3.3090913769e+03 1.5628000000e+06 1.6798113769e+03 8.9249791313e-04 10 6
3.3091003018e+03 1.5628100000e+06 1.6798203018e+03 8.9249791295e-04 10 6
3.3091092268e+03 1.5628200000e+06 1.6798292268e+03 8.9249791296e-04 10 6
3.3091181518e+03 1.5628300000e+06 1.6798381518e+03 8.9249791298e-04 10 6
3.3091270768e+03 1.5628400000e+06 1.6798470768e+03 8.9249791301e-04 10 6
3.3091360018e+03 1.5628500000e+06 1.6798560018e+03 8.9249791308e-04 10 6
3.3091449267e+03 1.5628600000e+06 1.6798649267e+03 8.9249791317e-04 10 6
3.3091539509e+03 1.5628700000e+06 1.6798739509e+03 9.0902565207e-04 10 6
3.3091631858e+03 1.5628800000e+06 1.6798831858e+03 9.2968532598e-04 10 6
3.3091724826e+03 1.5628900000e+06 1.6798924826e+03 9.2968532601e-04 10 6
3.3091817795e+03 1.5629000000e+06 1.6799017795e+03 9.2968532608e-04 10 6
3.3091910763e+03 1.5629100000e+06 1.6799110763e+03 9.2968532613e-04 10 6
3.3092003112e+03 1.5629200000e+06 1.6799203112e+03 9.0902565208e-04 10 6
3.3092094015e+03 1.5629300000e+06 1.6799294015e+03 9.0902565205e-04 10 6
3.3092183482e+03 1.5629400000e+06 1.6799383482e+03 8.8510392437e-04 10 6
3.3092269927e+03 1.5629500000e+06 1.6799469927e+03 8.5560046023e-04 10 6
3.3092355487e+03 1.5629600000e+06 1.6799555487e+03 8.5560046023e-04 10 6
3.3092441047e+03 1.5629700000e+06 1.6799641047e+03 8.5560046023e-04 10 6
3.3092524914e+03 1.5629800000e+06 1.6799724914e+03 8.1636832691e-04 10 6
3.3092606551e+03 1.5629900000e+06 1.6799806551e+03 8.1636832690e-04 10 6
3.3092688187e+03 1.5630000000e+06 1.6799888187e+03 8.1636832690e-04 10 6
3.3092769824e+03 1.5630100000e+06 1.6799969824e+03 8.1636832689e-04 10 6
3.3092851461e+03 1.5630200000e+06 1.6800051461e+03 8.1636832686e-04 10 6
3.3092933098e+03 1.5630300000e+06 1.6800133098e+03 8.1636832670e-04 10 6
3.3093015828e+03 1.5630400000e+06 1.6800215828e+03 8.3198957987e-04 10 6
3.3093100385e+03 1.5630500000e+06 1.6800300385e+03 8.4896895906e-04 10 6
3.3093185282e+03 1.5630600000e+06 1.6800385282e+03 8.4896895909e-04 10 6
3.3093267526e+03 1.5630700000e+06 1.6800467526e+03 8.2243867906e-04 10 6
3.3093349183e+03 1.5630800000e+06 1.6800549183e+03 7.6369305910e-04 10 6
3.3093425552e+03 1.5630900000e+06 1.6800625552e+03 7.6369305918e-04 10 6
3.3093504793e+03 1.5631000000e+06 1.6800704793e+03 8.0471123300e-04 10 6
3.3093584921e+03 1.5631100000e+06 1.6800784921e+03 7.8758971745e-04 10 6
3.3093663680e+03 1.5631200000e+06 1.6800863680e+03 7.8758971745e-04 10 6
3.3093742439e+03 1.5631300000e+06 1.6800942439e+03 7.8758971745e-04 10 6
3.3093821198e+03 1.5631400000e+06 1.6801021198e+03 7.8758971745e-04 10 6
3.3093899957e+03 1.5631500000e+06 1.6801099957e+03 7.8758971745e-04 10 6
3.3093978923e+03 1.5631600000e+06 1.6801178923e+03 7.9173201956e-04 10 6
3.3094058096e+03 1.5631700000e+06 1.6801258096e+03 7.9173201957e-04 10 6
3.3094137270e+03 1.5631800000e+06 1.6801337270e+03 7.9173201960e-04 10 6
3.3094216443e+03 1.5631900000e+06 1.6801416443e+03 7.9173201964e-04 10 6
3.3094295616e+03 1.5632000000e+06 1.6801495616e+03 7.9173201971e-04 10 6
3.3094374789e+03 1.5632100000e+06 1.6801574789e+03 7.9173201971e-04 10 6
3.3094454754e+03 1.5632200000e+06 1.6801654754e+03 8.1812308687e-04 10 6
3.3094536566e+03 1.5632300000e+06 1.6801736566e+03 8.1812308686e-04 10 6
3.3094618379e+03 1.5632400000e+06 1.6801818379e+03 8.1812308685e-04 10 6
3.3094700191e+03 1.5632500000e+06 1.6801900191e+03 8.1812308684e-04 10 6
3.3094782003e+03 1.5632600000e+06 1.6801982003e+03 8.1812308680e-04 10 6
3.3094863816e+03 1.5632700000e+06 1.6802063816e+03 8.1812308667e-04 10 6
3.3094946474e+03 1.5632800000e+06 1.6802146474e+03 8.4633422780e-04 10 6
3.3095031108e+03 1.5632900000e+06 1.6802231108e+03 8.4633422779e-04 10 6
3.3095115741e+03 1.5633000000e+06 1.6802315741e+03 8.4633422777e-04 10 6
3.3095200375e+03 1.5633100000e+06 1.6802400375e+03 8.4633422774e-04 10 6
3.3095285008e+03 1.5633200000e+06 1.6802485008e+03 8.4633422767e-04 10 6
3.3095369641e+03 1.5633300000e+06 1.6802569641e+03 8.4633422762e-04 10 6
3.3095454275e+03 1.5633400000e+06 1.6802654275e+03 8.4633422779e-04 10 6
3.3095538908e+03 1.5633500000e+06 1.6802738908e+03 8.4633422778e-04 10 6
3.3095623542e+03 1.5633600000e+06 1.6802823542e+03 8.4633422776e-04 10 6
3.3095708175e+03 1.5633700000e+06 1.6802908175e+03 8.4633422773e-04 10 6
3.3095792809e+03 1.5633800000e+06 1.6802992809e+03 8.4633422765e-04 10 6
3.3095877442e+03 1.5633900000e+06 1.6803077442e+03 8.4633422762e-04 10 6
3.3095963115e+03 1.5634000000e+06 1.6803163115e+03 8.6118219670e-04 10 6
3.3096049233e+03 1.5634100000e+06 1.6803249233e+03 8.6118219668e-04 10 6
3.3096135351e+03 1.5634200000e+06 1.6803335351e+03 8.6118219664e-04 10 6
3.3096221469e+03 1.5634300000e+06 1.6803421469e+03 8.6118219657e-04 10 6
3.3096307588e+03 1.5634400000e+06 1.6803507588e+03 8.6118219658e-04 10 6
3.3096387965e+03 1.5634500000e+06 1.6803587965e+03 5.7412146430e-04 10 6
3.3096471212e+03 1.5634600000e+06 1.6803671212e+03 8.6118219669e-04 10 6
3.3096556376e+03 1.5634700000e+06 1.6803756376e+03 8.6369293197e-04 10 6
3.3096640531e+03 1.5634800000e+06 1.6803840531e+03 8.4154695939e-04 10 6
3.3096724686e+03 1.5634900000e+06 1.6803924686e+03 8.4154695946e-04 10 6
3.3096808840e+03 1.5635000000e+06 1.6804008840e+03 8.4154695946e-04 10 6
3.3096893043e+03 1.5635100000e+06 1.6804093043e+03 8.4633422780e-04 10 6
3.3096977676e+03 1.5635200000e+06 1.6804177676e+03 8.4633422779e-04 10 6
3.3097062310e+03 1.5635300000e+06 1.6804262310e+03 8.4633422777e-04 10 6
3.3097146943e+03 1.5635400000e+06 1.6804346943e+03 8.4633422775e-04 10 6
3.3097231577e+03 1.5635500000e+06 1.6804431577e+03 8.4633422769e-04 10 6
3.3097316210e+03 1.5635600000e+06 1.6804516210e+03 8.4633422762e-04 10 6
3.3097400844e+03 1.5635700000e+06 1.6804600844e+03 8.4633422780e-04 10 6
3.3097485477e+03 1.5635800000e+06 1.6804685477e+03 8.4633422779e-04 10 6
3.3097570110e+03 1.5635900000e+06 1.6804770110e+03 8.4633422777e-04 10 6
3.3097654744e+03 1.5636000000e+06 1.6804854744e+03 8.4633422774e-04 10 6
3.3097739377e+03 1.5636100000e+06 1.6804939377e+03 8.4633422767e-04 10 6
3.3097824011e+03 1.5636200000e+06 1.6805024011e+03 8.4633422762e-04 10 6
3.3097908644e+03 1.5636300000e+06 1.6805108644e+03 8.4633422779e-04 10 6
3.3097993278e+03 1.5636400000e+06 1.6805193278e+03 8.4633422778e-04 10 6
3.3098077911e+03 1.5636500000e+06 1.6805277911e+03 8.4633422776e-04 10 6
3.3098162544e+03 1.5636600000e+06 1.6805362544e+03 8.4633422773e-04 10 6
3.3098247178e+03 1.5636700000e+06 1.6805447178e+03 8.4633422765e-04 10 6
3.3098331811e+03 1.5636800000e+06 1.6805531811e+03 8.4633422762e-04 10 6
3.3098416445e+03 1.5636900000e+06 1.6805616445e+03 8.4633422779e-04 10 6
3.3098501078e+03 1.5637000000e+06 1.6805701078e+03 8.4633422778e-04 10 6
3.3098585712e+03 1.5637100000e+06 1.6805785712e+03 8.4633422776e-04 10 6
3.3098670345e+03 1.5637200000e+06 1.6805870345e+03 8.4633422772e-04 10 6
3.3098754978e+03 1.5637300000e+06 1.6805954978e+03 8.4633422762e-04 10 6
3.3098839612e+03 1.5637400000e+06 1.6806039612e+03 8.4633422762e-04 10 6
3.3098925582e+03 1.5637500000e+06 1.6806125582e+03 8.6118219669e-04 10 6
3.3099011700e+03 1.5637600000e+06 1.6806211700e+03 8.6118219667e-04 10 6
3.3099097818e+03 1.5637700000e+06 1.6806297818e+03 8.6118219663e-04 10 6
3.3099183936e+03 1.5637800000e+06 1.6806383936e+03 8.6118219657e-04 10 6
3.3099267405e+03 1.5637900000e+06 1.6806467405e+03 7.9493741223e-04 10 6
3.3099347412e+03 1.5638000000e+06 1.6806547412e+03 8.4633422780e-04 10 6
3.3099432046e+03 1.5638100000e+06 1.6806632046e+03 8.4633422779e-04 10 6
3.3099516679e+03 1.5638200000e+06 1.6806716679e+03 8.4633422777e-04 10 6
3.3099601313e+03 1.5638300000e+06 1.6806801313e+03 8.4633422775e-04 10 6
3.3099685946e+03 1.5638400000e+06 1.6806885946e+03 8.4633422769e-04 10 6
3.3099770579e+03 1.5638500000e+06 1.6806970579e+03 8.4633422762e-04 10 6
3.3099855213e+03 1.5638600000e+06 1.6807055213e+03 8.4633422780e-04 10 6
3.3099939846e+03 1.5638700000e+06 1.6807139846e+03 8.4633422779e-04 10 6
3.3100004803e+03 1.5638800000e+06 1.6807204803e+03 2.5271500438e-04 10 6
3.3100053154e+03 1.5638900000e+06 1.6807253154e+03 6.2219243278e-04 10 6
3.3100123618e+03 1.5639000000e+06 1.6807323618e+03 7.5799330106e-04 10 6
3.3100202054e+03 1.5639100000e+06 1.6807402054e+03 7.9094953148e-04 10 6
3.3100281149e+03 1.5639200000e+06 1.6807481149e+03 7.9094953139e-04 10 6
3.3100363013e+03 1.5639300000e+06 1.6807563013e+03 8.4633422779e-04 10 6
3.3100448705e+03 1.5639400000e+06 1.6807648705e+03 8.6396619085e-04 10 6
3.3100535101e+03 1.5639500000e+06 1.6807735101e+03 8.6396619081e-04 10 6
3.3100621498e+03 1.5639600000e+06 1.6807821498e+03 8.6396619077e-04 10 6
3.3100707895e+03 1.5639700000e+06 1.6807907895e+03 8.6396619075e-04 10 6
3.3100794291e+03 1.5639800000e+06 1.6807994291e+03 8.6396619084e-04 10 6
3.3100881695e+03 1.5639900000e+06 1.6808081695e+03 8.7656045021e-04 10 6
3.3100969351e+03 1.5640000000e+06 1.6808169351e+03 8.7656045020e-04 10 6
3.3101057007e+03 1.5640100000e+06 1.6808257007e+03 8.7656045019e-04 10 6
3.3101144664e+03 1.5640200000e+06 1.6808344664e+03 8.7656045016e-04 10 6
3.3101232320e+03 1.5640300000e+06 1.6808432320e+03 8.7656045005e-04 10 6
3.3101320625e+03 1.5640400000e+06 1.6808520625e+03 9.0902565208e-04 10 6
3.3101411527e+03 1.5640500000e+06 1.6808611527e+03 9.0902565206e-04 10 6
3.3101502430e+03 1.5640600000e+06 1.6808702430e+03 9.0902565203e-04 10 6
3.3101593333e+03 1.5640700000e+06 1.6808793333e+03 9.0902565197e-04 10 6
3.3101684235e+03 1.5640800000e+06 1.6808884235e+03 9.0902565195e-04 10 6
3.3101775138e+03 1.5640900000e+06 1.6808975138e+03 9.0902565186e-04 10 6
3.3101867618e+03 1.5641000000e+06 1.6809067618e+03 9.4675879234e-04 10 6
3.3101962294e+03 1.5641100000e+06 1.6809162294e+03 9.4675879231e-04 10 6
3.3102056970e+03 1.5641200000e+06 1.6809256970e+03 9.4675879225e-04 10 6
3.3102151646e+03 1.5641300000e+06 1.6809351646e+03 9.4675879224e-04 10 6
3.3102246322e+03 1.5641400000e+06 1.6809446322e+03 9.4675879218e-04 10 6
3.3102343097e+03 1.5641500000e+06 1.6809543097e+03 9.8174770423e-04 10 6
3.3102441560e+03 1.5641600000e+06 1.6809641560e+03 1.0106226367e-03 10 6
3.3102542623e+03 1.5641700000e+06 1.6809742623e+03 1.0106226366e-03 10 6
3.3102643685e+03 1.5641800000e+06 1.6809843685e+03 1.0106226366e-03 10 6
3.3102744747e+03 1.5641900000e+06 1.6809944747e+03 1.0106226366e-03 10 6
3.3102846652e+03 1.5642000000e+06 1.6810046652e+03 1.0226538586e-03 10 6
3.3102947535e+03 1.5642100000e+06 1.6810147535e+03 9.9501456517e-04 10 6
3.3103044715e+03 1.5642200000e+06 1.6810244715e+03 9.6184741301e-04 10 6
3.3103134779e+03 1.5642300000e+06 1.6810334779e+03 8.7440673911e-04 10 6
3.3103222219e+03 1.5642400000e+06 1.6810422219e+03 8.7440673921e-04 10 6
3.3103310105e+03 1.5642500000e+06 1.6810510105e+03 8.9341738195e-04 10 6
3.3103401646e+03 1.5642600000e+06 1.6810601646e+03 9.1068670012e-04 10 6
3.3103490438e+03 1.5642700000e+06 1.6810690438e+03 8.8791953265e-04 10 6
3.3103581361e+03 1.5642800000e+06 1.6810781361e+03 9.2343631400e-04 10 6
3.3103673704e+03 1.5642900000e+06 1.6810873704e+03 9.2343631400e-04 10 6
3.3103766439e+03 1.5643000000e+06 1.6810966439e+03 9.6249774926e-04 10 6
3.3103862688e+03 1.5643100000e+06 1.6811062688e+03 9.6249774926e-04 10 6
3.3103958938e+03 1.5643200000e+06 1.6811158938e+03 9.6249774927e-04 10 6
3.3104055188e+03 1.5643300000e+06 1.6811255188e+03 9.6249774929e-04 10 6
3.3104151438e+03 1.5643400000e+06 1.6811351438e+03 9.6249774932e-04 10 6
3.3104247687e+03 1.5643500000e+06 1.6811447687e+03 9.6249774970e-04 10 6
3.3104345862e+03 1.5643600000e+06 1.6811545862e+03 9.8174770422e-04 10 6
3.3104441828e+03 1.5643700000e+06 1.6811641828e+03 9.5720401158e-04 10 6
3.3104537549e+03 1.5643800000e+06 1.6811737549e+03 9.5720401154e-04 10 6
3.3104632533e+03 1.5643900000e+06 1.6811832533e+03 8.8357293365e-04 10 6
3.3104720890e+03 1.5644000000e+06 1.6811920890e+03 8.8357293377e-04 10 6
3.3104813310e+03 1.5644100000e+06 1.6812013310e+03 9.2472311230e-04 10 6
3.3104905782e+03 1.5644200000e+06 1.6812105782e+03 9.2472311228e-04 10 6
3.3104998254e+03 1.5644300000e+06 1.6812198254e+03 9.2472311226e-04 10 6
3.3105090727e+03 1.5644400000e+06 1.6812290727e+03 9.2472311221e-04 10 6
3.3105178220e+03 1.5644500000e+06 1.6812378220e+03 8.5359056519e-04 10 6
3.3105265796e+03 1.5644600000e+06 1.6812465796e+03 9.0902565207e-04 10 6
3.3105356699e+03 1.5644700000e+06 1.6812556699e+03 9.0902565205e-04 10 6
3.3105447601e+03 1.5644800000e+06 1.6812647601e+03 9.0902565202e-04 10 6
3.3105538504e+03 1.5644900000e+06 1.6812738504e+03 9.0902565195e-04 10 6
3.3105629406e+03 1.5645000000e+06 1.6812829406e+03 9.0902565192e-04 10 6
3.3105720309e+03 1.5645100000e+06 1.6812920309e+03 9.0902565216e-04 10 6
3.3105811212e+03 1.5645200000e+06 1.6813011212e+03 9.0902565206e-04 10 6
3.3105902114e+03 1.5645300000e+06 1.6813102114e+03 9.0902565203e-04 10 6
3.3105993017e+03 1.5645400000e+06 1.6813193017e+03 9.0902565198e-04 10 6
3.3106083919e+03 1.5645500000e+06 1.6813283919e+03 9.0902565192e-04 10 6
3.3106174822e+03 1.5645600000e+06 1.6813374822e+03 9.0902565198e-04 10 6
3.3106266437e+03 1.5645700000e+06 1.6813466437e+03 9.2684968446e-04 10 6
3.3106357858e+03 1.5645800000e+06 1.6813557858e+03 9.0578491890e-04 10 6
3.3106448437e+03 1.5645900000e+06 1.6813648437e+03 9.0578491892e-04 10 6
3.3106539015e+03 1.5646000000e+06 1.6813739015e+03 9.0578491898e-04 10 6
3.3106629594e+03 1.5646100000e+06 1.6813829594e+03 9.0578491902e-04 10 6
3.3106720237e+03 1.5646200000e+06 1.6813920237e+03 9.0902565208e-04 10 6
3.3106811140e+03 1.5646300000e+06 1.6814011140e+03 9.0902565206e-04 10 6
3.3106902042e+03 1.5646400000e+06 1.6814102042e+03 9.0902565203e-04 10 6
3.3106990824e+03 1.5646500000e+06 1.6814190824e+03 8.7872479691e-04 10 6
3.3107075035e+03 1.5646600000e+06 1.6814275035e+03 8.4211126362e-04 10 6
3.3107159246e+03 1.5646700000e+06 1.6814359246e+03 8.4211126368e-04 10 6
3.3107245239e+03 1.5646800000e+06 1.6814445239e+03 8.7713001517e-04 10 6
3.3107331883e+03 1.5646900000e+06 1.6814531883e+03 8.7980419203e-04 10 6
3.3107418436e+03 1.5647000000e+06 1.6814618436e+03 8.5602570036e-04 10 6
3.3107504039e+03 1.5647100000e+06 1.6814704039e+03 8.5602570039e-04 10 6
3.3107589642e+03 1.5647200000e+06 1.6814789642e+03 8.5602570039e-04 10 6
3.3107675244e+03 1.5647300000e+06 1.6814875244e+03 8.5602570039e-04 10 6
3.3107762213e+03 1.5647400000e+06 1.6814962213e+03 8.5930325372e-04 10 6
3.3107849599e+03 1.5647500000e+06 1.6815049599e+03 8.5547135513e-04 10 6
3.3107936398e+03 1.5647600000e+06 1.6815136398e+03 8.5100180781e-04 10 6
3.3108021498e+03 1.5647700000e+06 1.6815221498e+03 8.5100180779e-04 10 6
3.3108106598e+03 1.5647800000e+06 1.6815306598e+03 8.5100180771e-04 10 6
3.3108192528e+03 1.5647900000e+06 1.6815392528e+03 8.9249791295e-04 10 6
3.3108282894e+03 1.5648000000e+06 1.6815482894e+03 9.1109161948e-04 10 6
3.3108374003e+03 1.5648100000e+06 1.6815574003e+03 9.1109161951e-04 10 6
3.3108463762e+03 1.5648200000e+06 1.6815663762e+03 8.7734748547e-04 10 6
3.3108551497e+03 1.5648300000e+06 1.6815751497e+03 8.7734748539e-04 10 6
3.3108639232e+03 1.5648400000e+06 1.6815839232e+03 8.7734748536e-04 10 6
3.3108728027e+03 1.5648500000e+06 1.6815928027e+03 8.9249791296e-04 10 6
3.3108818148e+03 1.5648600000e+06 1.6816018148e+03 9.1426615475e-04 10 6
3.3108909574e+03 1.5648700000e+06 1.6816109574e+03 9.1426615476e-04 10 6
3.3109001001e+03 1.5648800000e+06 1.6816201001e+03 9.1426615477e-04 10 6
3.3109092427e+03 1.5648900000e+06 1.6816292427e+03 9.1426615484e-04 10 6
3.3109184211e+03 1.5649000000e+06 1.6816384211e+03 9.2617707947e-04 10 6
3.3109268001e+03 1.5649100000e+06 1.6816468001e+03 8.2456296242e-04 10 6
3.3109349996e+03 1.5649200000e+06 1.6816549996e+03 8.2584333971e-04 10 6
3.3109430693e+03 1.5649300000e+06 1.6816630693e+03 8.0224781573e-04 10 6
3.3109508912e+03 1.5649400000e+06 1.6816708912e+03 7.6882082342e-04 10 6
3.3109585794e+03 1.5649500000e+06 1.6816785794e+03 7.6882082345e-04 10 6
3.3109662883e+03 1.5649600000e+06 1.6816862883e+03 7.7916484464e-04 10 6
3.3109740800e+03 1.5649700000e+06 1.6816940800e+03 7.7916484467e-04 10 6
3.3109818535e+03 1.5649800000e+06 1.6817018535e+03 7.6104473203e-04 10 6
3.3109894639e+03 1.5649900000e+06 1.6817094639e+03 7.6104473207e-04 10 6
3.3109970744e+03 1.5650000000e+06 1.6817170744e+03 7.6104473213e-04 10 6
3.3110046848e+03 1.5650100000e+06 1.6817246848e+03 7.6104473216e-04 10 6
3.3110122953e+03 1.5650200000e+06 1.6817322953e+03 7.6104473207e-04 10 6
3.3110199533e+03 1.5650300000e+06 1.6817399533e+03 7.6699039395e-04 10 6
3.3110276232e+03 1.5650400000e+06 1.6817476232e+03 7.6699039395e-04 10 6
3.3110352931e+03 1.5650500000e+06 1.6817552931e+03 7.6699039396e-04 10 6
3.3110429630e+03 1.5650600000e+06 1.6817629630e+03 7.6699039398e-04 10 6
3.3110509397e+03 1.5650700000e+06 1.6817709397e+03 7.9767000966e-04 10 6
3.3110593950e+03 1.5650800000e+06 1.6817793950e+03 8.7743701051e-04 10 6
3.3110688176e+03 1.5650900000e+06 1.6817888176e+03 1.0040601521e-03 10 6
3.3110788582e+03 1.5651000000e+06 1.6817988582e+03 1.0040601521e-03 10 6
3.3110888988e+03 1.5651100000e+06 1.6818088988e+03 1.0040601521e-03 10 6
3.3110989394e+03 1.5651200000e+06 1.6818189394e+03 1.0040601521e-03 10 6
3.3111089800e+03 1.5651300000e+06 1.6818289800e+03 1.0040601521e-03 10 6
3.3111190046e+03 1.5651400000e+06 1.6818390046e+03 1.0017833717e-03 10 6
3.3111290225e+03 1.5651500000e+06 1.6818490225e+03 1.0017833717e-03 10 6
3.3111387541e+03 1.5651600000e+06 1.6818587541e+03 9.3022741663e-04 10 6
3.3111479982e+03 1.5651700000e+06 1.6818679982e+03 8.7208820312e-04 10 6
3.3111567191e+03 1.5651800000e+06 1.6818767191e+03 8.7208820310e-04 10 6
3.3111653112e+03 1.5651900000e+06 1.6818853112e+03 8.4633422779e-04 10 6
3.3111737745e+03 1.5652000000e+06 1.6818937745e+03 8.4633422778e-04 10 6
3.3111822379e+03 1.5652100000e+06 1.6819022379e+03 8.4633422776e-04 10 6
3.3111907012e+03 1.5652200000e+06 1.6819107012e+03 8.4633422773e-04 10 6
3.3111991646e+03 1.5652300000e+06 1.6819191646e+03 8.4633422765e-04 10 6
3.3112076279e+03 1.5652400000e+06 1.6819276279e+03 8.4633422762e-04 10 6
3.3112163544e+03 1.5652500000e+06 1.6819363544e+03 8.9374791002e-04 10 6
3.3112252919e+03 1.5652600000e+06 1.6819452919e+03 8.9374790999e-04 10 6
3.3112340002e+03 1.5652700000e+06 1.6819540002e+03 8.7083129688e-04 10 6
3.3112427085e+03 1.5652800000e+06 1.6819627085e+03 8.7083129688e-04 10 6
3.3112510582e+03 1.5652900000e+06 1.6819710582e+03 8.1960592640e-04 10 6
3.3112592543e+03 1.5653000000e+06 1.6819792543e+03 8.1960592661e-04 10 6
3.3112675742e+03 1.5653100000e+06 1.6819875742e+03 8.3198957986e-04 10 6
3.3112758757e+03 1.5653200000e+06 1.6819958757e+03 8.3246149682e-04 10 6
3.3112842003e+03 1.5653300000e+06 1.6820042003e+03 8.3246149679e-04 10 6
3.3112924163e+03 1.5653400000e+06 1.6820124163e+03 7.9626751865e-04 10 6
3.3113003790e+03 1.5653500000e+06 1.6820203790e+03 7.9626751870e-04 10 6
3.3113083417e+03 1.5653600000e+06 1.6820283417e+03 7.9626751858e-04 10 6
3.3113165229e+03 1.5653700000e+06 1.6820365229e+03 8.1812308687e-04 10 6
3.3113245382e+03 1.5653800000e+06 1.6820445382e+03 7.8311502920e-04 10 6
3.3113325213e+03 1.5653900000e+06 1.6820525213e+03 7.7836887750e-04 10 6
3.3113403050e+03 1.5654000000e+06 1.6820603050e+03 7.7836887751e-04 10 6
3.3113480886e+03 1.5654100000e+06 1.6820680886e+03 7.7836887753e-04 10 6
3.3113558723e+03 1.5654200000e+06 1.6820758723e+03 7.7836887764e-04 10 6
3.3113637629e+03 1.5654300000e+06 1.6820837629e+03 7.9173201956e-04 10 6
3.3113716802e+03 1.5654400000e+06 1.6820916802e+03 7.9173201958e-04 10 6
3.3113795976e+03 1.5654500000e+06 1.6820995976e+03 7.9173201961e-04 10 6
3.3113875149e+03 1.5654600000e+06 1.6821075149e+03 7.9173201966e-04 10 6
3.3113954322e+03 1.5654700000e+06 1.6821154322e+03 7.9173201972e-04 10 6
3.3114033495e+03 1.5654800000e+06 1.6821233495e+03 7.9173201966e-04 10 6
3.3114112668e+03 1.5654900000e+06 1.6821312668e+03 7.9173201956e-04 10 6
3.3114191842e+03 1.5655000000e+06 1.6821391842e+03 7.9173201958e-04 10 6
3.3114271015e+03 1.5655100000e+06 1.6821471015e+03 7.9173201960e-04 10 6
3.3114348378e+03 1.5655200000e+06 1.6821548378e+03 7.6911110477e-04 10 6
3.3114425290e+03 1.5655300000e+06 1.6821625290e+03 7.6911110477e-04 10 6
3.3114502201e+03 1.5655400000e+06 1.6821702201e+03 7.6911110477e-04 10 6
3.3114579048e+03 1.5655500000e+06 1.6821779048e+03 7.6699039394e-04 10 6
3.3114655747e+03 1.5655600000e+06 1.6821855747e+03 7.6699039395e-04 10 6
3.3114732446e+03 1.5655700000e+06 1.6821932446e+03 7.6699039396e-04 10 6
3.3114809145e+03 1.5655800000e+06 1.6822009145e+03 7.6699039397e-04 10 6
3.3114885844e+03 1.5655900000e+06 1.6822085844e+03 7.6699039400e-04 10 6
3.3114962543e+03 1.5656000000e+06 1.6822162543e+03 7.6699039406e-04 10 6
3.3115039242e+03 1.5656100000e+06 1.6822239242e+03 7.6699039414e-04 10 6
3.3115118168e+03 1.5656200000e+06 1.6822318168e+03 7.9173201956e-04 10 6
3.3115197341e+03 1.5656300000e+06 1.6822397341e+03 7.9173201958e-04 10 6
3.3115276515e+03 1.5656400000e+06 1.6822476515e+03 7.9173201961e-04 10 6
3.3115355688e+03 1.5656500000e+06 1.6822555688e+03 7.9173201967e-04 10 6
3.3115434861e+03 1.5656600000e+06 1.6822634861e+03 7.9173201971e-04 10 6
3.3115514034e+03 1.5656700000e+06 1.6822714034e+03 7.9173201971e-04 10 6
3.3115595901e+03 1.5656800000e+06 1.6822795901e+03 8.3222865735e-04 10 6
3.3115680338e+03 1.5656900000e+06 1.6822880338e+03 8.4956675440e-04 10 6
3.3115765294e+03 1.5657000000e+06 1.6822965294e+03 8.4956675441e-04 10 6
3.3115850251e+03 1.5657100000e+06 1.6823050251e+03 8.4956675443e-04 10 6
3.3115935208e+03 1.5657200000e+06 1.6823135208e+03 8.4956675448e-04 10 6
3.3116020164e+03 1.5657300000e+06 1.6823220164e+03 8.4956675460e-04 10 6
3.3116105516e+03 1.5657400000e+06 1.6823305516e+03 8.4493347601e-04 10 6
3.3116190010e+03 1.5657500000e+06 1.6823390010e+03 8.4493347603e-04 10 6
3.3116274503e+03 1.5657600000e+06 1.6823474503e+03 8.4493347605e-04 10 6
3.3116357588e+03 1.5657700000e+06 1.6823557588e+03 8.0972791457e-04 10 6
3.3116438561e+03 1.5657800000e+06 1.6823638561e+03 8.0972791449e-04 10 6
3.3116519534e+03 1.5657900000e+06 1.6823719534e+03 8.0972791466e-04 10 6
3.3116602733e+03 1.5658000000e+06 1.6823802733e+03 8.3198957986e-04 10 6
3.3116685932e+03 1.5658100000e+06 1.6823885932e+03 8.3198957986e-04 10 6
3.3116769131e+03 1.5658200000e+06 1.6823969131e+03 8.3198957986e-04 10 6
3.3116850666e+03 1.5658300000e+06 1.6824050666e+03 7.9870999668e-04 10 6
3.3116930537e+03 1.5658400000e+06 1.6824130537e+03 7.9870999674e-04 10 6
3.3117010408e+03 1.5658500000e+06 1.6824210408e+03 7.9870999662e-04 10 6
3.3117092752e+03 1.5658600000e+06 1.6824292752e+03 8.1705989898e-04 10 6
3.3117175408e+03 1.5658700000e+06 1.6824375408e+03 8.1468472485e-04 10 6
3.3117256876e+03 1.5658800000e+06 1.6824456876e+03 8.1468472483e-04 10 6
3.3117338345e+03 1.5658900000e+06 1.6824538345e+03 8.1468472479e-04 10 6
3.3117419813e+03 1.5659000000e+06 1.6824619813e+03 8.1468472469e-04 10 6
3.3117501282e+03 1.5659100000e+06 1.6824701282e+03 8.1468472445e-04 10 6
3.3117584480e+03 1.5659200000e+06 1.6824784480e+03 8.3198957986e-04 10 6
3.3117667476e+03 1.5659300000e+06 1.6824867476e+03 8.1169715109e-04 10 6
3.3117748646e+03 1.5659400000e+06 1.6824948646e+03 8.1169715104e-04 10 6
3.3117829816e+03 1.5659500000e+06 1.6825029816e+03 8.1169715098e-04 10 6
3.3117908821e+03 1.5659600000e+06 1.6825108821e+03 7.5758400756e-04 10 6
3.3117984580e+03 1.5659700000e+06 1.6825184580e+03 7.5758400749e-04 10 6
3.3118062995e+03 1.5659800000e+06 1.6825262995e+03 7.7784198413e-04 10 6
3.3118140144e+03 1.5659900000e+06 1.6825340144e+03 7.6196765794e-04 10 6
3.3118216341e+03 1.5660000000e+06 1.6825416341e+03 7.6196765791e-04 10 6
3.3118292537e+03 1.5660100000e+06 1.6825492537e+03 7.6196765786e-04 10 6
3.3118368734e+03 1.5660200000e+06 1.6825568734e+03 7.6196765781e-04 10 6
3.3118444931e+03 1.5660300000e+06 1.6825644931e+03 7.6196765781e-04 10 6
3.3118521379e+03 1.5660400000e+06 1.6825721379e+03 7.6699039394e-04 10 6
3.3118598078e+03 1.5660500000e+06 1.6825798078e+03 7.6699039395e-04 10 6
3.3118674777e+03 1.5660600000e+06 1.6825874777e+03 7.6699039396e-04 10 6
3.3118751476e+03 1.5660700000e+06 1.6825951476e+03 7.6699039397e-04 10 6
3.3118828175e+03 1.5660800000e+06 1.6826028175e+03 7.6699039400e-04 10 6
3.3118904874e+03 1.5660900000e+06 1.6826104874e+03 7.6699039410e-04 10 6
3.3118981820e+03 1.5661000000e+06 1.6826181820e+03 7.9173201955e-04 10 6
3.3119060258e+03 1.5661100000e+06 1.6826260258e+03 7.9317415438e-04 10 6
3.3119139576e+03 1.5661200000e+06 1.6826339576e+03 7.9317415440e-04 10 6
3.3119218893e+03 1.5661300000e+06 1.6826418893e+03 7.9317415444e-04 10 6
3.3119298210e+03 1.5661400000e+06 1.6826498210e+03 7.9317415450e-04 10 6
3.3119377528e+03 1.5661500000e+06 1.6826577528e+03 7.9317415452e-04 10 6
3.3119456845e+03 1.5661600000e+06 1.6826656845e+03 7.9317415452e-04 10 6
3.3119538408e+03 1.5661700000e+06 1.6826738408e+03 8.1812308687e-04 10 6
3.3119620220e+03 1.5661800000e+06 1.6826820220e+03 8.1812308686e-04 10 6
3.3119702033e+03 1.5661900000e+06 1.6826902033e+03 8.1812308684e-04 10 6
3.3119783845e+03 1.5662000000e+06 1.6826983845e+03 8.1812308682e-04 10 6
3.3119865657e+03 1.5662100000e+06 1.6827065657e+03 8.1812308675e-04 10 6
3.3119947470e+03 1.5662200000e+06 1.6827147470e+03 8.1812308667e-04 10 6
3.3120030530e+03 1.5662300000e+06 1.6827230530e+03 8.3198957986e-04 10 6
3.3120113729e+03 1.5662400000e+06 1.6827313729e+03 8.3198957987e-04 10 6
3.3120196928e+03 1.5662500000e+06 1.6827396928e+03 8.3198957986e-04 10 6
3.3120280127e+03 1.5662600000e+06 1.6827480127e+03 8.3198957988e-04 10 6
3.3120363326e+03 1.5662700000e+06 1.6827563326e+03 8.3198957984e-04 10 6
3.3120446525e+03 1.5662800000e+06 1.6827646525e+03 8.3198958009e-04 10 6
3.3120531158e+03 1.5662900000e+06 1.6827731158e+03 8.4633422779e-04 10 6
3.3120615791e+03 1.5663000000e+06 1.6827815791e+03 8.4633422777e-04 10 6
3.3120700425e+03 1.5663100000e+06 1.6827900425e+03 8.4633422775e-04 10 6
3.3120783904e+03 1.5663200000e+06 1.6827983904e+03 8.0786449009e-04 10 6
3.3120864691e+03 1.5663300000e+06 1.6828064691e+03 8.0786449012e-04 10 6
3.3120937398e+03 1.5663400000e+06 1.6828137398e+03 6.4629159215e-04 10 6
3.3121012918e+03 1.5663500000e+06 1.6828212918e+03 7.5519054170e-04 10 6
3.3121088437e+03 1.5663600000e+06 1.6828288437e+03 7.5519054167e-04 10 6
3.3121163956e+03 1.5663700000e+06 1.6828363956e+03 7.5519054167e-04 10 6
3.3121239475e+03 1.5663800000e+06 1.6828439475e+03 7.5519054167e-04 10 6
3.3121314994e+03 1.5663900000e+06 1.6828514994e+03 7.5519054167e-04 10 6
3.3121390513e+03 1.5664000000e+06 1.6828590513e+03 7.5519054167e-04 10 6
3.3121466622e+03 1.5664100000e+06 1.6828666622e+03 7.6699039394e-04 10 6
3.3121543321e+03 1.5664200000e+06 1.6828743321e+03 7.6699039395e-04 10 6
3.3121620020e+03 1.5664300000e+06 1.6828820020e+03 7.6699039396e-04 10 6
3.3121695104e+03 1.5664400000e+06 1.6828895104e+03 7.4680643619e-04 10 6
3.3121769785e+03 1.5664500000e+06 1.6828969785e+03 7.4680643617e-04 10 6
3.3121844466e+03 1.5664600000e+06 1.6829044466e+03 7.4680643613e-04 10 6
3.3121919146e+03 1.5664700000e+06 1.6829119146e+03 7.4680643638e-04 10 6
3.3121994281e+03 1.5664800000e+06 1.6829194281e+03 7.4239070202e-04 10 6
3.3122069709e+03 1.5664900000e+06 1.6829269709e+03 7.3980597621e-04 10 6
3.3122145334e+03 1.5665000000e+06 1.6829345334e+03 7.5624610897e-04 10 6
3.3122218858e+03 1.5665100000e+06 1.6829418858e+03 7.3523927259e-04 10 6
3.3122292382e+03 1.5665200000e+06 1.6829492382e+03 7.3523927254e-04 10 6
3.3122365906e+03 1.5665300000e+06 1.6829565906e+03 7.3523927241e-04 10 6
3.3122439770e+03 1.5665400000e+06 1.6829639770e+03 7.4374826079e-04 10 6
3.3122513065e+03 1.5665500000e+06 1.6829713065e+03 7.3175232112e-04 10 6
3.3122586240e+03 1.5665600000e+06 1.6829786240e+03 7.3175232114e-04 10 6
3.3122659416e+03 1.5665700000e+06 1.6829859416e+03 7.3175232114e-04 10 6
3.3122732591e+03 1.5665800000e+06 1.6829932591e+03 7.3175232114e-04 10 6
3.3122805766e+03 1.5665900000e+06 1.6830005766e+03 7.3175232114e-04 10 6
3.3122878941e+03 1.5666000000e+06 1.6830078941e+03 7.3175232114e-04 10 6
3.3122952956e+03 1.5666100000e+06 1.6830152956e+03 7.4374826078e-04 10 6
3.3123027331e+03 1.5666200000e+06 1.6830227331e+03 7.4374826076e-04 10 6
3.3123101706e+03 1.5666300000e+06 1.6830301706e+03 7.4374826072e-04 10 6
3.3123176081e+03 1.5666400000e+06 1.6830376081e+03 7.4374826067e-04 10 6
3.3123250456e+03 1.5666500000e+06 1.6830450456e+03 7.4374826067e-04 10 6
3.3123324830e+03 1.5666600000e+06 1.6830524830e+03 7.4374826067e-04 10 6
3.3123399438e+03 1.5666700000e+06 1.6830599438e+03 7.6699039394e-04 10 6
3.3123476137e+03 1.5666800000e+06 1.6830676137e+03 7.6699039395e-04 10 6
3.3123552836e+03 1.5666900000e+06 1.6830752836e+03 7.6699039395e-04 10 6
3.3123629535e+03 1.5667000000e+06 1.6830829535e+03 7.6699039397e-04 10 6
3.3123706873e+03 1.5667100000e+06 1.6830906873e+03 7.9894832707e-04 10 6
3.3123786768e+03 1.5667200000e+06 1.6830986768e+03 7.9894832715e-04 10 6
3.3123866663e+03 1.5667300000e+06 1.6831066663e+03 7.9894832728e-04 10 6
3.3123949201e+03 1.5667400000e+06 1.6831149201e+03 8.3198957986e-04 10 6
3.3124032400e+03 1.5667500000e+06 1.6831232400e+03 8.3198957986e-04 10 6
3.3124115599e+03 1.5667600000e+06 1.6831315599e+03 8.3198957986e-04 10 6
3.3124198798e+03 1.5667700000e+06 1.6831398798e+03 8.3198957986e-04 10 6
3.3124281997e+03 1.5667800000e+06 1.6831481997e+03 8.3198957986e-04 10 6
3.3124365196e+03 1.5667900000e+06 1.6831565196e+03 8.3198957986e-04 10 6
3.3124448394e+03 1.5668000000e+06 1.6831648394e+03 8.3198957986e-04 10 6
3.3124531593e+03 1.5668100000e+06 1.6831731593e+03 8.3198957987e-04 10 6
3.3124614792e+03 1.5668200000e+06 1.6831814792e+03 8.3198957986e-04 10 6
3.3124697991e+03 1.5668300000e+06 1.6831897991e+03 8.3198957988e-04 10 6
3.3124781190e+03 1.5668400000e+06 1.6831981190e+03 8.3198957984e-04 10 6
3.3124864389e+03 1.5668500000e+06 1.6832064389e+03 8.3198958009e-04 10 6
3.3124947588e+03 1.5668600000e+06 1.6832147588e+03 8.3198957986e-04 10 6
3.3125030787e+03 1.5668700000e+06 1.6832230787e+03 8.3198957986e-04 10 6
3.3125113986e+03 1.5668800000e+06 1.6832313986e+03 8.3198957986e-04 10 6
3.3125197185e+03 1.5668900000e+06 1.6832397185e+03 8.3198957986e-04 10 6
3.3125280384e+03 1.5669000000e+06 1.6832480384e+03 8.3198957986e-04 10 6
3.3125363583e+03 1.5669100000e+06 1.6832563583e+03 8.3198957987e-04 10 6
3.3125446782e+03 1.5669200000e+06 1.6832646782e+03 8.3198957987e-04 10 6
3.3125529981e+03 1.5669300000e+06 1.6832729981e+03 8.3198957986e-04 10 6
3.3125613180e+03 1.5669400000e+06 1.6832813180e+03 8.3198957987e-04 10 6
3.3125696379e+03 1.5669500000e+06 1.6832896379e+03 8.3198957985e-04 10 6
3.3125779578e+03 1.5669600000e+06 1.6832979578e+03 8.3198957989e-04 10 6
3.3125862777e+03 1.5669700000e+06 1.6833062777e+03 8.3198957986e-04 10 6
3.3125945976e+03 1.5669800000e+06 1.6833145976e+03 8.3198957986e-04 10 6
3.3126029175e+03 1.5669900000e+06 1.6833229175e+03 8.3198957986e-04 10 6
3.3126112374e+03 1.5670000000e+06 1.6833312374e+03 8.3198957986e-04 10 6
3.3126195573e+03 1.5670100000e+06 1.6833395573e+03 8.3198957986e-04 10 6
3.3126278772e+03 1.5670200000e+06 1.6833478772e+03 8.3198957986e-04 10 6
3.3126362401e+03 1.5670300000e+06 1.6833562401e+03 8.4633422780e-04 10 6
3.3126438710e+03 1.5670400000e+06 1.6833638710e+03 7.6308823816e-04 10 6
3.3126513798e+03 1.5670500000e+06 1.6833713798e+03 7.4782647340e-04 10 6
3.3126588580e+03 1.5670600000e+06 1.6833788580e+03 7.4782647341e-04 10 6
3.3126662765e+03 1.5670700000e+06 1.6833862765e+03 7.1791341450e-04 10 6
3.3126734556e+03 1.5670800000e+06 1.6833934556e+03 7.1791341449e-04 10 6
3.3126806347e+03 1.5670900000e+06 1.6834006347e+03 7.1791341441e-04 10 6
3.3126879170e+03 1.5671000000e+06 1.6834079170e+03 7.3264754047e-04 10 6
3.3126952435e+03 1.5671100000e+06 1.6834152435e+03 7.3264754043e-04 10 6
3.3127025700e+03 1.5671200000e+06 1.6834225700e+03 7.3264754041e-04 10 6
3.3127098964e+03 1.5671300000e+06 1.6834298964e+03 7.3264754042e-04 10 6
3.3127172229e+03 1.5671400000e+06 1.6834372229e+03 7.3264754041e-04 10 6
3.3127245494e+03 1.5671500000e+06 1.6834445494e+03 7.3264754044e-04 10 6
3.3127318759e+03 1.5671600000e+06 1.6834518759e+03 7.3264754019e-04 10 6
3.3127393133e+03 1.5671700000e+06 1.6834593133e+03 7.4374826077e-04 10 6
3.3127467508e+03 1.5671800000e+06 1.6834667508e+03 7.4374826075e-04 10 6
3.3127542285e+03 1.5671900000e+06 1.6834742285e+03 7.6384956506e-04 10 6
3.3127618670e+03 1.5672000000e+06 1.6834818670e+03 7.6384956511e-04 10 6
3.3127695055e+03 1.5672100000e+06 1.6834895055e+03 7.6384956515e-04 10 6
3.3127771440e+03 1.5672200000e+06 1.6834971440e+03 7.6384956515e-04 10 6
3.3127849219e+03 1.5672300000e+06 1.6835049219e+03 7.9173201956e-04 10 6
3.3127928392e+03 1.5672400000e+06 1.6835128392e+03 7.9173201957e-04 10 6
3.3128007565e+03 1.5672500000e+06 1.6835207565e+03 7.9173201960e-04 10 6
3.3128087304e+03 1.5672600000e+06 1.6835287304e+03 8.2000816319e-04 10 6
3.3128169305e+03 1.5672700000e+06 1.6835369305e+03 8.2000816316e-04 10 6
3.3128251306e+03 1.5672800000e+06 1.6835451306e+03 8.2000816311e-04 10 6
3.3128334954e+03 1.5672900000e+06 1.6835534954e+03 8.6118219670e-04 10 6
3.3128422450e+03 1.5673000000e+06 1.6835622450e+03 8.7840584066e-04 10 6
3.3128512267e+03 1.5673100000e+06 1.6835712267e+03 9.0036598671e-04 10 6
3.3128602303e+03 1.5673200000e+06 1.6835802303e+03 9.0036598677e-04 10 6
3.3128692340e+03 1.5673300000e+06 1.6835892340e+03 9.0036598681e-04 10 6
3.3128782376e+03 1.5673400000e+06 1.6835982376e+03 9.0036598681e-04 10 6
3.3128874283e+03 1.5673500000e+06 1.6836074283e+03 9.2720616510e-04 10 6
3.3128967004e+03 1.5673600000e+06 1.6836167004e+03 9.2720616507e-04 10 6
3.3129059724e+03 1.5673700000e+06 1.6836259724e+03 9.2720616502e-04 10 6
3.3129152445e+03 1.5673800000e+06 1.6836352445e+03 9.2720616500e-04 10 6
3.3129235523e+03 1.5673900000e+06 1.6836435523e+03 7.7885317861e-04 10 6
3.3129315534e+03 1.5674000000e+06 1.6836515534e+03 8.3198957986e-04 10 6
3.3129397232e+03 1.5674100000e+06 1.6836597232e+03 8.1716470248e-04 10 6
3.3129478263e+03 1.5674200000e+06 1.6836678263e+03 8.1906951533e-04 10 6
3.3129558298e+03 1.5674300000e+06 1.6836758298e+03 7.9566752923e-04 10 6
3.3129637864e+03 1.5674400000e+06 1.6836837864e+03 7.9566752925e-04 10 6
3.3129717431e+03 1.5674500000e+06 1.6836917431e+03 7.9566752925e-04 10 6
3.3129797269e+03 1.5674600000e+06 1.6836997269e+03 8.0471123299e-04 10 6
3.3129877342e+03 1.5674700000e+06 1.6837077342e+03 8.0554026246e-04 10 6
3.3129956525e+03 1.5674800000e+06 1.6837156525e+03 7.8840110796e-04 10 6
3.3130035365e+03 1.5674900000e+06 1.6837235365e+03 7.8840110797e-04 10 6
3.3130114205e+03 1.5675000000e+06 1.6837314205e+03 7.8840110800e-04 10 6
3.3130193046e+03 1.5675100000e+06 1.6837393046e+03 7.8840110809e-04 10 6
3.3130272049e+03 1.5675200000e+06 1.6837472049e+03 8.0471123299e-04 10 6
3.3130352285e+03 1.5675300000e+06 1.6837552285e+03 8.0518182434e-04 10 6
3.3130432674e+03 1.5675400000e+06 1.6837632674e+03 8.0550402594e-04 10 6
3.3130513224e+03 1.5675500000e+06 1.6837713224e+03 8.0550402596e-04 10 6
3.3130593775e+03 1.5675600000e+06 1.6837793775e+03 8.0550402594e-04 10 6
3.3130674325e+03 1.5675700000e+06 1.6837874325e+03 8.0550402597e-04 10 6
3.3130754876e+03 1.5675800000e+06 1.6837954876e+03 8.0550402572e-04 10 6
3.3130836557e+03 1.5675900000e+06 1.6838036557e+03 8.1838405117e-04 10 6
3.3130918201e+03 1.5676000000e+06 1.6838118201e+03 7.9889871663e-04 10 6
3.3130998091e+03 1.5676100000e+06 1.6838198091e+03 7.9889871658e-04 10 6
3.3131077981e+03 1.5676200000e+06 1.6838277981e+03 7.9889871654e-04 10 6
3.3131152121e+03 1.5676300000e+06 1.6838352121e+03 7.2021929753e-04 10 6
3.3131224143e+03 1.5676400000e+06 1.6838424143e+03 7.2021929759e-04 10 6
3.3131297035e+03 1.5676500000e+06 1.6838497035e+03 7.3264754047e-04 10 6
3.3131370299e+03 1.5676600000e+06 1.6838570299e+03 7.3264754043e-04 10 6
3.3131443564e+03 1.5676700000e+06 1.6838643564e+03 7.3264754041e-04 10 6
3.3131516221e+03 1.5676800000e+06 1.6838716221e+03 7.3467329400e-04 10 6
3.3131588770e+03 1.5676900000e+06 1.6838788770e+03 7.0406190672e-04 10 6
3.3131659176e+03 1.5677000000e+06 1.6838859176e+03 7.0406190681e-04 10 6
3.3131729583e+03 1.5677100000e+06 1.6838929583e+03 7.0406190684e-04 10 6
3.3131802561e+03 1.5677200000e+06 1.6839002561e+03 7.3264754046e-04 10 6
3.3131875826e+03 1.5677300000e+06 1.6839075826e+03 7.3264754042e-04 10 6
3.3131949091e+03 1.5677400000e+06 1.6839149091e+03 7.3264754042e-04 10 6
3.3132022356e+03 1.5677500000e+06 1.6839222356e+03 7.3264754041e-04 10 6
3.3132093862e+03 1.5677600000e+06 1.6839293862e+03 7.0334163884e-04 10 6
3.3132164196e+03 1.5677700000e+06 1.6839364196e+03 7.0334163888e-04 10 6
3.3132234824e+03 1.5677800000e+06 1.6839434824e+03 7.3264754048e-04 10 6
3.3132307994e+03 1.5677900000e+06 1.6839507994e+03 7.3281577185e-04 10 6
3.3132381276e+03 1.5678000000e+06 1.6839581276e+03 7.3281577188e-04 10 6
3.3132454557e+03 1.5678100000e+06 1.6839654557e+03 7.3281577193e-04 10 6
3.3132526893e+03 1.5678200000e+06 1.6839726893e+03 7.0917655350e-04 10 6
3.3132597811e+03 1.5678300000e+06 1.6839797811e+03 7.0917655353e-04 10 6
3.3132668729e+03 1.5678400000e+06 1.6839868729e+03 7.0917655353e-04 10 6
3.3132740350e+03 1.5678500000e+06 1.6839940350e+03 7.3264754048e-04 10 6
3.3132813274e+03 1.5678600000e+06 1.6840013274e+03 7.3327967812e-04 10 6
3.3132886462e+03 1.5678700000e+06 1.6840086462e+03 7.3359808006e-04 10 6
3.3132959821e+03 1.5678800000e+06 1.6840159821e+03 7.3359808010e-04 10 6
3.3133033181e+03 1.5678900000e+06 1.6840233181e+03 7.3359808017e-04 10 6
3.3133106541e+03 1.5679000000e+06 1.6840306541e+03 7.3359808014e-04 10 6
3.3133179901e+03 1.5679100000e+06 1.6840379901e+03 7.3359808021e-04 10 6
3.3133255264e+03 1.5679200000e+06 1.6840455264e+03 7.6699039394e-04 10 6
3.3133331854e+03 1.5679300000e+06 1.6840531854e+03 7.6721846129e-04 10 6
3.3133408576e+03 1.5679400000e+06 1.6840608576e+03 7.6721846130e-04 10 6
3.3133485297e+03 1.5679500000e+06 1.6840685297e+03 7.6721846131e-04 10 6
3.3133562019e+03 1.5679600000e+06 1.6840762019e+03 7.6721846129e-04 10 6
3.3133638741e+03 1.5679700000e+06 1.6840838741e+03 7.6721846133e-04 10 6
3.3133715953e+03 1.5679800000e+06 1.6840915953e+03 7.9173201955e-04 10 6
3.3133795126e+03 1.5679900000e+06 1.6840995126e+03 7.9173201957e-04 10 6
3.3133874300e+03 1.5680000000e+06 1.6841074300e+03 7.9173201959e-04 10 6
3.3133953473e+03 1.5680100000e+06 1.6841153473e+03 7.9173201963e-04 10 6
3.3134032646e+03 1.5680200000e+06 1.6841232646e+03 7.9173201970e-04 10 6
3.3134111819e+03 1.5680300000e+06 1.6841311819e+03 7.9173201973e-04 10 6
3.3134183955e+03 1.5680400000e+06 1.6841383955e+03 7.0376179542e-04 10 6
3.3134259617e+03 1.5680500000e+06 1.6841459617e+03 7.5401719621e-04 10 6
3.3134333126e+03 1.5680600000e+06 1.6841533126e+03 7.2654288543e-04 10 6
3.3134406392e+03 1.5680700000e+06 1.6841606392e+03 7.2493192562e-04 10 6
3.3134478885e+03 1.5680800000e+06 1.6841678885e+03 7.2493192564e-04 10 6
3.3134551379e+03 1.5680900000e+06 1.6841751379e+03 7.2493192568e-04 10 6
3.3134623872e+03 1.5681000000e+06 1.6841823872e+03 7.2493192576e-04 10 6
3.3134696304e+03 1.5681100000e+06 1.6841896304e+03 7.2187331194e-04 10 6
3.3134768964e+03 1.5681200000e+06 1.6841968964e+03 7.2102901567e-04 10 6
3.3134841067e+03 1.5681300000e+06 1.6842041067e+03 7.2102901571e-04 10 6
3.3134913170e+03 1.5681400000e+06 1.6842113170e+03 7.2102901572e-04 10 6
3.3134985273e+03 1.5681500000e+06 1.6842185273e+03 7.2102901573e-04 10 6
3.3135057376e+03 1.5681600000e+06 1.6842257376e+03 7.2102901571e-04 10 6
3.3135129478e+03 1.5681700000e+06 1.6842329478e+03 7.2102901575e-04 10 6
3.3135202046e+03 1.5681800000e+06 1.6842402046e+03 7.3264754047e-04 10 6
3.3135274264e+03 1.5681900000e+06 1.6842474264e+03 7.2101821444e-04 10 6
3.3135346366e+03 1.5682000000e+06 1.6842546366e+03 7.2101821447e-04 10 6
3.3135418468e+03 1.5682100000e+06 1.6842618468e+03 7.2101821450e-04 10 6
3.3135490570e+03 1.5682200000e+06 1.6842690570e+03 7.2101821455e-04 10 6
3.3135562671e+03 1.5682300000e+06 1.6842762671e+03 7.2101821458e-04 10 6
3.3135634773e+03 1.5682400000e+06 1.6842834773e+03 7.2101821452e-04 10 6
3.3135707573e+03 1.5682500000e+06 1.6842907573e+03 7.3264754047e-04 10 6
3.3135781645e+03 1.5682600000e+06 1.6842981645e+03 7.3106465997e-04 10 6
3.3135856214e+03 1.5682700000e+06 1.6843056214e+03 7.4568595320e-04 10 6
3.3135930642e+03 1.5682800000e+06 1.6843130642e+03 7.4615229842e-04 10 6
3.3136005257e+03 1.5682900000e+06 1.6843205257e+03 7.4615229847e-04 10 6
3.3136079873e+03 1.5683000000e+06 1.6843279873e+03 7.4615229844e-04 10 6
3.3136154488e+03 1.5683100000e+06 1.6843354488e+03 7.4615229869e-04 10 6
3.3136230007e+03 1.5683200000e+06 1.6843430007e+03 7.5519054170e-04 10 6
3.3136305526e+03 1.5683300000e+06 1.6843505526e+03 7.5519054167e-04 10 6
3.3136381657e+03 1.5683400000e+06 1.6843581657e+03 7.7560109685e-04 10 6
3.3136457001e+03 1.5683500000e+06 1.6843657001e+03 7.5344106547e-04 10 6
3.3136532346e+03 1.5683600000e+06 1.6843732346e+03 7.5344106540e-04 10 6
3.3136607690e+03 1.5683700000e+06 1.6843807690e+03 7.5344106540e-04 10 6
3.3136684320e+03 1.5683800000e+06 1.6843884320e+03 7.7916484465e-04 10 6
3.3136763489e+03 1.5683900000e+06 1.6843963489e+03 7.9307850257e-04 10 6
3.3136843764e+03 1.5684000000e+06 1.6844043764e+03 8.1242188065e-04 10 6
3.3136924249e+03 1.5684100000e+06 1.6844124249e+03 8.1533378701e-04 10 6
3.3137003404e+03 1.5684200000e+06 1.6844203404e+03 7.8136154591e-04 10 6
3.3137081540e+03 1.5684300000e+06 1.6844281540e+03 7.8136154593e-04 10 6
3.3137160779e+03 1.5684400000e+06 1.6844360779e+03 8.1812308687e-04 10 6
3.3137242592e+03 1.5684500000e+06 1.6844442592e+03 8.1812308686e-04 10 6
3.3137325891e+03 1.5684600000e+06 1.6844525891e+03 8.3671679338e-04 10 6
3.3137409563e+03 1.5684700000e+06 1.6844609563e+03 8.3671679337e-04 10 6
3.3137493235e+03 1.5684800000e+06 1.6844693235e+03 8.3671679335e-04 10 6
3.3137576906e+03 1.5684900000e+06 1.6844776906e+03 8.3671679327e-04 10 6
3.3137661557e+03 1.5685000000e+06 1.6844861557e+03 8.6118219670e-04 10 6
3.3137747675e+03 1.5685100000e+06 1.6844947675e+03 8.6118219668e-04 10 6
3.3137833793e+03 1.5685200000e+06 1.6845033793e+03 8.6118219665e-04 10 6
3.3137919911e+03 1.5685300000e+06 1.6845119911e+03 8.6118219660e-04 10 6
3.3138006030e+03 1.5685400000e+06 1.6845206030e+03 8.6118219656e-04 10 6
3.3138092148e+03 1.5685500000e+06 1.6845292148e+03 8.6118219656e-04 10 6
3.3138178266e+03 1.5685600000e+06 1.6845378266e+03 8.6118219670e-04 10 6
3.3138264384e+03 1.5685700000e+06 1.6845464384e+03 8.6118219668e-04 10 6
3.3138350502e+03 1.5685800000e+06 1.6845550502e+03 8.6118219664e-04 10 6
3.3138436621e+03 1.5685900000e+06 1.6845636621e+03 8.6118219657e-04 10 6
3.3138522739e+03 1.5686000000e+06 1.6845722739e+03 8.6118219658e-04 10 6
3.3138608857e+03 1.5686100000e+06 1.6845808857e+03 8.6118219633e-04 10 6
3.3138696513e+03 1.5686200000e+06 1.6845896513e+03 8.7656045021e-04 10 6
3.3138784169e+03 1.5686300000e+06 1.6845984169e+03 8.7656045020e-04 10 6
3.3138871825e+03 1.5686400000e+06 1.6846071825e+03 8.7656045018e-04 10 6
3.3138959481e+03 1.5686500000e+06 1.6846159481e+03 8.7656045014e-04 10 6
3.3139047137e+03 1.5686600000e+06 1.6846247137e+03 8.7656044999e-04 10 6
3.3139134631e+03 1.5686700000e+06 1.6846334631e+03 8.6032784929e-04 10 6
3.3139219315e+03 1.5686800000e+06 1.6846419315e+03 8.4384067698e-04 10 6
3.3139303699e+03 1.5686900000e+06 1.6846503699e+03 8.4384067694e-04 10 6
3.3139388083e+03 1.5687000000e+06 1.6846588083e+03 8.4384067692e-04 10 6
3.3139472467e+03 1.5687100000e+06 1.6846672467e+03 8.4384067689e-04 10 6
3.3139556851e+03 1.5687200000e+06 1.6846756851e+03 8.4384067695e-04 10 6
3.3139642141e+03 1.5687300000e+06 1.6846842141e+03 8.6144733900e-04 10 6
3.3139728285e+03 1.5687400000e+06 1.6846928285e+03 8.6144733899e-04 10 6
3.3139813667e+03 1.5687500000e+06 1.6847013667e+03 8.6390861706e-04 10 6
3.3139899826e+03 1.5687600000e+06 1.6847099826e+03 8.6501194863e-04 10 6
3.3139986327e+03 1.5687700000e+06 1.6847186327e+03 8.6501194869e-04 10 6
3.3140072829e+03 1.5687800000e+06 1.6847272829e+03 8.6501194869e-04 10 6
3.3140164502e+03 1.5687900000e+06 1.6847364502e+03 9.2693376007e-04 10 6
3.3140256791e+03 1.5688000000e+06 1.6847456791e+03 9.2812366220e-04 10 6
3.3140349603e+03 1.5688100000e+06 1.6847549603e+03 9.2812366223e-04 10 6
3.3140442415e+03 1.5688200000e+06 1.6847642415e+03 9.2812366232e-04 10 6
3.3140535228e+03 1.5688300000e+06 1.6847735228e+03 9.2812366229e-04 10 6
3.3140628992e+03 1.5688400000e+06 1.6847828992e+03 9.4398817714e-04 10 6
3.3140722683e+03 1.5688500000e+06 1.6847922683e+03 9.2038847270e-04 10 6
3.3140814722e+03 1.5688600000e+06 1.6848014722e+03 9.2038847265e-04 10 6
3.3140906760e+03 1.5688700000e+06 1.6848106760e+03 9.2038847265e-04 10 6
3.3140998799e+03 1.5688800000e+06 1.6848198799e+03 9.2038847265e-04 10 6
3.3141091546e+03 1.5688900000e+06 1.6848291546e+03 9.4398817715e-04 10 6
3.3141185945e+03 1.5689000000e+06 1.6848385945e+03 9.4398817714e-04 10 6
3.3141280344e+03 1.5689100000e+06 1.6848480344e+03 9.4398817714e-04 10 6
3.3141374743e+03 1.5689200000e+06 1.6848574743e+03 9.4398817714e-04 10 6
3.3141469141e+03 1.5689300000e+06 1.6848669141e+03 9.4398817714e-04 10 6
3.3141563540e+03 1.5689400000e+06 1.6848763540e+03 9.4398817716e-04 10 6
3.3141657939e+03 1.5689500000e+06 1.6848857939e+03 9.4398817714e-04 10 6
3.3141752338e+03 1.5689600000e+06 1.6848952338e+03 9.4398817714e-04 10 6
3.3141846737e+03 1.5689700000e+06 1.6849046737e+03 9.4398817714e-04 10 6
3.3141941135e+03 1.5689800000e+06 1.6849141135e+03 9.4398817714e-04 10 6
3.3142035534e+03 1.5689900000e+06 1.6849235534e+03 9.4398817714e-04 10 6
3.3142129523e+03 1.5690000000e+06 1.6849329523e+03 9.2346669504e-04 10 6
3.3142210049e+03 1.5690100000e+06 1.6849410049e+03 7.7571202383e-04 10 6
3.3142287620e+03 1.5690200000e+06 1.6849487620e+03 7.7571202384e-04 10 6
3.3142365191e+03 1.5690300000e+06 1.6849565191e+03 7.7571202384e-04 10 6
3.3142442763e+03 1.5690400000e+06 1.6849642763e+03 7.7571202386e-04 10 6
3.3142520334e+03 1.5690500000e+06 1.6849720334e+03 7.7571202398e-04 10 6
3.3142602605e+03 1.5690600000e+06 1.6849802605e+03 8.4823305461e-04 10 6
3.3142687429e+03 1.5690700000e+06 1.6849887429e+03 8.4823305463e-04 10 6
3.3142772252e+03 1.5690800000e+06 1.6849972252e+03 8.4823305467e-04 10 6
3.3142855190e+03 1.5690900000e+06 1.6850055190e+03 8.1681701563e-04 10 6
3.3142936872e+03 1.5691000000e+06 1.6850136872e+03 8.1681701560e-04 10 6
3.3143018554e+03 1.5691100000e+06 1.6850218554e+03 8.1681701545e-04 10 6
3.3143100353e+03 1.5691200000e+06 1.6850300353e+03 8.1812308687e-04 10 6
3.3143182165e+03 1.5691300000e+06 1.6850382165e+03 8.1812308686e-04 10 6
3.3143263978e+03 1.5691400000e+06 1.6850463978e+03 8.1812308684e-04 10 6
3.3143343233e+03 1.5691500000e+06 1.6850543233e+03 7.9255674042e-04 10 6
3.3143422489e+03 1.5691600000e+06 1.6850622489e+03 7.9255674039e-04 10 6
3.3143501745e+03 1.5691700000e+06 1.6850701745e+03 7.9255674048e-04 10 6
3.3143581973e+03 1.5691800000e+06 1.6850781973e+03 8.0471123301e-04 10 6
3.3143662444e+03 1.5691900000e+06 1.6850862444e+03 8.0471123305e-04 10 6
3.3143742915e+03 1.5692000000e+06 1.6850942915e+03 8.0471123306e-04 10 6
3.3143823386e+03 1.5692100000e+06 1.6851023386e+03 8.0471123306e-04 10 6
3.3143903857e+03 1.5692200000e+06 1.6851103857e+03 8.0471123306e-04 10 6
3.3143984328e+03 1.5692300000e+06 1.6851184328e+03 8.0471123306e-04 10 6
3.3144064799e+03 1.5692400000e+06 1.6851264799e+03 8.0471123300e-04 10 6
3.3144145270e+03 1.5692500000e+06 1.6851345270e+03 8.0471123304e-04 10 6
3.3144225742e+03 1.5692600000e+06 1.6851425742e+03 8.0471123307e-04 10 6
3.3144306213e+03 1.5692700000e+06 1.6851506213e+03 8.0471123305e-04 10 6
3.3144386684e+03 1.5692800000e+06 1.6851586684e+03 8.0471123307e-04 10 6
3.3144467155e+03 1.5692900000e+06 1.6851667155e+03 8.0471123301e-04 10 6
3.3144548431e+03 1.5693000000e+06 1.6851748431e+03 8.1812308687e-04 10 6
3.3144630429e+03 1.5693100000e+06 1.6851830429e+03 8.3671679338e-04 10 6
3.3144714101e+03 1.5693200000e+06 1.6851914101e+03 8.3671679337e-04 10 6
3.3144795681e+03 1.5693300000e+06 1.6851995681e+03 8.1056939354e-04 10 6
3.3144876738e+03 1.5693400000e+06 1.6852076738e+03 8.1056939346e-04 10 6
3.3144957794e+03 1.5693500000e+06 1.6852157794e+03 8.1056939352e-04 10 6
3.3145040137e+03 1.5693600000e+06 1.6852240137e+03 8.3198957986e-04 10 6
3.3145121923e+03 1.5693700000e+06 1.6852321923e+03 8.1629166325e-04 10 6
3.3145203552e+03 1.5693800000e+06 1.6852403552e+03 8.1629166322e-04 10 6
3.3145285181e+03 1.5693900000e+06 1.6852485181e+03 8.1629166318e-04 10 6
3.3145366810e+03 1.5694000000e+06 1.6852566810e+03 8.1629166310e-04 10 6
3.3145448439e+03 1.5694100000e+06 1.6852648439e+03 8.1629166316e-04 10 6
3.3145530330e+03 1.5694200000e+06 1.6852730330e+03 8.3327351440e-04 10 6
3.3145613657e+03 1.5694300000e+06 1.6852813657e+03 8.3327351444e-04 10 6
3.3145696985e+03 1.5694400000e+06 1.6852896985e+03 8.3327351444e-04 10 6
3.3145780312e+03 1.5694500000e+06 1.6852980312e+03 8.3327351444e-04 10 6
3.3145863639e+03 1.5694600000e+06 1.6853063639e+03 8.3327351444e-04 10 6
3.3145946967e+03 1.5694700000e+06 1.6853146967e+03 8.3327351444e-04 10 6
3.3146031978e+03 1.5694800000e+06 1.6853231978e+03 8.6172212285e-04 10 6
3.3146113419e+03 1.5694900000e+06 1.6853313419e+03 7.9413607398e-04 10 6
3.3146192833e+03 1.5695000000e+06 1.6853392833e+03 7.9413607395e-04 10 6
3.3146272246e+03 1.5695100000e+06 1.6853472246e+03 7.9413607389e-04 10 6
3.3146351660e+03 1.5695200000e+06 1.6853551660e+03 7.9413607385e-04 10 6
3.3146431073e+03 1.5695300000e+06 1.6853631073e+03 7.9413607391e-04 10 6
3.3146510343e+03 1.5695400000e+06 1.6853710343e+03 7.9173201956e-04 10 6
3.3146588364e+03 1.5695500000e+06 1.6853788364e+03 7.7733689192e-04 10 6
3.3146666098e+03 1.5695600000e+06 1.6853866098e+03 7.7733689189e-04 10 6
3.3146743832e+03 1.5695700000e+06 1.6853943832e+03 7.7733689183e-04 10 6
3.3146821565e+03 1.5695800000e+06 1.6854021565e+03 7.7733689182e-04 10 6
3.3146899299e+03 1.5695900000e+06 1.6854099299e+03 7.7733689182e-04 10 6
3.3146969296e+03 1.5696000000e+06 1.6854169296e+03 7.7916484464e-04 10 6
3.3147047212e+03 1.5696100000e+06 1.6854247212e+03 7.7916484467e-04 10 6
3.3147124868e+03 1.5696200000e+06 1.6854324868e+03 7.7980141728e-04 10 6
3.3147201794e+03 1.5696300000e+06 1.6854401794e+03 7.5872570333e-04 10 6
3.3147277667e+03 1.5696400000e+06 1.6854477667e+03 7.5872570337e-04 10 6
3.3147353539e+03 1.5696500000e+06 1.6854553539e+03 7.5872570348e-04 10 6
3.3147429412e+03 1.5696600000e+06 1.6854629412e+03 7.5872570339e-04 10 6
3.3147505002e+03 1.5696700000e+06 1.6854705002e+03 7.5519054171e-04 10 6
3.3147580521e+03 1.5696800000e+06 1.6854780521e+03 7.5519054167e-04 10 6
3.3147656040e+03 1.5696900000e+06 1.6854856040e+03 7.5519054167e-04 10 6
3.3147731559e+03 1.5697000000e+06 1.6854931559e+03 7.5519054167e-04 10 6
3.3147805705e+03 1.5697100000e+06 1.6855005705e+03 7.2086369884e-04 10 6
3.3147877791e+03 1.5697200000e+06 1.6855077791e+03 7.2086369876e-04 10 6
3.3147950335e+03 1.5697300000e+06 1.6855150335e+03 7.4374826079e-04 10 6
3.3148024710e+03 1.5697400000e+06 1.6855224710e+03 7.4374826077e-04 10 6
3.3148099085e+03 1.5697500000e+06 1.6855299085e+03 7.4374826074e-04 10 6
3.3148173460e+03 1.5697600000e+06 1.6855373460e+03 7.4374826069e-04 10 6
3.3148247835e+03 1.5697700000e+06 1.6855447835e+03 7.4374826067e-04 10 6
3.3148322209e+03 1.5697800000e+06 1.6855522209e+03 7.4374826069e-04 10 6
3.3148396584e+03 1.5697900000e+06 1.6855596584e+03 7.4374826063e-04 10 6
3.3148470959e+03 1.5698000000e+06 1.6855670959e+03 7.4374826078e-04 10 6
3.3148545334e+03 1.5698100000e+06 1.6855745334e+03 7.4374826076e-04 10 6
3.3148620700e+03 1.5698200000e+06 1.6855820700e+03 7.6027599989e-04 10 6
3.3148696728e+03 1.5698300000e+06 1.6855896728e+03 7.6027599994e-04 10 6
3.3148772756e+03 1.5698400000e+06 1.6855972756e+03 7.6027599994e-04 10 6
3.3148848783e+03 1.5698500000e+06 1.6856048783e+03 7.6027599994e-04 10 6
3.3148924878e+03 1.5698600000e+06 1.6856124878e+03 7.6699039394e-04 10 6
3.3149001577e+03 1.5698700000e+06 1.6856201577e+03 7.6699039395e-04 10 6
3.3149078276e+03 1.5698800000e+06 1.6856278276e+03 7.6699039395e-04 10 6
3.3149154975e+03 1.5698900000e+06 1.6856354975e+03 7.6699039397e-04 10 6
3.3149229418e+03 1.5699000000e+06 1.6856429418e+03 7.4443185295e-04 10 6
3.3149303861e+03 1.5699100000e+06 1.6856503861e+03 7.4443185288e-04 10 6
3.3149378305e+03 1.5699200000e+06 1.6856578305e+03 7.4443185285e-04 10 6
3.3149454832e+03 1.5699300000e+06 1.6856654832e+03 7.7916484465e-04 10 6
3.3149532748e+03 1.5699400000e+06 1.6856732748e+03 7.7916484468e-04 10 6
3.3149610665e+03 1.5699500000e+06 1.6856810665e+03 7.7916484472e-04 10 6
3.3149688581e+03 1.5699600000e+06 1.6856888581e+03 7.7916484474e-04 10 6
3.3149766498e+03 1.5699700000e+06 1.6856966498e+03 7.7916484474e-04 10 6
3.3149844414e+03 1.5699800000e+06 1.6857044414e+03 7.7916484474e-04 10 6
3.3149922708e+03 1.5699900000e+06 1.6857122708e+03 7.9173201956e-04 10 6
3.3150001881e+03 1.5700000000e+06 1.6857201881e+03 7.9173201957e-04 10 6
3.3150081054e+03 1.5700100000e+06 1.6857281054e+03 7.9173201959e-04 10 6
3.3150160227e+03 1.5700200000e+06 1.6857360227e+03 7.9173201963e-04 10 6
3.3150239401e+03 1.5700300000e+06 1.6857439401e+03 7.9173201971e-04 10 6
3.3150318574e+03 1.5700400000e+06 1.6857518574e+03 7.9173201971e-04 10 6
3.3150398011e+03 1.5700500000e+06 1.6857598011e+03 8.1812308687e-04 10 6
3.3150479823e+03 1.5700600000e+06 1.6857679823e+03 8.1812308686e-04 10 6
3.3150561635e+03 1.5700700000e+06 1.6857761635e+03 8.1812308686e-04 10 6
3.3150643448e+03 1.5700800000e+06 1.6857843448e+03 8.1812308684e-04 10 6
3.3150725260e+03 1.5700900000e+06 1.6857925260e+03 8.1812308681e-04 10 6
3.3150807072e+03 1.5701000000e+06 1.6858007072e+03 8.1812308672e-04 10 6
3.3150889315e+03 1.5701100000e+06 1.6858089315e+03 8.6118219671e-04 10 6
3.3150975433e+03 1.5701200000e+06 1.6858175433e+03 8.6118219669e-04 10 6
3.3151061552e+03 1.5701300000e+06 1.6858261552e+03 8.6118219666e-04 10 6
3.3151147670e+03 1.5701400000e+06 1.6858347670e+03 8.6118219662e-04 10 6
3.3151233788e+03 1.5701500000e+06 1.6858433788e+03 8.6118219655e-04 10 6
3.3151319906e+03 1.5701600000e+06 1.6858519906e+03 8.6118219659e-04 10 6
3.3151406640e+03 1.5701700000e+06 1.6858606640e+03 8.7656045022e-04 10 6
3.3151494296e+03 1.5701800000e+06 1.6858694296e+03 8.7656045021e-04 10 6
3.3151581221e+03 1.5701900000e+06 1.6858781221e+03 8.5221154882e-04 10 6
3.3151664973e+03 1.5702000000e+06 1.6858864973e+03 8.2282494372e-04 10 6
3.3151747256e+03 1.5702100000e+06 1.6858947256e+03 8.2282494371e-04 10 6
3.3151829538e+03 1.5702200000e+06 1.6859029538e+03 8.2282494377e-04 10 6
3.3151912371e+03 1.5702300000e+06 1.6859112371e+03 8.3198957986e-04 10 6
3.3151995569e+03 1.5702400000e+06 1.6859195569e+03 8.3198957986e-04 10 6
3.3152078768e+03 1.5702500000e+06 1.6859278768e+03 8.3198957986e-04 10 6
3.3152163247e+03 1.5702600000e+06 1.6859363247e+03 8.6398917910e-04 10 6
3.3152249646e+03 1.5702700000e+06 1.6859449646e+03 8.6398917913e-04 10 6
3.3152336045e+03 1.5702800000e+06 1.6859536045e+03 8.6398917923e-04 10 6
3.3152422220e+03 1.5702900000e+06 1.6859622220e+03 8.6118219670e-04 10 6
3.3152507555e+03 1.5703000000e+06 1.6859707555e+03 8.4160987403e-04 10 6
3.3152591716e+03 1.5703100000e+06 1.6859791716e+03 8.4160987405e-04 10 6
3.3152675877e+03 1.5703200000e+06 1.6859875877e+03 8.4160987407e-04 10 6
3.3152760038e+03 1.5703300000e+06 1.6859960038e+03 8.4160987415e-04 10 6
3.3152837887e+03 1.5703400000e+06 1.6860037887e+03 6.3120740583e-04 10 6
3.3152919078e+03 1.5703500000e+06 1.6860119078e+03 8.3198957986e-04 10 6
3.3153002277e+03 1.5703600000e+06 1.6860202277e+03 8.3198957987e-04 10 6
3.3153085476e+03 1.5703700000e+06 1.6860285476e+03 8.3198957986e-04 10 6
3.3153168675e+03 1.5703800000e+06 1.6860368675e+03 8.3198957988e-04 10 6
3.3153251874e+03 1.5703900000e+06 1.6860451874e+03 8.3198957984e-04 10 6
3.3153327585e+03 1.5704000000e+06 1.6860527585e+03 7.4879062208e-04 10 6
3.3153408704e+03 1.5704100000e+06 1.6860608704e+03 8.1812308687e-04 10 6
3.3153490516e+03 1.5704200000e+06 1.6860690516e+03 8.1812308686e-04 10 6
3.3153572328e+03 1.5704300000e+06 1.6860772328e+03 8.1812308684e-04 10 6
3.3153654141e+03 1.5704400000e+06 1.6860854141e+03 8.1812308682e-04 10 6
3.3153735953e+03 1.5704500000e+06 1.6860935953e+03 8.1812308675e-04 10 6
3.3153811922e+03 1.5704600000e+06 1.6861011922e+03 7.0124836005e-04 10 6
3.3153890323e+03 1.5704700000e+06 1.6861090323e+03 8.0471123301e-04 10 6
3.3153970795e+03 1.5704800000e+06 1.6861170795e+03 8.0471123305e-04 10 6
3.3154051266e+03 1.5704900000e+06 1.6861251266e+03 8.0471123306e-04 10 6
3.3154131737e+03 1.5705000000e+06 1.6861331737e+03 8.0471123306e-04 10 6
3.3154212208e+03 1.5705100000e+06 1.6861412208e+03 8.0471123306e-04 10 6
3.3154292679e+03 1.5705200000e+06 1.6861492679e+03 8.0471123306e-04 10 6
3.3154374089e+03 1.5705300000e+06 1.6861574089e+03 8.1812308687e-04 10 6
3.3154455901e+03 1.5705400000e+06 1.6861655901e+03 8.1812308686e-04 10 6
3.3154539662e+03 1.5705500000e+06 1.6861739662e+03 8.3760220800e-04 10 6
3.3154623422e+03 1.5705600000e+06 1.6861823422e+03 8.3760220806e-04 10 6
3.3154707182e+03 1.5705700000e+06 1.6861907182e+03 8.3760220811e-04 10 6
3.3154790942e+03 1.5705800000e+06 1.6861990942e+03 8.3760220802e-04 10 6
3.3154876589e+03 1.5705900000e+06 1.6862076589e+03 8.6118219670e-04 10 6
3.3154962707e+03 1.5706000000e+06 1.6862162707e+03 8.6118219667e-04 10 6
3.3155048825e+03 1.5706100000e+06 1.6862248825e+03 8.6118219663e-04 10 6
3.3155134943e+03 1.5706200000e+06 1.6862334943e+03 8.6118219656e-04 10 6
3.3155221062e+03 1.5706300000e+06 1.6862421062e+03 8.6118219656e-04 10 6
3.3155298568e+03 1.5706400000e+06 1.6862498568e+03 7.5353442162e-04 10 6
3.3155377741e+03 1.5706500000e+06 1.6862577741e+03 7.9173201957e-04 10 6
3.3155455673e+03 1.5706600000e+06 1.6862655673e+03 7.7620786235e-04 10 6
3.3155533293e+03 1.5706700000e+06 1.6862733293e+03 7.7620786237e-04 10 6
3.3155610914e+03 1.5706800000e+06 1.6862810914e+03 7.7620786237e-04 10 6
3.3155688535e+03 1.5706900000e+06 1.6862888535e+03 7.7620786237e-04 10 6
3.3155766156e+03 1.5707000000e+06 1.6862966156e+03 7.7620786237e-04 10 6
3.3155843984e+03 1.5707100000e+06 1.6863043984e+03 7.7916484465e-04 10 6
3.3155921900e+03 1.5707200000e+06 1.6863121900e+03 7.7916484468e-04 10 6
3.3155999816e+03 1.5707300000e+06 1.6863199816e+03 7.7916484473e-04 10 6
3.3156077733e+03 1.5707400000e+06 1.6863277733e+03 7.7916484475e-04 10 6
3.3156155649e+03 1.5707500000e+06 1.6863355649e+03 7.7916484473e-04 10 6
3.3156233566e+03 1.5707600000e+06 1.6863433566e+03 7.7916484478e-04 10 6
3.3156311985e+03 1.5707700000e+06 1.6863511985e+03 7.9173201956e-04 10 6
3.3156392055e+03 1.5707800000e+06 1.6863592055e+03 8.0667035957e-04 10 6
3.3156472722e+03 1.5707900000e+06 1.6863672722e+03 8.0667035960e-04 10 6
3.3156553389e+03 1.5708000000e+06 1.6863753389e+03 8.0667035965e-04 10 6
3.3156634056e+03 1.5708100000e+06 1.6863834056e+03 8.0667035968e-04 10 6
3.3156714723e+03 1.5708200000e+06 1.6863914723e+03 8.0667035968e-04 10 6
3.3156795733e+03 1.5708300000e+06 1.6863995733e+03 8.1812308687e-04 10 6
3.3156877546e+03 1.5708400000e+06 1.6864077546e+03 8.1812308686e-04 10 6
3.3156959358e+03 1.5708500000e+06 1.6864159358e+03 8.1812308685e-04 10 6
3.3157041170e+03 1.5708600000e+06 1.6864241170e+03 8.1812308684e-04 10 6
3.3157122983e+03 1.5708700000e+06 1.6864322983e+03 8.1812308680e-04 10 6
3.3157204795e+03 1.5708800000e+06 1.6864404795e+03 8.1812308667e-04 10 6
3.3157286607e+03 1.5708900000e+06 1.6864486607e+03 8.1812308687e-04 10 6
3.3157368420e+03 1.5709000000e+06 1.6864568420e+03 8.1812308686e-04 10 6
3.3157450232e+03 1.5709100000e+06 1.6864650232e+03 8.1812308685e-04 10 6
3.3157532044e+03 1.5709200000e+06 1.6864732044e+03 8.1812308684e-04 10 6
3.3157613856e+03 1.5709300000e+06 1.6864813856e+03 8.1812308680e-04 10 6
3.3157695669e+03 1.5709400000e+06 1.6864895669e+03 8.1812308667e-04 10 6
3.3157778327e+03 1.5709500000e+06 1.6864978327e+03 8.4633422780e-04 10 6
3.3157862961e+03 1.5709600000e+06 1.6865062961e+03 8.4633422779e-04 10 6
3.3157947594e+03 1.5709700000e+06 1.6865147594e+03 8.4633422777e-04 10 6
3.3158032228e+03 1.5709800000e+06 1.6865232228e+03 8.4633422774e-04 10 6
3.3158116861e+03 1.5709900000e+06 1.6865316861e+03 8.4633422767e-04 10 6
3.3158201495e+03 1.5710000000e+06 1.6865401495e+03 8.4633422762e-04 10 6
3.3158286128e+03 1.5710100000e+06 1.6865486128e+03 8.4633422779e-04 10 6
3.3158370761e+03 1.5710200000e+06 1.6865570761e+03 8.4633422778e-04 10 6
3.3158455395e+03 1.5710300000e+06 1.6865655395e+03 8.4633422776e-04 10 6
3.3158540028e+03 1.5710400000e+06 1.6865740028e+03 8.4633422773e-04 10 6
3.3158624662e+03 1.5710500000e+06 1.6865824662e+03 8.4633422765e-04 10 6
3.3158709295e+03 1.5710600000e+06 1.6865909295e+03 8.4633422762e-04 10 6
3.3158793928e+03 1.5710700000e+06 1.6865993928e+03 8.4633422779e-04 10 6
3.3158878562e+03 1.5710800000e+06 1.6866078562e+03 8.4633422778e-04 10 6
3.3158963195e+03 1.5710900000e+06 1.6866163195e+03 8.4633422776e-04 10 6
3.3159047829e+03 1.5711000000e+06 1.6866247829e+03 8.4633422772e-04 10 6
3.3159132462e+03 1.5711100000e+06 1.6866332462e+03 8.4633422762e-04 10 6
3.3159217096e+03 1.5711200000e+06 1.6866417096e+03 8.4633422762e-04 10 6
3.3159301729e+03 1.5711300000e+06 1.6866501729e+03 8.4633422779e-04 10 6
3.3159386362e+03 1.5711400000e+06 1.6866586362e+03 8.4633422778e-04 10 6
3.3159470996e+03 1.5711500000e+06 1.6866670996e+03 8.4633422775e-04 10 6
3.3159555629e+03 1.5711600000e+06 1.6866755629e+03 8.4633422771e-04 10 6
3.3159640263e+03 1.5711700000e+06 1.6866840263e+03 8.4633422762e-04 10 6
3.3159725045e+03 1.5711800000e+06 1.6866925045e+03 8.6118219671e-04 10 6
3.3159811163e+03 1.5711900000e+06 1.6867011163e+03 8.6118219669e-04 10 6
3.3159897105e+03 1.5712000000e+06 1.6867097105e+03 8.6167067210e-04 10 6
3.3159983272e+03 1.5712100000e+06 1.6867183272e+03 8.6167067206e-04 10 6
3.3160069439e+03 1.5712200000e+06 1.6867269439e+03 8.6167067208e-04 10 6
3.3160155606e+03 1.5712300000e+06 1.6867355606e+03 8.6167067203e-04 10 6
3.3160241754e+03 1.5712400000e+06 1.6867441754e+03 8.6118219670e-04 10 6
3.3160327872e+03 1.5712500000e+06 1.6867527872e+03 8.6118219668e-04 10 6
3.3160413990e+03 1.5712600000e+06 1.6867613990e+03 8.6118219665e-04 10 6
3.3160500109e+03 1.5712700000e+06 1.6867700109e+03 8.6118219660e-04 10 6
3.3160586227e+03 1.5712800000e+06 1.6867786227e+03 8.6118219656e-04 10 6
3.3160672345e+03 1.5712900000e+06 1.6867872345e+03 8.6118219656e-04 10 6
3.3160759540e+03 1.5713000000e+06 1.6867959540e+03 8.7656045022e-04 10 6
3.3160847196e+03 1.5713100000e+06 1.6868047196e+03 8.7656045021e-04 10 6
3.3160934852e+03 1.5713200000e+06 1.6868134852e+03 8.7656045019e-04 10 6
3.3161022508e+03 1.5713300000e+06 1.6868222508e+03 8.7656045016e-04 10 6
3.3161106877e+03 1.5713400000e+06 1.6868306877e+03 8.2177542196e-04 10 6
3.3161189054e+03 1.5713500000e+06 1.6868389054e+03 8.2177542163e-04 10 6
3.3161275445e+03 1.5713600000e+06 1.6868475445e+03 8.6060227602e-04 10 6
3.3161361117e+03 1.5713700000e+06 1.6868561117e+03 8.6165307243e-04 10 6
3.3161445186e+03 1.5713800000e+06 1.6868645186e+03 8.3836515155e-04 10 6
3.3161527276e+03 1.5713900000e+06 1.6868727276e+03 8.0343327022e-04 10 6
3.3161607619e+03 1.5714000000e+06 1.6868807619e+03 8.0343327022e-04 10 6
3.3161688109e+03 1.5714100000e+06 1.6868888109e+03 8.1812308687e-04 10 6
3.3161769922e+03 1.5714200000e+06 1.6868969922e+03 8.1812308686e-04 10 6
3.3161851451e+03 1.5714300000e+06 1.6869051451e+03 8.1884901683e-04 10 6
3.3161931289e+03 1.5714400000e+06 1.6869131289e+03 7.9837779141e-04 10 6
3.3162011126e+03 1.5714500000e+06 1.6869211126e+03 7.9837779142e-04 10 6
3.3162090964e+03 1.5714600000e+06 1.6869290964e+03 7.9837779144e-04 10 6
3.3162170802e+03 1.5714700000e+06 1.6869370802e+03 7.9837779185e-04 10 6
3.3162249975e+03 1.5714800000e+06 1.6869449975e+03 7.9173201957e-04 10 6
3.3162329148e+03 1.5714900000e+06 1.6869529148e+03 7.9173201958e-04 10 6
3.3162408322e+03 1.5715000000e+06 1.6869608322e+03 7.9173201962e-04 10 6
3.3162487495e+03 1.5715100000e+06 1.6869687495e+03 7.9173201968e-04 10 6
3.3162566668e+03 1.5715200000e+06 1.6869766668e+03 7.9173201969e-04 10 6
3.3162645841e+03 1.5715300000e+06 1.6869845841e+03 7.9173201978e-04 10 6
3.3162725014e+03 1.5715400000e+06 1.6869925014e+03 7.9173201956e-04 10 6
3.3162803903e+03 1.5715500000e+06 1.6870003903e+03 7.9237885947e-04 10 6
3.3162881667e+03 1.5715600000e+06 1.6870081667e+03 7.7395144417e-04 10 6
3.3162959062e+03 1.5715700000e+06 1.6870159062e+03 7.7395144422e-04 10 6
3.3163036457e+03 1.5715800000e+06 1.6870236457e+03 7.7395144422e-04 10 6
3.3163113852e+03 1.5715900000e+06 1.6870313852e+03 7.7395144422e-04 10 6
3.3163192785e+03 1.5716000000e+06 1.6870392785e+03 8.0471123300e-04 10 6
3.3163273256e+03 1.5716100000e+06 1.6870473256e+03 8.0471123303e-04 10 6
3.3163354435e+03 1.5716200000e+06 1.6870554435e+03 8.0274612626e-04 10 6
3.3163434710e+03 1.5716300000e+06 1.6870634710e+03 8.0274612625e-04 10 6
3.3163514984e+03 1.5716400000e+06 1.6870714984e+03 8.0274612623e-04 10 6
3.3163595259e+03 1.5716500000e+06 1.6870795259e+03 8.0274612615e-04 10 6
3.3163676149e+03 1.5716600000e+06 1.6870876149e+03 8.1812308687e-04 10 6
3.3163792791e+03 1.5716800000e+06 1.6870992791e+03 5.2539489924e-04 10 6
3.3163856925e+03 1.5716900000e+06 1.6871056925e+03 7.1121136090e-04 10 6
3.3163932058e+03 1.5717000000e+06 1.6871132058e+03 7.7784478100e-04 10 6
3.3164009842e+03 1.5717100000e+06 1.6871209842e+03 7.7784478095e-04 10 6
3.3164087627e+03 1.5717200000e+06 1.6871287627e+03 7.7784478091e-04 10 6
3.3164167022e+03 1.5717300000e+06 1.6871367022e+03 8.1812308687e-04 10 6
3.3164248835e+03 1.5717400000e+06 1.6871448835e+03 8.1812308686e-04 10 6
3.3164330647e+03 1.5717500000e+06 1.6871530647e+03 8.1812308685e-04 10 6
3.3164414249e+03 1.5717600000e+06 1.6871614249e+03 8.4368943334e-04 10 6
3.3164498618e+03 1.5717700000e+06 1.6871698618e+03 8.4368943340e-04 10 6
3.3164582987e+03 1.5717800000e+06 1.6871782987e+03 8.4368943340e-04 10 6
3.3164668999e+03 1.5717900000e+06 1.6871868999e+03 8.7656045022e-04 10 6
3.3164756655e+03 1.5718000000e+06 1.6871956655e+03 8.7656045021e-04 10 6
3.3164844311e+03 1.5718100000e+06 1.6872044311e+03 8.7656045019e-04 10 6
3.3164931967e+03 1.5718200000e+06 1.6872131967e+03 8.7656045017e-04 10 6
3.3165019624e+03 1.5718300000e+06 1.6872219624e+03 8.7656045010e-04 10 6
3.3165107280e+03 1.5718400000e+06 1.6872307280e+03 8.7656045002e-04 10 6
3.3165194936e+03 1.5718500000e+06 1.6872394936e+03 8.7656045021e-04 10 6
3.3165282592e+03 1.5718600000e+06 1.6872482592e+03 8.7656045020e-04 10 6
3.3165370248e+03 1.5718700000e+06 1.6872570248e+03 8.7656045019e-04 10 6
3.3165457904e+03 1.5718800000e+06 1.6872657904e+03 8.7656045015e-04 10 6
3.3165545560e+03 1.5718900000e+06 1.6872745560e+03 8.7656045002e-04 10 6
3.3165633216e+03 1.5719000000e+06 1.6872833216e+03 8.7656045022e-04 10 6
3.3165720872e+03 1.5719100000e+06 1.6872920872e+03 8.7656045021e-04 10 6
3.3165808528e+03 1.5719200000e+06 1.6873008528e+03 8.7656045020e-04 10 6
3.3165896184e+03 1.5719300000e+06 1.6873096184e+03 8.7656045018e-04 10 6
3.3165983840e+03 1.5719400000e+06 1.6873183840e+03 8.7656045012e-04 10 6
3.3166071496e+03 1.5719500000e+06 1.6873271496e+03 8.7656045002e-04 10 6
3.3166159152e+03 1.5719600000e+06 1.6873359152e+03 8.7656045022e-04 10 6
3.3166246808e+03 1.5719700000e+06 1.6873446808e+03 8.7656045021e-04 10 6
3.3166334464e+03 1.5719800000e+06 1.6873534464e+03 8.7656045019e-04 10 6
3.3166422120e+03 1.5719900000e+06 1.6873622120e+03 8.7656045016e-04 10 6
3.3166509776e+03 1.5720000000e+06 1.6873709776e+03 8.7656045007e-04 10 6
3.3166597592e+03 1.5720100000e+06 1.6873797592e+03 8.9249791295e-04 10 6
3.3166686841e+03 1.5720200000e+06 1.6873886841e+03 8.9249791296e-04 10 6
3.3166772015e+03 1.5720300000e+06 1.6873972015e+03 8.3115104978e-04 10 6
3.3166852350e+03 1.5720400000e+06 1.6874052350e+03 7.8341602331e-04 10 6
3.3166932195e+03 1.5720500000e+06 1.6874132195e+03 7.7550273011e-04 10 6
3.3167009745e+03 1.5720600000e+06 1.6874209745e+03 7.7550273022e-04 10 6
3.3167087588e+03 1.5720700000e+06 1.6874287588e+03 8.0471123299e-04 10 6
3.3167167687e+03 1.5720800000e+06 1.6874367687e+03 8.0545518791e-04 10 6
3.3167247775e+03 1.5720900000e+06 1.6874447775e+03 8.0659930040e-04 10 6
3.3167326157e+03 1.5721000000e+06 1.6874526157e+03 7.6330389679e-04 10 6
3.3167402488e+03 1.5721100000e+06 1.6874602488e+03 7.6330389681e-04 10 6
3.3167478818e+03 1.5721200000e+06 1.6874678818e+03 7.6330389685e-04 10 6
3.3167555148e+03 1.5721300000e+06 1.6874755148e+03 7.6330389690e-04 10 6
3.3167631774e+03 1.5721400000e+06 1.6874831774e+03 7.6699039395e-04 10 6
3.3167708473e+03 1.5721500000e+06 1.6874908473e+03 7.6699039395e-04 10 6
3.3167785172e+03 1.5721600000e+06 1.6874985172e+03 7.6699039396e-04 10 6
3.3167861871e+03 1.5721700000e+06 1.6875061871e+03 7.6699039398e-04 10 6
3.3167938570e+03 1.5721800000e+06 1.6875138570e+03 7.6699039402e-04 10 6
3.3168015269e+03 1.5721900000e+06 1.6875215269e+03 7.6699039417e-04 10 6
3.3168091968e+03 1.5722000000e+06 1.6875291968e+03 7.6699039394e-04 10 6
3.3168169857e+03 1.5722100000e+06 1.6875369857e+03 7.8021436623e-04 10 6
3.3168247879e+03 1.5722200000e+06 1.6875447879e+03 7.8021436619e-04 10 6
3.3168325900e+03 1.5722300000e+06 1.6875525900e+03 7.8021436616e-04 10 6
3.3168403921e+03 1.5722400000e+06 1.6875603921e+03 7.8021436616e-04 10 6
3.3168481943e+03 1.5722500000e+06 1.6875681943e+03 7.8021436616e-04 10 6
3.3168560625e+03 1.5722600000e+06 1.6875760625e+03 8.4633422780e-04 10 6
3.3168645259e+03 1.5722700000e+06 1.6875845259e+03 8.4633422779e-04 10 6
3.3168729892e+03 1.5722800000e+06 1.6875929892e+03 8.4633422777e-04 10 6
3.3168814272e+03 1.5722900000e+06 1.6876014272e+03 8.4727564513e-04 10 6
3.3168897459e+03 1.5723000000e+06 1.6876097459e+03 8.0876311578e-04 10 6
3.3168978335e+03 1.5723100000e+06 1.6876178335e+03 8.0876311570e-04 10 6
3.3169059676e+03 1.5723200000e+06 1.6876259676e+03 8.3198957986e-04 10 6
3.3169142875e+03 1.5723300000e+06 1.6876342875e+03 8.3198957986e-04 10 6
3.3169226074e+03 1.5723400000e+06 1.6876426074e+03 8.3198957986e-04 10 6
3.3169309273e+03 1.5723500000e+06 1.6876509273e+03 8.3198957986e-04 10 6
3.3169392472e+03 1.5723600000e+06 1.6876592472e+03 8.3198957986e-04 10 6
3.3169475671e+03 1.5723700000e+06 1.6876675671e+03 8.3198957986e-04 10 6
3.3169558870e+03 1.5723800000e+06 1.6876758870e+03 8.3198957987e-04 10 6
3.3169641895e+03 1.5723900000e+06 1.6876841895e+03 8.1465646361e-04 10 6
3.3169725132e+03 1.5724000000e+06 1.6876925132e+03 8.3236638670e-04 10 6
3.3169808368e+03 1.5724100000e+06 1.6877008368e+03 8.3236638671e-04 10 6
3.3169891605e+03 1.5724200000e+06 1.6877091605e+03 8.3236638669e-04 10 6
3.3169974842e+03 1.5724300000e+06 1.6877174842e+03 8.3236638674e-04 10 6
3.3170059231e+03 1.5724400000e+06 1.6877259231e+03 8.6118219670e-04 10 6
3.3170145349e+03 1.5724500000e+06 1.6877345349e+03 8.6118219668e-04 10 6
3.3170231467e+03 1.5724600000e+06 1.6877431467e+03 8.6118219665e-04 10 6
3.3170317586e+03 1.5724700000e+06 1.6877517586e+03 8.6118219660e-04 10 6
3.3170403704e+03 1.5724800000e+06 1.6877603704e+03 8.6118219656e-04 10 6
3.3170489822e+03 1.5724900000e+06 1.6877689822e+03 8.6118219656e-04 10 6
3.3170578497e+03 1.5725000000e+06 1.6877778497e+03 9.1071215608e-04 10 6
3.3170669568e+03 1.5725100000e+06 1.6877869568e+03 9.1071215612e-04 10 6
3.3170759758e+03 1.5725200000e+06 1.6877959758e+03 8.8133434466e-04 10 6
3.3170845280e+03 1.5725300000e+06 1.6878045280e+03 8.4869233183e-04 10 6
3.3170930149e+03 1.5725400000e+06 1.6878130149e+03 8.4869233183e-04 10 6
3.3171014995e+03 1.5725500000e+06 1.6878214995e+03 8.4633422780e-04 10 6
3.3171099455e+03 1.5725600000e+06 1.6878299455e+03 8.2906210069e-04 10 6
3.3171181849e+03 1.5725700000e+06 1.6878381849e+03 8.3041016912e-04 10 6
3.3171263884e+03 1.5725800000e+06 1.6878463884e+03 8.0524622460e-04 10 6
3.3171344408e+03 1.5725900000e+06 1.6878544408e+03 8.0524622467e-04 10 6
3.3171424933e+03 1.5726000000e+06 1.6878624933e+03 8.0524622467e-04 10 6
3.3171505586e+03 1.5726100000e+06 1.6878705586e+03 8.1812308687e-04 10 6
3.3171586035e+03 1.5726200000e+06 1.6878786035e+03 8.0448770207e-04 10 6
3.3171666484e+03 1.5726300000e+06 1.6878866484e+03 8.0448770203e-04 10 6
3.3171746933e+03 1.5726400000e+06 1.6878946933e+03 8.0448770201e-04 10 6
3.3171827382e+03 1.5726500000e+06 1.6879027382e+03 8.0448770199e-04 10 6
3.3171907830e+03 1.5726600000e+06 1.6879107830e+03 8.0448770202e-04 10 6
3.3171988279e+03 1.5726700000e+06 1.6879188279e+03 8.0448770177e-04 10 6
3.3172069230e+03 1.5726800000e+06 1.6879269230e+03 8.0377005024e-04 10 6
3.3172149607e+03 1.5726900000e+06 1.6879349607e+03 8.0377005020e-04 10 6
3.3172229984e+03 1.5727000000e+06 1.6879429984e+03 8.0377005020e-04 10 6
3.3172310361e+03 1.5727100000e+06 1.6879510361e+03 8.0377005020e-04 10 6
3.3172390738e+03 1.5727200000e+06 1.6879590738e+03 8.0377005020e-04 10 6
3.3172471115e+03 1.5727300000e+06 1.6879671115e+03 8.0377005020e-04 10 6
3.3172552784e+03 1.5727400000e+06 1.6879752784e+03 8.1812308687e-04 10 6
3.3172634596e+03 1.5727500000e+06 1.6879834596e+03 8.1812308686e-04 10 6
3.3172716409e+03 1.5727600000e+06 1.6879916409e+03 8.1812308684e-04 10 6
3.3172798221e+03 1.5727700000e+06 1.6879998221e+03 8.1812308682e-04 10 6
3.3172880033e+03 1.5727800000e+06 1.6880080033e+03 8.1812308675e-04 10 6
3.3172961846e+03 1.5727900000e+06 1.6880161846e+03 8.1812308667e-04 10 6
3.3173043658e+03 1.5728000000e+06 1.6880243658e+03 8.1812308687e-04 10 6
3.3173125470e+03 1.5728100000e+06 1.6880325470e+03 8.1812308686e-04 10 6
3.3173207282e+03 1.5728200000e+06 1.6880407282e+03 8.1812308684e-04 10 6
3.3173289095e+03 1.5728300000e+06 1.6880489095e+03 8.1812308682e-04 10 6
3.3173370907e+03 1.5728400000e+06 1.6880570907e+03 8.1812308675e-04 10 6
3.3173452719e+03 1.5728500000e+06 1.6880652719e+03 8.1812308667e-04 10 6
3.3173535652e+03 1.5728600000e+06 1.6880735652e+03 8.3224573430e-04 10 6
3.3173618704e+03 1.5728700000e+06 1.6880818704e+03 8.3267583546e-04 10 6
3.3173701789e+03 1.5728800000e+06 1.6880901789e+03 8.3328451660e-04 10 6
3.3173783515e+03 1.5728900000e+06 1.6880983515e+03 8.0123511210e-04 10 6
3.3173863639e+03 1.5729000000e+06 1.6881063639e+03 8.0123511202e-04 10 6
3.3173943762e+03 1.5729100000e+06 1.6881143762e+03 8.0123511202e-04 10 6
3.3174023030e+03 1.5729200000e+06 1.6881223030e+03 7.9173201956e-04 10 6
3.3174102204e+03 1.5729300000e+06 1.6881302204e+03 7.9173201958e-04 10 6
3.3174181377e+03 1.5729400000e+06 1.6881381377e+03 7.9173201961e-04 10 6
3.3174260550e+03 1.5729500000e+06 1.6881460550e+03 7.9173201967e-04 10 6
3.3174339723e+03 1.5729600000e+06 1.6881539723e+03 7.9173201971e-04 10 6
3.3174418896e+03 1.5729700000e+06 1.6881618896e+03 7.9173201971e-04 10 6
3.3174499917e+03 1.5729800000e+06 1.6881699917e+03 8.1812308687e-04 10 6
3.3174581729e+03 1.5729900000e+06 1.6881781729e+03 8.1812308686e-04 10 6
3.3174663542e+03 1.5730000000e+06 1.6881863542e+03 8.1812308685e-04 10 6
3.3174745354e+03 1.5730100000e+06 1.6881945354e+03 8.1812308683e-04 10 6
3.3174827166e+03 1.5730200000e+06 1.6882027166e+03 8.1812308677e-04 10 6
3.3174908979e+03 1.5730300000e+06 1.6882108979e+03 8.1812308667e-04 10 6
3.3174990791e+03 1.5730400000e+06 1.6882190791e+03 8.1812308687e-04 10 6
3.3175072603e+03 1.5730500000e+06 1.6882272603e+03 8.1812308686e-04 10 6
3.3175154415e+03 1.5730600000e+06 1.6882354415e+03 8.1812308685e-04 10 6
3.3175236228e+03 1.5730700000e+06 1.6882436228e+03 8.1812308683e-04 10 6
3.3175317017e+03 1.5730800000e+06 1.6882517017e+03 7.6699039385e-04 10 6
3.3175393716e+03 1.5730900000e+06 1.6882593716e+03 7.6699039373e-04 10 6
3.3175473196e+03 1.5731000000e+06 1.6882673196e+03 8.0377005025e-04 10 6
3.3175553573e+03 1.5731100000e+06 1.6882753573e+03 8.0377005022e-04 10 6
3.3175633950e+03 1.5731200000e+06 1.6882833950e+03 8.0377005020e-04 10 6
3.3175714327e+03 1.5731300000e+06 1.6882914327e+03 8.0377005020e-04 10 6
3.3175794704e+03 1.5731400000e+06 1.6882994704e+03 8.0377005020e-04 10 6
3.3175875081e+03 1.5731500000e+06 1.6883075081e+03 8.0377005020e-04 10 6
3.3175955505e+03 1.5731600000e+06 1.6883155505e+03 8.0471123300e-04 10 6
3.3176035977e+03 1.5731700000e+06 1.6883235977e+03 8.0471123303e-04 10 6
3.3176116283e+03 1.5731800000e+06 1.6883316283e+03 8.0516767732e-04 10 6
3.3176195336e+03 1.5731900000e+06 1.6883395336e+03 7.8076865680e-04 10 6
3.3176273413e+03 1.5732000000e+06 1.6883473413e+03 7.8076865680e-04 10 6
3.3176351490e+03 1.5732100000e+06 1.6883551490e+03 7.8076865680e-04 10 6
3.3176429896e+03 1.5732200000e+06 1.6883629896e+03 7.9173201956e-04 10 6
3.3176509069e+03 1.5732300000e+06 1.6883709069e+03 7.9173201957e-04 10 6
3.3176588242e+03 1.5732400000e+06 1.6883788242e+03 7.9173201959e-04 10 6
3.3176667415e+03 1.5732500000e+06 1.6883867415e+03 7.9173201963e-04 10 6
3.3176745556e+03 1.5732600000e+06 1.6883945556e+03 7.5730888840e-04 10 6
3.3176821287e+03 1.5732700000e+06 1.6884021287e+03 7.5730888850e-04 10 6
3.3176897018e+03 1.5732800000e+06 1.6884097018e+03 7.5730888830e-04 10 6
3.3176974397e+03 1.5732900000e+06 1.6884174397e+03 7.6573096802e-04 10 6
3.3177050970e+03 1.5733000000e+06 1.6884250970e+03 7.6573096804e-04 10 6
3.3177127543e+03 1.5733100000e+06 1.6884327543e+03 7.6573096807e-04 10 6
3.3177204116e+03 1.5733200000e+06 1.6884404116e+03 7.6573096812e-04 10 6
3.3177279788e+03 1.5733300000e+06 1.6884479788e+03 7.2068797004e-04 10 6
3.3177351857e+03 1.5733400000e+06 1.6884551857e+03 7.2068797014e-04 10 6
3.3177425651e+03 1.5733500000e+06 1.6884625651e+03 7.5519054172e-04 10 6
3.3177501170e+03 1.5733600000e+06 1.6884701170e+03 7.5519054168e-04 10 6
3.3177575330e+03 1.5733700000e+06 1.6884775330e+03 7.4008673086e-04 10 6
3.3177649338e+03 1.5733800000e+06 1.6884849338e+03 7.4008673090e-04 10 6
3.3177723347e+03 1.5733900000e+06 1.6884923347e+03 7.4008673096e-04 10 6
3.3177797356e+03 1.5734000000e+06 1.6884997356e+03 7.4008673096e-04 10 6
3.3177871364e+03 1.5734100000e+06 1.6885071364e+03 7.4008673096e-04 10 6
3.3177945703e+03 1.5734200000e+06 1.6885145703e+03 7.4374826078e-04 10 6
3.3178020077e+03 1.5734300000e+06 1.6885220077e+03 7.4374826075e-04 10 6
3.3178094452e+03 1.5734400000e+06 1.6885294452e+03 7.4374826071e-04 10 6
3.3178168827e+03 1.5734500000e+06 1.6885368827e+03 7.4374826067e-04 10 6
3.3178243202e+03 1.5734600000e+06 1.6885443202e+03 7.4374826067e-04 10 6
3.3178317577e+03 1.5734700000e+06 1.6885517577e+03 7.4374826067e-04 10 6
3.3178392649e+03 1.5734800000e+06 1.6885592649e+03 7.6699039394e-04 10 6
3.3178469643e+03 1.5734900000e+06 1.6885669643e+03 7.8174020921e-04 10 6
3.3178547817e+03 1.5735000000e+06 1.6885747817e+03 7.8174020920e-04 10 6
3.3178625991e+03 1.5735100000e+06 1.6885825991e+03 7.8174020917e-04 10 6
3.3178704165e+03 1.5735200000e+06 1.6885904165e+03 7.8174020913e-04 10 6
3.3178782339e+03 1.5735300000e+06 1.6885982339e+03 7.8174020907e-04 10 6
3.3178860513e+03 1.5735400000e+06 1.6886060513e+03 7.8174020882e-04 10 6
3.3178943127e+03 1.5735500000e+06 1.6886143127e+03 8.1651998804e-04 10 6
3.3179023588e+03 1.5735600000e+06 1.6886223588e+03 7.9950915496e-04 10 6
3.3179103539e+03 1.5735700000e+06 1.6886303539e+03 7.9950915493e-04 10 6
3.3179182824e+03 1.5735800000e+06 1.6886382824e+03 7.6619627342e-04 10 6
3.3179259443e+03 1.5735900000e+06 1.6886459443e+03 7.6619627337e-04 10 6
3.3179336063e+03 1.5736000000e+06 1.6886536063e+03 7.6619627346e-04 10 6
3.3179402672e+03 1.5736100000e+06 1.6886602672e+03 7.3264754047e-04 10 6
3.3179475937e+03 1.5736200000e+06 1.6886675937e+03 7.3264754043e-04 10 6
3.3179549202e+03 1.5736300000e+06 1.6886749202e+03 7.3264754041e-04 10 6
3.3179620964e+03 1.5736400000e+06 1.6886820964e+03 7.1386170603e-04 10 6
3.3179692350e+03 1.5736500000e+06 1.6886892350e+03 7.1386170599e-04 10 6
3.3179763736e+03 1.5736600000e+06 1.6886963736e+03 7.1386170589e-04 10 6
3.3179835122e+03 1.5736700000e+06 1.6887035122e+03 7.1386170589e-04 10 6
3.3179907229e+03 1.5736800000e+06 1.6887107229e+03 7.2187331193e-04 10 6
3.3179979417e+03 1.5736900000e+06 1.6887179417e+03 7.2187331193e-04 10 6
3.3180051604e+03 1.5737000000e+06 1.6887251604e+03 7.2187331193e-04 10 6
3.3180123791e+03 1.5737100000e+06 1.6887323791e+03 7.2187331193e-04 10 6
3.3180195979e+03 1.5737200000e+06 1.6887395979e+03 7.2187331193e-04 10 6
3.3180268166e+03 1.5737300000e+06 1.6887468166e+03 7.2187331193e-04 10 6
3.3180340353e+03 1.5737400000e+06 1.6887540353e+03 7.2187331195e-04 10 6
3.3180412541e+03 1.5737500000e+06 1.6887612541e+03 7.2187331193e-04 10 6
3.3180484728e+03 1.5737600000e+06 1.6887684728e+03 7.2187331193e-04 10 6
3.3180555411e+03 1.5737700000e+06 1.6887755411e+03 7.0683428456e-04 10 6
3.3180626095e+03 1.5737800000e+06 1.6887826095e+03 7.0683428452e-04 10 6
3.3180696778e+03 1.5737900000e+06 1.6887896778e+03 7.0683428454e-04 10 6
3.3180767462e+03 1.5738000000e+06 1.6887967462e+03 7.0683428450e-04 10 6
3.3180838237e+03 1.5738100000e+06 1.6888038237e+03 7.1141137989e-04 10 6
3.3180909378e+03 1.5738200000e+06 1.6888109378e+03 7.1141137986e-04 10 6
3.3180979202e+03 1.5738300000e+06 1.6888179202e+03 6.8506281022e-04 10 6
3.3181047708e+03 1.5738400000e+06 1.6888247708e+03 6.8506281024e-04 10 6
3.3181116214e+03 1.5738500000e+06 1.6888316214e+03 6.8506281027e-04 10 6
3.3181184720e+03 1.5738600000e+06 1.6888384720e+03 6.8506281034e-04 10 6
3.3181253227e+03 1.5738700000e+06 1.6888453227e+03 6.8506281036e-04 10 6
3.3181321700e+03 1.5738800000e+06 1.6888521700e+03 6.8176923906e-04 10 6
3.3181390527e+03 1.5738900000e+06 1.6888590527e+03 6.8070397461e-04 10 6
3.3181458597e+03 1.5739000000e+06 1.6888658597e+03 6.8070397464e-04 10 6
3.3181526668e+03 1.5739100000e+06 1.6888726668e+03 6.8070397468e-04 10 6
3.3181594738e+03 1.5739200000e+06 1.6888794738e+03 6.8070397469e-04 10 6
3.3181662808e+03 1.5739300000e+06 1.6888862808e+03 6.8070397469e-04 10 6
3.3181730879e+03 1.5739400000e+06 1.6888930879e+03 6.8070397469e-04 10 6
3.3181798949e+03 1.5739500000e+06 1.6888998949e+03 6.8070397469e-04 10 6
3.3181867567e+03 1.5739600000e+06 1.6889067567e+03 6.8105264324e-04 10 6
3.3181936328e+03 1.5739700000e+06 1.6889136328e+03 6.7981436571e-04 10 6
3.3182004901e+03 1.5739800000e+06 1.6889204901e+03 6.9459293884e-04 10 6
3.3182072745e+03 1.5739900000e+06 1.6889272745e+03 6.7843961470e-04 10 6
3.3182140589e+03 1.5740000000e+06 1.6889340589e+03 6.7843961474e-04 10 6
3.3182208433e+03 1.5740100000e+06 1.6889408433e+03 6.7843961483e-04 10 6
3.3182276277e+03 1.5740200000e+06 1.6889476277e+03 6.7843961483e-04 10 6
3.3182344354e+03 1.5740300000e+06 1.6889544354e+03 6.8176923904e-04 10 6
3.3182412743e+03 1.5740400000e+06 1.6889612743e+03 6.8138405867e-04 10 6
3.3182481929e+03 1.5740500000e+06 1.6889681929e+03 6.9448759828e-04 10 6
3.3182550510e+03 1.5740600000e+06 1.6889750510e+03 6.7712540834e-04 10 6
3.3182618222e+03 1.5740700000e+06 1.6889818222e+03 6.7712540831e-04 10 6
3.3182685935e+03 1.5740800000e+06 1.6889885935e+03 6.7712540826e-04 10 6
3.3182753648e+03 1.5740900000e+06 1.6889953648e+03 6.7712540817e-04 10 6
3.3182822566e+03 1.5741000000e+06 1.6890022566e+03 7.0124836017e-04 10 6
3.3182892691e+03 1.5741100000e+06 1.6890092691e+03 7.0124836017e-04 10 6
3.3182962816e+03 1.5741200000e+06 1.6890162816e+03 7.0124836016e-04 10 6
3.3183032941e+03 1.5741300000e+06 1.6890232941e+03 7.0124836015e-04 10 6
3.3183103066e+03 1.5741400000e+06 1.6890303066e+03 7.0124836013e-04 10 6
3.3183173190e+03 1.5741500000e+06 1.6890373190e+03 7.0124836009e-04 10 6
3.3183243315e+03 1.5741600000e+06 1.6890443315e+03 7.0124835997e-04 10 6
3.3183313536e+03 1.5741700000e+06 1.6890513536e+03 7.0110107004e-04 10 6
3.3183384015e+03 1.5741800000e+06 1.6890584015e+03 7.1340108880e-04 10 6
3.3183454058e+03 1.5741900000e+06 1.6890654058e+03 7.0043015990e-04 10 6
3.3183524101e+03 1.5742000000e+06 1.6890724101e+03 7.0043015990e-04 10 6
3.3183594144e+03 1.5742100000e+06 1.6890794144e+03 7.0043015990e-04 10 6
3.3183664187e+03 1.5742200000e+06 1.6890864187e+03 7.0043015990e-04 10 6
3.3183734230e+03 1.5742300000e+06 1.6890934230e+03 7.0043015990e-04 10 6
3.3183805884e+03 1.5742400000e+06 1.6891005884e+03 7.3264754047e-04 10 6
3.3183879149e+03 1.5742500000e+06 1.6891079149e+03 7.3264754044e-04 10 6
3.3183952413e+03 1.5742600000e+06 1.6891152413e+03 7.3264754042e-04 10 6
3.3184025678e+03 1.5742700000e+06 1.6891225678e+03 7.3264754041e-04 10 6
3.3184098943e+03 1.5742800000e+06 1.6891298943e+03 7.3264754043e-04 10 6
3.3184172208e+03 1.5742900000e+06 1.6891372208e+03 7.3264754040e-04 10 6
3.3184245472e+03 1.5743000000e+06 1.6891445472e+03 7.3264754049e-04 10 6
3.3184318737e+03 1.5743100000e+06 1.6891518737e+03 7.3264754046e-04 10 6
3.3184392002e+03 1.5743200000e+06 1.6891592002e+03 7.3264754043e-04 10 6
3.3184465267e+03 1.5743300000e+06 1.6891665267e+03 7.3264754042e-04 10 6
3.3184538074e+03 1.5743400000e+06 1.6891738074e+03 7.0975230478e-04 10 6
3.3184610662e+03 1.5743500000e+06 1.6891810662e+03 7.0168693762e-04 10 6
3.3184680831e+03 1.5743600000e+06 1.6891880831e+03 7.0168693760e-04 10 6
3.3184750999e+03 1.5743700000e+06 1.6891950999e+03 7.0168693719e-04 10 6
3.3184823948e+03 1.5743800000e+06 1.6892023948e+03 7.3320187655e-04 10 6
3.3184897018e+03 1.5743900000e+06 1.6892097018e+03 7.3373433976e-04 10 6
3.3184969538e+03 1.5744000000e+06 1.6892169538e+03 7.1667075044e-04 10 6
3.3185041922e+03 1.5744100000e+06 1.6892241922e+03 7.1411121208e-04 10 6
3.3185113333e+03 1.5744200000e+06 1.6892313333e+03 7.1411121211e-04 10 6
3.3185184744e+03 1.5744300000e+06 1.6892384744e+03 7.1411121214e-04 10 6
3.3185256417e+03 1.5744400000e+06 1.6892456417e+03 7.2171250256e-04 10 6
3.3185329403e+03 1.5744500000e+06 1.6892529403e+03 7.3335302682e-04 10 6
3.3185401106e+03 1.5744600000e+06 1.6892601106e+03 7.0561894871e-04 10 6
3.3185471668e+03 1.5744700000e+06 1.6892671668e+03 7.0561894868e-04 10 6
3.3185542230e+03 1.5744800000e+06 1.6892742230e+03 7.0561894864e-04 10 6
3.3185612792e+03 1.5744900000e+06 1.6892812792e+03 7.0561894859e-04 10 6
3.3185681942e+03 1.5745000000e+06 1.6892881942e+03 6.3505705369e-04 10 6
3.3185746872e+03 1.5745100000e+06 1.6892946872e+03 7.0110107003e-04 10 6
3.3185816982e+03 1.5745200000e+06 1.6893016982e+03 7.0110107004e-04 10 6
3.3185887092e+03 1.5745300000e+06 1.6893087092e+03 7.0110107003e-04 10 6
3.3185957202e+03 1.5745400000e+06 1.6893157202e+03 7.0110107004e-04 10 6
3.3186027312e+03 1.5745500000e+06 1.6893227312e+03 7.0110107003e-04 10 6
3.3186097423e+03 1.5745600000e+06 1.6893297423e+03 7.0110107005e-04 10 6
3.3186167533e+03 1.5745700000e+06 1.6893367533e+03 7.0110107001e-04 10 6
3.3186237646e+03 1.5745800000e+06 1.6893437646e+03 7.0124836017e-04 10 6
3.3186307771e+03 1.5745900000e+06 1.6893507771e+03 7.0124836017e-04 10 6
3.3186378804e+03 1.5746000000e+06 1.6893578804e+03 7.1423444092e-04 10 6
3.3186450228e+03 1.5746100000e+06 1.6893650228e+03 7.1423444092e-04 10 6
3.3186519772e+03 1.5746200000e+06 1.6893719772e+03 6.9543879774e-04 10 6
3.3186589316e+03 1.5746300000e+06 1.6893789316e+03 6.9543879774e-04 10 6
3.3186658860e+03 1.5746400000e+06 1.6893858860e+03 6.9543879777e-04 10 6
3.3186728723e+03 1.5746500000e+06 1.6893928723e+03 7.1141137989e-04 10 6
3.3186800109e+03 1.5746600000e+06 1.6894000109e+03 7.2367709330e-04 10 6
3.3186872477e+03 1.5746700000e+06 1.6894072477e+03 7.2367709327e-04 10 6
3.3186943983e+03 1.5746800000e+06 1.6894143983e+03 7.0644668626e-04 10 6
3.3187015767e+03 1.5746900000e+06 1.6894215767e+03 7.2923528906e-04 10 6
3.3187088691e+03 1.5747000000e+06 1.6894288691e+03 7.2923528909e-04 10 6
3.3187161614e+03 1.5747100000e+06 1.6894361614e+03 7.2923528913e-04 10 6
3.3187234243e+03 1.5747200000e+06 1.6894434243e+03 7.2187331194e-04 10 6
3.3187307577e+03 1.5747300000e+06 1.6894507577e+03 7.3333161847e-04 10 6
3.3187380793e+03 1.5747400000e+06 1.6894580793e+03 7.3360292136e-04 10 6
3.3187454153e+03 1.5747500000e+06 1.6894654153e+03 7.3360292140e-04 10 6
3.3187527514e+03 1.5747600000e+06 1.6894727514e+03 7.3360292140e-04 10 6
3.3187600874e+03 1.5747700000e+06 1.6894800874e+03 7.3360292140e-04 10 6
3.3187669344e+03 1.5747800000e+06 1.6894869344e+03 6.7246934459e-04 10 6
3.3187739555e+03 1.5747900000e+06 1.6894939555e+03 7.2187331193e-04 10 6
3.3187811742e+03 1.5748000000e+06 1.6895011742e+03 7.2187331194e-04 10 6
3.3187883929e+03 1.5748100000e+06 1.6895083929e+03 7.2187331193e-04 10 6
3.3187956117e+03 1.5748200000e+06 1.6895156117e+03 7.2187331194e-04 10 6
3.3188028304e+03 1.5748300000e+06 1.6895228304e+03 7.2187331192e-04 10 6
3.3188100491e+03 1.5748400000e+06 1.6895300491e+03 7.2187331195e-04 10 6
3.3188172679e+03 1.5748500000e+06 1.6895372679e+03 7.2187331186e-04 10 6
3.3188245062e+03 1.5748600000e+06 1.6895445062e+03 7.2154682016e-04 10 6
3.3188317217e+03 1.5748700000e+06 1.6895517217e+03 7.2154682016e-04 10 6
3.3188389371e+03 1.5748800000e+06 1.6895589371e+03 7.2154682015e-04 10 6
3.3188461526e+03 1.5748900000e+06 1.6895661526e+03 7.2154682017e-04 10 6
3.3188533681e+03 1.5749000000e+06 1.6895733681e+03 7.2154682015e-04 10 6
3.3188605835e+03 1.5749100000e+06 1.6895805835e+03 7.2154682018e-04 10 6
3.3188677990e+03 1.5749200000e+06 1.6895877990e+03 7.2154681993e-04 10 6
3.3188751351e+03 1.5749300000e+06 1.6895951351e+03 7.3247934774e-04 10 6
3.3188824599e+03 1.5749400000e+06 1.6896024599e+03 7.3247934773e-04 10 6
3.3188897847e+03 1.5749500000e+06 1.6896097847e+03 7.3247934772e-04 10 6
3.3188971094e+03 1.5749600000e+06 1.6896171094e+03 7.3247934769e-04 10 6
3.3189044342e+03 1.5749700000e+06 1.6896244342e+03 7.3247934764e-04 10 6
3.3189117590e+03 1.5749800000e+06 1.6896317590e+03 7.3247934756e-04 10 6
3.3189190843e+03 1.5749900000e+06 1.6896390843e+03 7.3264754048e-04 10 6
3.3189264108e+03 1.5750000000e+06 1.6896464108e+03 7.3264754045e-04 10 6
3.3189337539e+03 1.5750100000e+06 1.6896537539e+03 7.4929862088e-04 10 6
3.3189412469e+03 1.5750200000e+06 1.6896612469e+03 7.4929862083e-04 10 6
3.3189487399e+03 1.5750300000e+06 1.6896687399e+03 7.4929862080e-04 10 6
3.3189562329e+03 1.5750400000e+06 1.6896762329e+03 7.4929862080e-04 10 6
3.3189637259e+03 1.5750500000e+06 1.6896837259e+03 7.4929862080e-04 10 6
3.3189713427e+03 1.5750600000e+06 1.6896913427e+03 7.6699039394e-04 10 6
3.3189790126e+03 1.5750700000e+06 1.6896990126e+03 7.6699039395e-04 10 6
3.3189866825e+03 1.5750800000e+06 1.6897066825e+03 7.6699039396e-04 10 6
3.3189943524e+03 1.5750900000e+06 1.6897143524e+03 7.6699039398e-04 10 6
3.3190020223e+03 1.5751000000e+06 1.6897220223e+03 7.6699039401e-04 10 6
3.3190096922e+03 1.5751100000e+06 1.6897296922e+03 7.6699039414e-04 10 6
3.3190174753e+03 1.5751200000e+06 1.6897374753e+03 8.0471123299e-04 10 6
3.3190255224e+03 1.5751300000e+06 1.6897455224e+03 8.0471123303e-04 10 6
3.3190335695e+03 1.5751400000e+06 1.6897535695e+03 8.0471123306e-04 10 6
3.3190416166e+03 1.5751500000e+06 1.6897616166e+03 8.0471123305e-04 10 6
3.3190496637e+03 1.5751600000e+06 1.6897696637e+03 8.0471123307e-04 10 6
3.3190577109e+03 1.5751700000e+06 1.6897777109e+03 8.0471123303e-04 10 6
3.3190657848e+03 1.5751800000e+06 1.6897857848e+03 8.1812308687e-04 10 6
3.3190739660e+03 1.5751900000e+06 1.6897939660e+03 8.1812308686e-04 10 6
3.3190821473e+03 1.5752000000e+06 1.6898021473e+03 8.1812308685e-04 10 6
3.3190903285e+03 1.5752100000e+06 1.6898103285e+03 8.1812308684e-04 10 6
3.3190985097e+03 1.5752200000e+06 1.6898185097e+03 8.1812308681e-04 10 6
3.3191066909e+03 1.5752300000e+06 1.6898266909e+03 8.1812308670e-04 10 6
3.3191148999e+03 1.5752400000e+06 1.6898348999e+03 8.3198957986e-04 10 6
3.3191231218e+03 1.5752500000e+06 1.6898431218e+03 8.3407476677e-04 10 6
3.3191312888e+03 1.5752600000e+06 1.6898512888e+03 8.1669820909e-04 10 6
3.3191394558e+03 1.5752700000e+06 1.6898594558e+03 8.1669820907e-04 10 6
3.3191476227e+03 1.5752800000e+06 1.6898676227e+03 8.1669820905e-04 10 6
3.3191557897e+03 1.5752900000e+06 1.6898757897e+03 8.1669820909e-04 10 6
3.3191639873e+03 1.5753000000e+06 1.6898839873e+03 8.3198957986e-04 10 6
3.3191723072e+03 1.5753100000e+06 1.6898923072e+03 8.3198957986e-04 10 6
3.3191806271e+03 1.5753200000e+06 1.6899006271e+03 8.3198957986e-04 10 6
3.3191891235e+03 1.5753300000e+06 1.6899091235e+03 8.5720138532e-04 10 6
3.3191976955e+03 1.5753400000e+06 1.6899176955e+03 8.5720138532e-04 10 6
3.3192062675e+03 1.5753500000e+06 1.6899262675e+03 8.5720138532e-04 10 6
3.3192149169e+03 1.5753600000e+06 1.6899349169e+03 8.7656045022e-04 10 6
3.3192236825e+03 1.5753700000e+06 1.6899436825e+03 8.7656045021e-04 10 6
3.3192324482e+03 1.5753800000e+06 1.6899524482e+03 8.7656045020e-04 10 6
3.3192412138e+03 1.5753900000e+06 1.6899612138e+03 8.7656045017e-04 10 6
3.3192499794e+03 1.5754000000e+06 1.6899699794e+03 8.7656045011e-04 10 6
3.3192587450e+03 1.5754100000e+06 1.6899787450e+03 8.7656044995e-04 10 6
3.3192675106e+03 1.5754200000e+06 1.6899875106e+03 8.7656045021e-04 10 6
3.3192762762e+03 1.5754300000e+06 1.6899962762e+03 8.7656045020e-04 10 6
3.3192850418e+03 1.5754400000e+06 1.6900050418e+03 8.7656045019e-04 10 6
3.3192938074e+03 1.5754500000e+06 1.6900138074e+03 8.7656045016e-04 10 6
3.3193025730e+03 1.5754600000e+06 1.6900225730e+03 8.7656045005e-04 10 6
3.3193113705e+03 1.5754700000e+06 1.6900313705e+03 8.9249791295e-04 10 6
3.3193202954e+03 1.5754800000e+06 1.6900402954e+03 8.9249791296e-04 10 6
3.3193292204e+03 1.5754900000e+06 1.6900492204e+03 8.9249791298e-04 10 6
3.3193381454e+03 1.5755000000e+06 1.6900581454e+03 8.9249791301e-04 10 6
3.3193470704e+03 1.5755100000e+06 1.6900670704e+03 8.9249791310e-04 10 6
3.3193559954e+03 1.5755200000e+06 1.6900759954e+03 8.9249791313e-04 10 6
3.3193649203e+03 1.5755300000e+06 1.6900849203e+03 8.9249791296e-04 10 6
3.3193736882e+03 1.5755400000e+06 1.6900936882e+03 8.5180076530e-04 10 6
3.3193821089e+03 1.5755500000e+06 1.6901021089e+03 8.2746360057e-04 10 6
3.3193903835e+03 1.5755600000e+06 1.6901103835e+03 8.2746360053e-04 10 6
3.3193983823e+03 1.5755700000e+06 1.6901183823e+03 7.8149340040e-04 10 6
3.3194061973e+03 1.5755800000e+06 1.6901261973e+03 7.8149340046e-04 10 6
3.3194143052e+03 1.5755900000e+06 1.6901343052e+03 8.1812308687e-04 10 6
3.3194224865e+03 1.5756000000e+06 1.6901424865e+03 8.1812308686e-04 10 6
3.3194306677e+03 1.5756100000e+06 1.6901506677e+03 8.1812308685e-04 10 6
3.3194388489e+03 1.5756200000e+06 1.6901588489e+03 8.1812308682e-04 10 6
3.3194470302e+03 1.5756300000e+06 1.6901670302e+03 8.1812308676e-04 10 6
3.3194552114e+03 1.5756400000e+06 1.6901752114e+03 8.1812308675e-04 10 6
3.3194633926e+03 1.5756500000e+06 1.6901833926e+03 8.1812308687e-04 10 6
3.3194715738e+03 1.5756600000e+06 1.6901915738e+03 8.1812308686e-04 10 6
3.3194797551e+03 1.5756700000e+06 1.6901997551e+03 8.1812308685e-04 10 6
3.3194879363e+03 1.5756800000e+06 1.6902079363e+03 8.1812308682e-04 10 6
3.3194961175e+03 1.5756900000e+06 1.6902161175e+03 8.1812308676e-04 10 6
3.3195042988e+03 1.5757000000e+06 1.6902242988e+03 8.1812308675e-04 10 6
3.3195116498e+03 1.5757100000e+06 1.6902316498e+03 8.1835040643e-04 10 6
3.3195198333e+03 1.5757200000e+06 1.6902398333e+03 8.1835040642e-04 10 6
3.3195279119e+03 1.5757300000e+06 1.6902479119e+03 7.9736706266e-04 10 6
3.3195356578e+03 1.5757400000e+06 1.6902556578e+03 7.7458514654e-04 10 6
3.3195434036e+03 1.5757500000e+06 1.6902634036e+03 7.7458514647e-04 10 6
3.3195511495e+03 1.5757600000e+06 1.6902711495e+03 7.7458514647e-04 10 6
3.3195589811e+03 1.5757700000e+06 1.6902789811e+03 7.9173201956e-04 10 6
3.3195668984e+03 1.5757800000e+06 1.6902868984e+03 7.9173201957e-04 10 6
3.3195748157e+03 1.5757900000e+06 1.6902948157e+03 7.9173201960e-04 10 6
3.3195827330e+03 1.5758000000e+06 1.6903027330e+03 7.9173201964e-04 10 6
3.3195906503e+03 1.5758100000e+06 1.6903106503e+03 7.9173201971e-04 10 6
3.3195985677e+03 1.5758200000e+06 1.6903185677e+03 7.9173201971e-04 10 6
3.3196065642e+03 1.5758300000e+06 1.6903265642e+03 8.1812308687e-04 10 6
3.3196147454e+03 1.5758400000e+06 1.6903347454e+03 8.1812308686e-04 10 6
3.3196229697e+03 1.5758500000e+06 1.6903429697e+03 8.3965264177e-04 10 6
3.3196313662e+03 1.5758600000e+06 1.6903513662e+03 8.3965264174e-04 10 6
3.3196397627e+03 1.5758700000e+06 1.6903597627e+03 8.3965264168e-04 10 6
3.3196481593e+03 1.5758800000e+06 1.6903681593e+03 8.3965264165e-04 10 6
3.3196567672e+03 1.5758900000e+06 1.6903767672e+03 8.9249791295e-04 10 6
3.3196658561e+03 1.5759000000e+06 1.6903858561e+03 9.1071215611e-04 10 6
3.3196748828e+03 1.5759100000e+06 1.6903948828e+03 8.8392650449e-04 10 6
3.3196837221e+03 1.5759200000e+06 1.6904037221e+03 8.8392650446e-04 10 6
3.3196921596e+03 1.5759300000e+06 1.6904121596e+03 8.4374802701e-04 10 6
3.3197005971e+03 1.5759400000e+06 1.6904205971e+03 8.4374802721e-04 10 6
3.3197091409e+03 1.5759500000e+06 1.6904291409e+03 8.4462100061e-04 10 6
3.3197175871e+03 1.5759600000e+06 1.6904375871e+03 8.4462100063e-04 10 6
3.3197260333e+03 1.5759700000e+06 1.6904460333e+03 8.4462100062e-04 10 6
3.3197344795e+03 1.5759800000e+06 1.6904544795e+03 8.4462100063e-04 10 6
3.3197429257e+03 1.5759900000e+06 1.6904629257e+03 8.4462100060e-04 10 6
3.3197513719e+03 1.5760000000e+06 1.6904713719e+03 8.4462100085e-04 10 6
3.3197598353e+03 1.5760100000e+06 1.6904798353e+03 8.4633422779e-04 10 6
3.3197682986e+03 1.5760200000e+06 1.6904882986e+03 8.4633422777e-04 10 6
3.3197767620e+03 1.5760300000e+06 1.6904967620e+03 8.4633422775e-04 10 6
3.3197852253e+03 1.5760400000e+06 1.6905052253e+03 8.4633422770e-04 10 6
3.3197936887e+03 1.5760500000e+06 1.6905136887e+03 8.4633422764e-04 10 6
3.3198021817e+03 1.5760600000e+06 1.6905221817e+03 8.6118219670e-04 10 6
3.3198107935e+03 1.5760700000e+06 1.6905307935e+03 8.6118219669e-04 10 6
3.3198194053e+03 1.5760800000e+06 1.6905394053e+03 8.6118219666e-04 10 6
3.3198280172e+03 1.5760900000e+06 1.6905480172e+03 8.6118219661e-04 10 6
3.3198366290e+03 1.5761000000e+06 1.6905566290e+03 8.6118219656e-04 10 6
3.3198452408e+03 1.5761100000e+06 1.6905652408e+03 8.6118219656e-04 10 6
3.3198539295e+03 1.5761200000e+06 1.6905739295e+03 8.7656045022e-04 10 6
3.3198626951e+03 1.5761300000e+06 1.6905826951e+03 8.7656045021e-04 10 6
3.3198714607e+03 1.5761400000e+06 1.6905914607e+03 8.7656045019e-04 10 6
3.3198802263e+03 1.5761500000e+06 1.6906002263e+03 8.7656045017e-04 10 6
3.3198889919e+03 1.5761600000e+06 1.6906089919e+03 8.7656045010e-04 10 6
3.3198977575e+03 1.5761700000e+06 1.6906177575e+03 8.7656045002e-04 10 6
3.3199068153e+03 1.5761800000e+06 1.6906268153e+03 9.0902565206e-04 10 6
3.3199159056e+03 1.5761900000e+06 1.6906359056e+03 9.0902565204e-04 10 6
3.3199249958e+03 1.5762000000e+06 1.6906449958e+03 9.0902565199e-04 10 6
3.3199340861e+03 1.5762100000e+06 1.6906540861e+03 9.0902565194e-04 10 6
3.3199431764e+03 1.5762200000e+06 1.6906631764e+03 9.0902565194e-04 10 6
3.3199524414e+03 1.5762300000e+06 1.6906724414e+03 9.4398817714e-04 10 6
3.3199618813e+03 1.5762400000e+06 1.6906818813e+03 9.4398817714e-04 10 6
3.3199713212e+03 1.5762500000e+06 1.6906913212e+03 9.4398817714e-04 10 6
3.3199798171e+03 1.5762600000e+06 1.6906998171e+03 8.4958935943e-04 10 6
3.3199883130e+03 1.5762700000e+06 1.6907083130e+03 8.4958935945e-04 10 6
3.3199968089e+03 1.5762800000e+06 1.6907168089e+03 8.4958935940e-04 10 6
3.3200052722e+03 1.5762900000e+06 1.6907252722e+03 8.4633422779e-04 10 6
3.3200137356e+03 1.5763000000e+06 1.6907337356e+03 8.4633422777e-04 10 6
3.3200221989e+03 1.5763100000e+06 1.6907421989e+03 8.4633422775e-04 10 6
3.3200306622e+03 1.5763200000e+06 1.6907506622e+03 8.4633422770e-04 10 6
3.3200391256e+03 1.5763300000e+06 1.6907591256e+03 8.4633422764e-04 10 6
3.3200476494e+03 1.5763400000e+06 1.6907676494e+03 8.7656045022e-04 10 6
3.3200564150e+03 1.5763500000e+06 1.6907764150e+03 8.7656045021e-04 10 6
3.3200651806e+03 1.5763600000e+06 1.6907851806e+03 8.7656045020e-04 10 6
3.3200738210e+03 1.5763700000e+06 1.6907938210e+03 8.1394898945e-04 10 6
3.3200819605e+03 1.5763800000e+06 1.6908019605e+03 8.1394898940e-04 10 6
3.3200897608e+03 1.5763900000e+06 1.6908097608e+03 7.4611990686e-04 10 6
3.3200973588e+03 1.5764000000e+06 1.6908173588e+03 7.9173201956e-04 10 6
3.3201052762e+03 1.5764100000e+06 1.6908252762e+03 7.9173201957e-04 10 6
3.3201131935e+03 1.5764200000e+06 1.6908331935e+03 7.9173201959e-04 10 6
3.3201211108e+03 1.5764300000e+06 1.6908411108e+03 7.9173201963e-04 10 6
3.3201290281e+03 1.5764400000e+06 1.6908490281e+03 7.9173201971e-04 10 6
3.3201369454e+03 1.5764500000e+06 1.6908569454e+03 7.9173201971e-04 10 6
3.3201448628e+03 1.5764600000e+06 1.6908648628e+03 7.9173201955e-04 10 6
3.3201527801e+03 1.5764700000e+06 1.6908727801e+03 7.9173201957e-04 10 6
3.3201606974e+03 1.5764800000e+06 1.6908806974e+03 7.9173201959e-04 10 6
3.3201686147e+03 1.5764900000e+06 1.6908886147e+03 7.9173201962e-04 10 6
3.3201765320e+03 1.5765000000e+06 1.6908965320e+03 7.9173201969e-04 10 6
3.3201844494e+03 1.5765100000e+06 1.6909044494e+03 7.9173201971e-04 10 6
3.3201923667e+03 1.5765200000e+06 1.6909123667e+03 7.9173201971e-04 10 6
3.3202002840e+03 1.5765300000e+06 1.6909202840e+03 7.9173201956e-04 10 6
3.3202082013e+03 1.5765400000e+06 1.6909282013e+03 7.9173201958e-04 10 6
3.3202161186e+03 1.5765500000e+06 1.6909361186e+03 7.9173201961e-04 10 6
3.3202240360e+03 1.5765600000e+06 1.6909440360e+03 7.9173201967e-04 10 6
3.3202319533e+03 1.5765700000e+06 1.6909519533e+03 7.9173201971e-04 10 6
3.3202398706e+03 1.5765800000e+06 1.6909598706e+03 7.9173201971e-04 10 6
3.3202469839e+03 1.5765900000e+06 1.6909669839e+03 7.9195200622e-04 10 6
3.3202547644e+03 1.5766000000e+06 1.6909747644e+03 7.7805811138e-04 10 6
3.3202625450e+03 1.5766100000e+06 1.6909825450e+03 7.7805811140e-04 10 6
3.3202702284e+03 1.5766200000e+06 1.6909902284e+03 7.5374379542e-04 10 6
3.3202777658e+03 1.5766300000e+06 1.6909977658e+03 7.5374379539e-04 10 6
3.3202853032e+03 1.5766400000e+06 1.6910053032e+03 7.5374379528e-04 10 6
3.3202928672e+03 1.5766500000e+06 1.6910128672e+03 7.6699039394e-04 10 6
3.3203005371e+03 1.5766600000e+06 1.6910205371e+03 7.6699039395e-04 10 6
3.3203081946e+03 1.5766700000e+06 1.6910281946e+03 7.6728539024e-04 10 6
3.3203157030e+03 1.5766800000e+06 1.6910357030e+03 7.4901669049e-04 10 6
3.3203231932e+03 1.5766900000e+06 1.6910431932e+03 7.4901669052e-04 10 6
3.3203306833e+03 1.5767000000e+06 1.6910506833e+03 7.4901669060e-04 10 6
3.3203381735e+03 1.5767100000e+06 1.6910581735e+03 7.4901669063e-04 10 6
3.3203457069e+03 1.5767200000e+06 1.6910657069e+03 7.5519054171e-04 10 6
3.3203532588e+03 1.5767300000e+06 1.6910732588e+03 7.5519054167e-04 10 6
3.3203608107e+03 1.5767400000e+06 1.6910808107e+03 7.5519054167e-04 10 6
3.3203683626e+03 1.5767500000e+06 1.6910883626e+03 7.5519054166e-04 10 6
3.3203759145e+03 1.5767600000e+06 1.6910959145e+03 7.5519054168e-04 10 6
3.3203834664e+03 1.5767700000e+06 1.6911034664e+03 7.5519054164e-04 10 6
3.3203910183e+03 1.5767800000e+06 1.6911110183e+03 7.5519054172e-04 10 6
3.3203985702e+03 1.5767900000e+06 1.6911185702e+03 7.5519054169e-04 10 6
3.3204061221e+03 1.5768000000e+06 1.6911261221e+03 7.5519054167e-04 10 6
3.3204136740e+03 1.5768100000e+06 1.6911336740e+03 7.5519054167e-04 10 6
3.3204212260e+03 1.5768200000e+06 1.6911412260e+03 7.5519054167e-04 10 6
3.3204287779e+03 1.5768300000e+06 1.6911487779e+03 7.5519054167e-04 10 6
3.3204363298e+03 1.5768400000e+06 1.6911563298e+03 7.5519054167e-04 10 6
3.3204438817e+03 1.5768500000e+06 1.6911638817e+03 7.5519054171e-04 10 6
3.3204514336e+03 1.5768600000e+06 1.6911714336e+03 7.5519054167e-04 10 6
3.3204589666e+03 1.5768700000e+06 1.6911789666e+03 7.3631077813e-04 10 6
3.3204663297e+03 1.5768800000e+06 1.6911863297e+03 7.3631077817e-04 10 6
3.3204736928e+03 1.5768900000e+06 1.6911936928e+03 7.3631077817e-04 10 6
3.3204810559e+03 1.5769000000e+06 1.6912010559e+03 7.3631077817e-04 10 6
3.3204884379e+03 1.5769100000e+06 1.6912084379e+03 7.5519054173e-04 10 6
3.3204959269e+03 1.5769200000e+06 1.6912159269e+03 7.4260403267e-04 10 6
3.3205033529e+03 1.5769300000e+06 1.6912233529e+03 7.4260403267e-04 10 6
3.3205107790e+03 1.5769400000e+06 1.6912307790e+03 7.4260403267e-04 10 6
3.3205182050e+03 1.5769500000e+06 1.6912382050e+03 7.4260403267e-04 10 6
3.3205256310e+03 1.5769600000e+06 1.6912456310e+03 7.4260403267e-04 10 6
3.3205330571e+03 1.5769700000e+06 1.6912530571e+03 7.4260403267e-04 10 6
3.3205405461e+03 1.5769800000e+06 1.6912605461e+03 7.5519054172e-04 10 6
3.3205480980e+03 1.5769900000e+06 1.6912680980e+03 7.5519054168e-04 10 6
3.3205556499e+03 1.5770000000e+06 1.6912756499e+03 7.5519054166e-04 10 6
3.3205632018e+03 1.5770100000e+06 1.6912832018e+03 7.5519054167e-04 10 6
3.3205707537e+03 1.5770200000e+06 1.6912907537e+03 7.5519054166e-04 10 6
3.3205783056e+03 1.5770300000e+06 1.6912983056e+03 7.5519054169e-04 10 6
3.3205858575e+03 1.5770400000e+06 1.6913058575e+03 7.5519054144e-04 10 6
3.3205936169e+03 1.5770500000e+06 1.6913136169e+03 7.7977356719e-04 10 6
3.3206015260e+03 1.5770600000e+06 1.6913215260e+03 7.9568731348e-04 10 6
3.3206094153e+03 1.5770700000e+06 1.6913294153e+03 7.5086900766e-04 10 6
3.3206169240e+03 1.5770800000e+06 1.6913369240e+03 7.5086900761e-04 10 6
3.3206242182e+03 1.5770900000e+06 1.6913442182e+03 7.1511334056e-04 10 6
3.3206313693e+03 1.5771000000e+06 1.6913513693e+03 7.1511334068e-04 10 6
3.3206386636e+03 1.5771100000e+06 1.6913586636e+03 7.4374826078e-04 10 6
3.3206460480e+03 1.5771200000e+06 1.6913660480e+03 7.3046704184e-04 10 6
3.3206533526e+03 1.5771300000e+06 1.6913733526e+03 7.3046704187e-04 10 6
3.3206606573e+03 1.5771400000e+06 1.6913806573e+03 7.3046704188e-04 10 6
3.3206679620e+03 1.5771500000e+06 1.6913879620e+03 7.3046704187e-04 10 6
3.3206752667e+03 1.5771600000e+06 1.6913952667e+03 7.3046704189e-04 10 6
3.3206825713e+03 1.5771700000e+06 1.6914025713e+03 7.3046704180e-04 10 6
3.3206899822e+03 1.5771800000e+06 1.6914099822e+03 7.4374826078e-04 10 6
3.3206974197e+03 1.5771900000e+06 1.6914174197e+03 7.4374826075e-04 10 6
3.3207047000e+03 1.5772000000e+06 1.6914247000e+03 7.1049122471e-04 10 6
3.3207118049e+03 1.5772100000e+06 1.6914318049e+03 7.1049122471e-04 10 6
3.3207189098e+03 1.5772200000e+06 1.6914389098e+03 7.1049122471e-04 10 6
3.3207260147e+03 1.5772300000e+06 1.6914460147e+03 7.1049122471e-04 10 6
3.3207331196e+03 1.5772400000e+06 1.6914531196e+03 7.1049122471e-04 10 6
3.3207402338e+03 1.5772500000e+06 1.6914602338e+03 7.1141137986e-04 10 6
3.3207473479e+03 1.5772600000e+06 1.6914673479e+03 7.1141137983e-04 10 6
3.3207544620e+03 1.5772700000e+06 1.6914744620e+03 7.1141137983e-04 10 6
3.3207615761e+03 1.5772800000e+06 1.6914815761e+03 7.1141137983e-04 10 6
3.3207686902e+03 1.5772900000e+06 1.6914886902e+03 7.1141137983e-04 10 6
3.3207758043e+03 1.5773000000e+06 1.6914958043e+03 7.1141137983e-04 10 6
3.3207829289e+03 1.5773100000e+06 1.6915029289e+03 7.2187331195e-04 10 6
3.3207901476e+03 1.5773200000e+06 1.6915101476e+03 7.2187331193e-04 10 6
3.3207973664e+03 1.5773300000e+06 1.6915173664e+03 7.2187331193e-04 10 6
3.3208045851e+03 1.5773400000e+06 1.6915245851e+03 7.2187331193e-04 10 6
3.3208116945e+03 1.5773500000e+06 1.6915316945e+03 6.9999836310e-04 10 6
3.3208186944e+03 1.5773600000e+06 1.6915386944e+03 6.9999836318e-04 10 6
3.3208256944e+03 1.5773700000e+06 1.6915456944e+03 6.9999836316e-04 10 6
3.3208327382e+03 1.5773800000e+06 1.6915527382e+03 7.2187331194e-04 10 6
3.3208399569e+03 1.5773900000e+06 1.6915599569e+03 7.2187331194e-04 10 6
3.3208471756e+03 1.5774000000e+06 1.6915671756e+03 7.2187331193e-04 10 6
3.3208543944e+03 1.5774100000e+06 1.6915743944e+03 7.2187331194e-04 10 6
3.3208616131e+03 1.5774200000e+06 1.6915816131e+03 7.2187331192e-04 10 6
3.3208688318e+03 1.5774300000e+06 1.6915888318e+03 7.2187331195e-04 10 6
3.3208760506e+03 1.5774400000e+06 1.6915960506e+03 7.2187331190e-04 10 6
3.3208833568e+03 1.5774500000e+06 1.6916033568e+03 7.4374826079e-04 10 6
3.3208907943e+03 1.5774600000e+06 1.6916107943e+03 7.4374826076e-04 10 6
3.3208980533e+03 1.5774700000e+06 1.6916180533e+03 7.1399833031e-04 10 6
3.3209051932e+03 1.5774800000e+06 1.6916251932e+03 7.1399833028e-04 10 6
3.3209123332e+03 1.5774900000e+06 1.6916323332e+03 7.1399833023e-04 10 6
3.3209194732e+03 1.5775000000e+06 1.6916394732e+03 7.1399833017e-04 10 6
3.3209266132e+03 1.5775100000e+06 1.6916466132e+03 7.1399833023e-04 10 6
3.3209339317e+03 1.5775200000e+06 1.6916539317e+03 7.4374826078e-04 10 6
3.3209413692e+03 1.5775300000e+06 1.6916613692e+03 7.4374826076e-04 10 6
3.3209488066e+03 1.5775400000e+06 1.6916688066e+03 7.4374826072e-04 10 6
3.3209562441e+03 1.5775500000e+06 1.6916762441e+03 7.4374826068e-04 10 6
3.3209636816e+03 1.5775600000e+06 1.6916836816e+03 7.4374826066e-04 10 6
3.3209711191e+03 1.5775700000e+06 1.6916911191e+03 7.4374826070e-04 10 6
3.3209785566e+03 1.5775800000e+06 1.6916985566e+03 7.4374826045e-04 10 6
3.3209862265e+03 1.5775900000e+06 1.6917062265e+03 7.6699039395e-04 10 6
3.3209938964e+03 1.5776000000e+06 1.6917138964e+03 7.6699039395e-04 10 6
3.3210015663e+03 1.5776100000e+06 1.6917215663e+03 7.6699039397e-04 10 6
3.3210092362e+03 1.5776200000e+06 1.6917292362e+03 7.6699039399e-04 10 6
3.3210169061e+03 1.5776300000e+06 1.6917369061e+03 7.6699039403e-04 10 6
3.3210245760e+03 1.5776400000e+06 1.6917445760e+03 7.6699039410e-04 10 6
3.3210322962e+03 1.5776500000e+06 1.6917522962e+03 7.7956400696e-04 10 6
3.3210400662e+03 1.5776600000e+06 1.6917600662e+03 7.8010915664e-04 10 6
3.3210478368e+03 1.5776700000e+06 1.6917678368e+03 7.8093466899e-04 10 6
3.3210554726e+03 1.5776800000e+06 1.6917754726e+03 7.5924203931e-04 10 6
3.3210630650e+03 1.5776900000e+06 1.6917830650e+03 7.5924203932e-04 10 6
3.3210706574e+03 1.5777000000e+06 1.6917906574e+03 7.5924203934e-04 10 6
3.3210782897e+03 1.5777100000e+06 1.6917982897e+03 7.7916484464e-04 10 6
3.3210860813e+03 1.5777200000e+06 1.6918060813e+03 7.7916484467e-04 10 6
3.3210938730e+03 1.5777300000e+06 1.6918138730e+03 7.7916484470e-04 10 6
3.3211016646e+03 1.5777400000e+06 1.6918216646e+03 7.7916484474e-04 10 6
3.3211094563e+03 1.5777500000e+06 1.6918294563e+03 7.7916484474e-04 10 6
3.3211172479e+03 1.5777600000e+06 1.6918372479e+03 7.7916484474e-04 10 6
3.3211250396e+03 1.5777700000e+06 1.6918450396e+03 7.7916484474e-04 10 6
3.3211331818e+03 1.5777800000e+06 1.6918531818e+03 8.1812308687e-04 10 6
3.3211413631e+03 1.5777900000e+06 1.6918613631e+03 8.1812308686e-04 10 6
3.3211495443e+03 1.5778000000e+06 1.6918695443e+03 8.1812308684e-04 10 6
3.3211577255e+03 1.5778100000e+06 1.6918777255e+03 8.1812308682e-04 10 6
3.3211659068e+03 1.5778200000e+06 1.6918859068e+03 8.1812308675e-04 10 6
3.3211740880e+03 1.5778300000e+06 1.6918940880e+03 8.1812308667e-04 10 6
3.3211823940e+03 1.5778400000e+06 1.6919023940e+03 8.3198957986e-04 10 6
3.3211907139e+03 1.5778500000e+06 1.6919107139e+03 8.3198957987e-04 10 6
3.3211989387e+03 1.5778600000e+06 1.6919189387e+03 8.0821844901e-04 10 6
3.3212070209e+03 1.5778700000e+06 1.6919270209e+03 8.0821844900e-04 10 6
3.3212151031e+03 1.5778800000e+06 1.6919351031e+03 8.0821844896e-04 10 6
3.3212231853e+03 1.5778900000e+06 1.6919431853e+03 8.0821844881e-04 10 6
3.3212312359e+03 1.5779000000e+06 1.6919512359e+03 8.0471123301e-04 10 6
3.3212392830e+03 1.5779100000e+06 1.6919592830e+03 8.0471123305e-04 10 6
3.3212473301e+03 1.5779200000e+06 1.6919673301e+03 8.0471123305e-04 10 6
3.3212553772e+03 1.5779300000e+06 1.6919753772e+03 8.0471123307e-04 10 6
3.3212634243e+03 1.5779400000e+06 1.6919834243e+03 8.0471123304e-04 10 6
3.3212714715e+03 1.5779500000e+06 1.6919914715e+03 8.0471123313e-04 10 6
3.3212796567e+03 1.5779600000e+06 1.6919996567e+03 8.3355937152e-04 10 6
3.3212879923e+03 1.5779700000e+06 1.6920079923e+03 8.3355937151e-04 10 6
3.3212963279e+03 1.5779800000e+06 1.6920163279e+03 8.3355937149e-04 10 6
3.3213046635e+03 1.5779900000e+06 1.6920246635e+03 8.3355937144e-04 10 6
3.3213129991e+03 1.5780000000e+06 1.6920329991e+03 8.3355937136e-04 10 6
3.3213206401e+03 1.5780100000e+06 1.6920406401e+03 7.6409609043e-04 10 6
3.3213287133e+03 1.5780200000e+06 1.6920487133e+03 8.1812308687e-04 10 6
3.3213368093e+03 1.5780300000e+06 1.6920568093e+03 8.0107885587e-04 10 6
3.3213447755e+03 1.5780400000e+06 1.6920647755e+03 7.7882666540e-04 10 6
3.3213525638e+03 1.5780500000e+06 1.6920725638e+03 7.7882666545e-04 10 6
3.3213603521e+03 1.5780600000e+06 1.6920803521e+03 7.7882666552e-04 10 6
3.3213681403e+03 1.5780700000e+06 1.6920881403e+03 7.7882666546e-04 10 6
3.3213759306e+03 1.5780800000e+06 1.6920959306e+03 7.7916484465e-04 10 6
3.3213837223e+03 1.5780900000e+06 1.6921037223e+03 7.7916484468e-04 10 6
3.3213914569e+03 1.5781000000e+06 1.6921114569e+03 7.6016082411e-04 10 6
3.3213989664e+03 1.5781100000e+06 1.6921189664e+03 7.3712564766e-04 10 6
3.3214063376e+03 1.5781200000e+06 1.6921263376e+03 7.3712564767e-04 10 6
3.3214137089e+03 1.5781300000e+06 1.6921337089e+03 7.3712564767e-04 10 6
3.3214210868e+03 1.5781400000e+06 1.6921410868e+03 7.4374826079e-04 10 6
3.3214285243e+03 1.5781500000e+06 1.6921485243e+03 7.4374826077e-04 10 6
3.3214359507e+03 1.5781600000e+06 1.6921559507e+03 7.4399420929e-04 10 6
3.3214432418e+03 1.5781700000e+06 1.6921632418e+03 7.2746100461e-04 10 6
3.3214505164e+03 1.5781800000e+06 1.6921705164e+03 7.2746100455e-04 10 6
3.3214577910e+03 1.5781900000e+06 1.6921777910e+03 7.2746100456e-04 10 6
3.3214650657e+03 1.5782000000e+06 1.6921850657e+03 7.2746100451e-04 10 6
3.3214715960e+03 1.5782100000e+06 1.6921915960e+03 7.2187331194e-04 10 6
3.3214788148e+03 1.5782200000e+06 1.6921988148e+03 7.2187331193e-04 10 6
3.3214860335e+03 1.5782300000e+06 1.6922060335e+03 7.2187331193e-04 10 6
3.3214932522e+03 1.5782400000e+06 1.6922132522e+03 7.2187331193e-04 10 6
3.3215004710e+03 1.5782500000e+06 1.6922204710e+03 7.2187331193e-04 10 6
3.3215076897e+03 1.5782600000e+06 1.6922276897e+03 7.2187331193e-04 10 6
3.3215149084e+03 1.5782700000e+06 1.6922349084e+03 7.2187331193e-04 10 6
3.3215221810e+03 1.5782800000e+06 1.6922421810e+03 7.3264754047e-04 10 6
3.3215295075e+03 1.5782900000e+06 1.6922495075e+03 7.3264754044e-04 10 6
3.3215368340e+03 1.5783000000e+06 1.6922568340e+03 7.3264754042e-04 10 6
3.3215441605e+03 1.5783100000e+06 1.6922641605e+03 7.3264754041e-04 10 6
3.3215514869e+03 1.5783200000e+06 1.6922714869e+03 7.3264754043e-04 10 6
3.3215588134e+03 1.5783300000e+06 1.6922788134e+03 7.3264754040e-04 10 6
3.3215661399e+03 1.5783400000e+06 1.6922861399e+03 7.3264754049e-04 10 6
3.3215735209e+03 1.5783500000e+06 1.6922935209e+03 7.3172364697e-04 10 6
3.3215809388e+03 1.5783600000e+06 1.6923009388e+03 7.2966968586e-04 10 6
3.3215883875e+03 1.5783700000e+06 1.6923083875e+03 7.4487113766e-04 10 6
3.3215958362e+03 1.5783800000e+06 1.6923158362e+03 7.4487113768e-04 10 6
3.3216032849e+03 1.5783900000e+06 1.6923232849e+03 7.4487113771e-04 10 6
3.3216107336e+03 1.5784000000e+06 1.6923307336e+03 7.4487113781e-04 10 6
3.3216182030e+03 1.5784100000e+06 1.6923382030e+03 7.5519054172e-04 10 6
3.3216257549e+03 1.5784200000e+06 1.6923457549e+03 7.5519054169e-04 10 6
3.3216333068e+03 1.5784300000e+06 1.6923533068e+03 7.5519054167e-04 10 6
3.3216408587e+03 1.5784400000e+06 1.6923608587e+03 7.5519054167e-04 10 6
3.3216484106e+03 1.5784500000e+06 1.6923684106e+03 7.5519054167e-04 10 6
3.3216559625e+03 1.5784600000e+06 1.6923759625e+03 7.5519054167e-04 10 6
3.3216635144e+03 1.5784700000e+06 1.6923835144e+03 7.5519054167e-04 10 6
3.3216712341e+03 1.5784800000e+06 1.6923912341e+03 7.7916484465e-04 10 6
3.3216790258e+03 1.5784900000e+06 1.6923990258e+03 7.7916484468e-04 10 6
3.3216868174e+03 1.5785000000e+06 1.6924068174e+03 7.7916484473e-04 10 6
3.3216946091e+03 1.5785100000e+06 1.6924146091e+03 7.7916484475e-04 10 6
3.3217024007e+03 1.5785200000e+06 1.6924224007e+03 7.7916484473e-04 10 6
3.3217101924e+03 1.5785300000e+06 1.6924301924e+03 7.7916484478e-04 10 6
3.3217180343e+03 1.5785400000e+06 1.6924380343e+03 7.9173201956e-04 10 6
3.3217258405e+03 1.5785500000e+06 1.6924458405e+03 7.7784198415e-04 10 6
3.3217336189e+03 1.5785600000e+06 1.6924536189e+03 7.7784198418e-04 10 6
3.3217413973e+03 1.5785700000e+06 1.6924613973e+03 7.7784198423e-04 10 6
3.3217491757e+03 1.5785800000e+06 1.6924691757e+03 7.7784198425e-04 10 6
3.3217569542e+03 1.5785900000e+06 1.6924769542e+03 7.7784198425e-04 10 6
3.3217647217e+03 1.5786000000e+06 1.6924847217e+03 7.6699039394e-04 10 6
3.3217723916e+03 1.5786100000e+06 1.6924923916e+03 7.6699039395e-04 10 6
3.3217800615e+03 1.5786200000e+06 1.6925000615e+03 7.6699039395e-04 10 6
3.3217874979e+03 1.5786300000e+06 1.6925074979e+03 7.2983356263e-04 10 6
3.3217947963e+03 1.5786400000e+06 1.6925147963e+03 7.2983356262e-04 10 6
3.3218020946e+03 1.5786500000e+06 1.6925220946e+03 7.2983356259e-04 10 6
3.3218093930e+03 1.5786600000e+06 1.6925293930e+03 7.2983356245e-04 10 6
3.3218167054e+03 1.5786700000e+06 1.6925367054e+03 7.3264754047e-04 10 6
3.3218240318e+03 1.5786800000e+06 1.6925440318e+03 7.3264754044e-04 10 6
3.3218313583e+03 1.5786900000e+06 1.6925513583e+03 7.3264754042e-04 10 6
3.3218386848e+03 1.5787000000e+06 1.6925586848e+03 7.3264754041e-04 10 6
3.3218460113e+03 1.5787100000e+06 1.6925660113e+03 7.3264754043e-04 10 6
3.3218533377e+03 1.5787200000e+06 1.6925733377e+03 7.3264754040e-04 10 6
3.3218606642e+03 1.5787300000e+06 1.6925806642e+03 7.3264754049e-04 10 6
3.3218680338e+03 1.5787400000e+06 1.6925880338e+03 7.4453612971e-04 10 6
3.3218754102e+03 1.5787500000e+06 1.6925954102e+03 7.3074842361e-04 10 6
3.3218827177e+03 1.5787600000e+06 1.6926027177e+03 7.3074842362e-04 10 6
3.3218900252e+03 1.5787700000e+06 1.6926100252e+03 7.3074842362e-04 10 6
3.3218973327e+03 1.5787800000e+06 1.6926173327e+03 7.3074842362e-04 10 6
3.3219046402e+03 1.5787900000e+06 1.6926246402e+03 7.3074842362e-04 10 6
3.3219119606e+03 1.5788000000e+06 1.6926319606e+03 7.4374826079e-04 10 6
3.3219193981e+03 1.5788100000e+06 1.6926393981e+03 7.4374826077e-04 10 6
3.3219268356e+03 1.5788200000e+06 1.6926468356e+03 7.4374826074e-04 10 6
3.3219342731e+03 1.5788300000e+06 1.6926542731e+03 7.4374826070e-04 10 6
3.3219417106e+03 1.5788400000e+06 1.6926617106e+03 7.4374826067e-04 10 6
3.3219489452e+03 1.5788500000e+06 1.6926689452e+03 7.0994152154e-04 10 6
3.3219560446e+03 1.5788600000e+06 1.6926760446e+03 7.0994152150e-04 10 6
3.3219632349e+03 1.5788700000e+06 1.6926832349e+03 7.3264754047e-04 10 6
3.3219705613e+03 1.5788800000e+06 1.6926905613e+03 7.3264754044e-04 10 6
3.3219778878e+03 1.5788900000e+06 1.6926978878e+03 7.3264754042e-04 10 6
3.3219852143e+03 1.5789000000e+06 1.6927052143e+03 7.3264754042e-04 10 6
3.3219925408e+03 1.5789100000e+06 1.6927125408e+03 7.3264754042e-04 10 6
3.3219998672e+03 1.5789200000e+06 1.6927198672e+03 7.3264754042e-04 10 6
3.3220071937e+03 1.5789300000e+06 1.6927271937e+03 7.3264754042e-04 10 6
3.3220145202e+03 1.5789400000e+06 1.6927345202e+03 7.3264754047e-04 10 6
3.3220218467e+03 1.5789500000e+06 1.6927418467e+03 7.3264754043e-04 10 6
3.3220291731e+03 1.5789600000e+06 1.6927491731e+03 7.3264754041e-04 10 6
3.3220364996e+03 1.5789700000e+06 1.6927564996e+03 7.3264754042e-04 10 6
3.3220438261e+03 1.5789800000e+06 1.6927638261e+03 7.3264754041e-04 10 6
3.3220511526e+03 1.5789900000e+06 1.6927711526e+03 7.3264754044e-04 10 6
3.3220584790e+03 1.5790000000e+06 1.6927784790e+03 7.3264754019e-04 10 6
3.3220657266e+03 1.5790100000e+06 1.6927857266e+03 7.2137603983e-04 10 6
3.3220729404e+03 1.5790200000e+06 1.6927929404e+03 7.2137603980e-04 10 6
3.3220801541e+03 1.5790300000e+06 1.6928001541e+03 7.2137603980e-04 10 6
3.3220873679e+03 1.5790400000e+06 1.6928073679e+03 7.2137603978e-04 10 6
3.3220945817e+03 1.5790500000e+06 1.6928145817e+03 7.2137603980e-04 10 6
3.3221017954e+03 1.5790600000e+06 1.6928217954e+03 7.2137603977e-04 10 6
3.3221090102e+03 1.5790700000e+06 1.6928290102e+03 7.2187331194e-04 10 6
3.3221160753e+03 1.5790800000e+06 1.6928360753e+03 6.9962974336e-04 10 6
3.3221230716e+03 1.5790900000e+06 1.6928430716e+03 6.9962974336e-04 10 6
3.3221300679e+03 1.5791000000e+06 1.6928500679e+03 6.9962974335e-04 10 6
3.3221370642e+03 1.5791100000e+06 1.6928570642e+03 6.9962974333e-04 10 6
3.3221440605e+03 1.5791200000e+06 1.6928640605e+03 6.9962974330e-04 10 6
3.3221510568e+03 1.5791300000e+06 1.6928710568e+03 6.9962974319e-04 10 6
3.3221580563e+03 1.5791400000e+06 1.6928780563e+03 7.0124836017e-04 10 6
3.3221650349e+03 1.5791500000e+06 1.6928850349e+03 6.8993790275e-04 10 6
3.3221719766e+03 1.5791600000e+06 1.6928919766e+03 6.8907277684e-04 10 6
3.3221788674e+03 1.5791700000e+06 1.6928988674e+03 6.8907277685e-04 10 6
3.3221857581e+03 1.5791800000e+06 1.6929057581e+03 6.8907277685e-04 10 6
3.3221926488e+03 1.5791900000e+06 1.6929126488e+03 6.8907277687e-04 10 6
3.3221995395e+03 1.5792000000e+06 1.6929195395e+03 6.8907277691e-04 10 6
3.3222064326e+03 1.5792100000e+06 1.6929264326e+03 6.9137162271e-04 10 6
3.3222133463e+03 1.5792200000e+06 1.6929333463e+03 6.9137162268e-04 10 6
3.3222202600e+03 1.5792300000e+06 1.6929402600e+03 6.9137162267e-04 10 6
3.3222271737e+03 1.5792400000e+06 1.6929471737e+03 6.9137162268e-04 10 6
3.3222340874e+03 1.5792500000e+06 1.6929540874e+03 6.9137162267e-04 10 6
3.3222410012e+03 1.5792600000e+06 1.6929610012e+03 6.9137162269e-04 10 6
3.3222479149e+03 1.5792700000e+06 1.6929679149e+03 6.9137162266e-04 10 6
3.3222548286e+03 1.5792800000e+06 1.6929748286e+03 6.9137162291e-04 10 6
3.3222617423e+03 1.5792900000e+06 1.6929817423e+03 6.9137162268e-04 10 6
3.3222686560e+03 1.5793000000e+06 1.6929886560e+03 6.9137162268e-04 10 6
3.3222755697e+03 1.5793100000e+06 1.6929955697e+03 6.9137162268e-04 10 6
3.3222824835e+03 1.5793200000e+06 1.6930024835e+03 6.9137162268e-04 10 6
3.3222893972e+03 1.5793300000e+06 1.6930093972e+03 6.9137162268e-04 10 6
3.3222963109e+03 1.5793400000e+06 1.6930163109e+03 6.9137162268e-04 10 6
3.3223027637e+03 1.5793500000e+06 1.6930227637e+03 5.7614301901e-04 10 6
3.3223093701e+03 1.5793600000e+06 1.6930293701e+03 6.8176923904e-04 10 6
3.3223162004e+03 1.5793700000e+06 1.6930362004e+03 6.9439459529e-04 10 6
3.3223231444e+03 1.5793800000e+06 1.6930431444e+03 6.9439459526e-04 10 6
3.3223300883e+03 1.5793900000e+06 1.6930500883e+03 6.9439459526e-04 10 6
3.3223370323e+03 1.5794000000e+06 1.6930570323e+03 6.9439459526e-04 10 6
3.3223411419e+03 1.5794100000e+06 1.6930611419e+03 3.2948464216e-04 10 6
3.3223457811e+03 1.5794200000e+06 1.6930657811e+03 5.5555883952e-04 10 6
3.3223513367e+03 1.5794300000e+06 1.6930713367e+03 5.5555883944e-04 10 6
3.3223577221e+03 1.5794400000e+06 1.6930777221e+03 6.8259429260e-04 10 6
3.3223646059e+03 1.5794500000e+06 1.6930846059e+03 6.9416368736e-04 10 6
3.3223715475e+03 1.5794600000e+06 1.6930915475e+03 6.9416368733e-04 10 6
3.3223784892e+03 1.5794700000e+06 1.6930984892e+03 6.9416368729e-04 10 6
3.3223854308e+03 1.5794800000e+06 1.6931054308e+03 6.9416368728e-04 10 6
3.3223923724e+03 1.5794900000e+06 1.6931123724e+03 6.9416368730e-04 10 6
3.3223993141e+03 1.5795000000e+06 1.6931193141e+03 6.9416368724e-04 10 6
3.3224062982e+03 1.5795100000e+06 1.6931262982e+03 7.0124836017e-04 10 6
3.3224133107e+03 1.5795200000e+06 1.6931333107e+03 7.0124836017e-04 10 6
3.3224203232e+03 1.5795300000e+06 1.6931403232e+03 7.0124836016e-04 10 6
3.3224273357e+03 1.5795400000e+06 1.6931473357e+03 7.0124836015e-04 10 6
3.3224343482e+03 1.5795500000e+06 1.6931543482e+03 7.0124836013e-04 10 6
3.3224413606e+03 1.5795600000e+06 1.6931613606e+03 7.0124836008e-04 10 6
3.3224483731e+03 1.5795700000e+06 1.6931683731e+03 7.0124835993e-04 10 6
3.3224553950e+03 1.5795800000e+06 1.6931753950e+03 7.0110107003e-04 10 6
3.3224624061e+03 1.5795900000e+06 1.6931824061e+03 7.0110107004e-04 10 6
3.3224694171e+03 1.5796000000e+06 1.6931894171e+03 7.0110107003e-04 10 6
3.3224764281e+03 1.5796100000e+06 1.6931964281e+03 7.0110107004e-04 10 6
3.3224834391e+03 1.5796200000e+06 1.6932034391e+03 7.0110107003e-04 10 6
3.3224904501e+03 1.5796300000e+06 1.6932104501e+03 7.0110107005e-04 10 6
3.3224974611e+03 1.5796400000e+06 1.6932174611e+03 7.0110106999e-04 10 6
3.3225045968e+03 1.5796500000e+06 1.6932245968e+03 7.2187331193e-04 10 6
3.3225117831e+03 1.5796600000e+06 1.6932317831e+03 7.2249615345e-04 10 6
3.3225188947e+03 1.5796700000e+06 1.6932388947e+03 7.0832956221e-04 10 6
3.3225259780e+03 1.5796800000e+06 1.6932459780e+03 7.0832956219e-04 10 6
3.3225330613e+03 1.5796900000e+06 1.6932530613e+03 7.0832956216e-04 10 6
3.3225401446e+03 1.5797000000e+06 1.6932601446e+03 7.0832956210e-04 10 6
3.3225472279e+03 1.5797100000e+06 1.6932672279e+03 7.0832956203e-04 10 6
3.3225543946e+03 1.5797200000e+06 1.6932743946e+03 7.1041500539e-04 10 6
3.3225615735e+03 1.5797300000e+06 1.6932815735e+03 7.2287842653e-04 10 6
3.3225686633e+03 1.5797400000e+06 1.6932886633e+03 7.0897691834e-04 10 6
3.3225757530e+03 1.5797500000e+06 1.6932957530e+03 7.0897691835e-04 10 6
3.3225828428e+03 1.5797600000e+06 1.6933028428e+03 7.0897691836e-04 10 6
3.3225899326e+03 1.5797700000e+06 1.6933099326e+03 7.0897691841e-04 10 6
3.3225970223e+03 1.5797800000e+06 1.6933170223e+03 7.0897691861e-04 10 6
3.3226041316e+03 1.5797900000e+06 1.6933241316e+03 7.1141137987e-04 10 6
3.3226112457e+03 1.5798000000e+06 1.6933312457e+03 7.1141137983e-04 10 6
3.3226183598e+03 1.5798100000e+06 1.6933383598e+03 7.1141137983e-04 10 6
3.3226254739e+03 1.5798200000e+06 1.6933454739e+03 7.1141137983e-04 10 6
3.3226325880e+03 1.5798300000e+06 1.6933525880e+03 7.1141137983e-04 10 6
3.3226397021e+03 1.5798400000e+06 1.6933597021e+03 7.1141137983e-04 10 6
3.3226468163e+03 1.5798500000e+06 1.6933668163e+03 7.1141137983e-04 10 6
3.3226539304e+03 1.5798600000e+06 1.6933739304e+03 7.1141137987e-04 10 6
3.3226610445e+03 1.5798700000e+06 1.6933810445e+03 7.1141137983e-04 10 6
3.3226681255e+03 1.5798800000e+06 1.6933881255e+03 6.9486692913e-04 10 6
3.3226750742e+03 1.5798900000e+06 1.6933950742e+03 6.9486692908e-04 10 6
3.3226820228e+03 1.5799000000e+06 1.6934020228e+03 6.9486692905e-04 10 6
3.3226889715e+03 1.5799100000e+06 1.6934089715e+03 6.9486692905e-04 10 6
3.3226959202e+03 1.5799200000e+06 1.6934159202e+03 6.9486692905e-04 10 6
3.3227028374e+03 1.5799300000e+06 1.6934228374e+03 6.9137162268e-04 10 6
3.3227097511e+03 1.5799400000e+06 1.6934297511e+03 6.9137162268e-04 10 6
3.3227166648e+03 1.5799500000e+06 1.6934366648e+03 6.9137162267e-04 10 6
3.3227235785e+03 1.5799600000e+06 1.6934435785e+03 6.9137162269e-04 10 6
3.3227304923e+03 1.5799700000e+06 1.6934504923e+03 6.9137162267e-04 10 6
3.3227374060e+03 1.5799800000e+06 1.6934574060e+03 6.9137162270e-04 10 6
3.3227443197e+03 1.5799900000e+06 1.6934643197e+03 6.9137162260e-04 10 6
3.3227513124e+03 1.5800000000e+06 1.6934713124e+03 7.0124836017e-04 10 6
3.3227583249e+03 1.5800100000e+06 1.6934783249e+03 7.0124836017e-04 10 6
3.3227653374e+03 1.5800200000e+06 1.6934853374e+03 7.0124836016e-04 10 6
3.3227723499e+03 1.5800300000e+06 1.6934923499e+03 7.0124836015e-04 10 6
3.3227793624e+03 1.5800400000e+06 1.6934993624e+03 7.0124836012e-04 10 6
3.3227863748e+03 1.5800500000e+06 1.6935063748e+03 7.0124836006e-04 10 6
3.3227933873e+03 1.5800600000e+06 1.6935133873e+03 7.0124836005e-04 10 6
3.3228003998e+03 1.5800700000e+06 1.6935203998e+03 7.0124836017e-04 10 6
3.3228075175e+03 1.5800800000e+06 1.6935275175e+03 7.1293583285e-04 10 6
3.3228146468e+03 1.5800900000e+06 1.6935346468e+03 7.1293583287e-04 10 6
3.3228217762e+03 1.5801000000e+06 1.6935417762e+03 7.1293583289e-04 10 6
3.3228289056e+03 1.5801100000e+06 1.6935489056e+03 7.1293583295e-04 10 6
3.3228360349e+03 1.5801200000e+06 1.6935560349e+03 7.1293583301e-04 10 6
3.3228431643e+03 1.5801300000e+06 1.6935631643e+03 7.1293583301e-04 10 6
3.3228503741e+03 1.5801400000e+06 1.6935703741e+03 7.2187331193e-04 10 6
3.3228575928e+03 1.5801500000e+06 1.6935775928e+03 7.2187331193e-04 10 6
3.3228648115e+03 1.5801600000e+06 1.6935848115e+03 7.2187331193e-04 10 6
3.3228720303e+03 1.5801700000e+06 1.6935920303e+03 7.2187331193e-04 10 6
3.3228792490e+03 1.5801800000e+06 1.6935992490e+03 7.2187331193e-04 10 6
3.3228864677e+03 1.5801900000e+06 1.6936064677e+03 7.2187331193e-04 10 6
3.3228937083e+03 1.5802000000e+06 1.6936137083e+03 7.4374826079e-04 10 6
3.3229011458e+03 1.5802100000e+06 1.6936211458e+03 7.4374826077e-04 10 6
3.3229085833e+03 1.5802200000e+06 1.6936285833e+03 7.4374826074e-04 10 6
3.3229160208e+03 1.5802300000e+06 1.6936360208e+03 7.4374826070e-04 10 6
3.3229234583e+03 1.5802400000e+06 1.6936434583e+03 7.4374826067e-04 10 6
3.3229308958e+03 1.5802500000e+06 1.6936508958e+03 7.4374826067e-04 10 6
3.3229383332e+03 1.5802600000e+06 1.6936583332e+03 7.4374826067e-04 10 6
3.3229458279e+03 1.5802700000e+06 1.6936658279e+03 7.5519054172e-04 10 6
3.3229533798e+03 1.5802800000e+06 1.6936733798e+03 7.5519054168e-04 10 6
3.3229609317e+03 1.5802900000e+06 1.6936809317e+03 7.5519054166e-04 10 6
3.3229684836e+03 1.5803000000e+06 1.6936884836e+03 7.5519054167e-04 10 6
3.3229760356e+03 1.5803100000e+06 1.6936960356e+03 7.5519054166e-04 10 6
3.3229832476e+03 1.5803200000e+06 1.6937032476e+03 7.1743101466e-04 10 6
3.3229904219e+03 1.5803300000e+06 1.6937104219e+03 7.1743101466e-04 10 6
3.3229978331e+03 1.5803400000e+06 1.6937178331e+03 7.4374826078e-04 10 6
3.3230052706e+03 1.5803500000e+06 1.6937252706e+03 7.4374826075e-04 10 6
3.3230127081e+03 1.5803600000e+06 1.6937327081e+03 7.4374826071e-04 10 6
3.3230201455e+03 1.5803700000e+06 1.6937401455e+03 7.4374826067e-04 10 6
3.3230275087e+03 1.5803800000e+06 1.6937475087e+03 7.0656084766e-04 10 6
3.3230345743e+03 1.5803900000e+06 1.6937545743e+03 7.0656084765e-04 10 6
3.3230417142e+03 1.5804000000e+06 1.6937617142e+03 7.4374826079e-04 10 6
3.3230491517e+03 1.5804100000e+06 1.6937691517e+03 7.4374826077e-04 10 6
3.3230565892e+03 1.5804200000e+06 1.6937765892e+03 7.4374826074e-04 10 6
3.3230640267e+03 1.5804300000e+06 1.6937840267e+03 7.4374826069e-04 10 6
3.3230714642e+03 1.5804400000e+06 1.6937914642e+03 7.4374826067e-04 10 6
3.3230789017e+03 1.5804500000e+06 1.6937989017e+03 7.4374826069e-04 10 6
3.3230863391e+03 1.5804600000e+06 1.6938063391e+03 7.4374826063e-04 10 6
3.3230938453e+03 1.5804700000e+06 1.6938138453e+03 7.5519054171e-04 10 6
3.3231012820e+03 1.5804800000e+06 1.6938212820e+03 7.4239070204e-04 10 6
3.3231087059e+03 1.5804900000e+06 1.6938287059e+03 7.4239070205e-04 10 6
3.3231161298e+03 1.5805000000e+06 1.6938361298e+03 7.4239070204e-04 10 6
3.3231235537e+03 1.5805100000e+06 1.6938435537e+03 7.4239070205e-04 10 6
3.3231309776e+03 1.5805200000e+06 1.6938509776e+03 7.4239070202e-04 10 6
3.3231384015e+03 1.5805300000e+06 1.6938584015e+03 7.4239070227e-04 10 6
3.3231459534e+03 1.5805400000e+06 1.6938659534e+03 7.5519054170e-04 10 6
3.3231535053e+03 1.5805500000e+06 1.6938735053e+03 7.5519054167e-04 10 6
3.3231610572e+03 1.5805600000e+06 1.6938810572e+03 7.5519054167e-04 10 6
3.3231686091e+03 1.5805700000e+06 1.6938886091e+03 7.5519054167e-04 10 6
3.3231761610e+03 1.5805800000e+06 1.6938961610e+03 7.5519054167e-04 10 6
3.3231837130e+03 1.5805900000e+06 1.6939037130e+03 7.5519054167e-04 10 6
3.3231904875e+03 1.5806000000e+06 1.6939104875e+03 7.5555378874e-04 10 6
3.3231980430e+03 1.5806100000e+06 1.6939180430e+03 7.5555378876e-04 10 6
3.3232055986e+03 1.5806200000e+06 1.6939255986e+03 7.5555378880e-04 10 6
3.3232131541e+03 1.5806300000e+06 1.6939331541e+03 7.5555378885e-04 10 6
3.3232207097e+03 1.5806400000e+06 1.6939407097e+03 7.5555378885e-04 10 6
3.3232282652e+03 1.5806500000e+06 1.6939482652e+03 7.5555378885e-04 10 6
3.3232358207e+03 1.5806600000e+06 1.6939558207e+03 7.5555378885e-04 10 6
3.3232434792e+03 1.5806700000e+06 1.6939634792e+03 7.6699039395e-04 10 6
3.3232511491e+03 1.5806800000e+06 1.6939711491e+03 7.6699039395e-04 10 6
3.3232586942e+03 1.5806900000e+06 1.6939786942e+03 7.4915340807e-04 10 6
3.3232661857e+03 1.5807000000e+06 1.6939861857e+03 7.4915340813e-04 10 6
3.3232736772e+03 1.5807100000e+06 1.6939936772e+03 7.4915340816e-04 10 6
3.3232811688e+03 1.5807200000e+06 1.6940011688e+03 7.4915340812e-04 10 6
3.3232886844e+03 1.5807300000e+06 1.6940086844e+03 7.5519054172e-04 10 6
3.3232962363e+03 1.5807400000e+06 1.6940162363e+03 7.5519054169e-04 10 6
3.3233037079e+03 1.5807500000e+06 1.6940237079e+03 7.3912265781e-04 10 6
3.3233110991e+03 1.5807600000e+06 1.6940310991e+03 7.3912265784e-04 10 6
3.3233184904e+03 1.5807700000e+06 1.6940384904e+03 7.3912265790e-04 10 6
3.3233258816e+03 1.5807800000e+06 1.6940458816e+03 7.3912265792e-04 10 6
3.3233332728e+03 1.5807900000e+06 1.6940532728e+03 7.3912265801e-04 10 6
3.3233407926e+03 1.5808000000e+06 1.6940607926e+03 7.5519054171e-04 10 6
3.3233482834e+03 1.5808100000e+06 1.6940682834e+03 7.5648945905e-04 10 6
3.3233558483e+03 1.5808200000e+06 1.6940758483e+03 7.5648945906e-04 10 6
3.3233634132e+03 1.5808300000e+06 1.6940834132e+03 7.5648945907e-04 10 6
3.3233709781e+03 1.5808400000e+06 1.6940909781e+03 7.5648945909e-04 10 6
3.3233785430e+03 1.5808500000e+06 1.6940985430e+03 7.5648945915e-04 10 6
3.3233861040e+03 1.5808600000e+06 1.6941061040e+03 7.5519054172e-04 10 6
3.3233936559e+03 1.5808700000e+06 1.6941136559e+03 7.5519054169e-04 10 6
3.3234012750e+03 1.5808800000e+06 1.6941212750e+03 7.7197255371e-04 10 6
3.3234089947e+03 1.5808900000e+06 1.6941289947e+03 7.7197255375e-04 10 6
3.3234165281e+03 1.5809000000e+06 1.6941365281e+03 7.4535281053e-04 10 6
3.3234239816e+03 1.5809100000e+06 1.6941439816e+03 7.4535281052e-04 10 6
3.3234314351e+03 1.5809200000e+06 1.6941514351e+03 7.4535281040e-04 10 6
3.3234390618e+03 1.5809300000e+06 1.6941590618e+03 7.6699039395e-04 10 6
3.3234467317e+03 1.5809400000e+06 1.6941667317e+03 7.6699039395e-04 10 6
3.3234544016e+03 1.5809500000e+06 1.6941744016e+03 7.6699039396e-04 10 6
3.3234620715e+03 1.5809600000e+06 1.6941820715e+03 7.6699039398e-04 10 6
3.3234695177e+03 1.5809700000e+06 1.6941895177e+03 7.3503246093e-04 10 6
3.3234768680e+03 1.5809800000e+06 1.6941968680e+03 7.3503246102e-04 10 6
3.3234842902e+03 1.5809900000e+06 1.6942042902e+03 7.5500616904e-04 10 6
3.3234919282e+03 1.5810000000e+06 1.6942119282e+03 7.5331603690e-04 10 6
3.3234994613e+03 1.5810100000e+06 1.6942194613e+03 7.5331603689e-04 10 6
3.3235069945e+03 1.5810200000e+06 1.6942269945e+03 7.5331603688e-04 10 6
3.3235145276e+03 1.5810300000e+06 1.6942345276e+03 7.5331603686e-04 10 6
3.3235220608e+03 1.5810400000e+06 1.6942420608e+03 7.5331603679e-04 10 6
3.3235295940e+03 1.5810500000e+06 1.6942495940e+03 7.5331603678e-04 10 6
3.3235371421e+03 1.5810600000e+06 1.6942571421e+03 7.5519054171e-04 10 6
3.3235446940e+03 1.5810700000e+06 1.6942646940e+03 7.5519054167e-04 10 6
3.3235522459e+03 1.5810800000e+06 1.6942722459e+03 7.5519054167e-04 10 6
3.3235597978e+03 1.5810900000e+06 1.6942797978e+03 7.5519054167e-04 10 6
3.3235673497e+03 1.5811000000e+06 1.6942873497e+03 7.5519054167e-04 10 6
3.3235749017e+03 1.5811100000e+06 1.6942949017e+03 7.5519054167e-04 10 6
3.3235824536e+03 1.5811200000e+06 1.6943024536e+03 7.5519054172e-04 10 6
3.3235899287e+03 1.5811300000e+06 1.6943099287e+03 7.4239070204e-04 10 6
3.3235973526e+03 1.5811400000e+06 1.6943173526e+03 7.4239070204e-04 10 6
3.3236047765e+03 1.5811500000e+06 1.6943247765e+03 7.4239070204e-04 10 6
3.3236121433e+03 1.5811600000e+06 1.6943321433e+03 7.1383721352e-04 10 6
3.3236191977e+03 1.5811700000e+06 1.6943391977e+03 6.7184678923e-04 10 6
3.3236259161e+03 1.5811800000e+06 1.6943459161e+03 6.7184678915e-04 10 6
3.3236327816e+03 1.5811900000e+06 1.6943527816e+03 7.0124836017e-04 10 6
3.3236397941e+03 1.5812000000e+06 1.6943597941e+03 7.0124836017e-04 10 6
3.3236468066e+03 1.5812100000e+06 1.6943668066e+03 7.0124836016e-04 10 6
3.3236538191e+03 1.5812200000e+06 1.6943738191e+03 7.0124836015e-04 10 6
3.3236608315e+03 1.5812300000e+06 1.6943808315e+03 7.0124836013e-04 10 6
3.3236678440e+03 1.5812400000e+06 1.6943878440e+03 7.0124836009e-04 10 6
3.3236748565e+03 1.5812500000e+06 1.6943948565e+03 7.0124835997e-04 10 6
3.3236819198e+03 1.5812600000e+06 1.6944019198e+03 7.1141137988e-04 10 6
3.3236890339e+03 1.5812700000e+06 1.6944090339e+03 7.1141137985e-04 10 6
3.3236961642e+03 1.5812800000e+06 1.6944161642e+03 7.2757982028e-04 10 6
3.3237034400e+03 1.5812900000e+06 1.6944234400e+03 7.2757982029e-04 10 6
3.3237107158e+03 1.5813000000e+06 1.6944307158e+03 7.2757982031e-04 10 6
3.3237179916e+03 1.5813100000e+06 1.6944379916e+03 7.2757982035e-04 10 6
3.3237252674e+03 1.5813200000e+06 1.6944452674e+03 7.2757982048e-04 10 6
3.3237326564e+03 1.5813300000e+06 1.6944526564e+03 7.4374826078e-04 10 6
3.3237400939e+03 1.5813400000e+06 1.6944600939e+03 7.4374826076e-04 10 6
3.3237475313e+03 1.5813500000e+06 1.6944675313e+03 7.4374826072e-04 10 6
3.3237549688e+03 1.5813600000e+06 1.6944749688e+03 7.4374826067e-04 10 6
3.3237624063e+03 1.5813700000e+06 1.6944824063e+03 7.4374826067e-04 10 6
3.3237698438e+03 1.5813800000e+06 1.6944898438e+03 7.4374826067e-04 10 6
3.3237772927e+03 1.5813900000e+06 1.6944972927e+03 7.5519054173e-04 10 6
3.3237848446e+03 1.5814000000e+06 1.6945048446e+03 7.5519054170e-04 10 6
3.3237923965e+03 1.5814100000e+06 1.6945123965e+03 7.5519054166e-04 10 6
3.3237998379e+03 1.5814200000e+06 1.6945198379e+03 7.3677126017e-04 10 6
3.3238072056e+03 1.5814300000e+06 1.6945272056e+03 7.3677126020e-04 10 6
3.3238145733e+03 1.5814400000e+06 1.6945345733e+03 7.3677126025e-04 10 6
3.3238219411e+03 1.5814500000e+06 1.6945419411e+03 7.3677126034e-04 10 6
3.3238293437e+03 1.5814600000e+06 1.6945493437e+03 7.4374826078e-04 10 6
3.3238367811e+03 1.5814700000e+06 1.6945567811e+03 7.4374826076e-04 10 6
3.3238442186e+03 1.5814800000e+06 1.6945642186e+03 7.4374826073e-04 10 6
3.3238516561e+03 1.5814900000e+06 1.6945716561e+03 7.4374826067e-04 10 6
3.3238590936e+03 1.5815000000e+06 1.6945790936e+03 7.4374826067e-04 10 6
3.3238665311e+03 1.5815100000e+06 1.6945865311e+03 7.4374826067e-04 10 6
3.3238739685e+03 1.5815200000e+06 1.6945939685e+03 7.4374826067e-04 10 6
3.3238815090e+03 1.5815300000e+06 1.6946015090e+03 7.5519054170e-04 10 6
3.3238890609e+03 1.5815400000e+06 1.6946090609e+03 7.5519054167e-04 10 6
3.3238966128e+03 1.5815500000e+06 1.6946166128e+03 7.5519054166e-04 10 6
3.3239041647e+03 1.5815600000e+06 1.6946241647e+03 7.5519054168e-04 10 6
3.3239117166e+03 1.5815700000e+06 1.6946317166e+03 7.5519054165e-04 10 6
3.3239192685e+03 1.5815800000e+06 1.6946392685e+03 7.5519054170e-04 10 6
3.3239268204e+03 1.5815900000e+06 1.6946468204e+03 7.5519054172e-04 10 6
3.3239343724e+03 1.5816000000e+06 1.6946543724e+03 7.5519054169e-04 10 6
3.3239419243e+03 1.5816100000e+06 1.6946619243e+03 7.5519054167e-04 10 6
3.3239494762e+03 1.5816200000e+06 1.6946694762e+03 7.5519054167e-04 10 6
3.3239569952e+03 1.5816300000e+06 1.6946769952e+03 7.2235617029e-04 10 6
3.3239642188e+03 1.5816400000e+06 1.6946842188e+03 7.2235617038e-04 10 6
3.3239714424e+03 1.5816500000e+06 1.6946914424e+03 7.2235617048e-04 10 6
3.3239788371e+03 1.5816600000e+06 1.6946988371e+03 7.4374826078e-04 10 6
3.3239862745e+03 1.5816700000e+06 1.6947062745e+03 7.4374826075e-04 10 6
3.3239937120e+03 1.5816800000e+06 1.6947137120e+03 7.4374826072e-04 10 6
3.3240011495e+03 1.5816900000e+06 1.6947211495e+03 7.4374826067e-04 10 6
3.3240085870e+03 1.5817000000e+06 1.6947285870e+03 7.4374826069e-04 10 6
3.3240160245e+03 1.5817100000e+06 1.6947360245e+03 7.4374826065e-04 10 6
3.3240234619e+03 1.5817200000e+06 1.6947434619e+03 7.4374826079e-04 10 6
3.3240308994e+03 1.5817300000e+06 1.6947508994e+03 7.4374826077e-04 10 6
3.3240382017e+03 1.5817400000e+06 1.6947582017e+03 7.3022556512e-04 10 6
3.3240453712e+03 1.5817500000e+06 1.6947653712e+03 7.1362952958e-04 10 6
3.3240525075e+03 1.5817600000e+06 1.6947725075e+03 7.1362952964e-04 10 6
3.3240596438e+03 1.5817700000e+06 1.6947796438e+03 7.1362952961e-04 10 6
3.3240667801e+03 1.5817800000e+06 1.6947867801e+03 7.1362952966e-04 10 6
3.3240739075e+03 1.5817900000e+06 1.6947939075e+03 7.1141137988e-04 10 6
3.3240810216e+03 1.5818000000e+06 1.6948010216e+03 7.1141137985e-04 10 6
3.3240881357e+03 1.5818100000e+06 1.6948081357e+03 7.1141137983e-04 10 6
3.3240952498e+03 1.5818200000e+06 1.6948152498e+03 7.1141137983e-04 10 6
3.3241023639e+03 1.5818300000e+06 1.6948223639e+03 7.1141137983e-04 10 6
3.3241094781e+03 1.5818400000e+06 1.6948294781e+03 7.1141137983e-04 10 6
3.3241165922e+03 1.5818500000e+06 1.6948365922e+03 7.1141137983e-04 10 6
3.3241237063e+03 1.5818600000e+06 1.6948437063e+03 7.1141137988e-04 10 6
3.3241308204e+03 1.5818700000e+06 1.6948508204e+03 7.1141137985e-04 10 6
3.3241379345e+03 1.5818800000e+06 1.6948579345e+03 7.1141137983e-04 10 6
3.3241450486e+03 1.5818900000e+06 1.6948650486e+03 7.1141137982e-04 10 6
3.3241521627e+03 1.5819000000e+06 1.6948721627e+03 7.1141137983e-04 10 6
3.3241592768e+03 1.5819100000e+06 1.6948792768e+03 7.1141137981e-04 10 6
3.3241663910e+03 1.5819200000e+06 1.6948863910e+03 7.1141137987e-04 10 6
3.3241735051e+03 1.5819300000e+06 1.6948935051e+03 7.1141137987e-04 10 6
3.3241806192e+03 1.5819400000e+06 1.6949006192e+03 7.1141137984e-04 10 6
3.3241877333e+03 1.5819500000e+06 1.6949077333e+03 7.1141137983e-04 10 6
3.3241947464e+03 1.5819600000e+06 1.6949147464e+03 7.1447340871e-04 10 6
3.3242016962e+03 1.5819700000e+06 1.6949216962e+03 6.9282269935e-04 10 6
3.3242086245e+03 1.5819800000e+06 1.6949286245e+03 6.9282269930e-04 10 6
3.3242155527e+03 1.5819900000e+06 1.6949355527e+03 6.9282269915e-04 10 6
3.3242225925e+03 1.5820000000e+06 1.6949425925e+03 7.1141137987e-04 10 6
3.3242296354e+03 1.5820100000e+06 1.6949496354e+03 6.9955452352e-04 10 6
3.3242366424e+03 1.5820200000e+06 1.6949566424e+03 6.9929581254e-04 10 6
3.3242436353e+03 1.5820300000e+06 1.6949636353e+03 6.9929581258e-04 10 6
3.3242506283e+03 1.5820400000e+06 1.6949706283e+03 6.9929581265e-04 10 6
3.3242576212e+03 1.5820500000e+06 1.6949776212e+03 6.9929581262e-04 10 6
3.3242646142e+03 1.5820600000e+06 1.6949846142e+03 6.9929581268e-04 10 6
3.3242716189e+03 1.5820700000e+06 1.6949916189e+03 7.0124836017e-04 10 6
3.3242785522e+03 1.5820800000e+06 1.6949985522e+03 6.8993790275e-04 10 6
3.3242854516e+03 1.5820900000e+06 1.6950054516e+03 6.8993790275e-04 10 6
3.3242923509e+03 1.5821000000e+06 1.6950123509e+03 6.8993790276e-04 10 6
3.3242992503e+03 1.5821100000e+06 1.6950192503e+03 6.8993790277e-04 10 6
3.3243061497e+03 1.5821200000e+06 1.6950261497e+03 6.8993790279e-04 10 6
3.3243130491e+03 1.5821300000e+06 1.6950330491e+03 6.8993790289e-04 10 6
3.3243200050e+03 1.5821400000e+06 1.6950400050e+03 7.0124836017e-04 10 6
3.3243270175e+03 1.5821500000e+06 1.6950470175e+03 7.0124836017e-04 10 6
3.3243339152e+03 1.5821600000e+06 1.6950539152e+03 6.8849838998e-04 10 6
3.3243408002e+03 1.5821700000e+06 1.6950608002e+03 6.8849838998e-04 10 6
3.3243476852e+03 1.5821800000e+06 1.6950676852e+03 6.8849838997e-04 10 6
3.3243545702e+03 1.5821900000e+06 1.6950745702e+03 6.8849838996e-04 10 6
3.3243614552e+03 1.5822000000e+06 1.6950814552e+03 6.8849838993e-04 10 6
3.3243684318e+03 1.5822100000e+06 1.6950884318e+03 7.1141137988e-04 10 6
3.3243755459e+03 1.5822200000e+06 1.6950955459e+03 7.1141137985e-04 10 6
3.3243826600e+03 1.5822300000e+06 1.6951026600e+03 7.1141137983e-04 10 6
3.3243897741e+03 1.5822400000e+06 1.6951097741e+03 7.1141137983e-04 10 6
3.3243968883e+03 1.5822500000e+06 1.6951168883e+03 7.1141137983e-04 10 6
3.3244040024e+03 1.5822600000e+06 1.6951240024e+03 7.1141137983e-04 10 6
3.3244111165e+03 1.5822700000e+06 1.6951311165e+03 7.1141137983e-04 10 6
3.3244182306e+03 1.5822800000e+06 1.6951382306e+03 7.1141137988e-04 10 6
3.3244253447e+03 1.5822900000e+06 1.6951453447e+03 7.1141137985e-04 10 6
3.3244324588e+03 1.5823000000e+06 1.6951524588e+03 7.1141137983e-04 10 6
3.3244395729e+03 1.5823100000e+06 1.6951595729e+03 7.1141137982e-04 10 6
3.3244466870e+03 1.5823200000e+06 1.6951666870e+03 7.1141137983e-04 10 6
3.3244538012e+03 1.5823300000e+06 1.6951738012e+03 7.1141137981e-04 10 6
3.3244609153e+03 1.5823400000e+06 1.6951809153e+03 7.1141137987e-04 10 6
3.3244680922e+03 1.5823500000e+06 1.6951880922e+03 7.2187331193e-04 10 6
3.3244753109e+03 1.5823600000e+06 1.6951953109e+03 7.2187331194e-04 10 6
3.3244825296e+03 1.5823700000e+06 1.6952025296e+03 7.2187331193e-04 10 6
3.3244897484e+03 1.5823800000e+06 1.6952097484e+03 7.2187331194e-04 10 6
3.3244969671e+03 1.5823900000e+06 1.6952169671e+03 7.2187331192e-04 10 6
3.3245041858e+03 1.5824000000e+06 1.6952241858e+03 7.2187331195e-04 10 6
3.3245114046e+03 1.5824100000e+06 1.6952314046e+03 7.2187331186e-04 10 6
3.3245187983e+03 1.5824200000e+06 1.6952387983e+03 7.4374826078e-04 10 6
3.3245262358e+03 1.5824300000e+06 1.6952462358e+03 7.4374826075e-04 10 6
3.3245336733e+03 1.5824400000e+06 1.6952536733e+03 7.4374826072e-04 10 6
3.3245411107e+03 1.5824500000e+06 1.6952611107e+03 7.4374826067e-04 10 6
3.3245485482e+03 1.5824600000e+06 1.6952685482e+03 7.4374826069e-04 10 6
3.3245559857e+03 1.5824700000e+06 1.6952759857e+03 7.4374826065e-04 10 6
3.3245634697e+03 1.5824800000e+06 1.6952834697e+03 7.6699039394e-04 10 6
3.3245711822e+03 1.5824900000e+06 1.6952911822e+03 7.8119391975e-04 10 6
3.3245792566e+03 1.5825000000e+06 1.6952992566e+03 8.1452486031e-04 10 6
3.3245875648e+03 1.5825100000e+06 1.6953075648e+03 8.3779699915e-04 10 6
3.3245959235e+03 1.5825200000e+06 1.6953159235e+03 8.3886698250e-04 10 6
3.3246038927e+03 1.5825300000e+06 1.6953238927e+03 7.9226326125e-04 10 6
3.3246118412e+03 1.5825400000e+06 1.6953318412e+03 8.1812308687e-04 10 6
3.3246200224e+03 1.5825500000e+06 1.6953400224e+03 8.1812308686e-04 10 6
3.3246282037e+03 1.5825600000e+06 1.6953482037e+03 8.1812308686e-04 10 6
3.3246363849e+03 1.5825700000e+06 1.6953563849e+03 8.1812308684e-04 10 6
3.3246445661e+03 1.5825800000e+06 1.6953645661e+03 8.1812308681e-04 10 6
3.3246527474e+03 1.5825900000e+06 1.6953727474e+03 8.1812308672e-04 10 6
3.3246609286e+03 1.5826000000e+06 1.6953809286e+03 8.1812308687e-04 10 6
3.3246690354e+03 1.5826100000e+06 1.6953890354e+03 8.0324812166e-04 10 6
3.3246770679e+03 1.5826200000e+06 1.6953970679e+03 8.0324812165e-04 10 6
3.3246851004e+03 1.5826300000e+06 1.6954051004e+03 8.0324812166e-04 10 6
3.3246931329e+03 1.5826400000e+06 1.6954131329e+03 8.0324812165e-04 10 6
3.3247011654e+03 1.5826500000e+06 1.6954211654e+03 8.0324812168e-04 10 6
3.3247091978e+03 1.5826600000e+06 1.6954291978e+03 8.0324812143e-04 10 6
3.3247173645e+03 1.5826700000e+06 1.6954373645e+03 8.1841444125e-04 10 6
3.3247255292e+03 1.5826800000e+06 1.6954455292e+03 7.9892838312e-04 10 6
3.3247337182e+03 1.5826900000e+06 1.6954537182e+03 8.1890159274e-04 10 6
3.3247419072e+03 1.5827000000e+06 1.6954619072e+03 8.1890159278e-04 10 6
3.3247500962e+03 1.5827100000e+06 1.6954700962e+03 8.1890159274e-04 10 6
3.3247575687e+03 1.5827200000e+06 1.6954775687e+03 7.1653889358e-04 10 6
3.3247651253e+03 1.5827300000e+06 1.6954851253e+03 7.5441678092e-04 10 6
3.3247725840e+03 1.5827400000e+06 1.6954925840e+03 7.4018250203e-04 10 6
3.3247801080e+03 1.5827500000e+06 1.6955001080e+03 7.3688179971e-04 10 6
3.3247876502e+03 1.5827600000e+06 1.6955076502e+03 7.5855479385e-04 10 6
3.3247949732e+03 1.5827700000e+06 1.6955149732e+03 7.2937960954e-04 10 6
3.3248022670e+03 1.5827800000e+06 1.6955222670e+03 7.2937960954e-04 10 6
3.3248096039e+03 1.5827900000e+06 1.6955296039e+03 7.4374826079e-04 10 6
3.3248170413e+03 1.5828000000e+06 1.6955370413e+03 7.4374826077e-04 10 6
3.3248244961e+03 1.5828100000e+06 1.6955444961e+03 7.6104473192e-04 10 6
3.3248321066e+03 1.5828200000e+06 1.6955521066e+03 7.6104473192e-04 10 6
3.3248397170e+03 1.5828300000e+06 1.6955597170e+03 7.6104473192e-04 10 6
3.3248473275e+03 1.5828400000e+06 1.6955673275e+03 7.6104473192e-04 10 6
3.3248549379e+03 1.5828500000e+06 1.6955749379e+03 7.6104473192e-04 10 6
3.3248625959e+03 1.5828600000e+06 1.6955825959e+03 7.6699039395e-04 10 6
3.3248702658e+03 1.5828700000e+06 1.6955902658e+03 7.6699039395e-04 10 6
3.3248779357e+03 1.5828800000e+06 1.6955979357e+03 7.6699039396e-04 10 6
3.3248856056e+03 1.5828900000e+06 1.6956056056e+03 7.6699039398e-04 10 6
3.3248932755e+03 1.5829000000e+06 1.6956132755e+03 7.6699039402e-04 10 6
3.3249009454e+03 1.5829100000e+06 1.6956209454e+03 7.6699039417e-04 10 6
3.3249086640e+03 1.5829200000e+06 1.6956286640e+03 7.7916484465e-04 10 6
3.3249164257e+03 1.5829300000e+06 1.6956364257e+03 7.6418090535e-04 10 6
3.3249242108e+03 1.5829400000e+06 1.6956442108e+03 7.8010134091e-04 10 6
3.3249320118e+03 1.5829500000e+06 1.6956520118e+03 7.8010134096e-04 10 6
3.3249398128e+03 1.5829600000e+06 1.6956598128e+03 7.8010134098e-04 10 6
3.3249476139e+03 1.5829700000e+06 1.6956676139e+03 7.8010134098e-04 10 6
3.3249554265e+03 1.5829800000e+06 1.6956754265e+03 7.9173201955e-04 10 6
3.3249633438e+03 1.5829900000e+06 1.6956833438e+03 7.9173201957e-04 10 6
3.3249712611e+03 1.5830000000e+06 1.6956912611e+03 7.9173201959e-04 10 6
3.3249791785e+03 1.5830100000e+06 1.6956991785e+03 7.9173201962e-04 10 6
3.3249870958e+03 1.5830200000e+06 1.6957070958e+03 7.9173201969e-04 10 6
3.3249950131e+03 1.5830300000e+06 1.6957150131e+03 7.9173201971e-04 10 6
3.3250029304e+03 1.5830400000e+06 1.6957229304e+03 7.9173201971e-04 10 6
3.3250109646e+03 1.5830500000e+06 1.6957309646e+03 8.0471123301e-04 10 6
3.3250190117e+03 1.5830600000e+06 1.6957390117e+03 8.0471123305e-04 10 6
3.3250270588e+03 1.5830700000e+06 1.6957470588e+03 8.0471123305e-04 10 6
3.3250351059e+03 1.5830800000e+06 1.6957551059e+03 8.0471123307e-04 10 6
3.3250431530e+03 1.5830900000e+06 1.6957631530e+03 8.0471123304e-04 10 6
3.3250512001e+03 1.5831000000e+06 1.6957712001e+03 8.0471123313e-04 10 6
3.3250593545e+03 1.5831100000e+06 1.6957793545e+03 8.1812308687e-04 10 6
3.3250675358e+03 1.5831200000e+06 1.6957875358e+03 8.1812308686e-04 10 6
3.3250757170e+03 1.5831300000e+06 1.6957957170e+03 8.1812308685e-04 10 6
3.3250838982e+03 1.5831400000e+06 1.6958038982e+03 8.1812308682e-04 10 6
3.3250920795e+03 1.5831500000e+06 1.6958120795e+03 8.1812308676e-04 10 6
3.3251002607e+03 1.5831600000e+06 1.6958202607e+03 8.1812308675e-04 10 6
3.3251085528e+03 1.5831700000e+06 1.6958285528e+03 8.3198957986e-04 10 6
3.3251165181e+03 1.5831800000e+06 1.6958365181e+03 7.8332352269e-04 10 6
3.3251243513e+03 1.5831900000e+06 1.6958443513e+03 7.8332352270e-04 10 6
3.3251321845e+03 1.5832000000e+06 1.6958521845e+03 7.8332352270e-04 10 6
3.3251400178e+03 1.5832100000e+06 1.6958600178e+03 7.8332352271e-04 10 6
3.3251478510e+03 1.5832200000e+06 1.6958678510e+03 7.8332352277e-04 10 6
3.3251557347e+03 1.5832300000e+06 1.6958757347e+03 7.9173201956e-04 10 6
3.3251635026e+03 1.5832400000e+06 1.6958835026e+03 7.6185533959e-04 10 6
3.3251709657e+03 1.5832500000e+06 1.6958909657e+03 7.4630727140e-04 10 6
3.3251784288e+03 1.5832600000e+06 1.6958984288e+03 7.4630727136e-04 10 6
3.3251858919e+03 1.5832700000e+06 1.6959058919e+03 7.4630727136e-04 10 6
3.3251933549e+03 1.5832800000e+06 1.6959133549e+03 7.4630727136e-04 10 6
3.3252008154e+03 1.5832900000e+06 1.6959208154e+03 7.4374826079e-04 10 6
3.3252082529e+03 1.5833000000e+06 1.6959282529e+03 7.4374826077e-04 10 6
3.3252156904e+03 1.5833100000e+06 1.6959356904e+03 7.4374826074e-04 10 6
3.3252231279e+03 1.5833200000e+06 1.6959431279e+03 7.4374826070e-04 10 6
3.3252305378e+03 1.5833300000e+06 1.6959505378e+03 7.1620202880e-04 10 6
3.3252376999e+03 1.5833400000e+06 1.6959576999e+03 7.1620202880e-04 10 6
3.3252448619e+03 1.5833500000e+06 1.6959648619e+03 7.1620202880e-04 10 6
3.3252520897e+03 1.5833600000e+06 1.6959720897e+03 7.3264754047e-04 10 6
3.3252594263e+03 1.5833700000e+06 1.6959794263e+03 7.3245694535e-04 10 6
3.3252667508e+03 1.5833800000e+06 1.6959867508e+03 7.3245694534e-04 10 6
3.3252740754e+03 1.5833900000e+06 1.6959940754e+03 7.3245694534e-04 10 6
3.3252814000e+03 1.5834000000e+06 1.6960014000e+03 7.3245694534e-04 10 6
3.3252887245e+03 1.5834100000e+06 1.6960087245e+03 7.3245694534e-04 10 6
3.3252960491e+03 1.5834200000e+06 1.6960160491e+03 7.3245694534e-04 10 6
3.3253033750e+03 1.5834300000e+06 1.6960233750e+03 7.3264754047e-04 10 6
3.3253107015e+03 1.5834400000e+06 1.6960307015e+03 7.3264754043e-04 10 6
3.3253180280e+03 1.5834500000e+06 1.6960380280e+03 7.3264754041e-04 10 6
3.3253253544e+03 1.5834600000e+06 1.6960453544e+03 7.3264754042e-04 10 6
3.3253326809e+03 1.5834700000e+06 1.6960526809e+03 7.3264754041e-04 10 6
3.3253400074e+03 1.5834800000e+06 1.6960600074e+03 7.3264754044e-04 10 6
3.3253473339e+03 1.5834900000e+06 1.6960673339e+03 7.3264754019e-04 10 6
3.3253547713e+03 1.5835000000e+06 1.6960747713e+03 7.4374826077e-04 10 6
3.3253622088e+03 1.5835100000e+06 1.6960822088e+03 7.4374826075e-04 10 6
3.3253696463e+03 1.5835200000e+06 1.6960896463e+03 7.4374826071e-04 10 6
3.3253770838e+03 1.5835300000e+06 1.6960970838e+03 7.4374826068e-04 10 6
3.3253845213e+03 1.5835400000e+06 1.6961045213e+03 7.4374826066e-04 10 6
3.3253919587e+03 1.5835500000e+06 1.6961119587e+03 7.4374826071e-04 10 6
3.3253993962e+03 1.5835600000e+06 1.6961193962e+03 7.4374826079e-04 10 6
3.3254068337e+03 1.5835700000e+06 1.6961268337e+03 7.4374826076e-04 10 6
3.3254142712e+03 1.5835800000e+06 1.6961342712e+03 7.4374826073e-04 10 6
3.3254217087e+03 1.5835900000e+06 1.6961417087e+03 7.4374826068e-04 10 6
3.3254291462e+03 1.5836000000e+06 1.6961491462e+03 7.4374826068e-04 10 6
3.3254365836e+03 1.5836100000e+06 1.6961565836e+03 7.4374826066e-04 10 6
3.3254440211e+03 1.5836200000e+06 1.6961640211e+03 7.4374826075e-04 10 6
3.3254516120e+03 1.5836300000e+06 1.6961716120e+03 7.6757071452e-04 10 6
3.3254592878e+03 1.5836400000e+06 1.6961792878e+03 7.6757071452e-04 10 6
3.3254669635e+03 1.5836500000e+06 1.6961869635e+03 7.6757071451e-04 10 6
3.3254746392e+03 1.5836600000e+06 1.6961946392e+03 7.6757071452e-04 10 6
3.3254823149e+03 1.5836700000e+06 1.6962023149e+03 7.6757071450e-04 10 6
3.3254897115e+03 1.5836800000e+06 1.6962097115e+03 6.9779155865e-04 10 6
3.3254968730e+03 1.5836900000e+06 1.6962168730e+03 7.5500616904e-04 10 6
3.3255045079e+03 1.5837000000e+06 1.6962245079e+03 7.5337498287e-04 10 6
3.3255120416e+03 1.5837100000e+06 1.6962320416e+03 7.5337498288e-04 10 6
3.3255195754e+03 1.5837200000e+06 1.6962395754e+03 7.5337498287e-04 10 6
3.3255269975e+03 1.5837300000e+06 1.6962469975e+03 7.2547220572e-04 10 6
3.3255342523e+03 1.5837400000e+06 1.6962542523e+03 7.2547220566e-04 10 6
3.3255415070e+03 1.5837500000e+06 1.6962615070e+03 7.2547220566e-04 10 6
3.3255488896e+03 1.5837600000e+06 1.6962688896e+03 7.4374826078e-04 10 6
3.3255563271e+03 1.5837700000e+06 1.6962763271e+03 7.4374826076e-04 10 6
3.3255637646e+03 1.5837800000e+06 1.6962837646e+03 7.4374826072e-04 10 6
3.3255712021e+03 1.5837900000e+06 1.6962912021e+03 7.4374826067e-04 10 6
3.3255786396e+03 1.5838000000e+06 1.6962986396e+03 7.4374826067e-04 10 6
3.3255860770e+03 1.5838100000e+06 1.6963060770e+03 7.4374826067e-04 10 6
3.3255935145e+03 1.5838200000e+06 1.6963135145e+03 7.4374826079e-04 10 6
3.3256009520e+03 1.5838300000e+06 1.6963209520e+03 7.4374826077e-04 10 6
3.3256083895e+03 1.5838400000e+06 1.6963283895e+03 7.4374826074e-04 10 6
3.3256158270e+03 1.5838500000e+06 1.6963358270e+03 7.4374826070e-04 10 6
3.3256232389e+03 1.5838600000e+06 1.6963432389e+03 7.4476989291e-04 10 6
3.3256305690e+03 1.5838700000e+06 1.6963505690e+03 7.0557147750e-04 10 6
3.3256376247e+03 1.5838800000e+06 1.6963576247e+03 7.0557147754e-04 10 6
3.3256447994e+03 1.5838900000e+06 1.6963647994e+03 7.3247934775e-04 10 6
3.3256521576e+03 1.5839000000e+06 1.6963721576e+03 7.3184790002e-04 10 6
3.3256595539e+03 1.5839100000e+06 1.6963795539e+03 7.4741913190e-04 10 6
3.3256670281e+03 1.5839200000e+06 1.6963870281e+03 7.4741913186e-04 10 6
3.3256745023e+03 1.5839300000e+06 1.6963945023e+03 7.4741913180e-04 10 6
3.3256817149e+03 1.5839400000e+06 1.6964017149e+03 7.1004817518e-04 10 6
3.3256888154e+03 1.5839500000e+06 1.6964088154e+03 7.1004817505e-04 10 6
3.3256962673e+03 1.5839600000e+06 1.6964162673e+03 7.6781771908e-04 10 6
3.3257038731e+03 1.5839700000e+06 1.6964238731e+03 7.5333059230e-04 10 6
3.3257116588e+03 1.5839800000e+06 1.6964316588e+03 8.3453412782e-04 10 6
3.3257203520e+03 1.5839900000e+06 1.6964403520e+03 8.9458745214e-04 10 6
3.3257292979e+03 1.5840000000e+06 1.6964492979e+03 8.9458745218e-04 10 6
3.3257382438e+03 1.5840100000e+06 1.6964582438e+03 8.9458745227e-04 10 6
3.3257474424e+03 1.5840200000e+06 1.6964674424e+03 9.2617707946e-04 10 6
3.3257567041e+03 1.5840300000e+06 1.6964767041e+03 9.2617707946e-04 10 6
3.3257659659e+03 1.5840400000e+06 1.6964859659e+03 9.2617707946e-04 10 6
3.3257752277e+03 1.5840500000e+06 1.6964952277e+03 9.2617707946e-04 10 6
3.3257844894e+03 1.5840600000e+06 1.6965044894e+03 9.2617707946e-04 10 6
3.3257937512e+03 1.5840700000e+06 1.6965137512e+03 9.2617707947e-04 10 6
3.3258030130e+03 1.5840800000e+06 1.6965230130e+03 9.2617707946e-04 10 6
3.3258122747e+03 1.5840900000e+06 1.6965322747e+03 9.2617707947e-04 10 6
3.3258215365e+03 1.5841000000e+06 1.6965415365e+03 9.2617707945e-04 10 6
3.3258307983e+03 1.5841100000e+06 1.6965507983e+03 9.2617707949e-04 10 6
3.3258401712e+03 1.5841200000e+06 1.6965601712e+03 9.8174770424e-04 10 6
3.3258499887e+03 1.5841300000e+06 1.6965699887e+03 9.8174770421e-04 10 6
3.3258598062e+03 1.5841400000e+06 1.6965798062e+03 9.8174770415e-04 10 6
3.3258696236e+03 1.5841500000e+06 1.6965896236e+03 9.8174770413e-04 10 6
3.3258793429e+03 1.5841600000e+06 1.6965993429e+03 8.8357293375e-04 10 6
3.3258882213e+03 1.5841700000e+06 1.6966082213e+03 9.2617707948e-04 10 6
3.3258974830e+03 1.5841800000e+06 1.6966174830e+03 9.2617707946e-04 10 6
3.3259067448e+03 1.5841900000e+06 1.6966267448e+03 9.2617707947e-04 10 6
3.3259155711e+03 1.5842000000e+06 1.6966355711e+03 8.6714175881e-04 10 6
3.3259240599e+03 1.5842100000e+06 1.6966440599e+03 8.2150271891e-04 10 6
3.3259322750e+03 1.5842200000e+06 1.6966522750e+03 8.2150271896e-04 10 6
3.3259406884e+03 1.5842300000e+06 1.6966606884e+03 8.6118219670e-04 10 6
3.3259492694e+03 1.5842400000e+06 1.6966692694e+03 8.6191511772e-04 10 6
3.3259578168e+03 1.5842500000e+06 1.6966778168e+03 8.3797303114e-04 10 6
3.3259661965e+03 1.5842600000e+06 1.6966861965e+03 8.3797303114e-04 10 6
3.3259745762e+03 1.5842700000e+06 1.6966945762e+03 8.3797303114e-04 10 6
3.3259829559e+03 1.5842800000e+06 1.6967029559e+03 8.3797303114e-04 10 6
3.3259913814e+03 1.5842900000e+06 1.6967113814e+03 8.4658588829e-04 10 6
3.3259997855e+03 1.5843000000e+06 1.6967197855e+03 8.4809092986e-04 10 6
3.3260081643e+03 1.5843100000e+06 1.6967281643e+03 8.5138576640e-04 10 6
3.3260164726e+03 1.5843200000e+06 1.6967364726e+03 8.2202763655e-04 10 6
3.3260246929e+03 1.5843300000e+06 1.6967446929e+03 8.2202763654e-04 10 6
3.3260329132e+03 1.5843400000e+06 1.6967529132e+03 8.2202763663e-04 10 6
3.3260412809e+03 1.5843500000e+06 1.6967612809e+03 8.3066137172e-04 10 6
3.3260497007e+03 1.5843600000e+06 1.6967697007e+03 8.2790169941e-04 10 6
3.3260581097e+03 1.5843700000e+06 1.6967781097e+03 8.2370625161e-04 10 6
3.3260663468e+03 1.5843800000e+06 1.6967863468e+03 8.2370625162e-04 10 6
3.3260745839e+03 1.5843900000e+06 1.6967945839e+03 8.2370625163e-04 10 6
3.3260828209e+03 1.5844000000e+06 1.6968028209e+03 8.2370625182e-04 10 6
3.3260913267e+03 1.5844100000e+06 1.6968113267e+03 8.6260988602e-04 10 6
3.3260998715e+03 1.5844200000e+06 1.6968198715e+03 8.6474929545e-04 10 6
3.3261085190e+03 1.5844300000e+06 1.6968285190e+03 8.6474929544e-04 10 6
3.3261171665e+03 1.5844400000e+06 1.6968371665e+03 8.6474929542e-04 10 6
3.3261258140e+03 1.5844500000e+06 1.6968458140e+03 8.6474929534e-04 10 6
3.3261344544e+03 1.5844600000e+06 1.6968544544e+03 8.6118219670e-04 10 6
3.3261429386e+03 1.5844700000e+06 1.6968629386e+03 8.4523437825e-04 10 6
3.3261513910e+03 1.5844800000e+06 1.6968713910e+03 8.4523437827e-04 10 6
3.3261596501e+03 1.5844900000e+06 1.6968796501e+03 8.2108482463e-04 10 6
3.3261678610e+03 1.5845000000e+06 1.6968878610e+03 8.2108482467e-04 10 6
3.3261760718e+03 1.5845100000e+06 1.6968960718e+03 8.2108482479e-04 10 6
3.3261843154e+03 1.5845200000e+06 1.6969043154e+03 8.3198957987e-04 10 6
3.3261926353e+03 1.5845300000e+06 1.6969126353e+03 8.3198957986e-04 10 6
3.3262009552e+03 1.5845400000e+06 1.6969209552e+03 8.3198957987e-04 10 6
3.3262091919e+03 1.5845500000e+06 1.6969291919e+03 8.0425659389e-04 10 6
3.3262172344e+03 1.5845600000e+06 1.6969372344e+03 8.0425659394e-04 10 6
3.3262248302e+03 1.5845700000e+06 1.6969448302e+03 7.5957567212e-04 10 6
3.3262324408e+03 1.5845800000e+06 1.6969524408e+03 7.6699039394e-04 10 6
3.3262400861e+03 1.5845900000e+06 1.6969600861e+03 7.5298275332e-04 10 6
3.3262476159e+03 1.5846000000e+06 1.6969676159e+03 7.5298275328e-04 10 6
3.3262551242e+03 1.5846100000e+06 1.6969751242e+03 7.3146896033e-04 10 6
3.3262625515e+03 1.5846200000e+06 1.6969825515e+03 7.2678005678e-04 10 6
3.3262698193e+03 1.5846300000e+06 1.6969898193e+03 7.2678005675e-04 10 6
3.3262770871e+03 1.5846400000e+06 1.6969970871e+03 7.2678005681e-04 10 6
3.3262844567e+03 1.5846500000e+06 1.6970044567e+03 7.4374826078e-04 10 6
3.3262918827e+03 1.5846600000e+06 1.6970118827e+03 7.4397724733e-04 10 6
3.3262993090e+03 1.5846700000e+06 1.6970193090e+03 7.4431419356e-04 10 6
3.3263067358e+03 1.5846800000e+06 1.6970267358e+03 7.4485828290e-04 10 6
3.3263139609e+03 1.5846900000e+06 1.6970339609e+03 7.2002967342e-04 10 6
3.3263211612e+03 1.5847000000e+06 1.6970411612e+03 7.2002967340e-04 10 6
3.3263283615e+03 1.5847100000e+06 1.6970483615e+03 7.2002967340e-04 10 6
3.3263356851e+03 1.5847200000e+06 1.6970556851e+03 7.3247934774e-04 10 6
3.3263430099e+03 1.5847300000e+06 1.6970630099e+03 7.3247934773e-04 10 6
3.3263503347e+03 1.5847400000e+06 1.6970703347e+03 7.3247934772e-04 10 6
3.3263576595e+03 1.5847500000e+06 1.6970776595e+03 7.3247934770e-04 10 6
3.3263649843e+03 1.5847600000e+06 1.6970849843e+03 7.3247934765e-04 10 6
3.3263723091e+03 1.5847700000e+06 1.6970923091e+03 7.3247934754e-04 10 6
3.3263796564e+03 1.5847800000e+06 1.6970996564e+03 7.4374826079e-04 10 6
3.3263870835e+03 1.5847900000e+06 1.6971070835e+03 7.4394179402e-04 10 6
3.3263945560e+03 1.5848000000e+06 1.6971145560e+03 7.6047383388e-04 10 6
3.3264021607e+03 1.5848100000e+06 1.6971221607e+03 7.6047383387e-04 10 6
3.3264097654e+03 1.5848200000e+06 1.6971297654e+03 7.6047383385e-04 10 6
3.3264173702e+03 1.5848300000e+06 1.6971373702e+03 7.6047383381e-04 10 6
3.3264249749e+03 1.5848400000e+06 1.6971449749e+03 7.6047383368e-04 10 6
3.3264326253e+03 1.5848500000e+06 1.6971526253e+03 7.6699039394e-04 10 6
3.3264402952e+03 1.5848600000e+06 1.6971602952e+03 7.6699039395e-04 10 6
3.3264479651e+03 1.5848700000e+06 1.6971679651e+03 7.6699039396e-04 10 6
3.3264556350e+03 1.5848800000e+06 1.6971756350e+03 7.6699039398e-04 10 6
3.3264633049e+03 1.5848900000e+06 1.6971833049e+03 7.6699039401e-04 10 6
3.3264707656e+03 1.5849000000e+06 1.6971907656e+03 6.9726399463e-04 10 6
3.3264778777e+03 1.5849100000e+06 1.6971978777e+03 7.6699039394e-04 10 6
3.3264855226e+03 1.5849200000e+06 1.6972055226e+03 7.6747126568e-04 10 6
3.3264930769e+03 1.5849300000e+06 1.6972130769e+03 7.5242280950e-04 10 6
3.3265006011e+03 1.5849400000e+06 1.6972206011e+03 7.5242280951e-04 10 6
3.3265081254e+03 1.5849500000e+06 1.6972281254e+03 7.5242280953e-04 10 6
3.3265156496e+03 1.5849600000e+06 1.6972356496e+03 7.5242280959e-04 10 6
3.3265231738e+03 1.5849700000e+06 1.6972431738e+03 7.5242280968e-04 10 6
3.3265308853e+03 1.5849800000e+06 1.6972508853e+03 7.7916484465e-04 10 6
3.3265386769e+03 1.5849900000e+06 1.6972586769e+03 7.7916484468e-04 10 6
3.3265464685e+03 1.5850000000e+06 1.6972664685e+03 7.7916484473e-04 10 6
3.3265542602e+03 1.5850100000e+06 1.6972742602e+03 7.7916484475e-04 10 6
3.3265620518e+03 1.5850200000e+06 1.6972820518e+03 7.7916484473e-04 10 6
3.3265698435e+03 1.5850300000e+06 1.6972898435e+03 7.7916484478e-04 10 6
3.3265777910e+03 1.5850400000e+06 1.6972977910e+03 8.1812308687e-04 10 6
3.3265859722e+03 1.5850500000e+06 1.6973059722e+03 8.1812308686e-04 10 6
3.3265942898e+03 1.5850600000e+06 1.6973142898e+03 8.3760220799e-04 10 6
3.3266026658e+03 1.5850700000e+06 1.6973226658e+03 8.3760220804e-04 10 6
3.3266110418e+03 1.5850800000e+06 1.6973310418e+03 8.3760220809e-04 10 6
3.3266194179e+03 1.5850900000e+06 1.6973394179e+03 8.3760220809e-04 10 6
3.3266280684e+03 1.5851000000e+06 1.6973480684e+03 8.9249791295e-04 10 6
3.3266369933e+03 1.5851100000e+06 1.6973569933e+03 8.9249791297e-04 10 6
3.3266459183e+03 1.5851200000e+06 1.6973659183e+03 8.9249791299e-04 10 6
3.3266548433e+03 1.5851300000e+06 1.6973748433e+03 8.9249791303e-04 10 6
3.3266637683e+03 1.5851400000e+06 1.6973837683e+03 8.9249791311e-04 10 6
3.3266726933e+03 1.5851500000e+06 1.6973926933e+03 8.9249791336e-04 10 6
3.3266816182e+03 1.5851600000e+06 1.6974016182e+03 8.9249791296e-04 10 6
3.3266903669e+03 1.5851700000e+06 1.6974103669e+03 8.2667619189e-04 10 6
3.3266986337e+03 1.5851800000e+06 1.6974186337e+03 8.2667619185e-04 10 6
3.3267067567e+03 1.5851900000e+06 1.6974267567e+03 7.9073374870e-04 10 6
3.3267146640e+03 1.5852000000e+06 1.6974346640e+03 7.9073374877e-04 10 6
3.3267225854e+03 1.5852100000e+06 1.6974425854e+03 8.0471123299e-04 10 6
3.3267303870e+03 1.5852200000e+06 1.6974503870e+03 7.6379371266e-04 10 6
3.3267378835e+03 1.5852300000e+06 1.6974578835e+03 7.4964938467e-04 10 6
3.3267453799e+03 1.5852400000e+06 1.6974653799e+03 7.4964938471e-04 10 6
3.3267528764e+03 1.5852500000e+06 1.6974728764e+03 7.4964938472e-04 10 6
3.3267603729e+03 1.5852600000e+06 1.6974803729e+03 7.4964938470e-04 10 6
3.3267678694e+03 1.5852700000e+06 1.6974878694e+03 7.4964938476e-04 10 6
3.3267754700e+03 1.5852800000e+06 1.6974954700e+03 7.6699039394e-04 10 6
3.3267831399e+03 1.5852900000e+06 1.6975031399e+03 7.6699039395e-04 10 6
3.3267908098e+03 1.5853000000e+06 1.6975108098e+03 7.6699039396e-04 10 6
3.3267985564e+03 1.5853100000e+06 1.6975185564e+03 7.9255674042e-04 10 6
3.3268064819e+03 1.5853200000e+06 1.6975264819e+03 7.9255674041e-04 10 6
3.3268144075e+03 1.5853300000e+06 1.6975344075e+03 7.9255674041e-04 10 6
3.3268223695e+03 1.5853400000e+06 1.6975423695e+03 8.0471123299e-04 10 6
3.3268304940e+03 1.5853500000e+06 1.6975504940e+03 8.2018644904e-04 10 6
3.3268388599e+03 1.5853600000e+06 1.6975588599e+03 8.3841281459e-04 10 6
3.3268472441e+03 1.5853700000e+06 1.6975672441e+03 8.3841281459e-04 10 6
3.3268556282e+03 1.5853800000e+06 1.6975756282e+03 8.3841281460e-04 10 6
3.3268640123e+03 1.5853900000e+06 1.6975840123e+03 8.3841281464e-04 10 6
3.3268724875e+03 1.5854000000e+06 1.6975924875e+03 8.6118219670e-04 10 6
3.3268810993e+03 1.5854100000e+06 1.6976010993e+03 8.6118219668e-04 10 6
3.3268897112e+03 1.5854200000e+06 1.6976097112e+03 8.6118219665e-04 10 6
3.3268983230e+03 1.5854300000e+06 1.6976183230e+03 8.6118219660e-04 10 6
3.3269069348e+03 1.5854400000e+06 1.6976269348e+03 8.6118219656e-04 10 6
3.3269155466e+03 1.5854500000e+06 1.6976355466e+03 8.6118219656e-04 10 6
3.3269242661e+03 1.5854600000e+06 1.6976442661e+03 8.7656045022e-04 10 6
3.3269330317e+03 1.5854700000e+06 1.6976530317e+03 8.7656045021e-04 10 6
3.3269417973e+03 1.5854800000e+06 1.6976617973e+03 8.7656045019e-04 10 6
3.3269505629e+03 1.5854900000e+06 1.6976705629e+03 8.7656045016e-04 10 6
3.3269593285e+03 1.5855000000e+06 1.6976793285e+03 8.7656045007e-04 10 6
3.3269681437e+03 1.5855100000e+06 1.6976881437e+03 9.2617707948e-04 10 6
3.3269774055e+03 1.5855200000e+06 1.6976974055e+03 9.2617707946e-04 10 6
3.3269866673e+03 1.5855300000e+06 1.6977066673e+03 9.2617707947e-04 10 6
3.3269959291e+03 1.5855400000e+06 1.6977159291e+03 9.2617707945e-04 10 6
3.3270051908e+03 1.5855500000e+06 1.6977251908e+03 9.2617707948e-04 10 6
3.3270144526e+03 1.5855600000e+06 1.6977344526e+03 9.2617707939e-04 10 6
3.3270238569e+03 1.5855700000e+06 1.6977438569e+03 9.4398817715e-04 10 6
3.3270332967e+03 1.5855800000e+06 1.6977532967e+03 9.4398817713e-04 10 6
3.3270427366e+03 1.5855900000e+06 1.6977627366e+03 9.4398817715e-04 10 6
3.3270521765e+03 1.5856000000e+06 1.6977721765e+03 9.4398817713e-04 10 6
3.3270616164e+03 1.5856100000e+06 1.6977816164e+03 9.4398817719e-04 10 6
3.3270710563e+03 1.5856200000e+06 1.6977910563e+03 9.4398817714e-04 10 6
3.3270804961e+03 1.5856300000e+06 1.6978004961e+03 9.4398817715e-04 10 6
3.3270899360e+03 1.5856400000e+06 1.6978099360e+03 9.4398817713e-04 10 6
3.3270993759e+03 1.5856500000e+06 1.6978193759e+03 9.4398817715e-04 10 6
3.3271079444e+03 1.5856600000e+06 1.6978279444e+03 8.1691284570e-04 10 6
3.3271161437e+03 1.5856700000e+06 1.6978361437e+03 8.3198957986e-04 10 6
3.3271245226e+03 1.5856800000e+06 1.6978445226e+03 8.3073374654e-04 10 6
3.3271328300e+03 1.5856900000e+06 1.6978528300e+03 8.3073374652e-04 10 6
3.3271410114e+03 1.5857000000e+06 1.6978610114e+03 8.0555999662e-04 10 6
3.3271490670e+03 1.5857100000e+06 1.6978690670e+03 8.0555999669e-04 10 6
3.3271571226e+03 1.5857200000e+06 1.6978771226e+03 8.0555999673e-04 10 6
3.3271652034e+03 1.5857300000e+06 1.6978852034e+03 8.1812308687e-04 10 6
3.3271733846e+03 1.5857400000e+06 1.6978933846e+03 8.1812308686e-04 10 6
3.3271815454e+03 1.5857500000e+06 1.6979015454e+03 7.9767000968e-04 10 6
3.3271897320e+03 1.5857600000e+06 1.6979097320e+03 8.1866132568e-04 10 6
3.3271979186e+03 1.5857700000e+06 1.6979179186e+03 8.1866132565e-04 10 6
3.3272057777e+03 1.5857800000e+06 1.6979257777e+03 7.6408390391e-04 10 6
3.3272134726e+03 1.5857900000e+06 1.6979334726e+03 8.1812308687e-04 10 6
3.3272216538e+03 1.5858000000e+06 1.6979416538e+03 8.1812308686e-04 10 6
3.3272298218e+03 1.5858100000e+06 1.6979498218e+03 8.1846397150e-04 10 6
3.3272380064e+03 1.5858200000e+06 1.6979580064e+03 8.1846397152e-04 10 6
3.3272461911e+03 1.5858300000e+06 1.6979661911e+03 8.1846397156e-04 10 6
3.3272543757e+03 1.5858400000e+06 1.6979743757e+03 8.1846397165e-04 10 6
3.3272625600e+03 1.5858500000e+06 1.6979825600e+03 8.1812308687e-04 10 6
3.3272707412e+03 1.5858600000e+06 1.6979907412e+03 8.1812308686e-04 10 6
3.3272790647e+03 1.5858700000e+06 1.6979990647e+03 8.3590837137e-04 10 6
3.3272874238e+03 1.5858800000e+06 1.6980074238e+03 8.3590837139e-04 10 6
3.3272957829e+03 1.5858900000e+06 1.6980157829e+03 8.3590837144e-04 10 6
3.3273041420e+03 1.5859000000e+06 1.6980241420e+03 8.3590837155e-04 10 6
3.3273125516e+03 1.5859100000e+06 1.6980325516e+03 8.6118219670e-04 10 6
3.3273211634e+03 1.5859200000e+06 1.6980411634e+03 8.6118219669e-04 10 6
3.3273297753e+03 1.5859300000e+06 1.6980497753e+03 8.6118219666e-04 10 6
3.3273383871e+03 1.5859400000e+06 1.6980583871e+03 8.6118219661e-04 10 6
3.3273469989e+03 1.5859500000e+06 1.6980669989e+03 8.6118219656e-04 10 6
3.3273556107e+03 1.5859600000e+06 1.6980756107e+03 8.6118219656e-04 10 6
3.3273642994e+03 1.5859700000e+06 1.6980842994e+03 8.7656045022e-04 10 6
3.3273730651e+03 1.5859800000e+06 1.6980930651e+03 8.7656045021e-04 10 6
3.3273818307e+03 1.5859900000e+06 1.6981018307e+03 8.7656045019e-04 10 6
3.3273905963e+03 1.5860000000e+06 1.6981105963e+03 8.7656045017e-04 10 6
3.3273993619e+03 1.5860100000e+06 1.6981193619e+03 8.7656045010e-04 10 6
3.3274081275e+03 1.5860200000e+06 1.6981281275e+03 8.7656045002e-04 10 6
3.3274168931e+03 1.5860300000e+06 1.6981368931e+03 8.7656045021e-04 10 6
3.3274256587e+03 1.5860400000e+06 1.6981456587e+03 8.7656045020e-04 10 6
3.3274344243e+03 1.5860500000e+06 1.6981544243e+03 8.7656045019e-04 10 6
3.3274430305e+03 1.5860600000e+06 1.6981630305e+03 8.3671679333e-04 10 6
3.3274513977e+03 1.5860700000e+06 1.6981713977e+03 8.3671679325e-04 10 6
3.3274597841e+03 1.5860800000e+06 1.6981797841e+03 8.4633422780e-04 10 6
3.3274682474e+03 1.5860900000e+06 1.6981882474e+03 8.4633422779e-04 10 6
3.3274767108e+03 1.5861000000e+06 1.6981967108e+03 8.4633422777e-04 10 6
3.3274850649e+03 1.5861100000e+06 1.6982050649e+03 8.1903312363e-04 10 6
3.3274932552e+03 1.5861200000e+06 1.6982132552e+03 8.1903312361e-04 10 6
3.3275014456e+03 1.5861300000e+06 1.6982214456e+03 8.1903312355e-04 10 6
3.3275096332e+03 1.5861400000e+06 1.6982296332e+03 8.1812308687e-04 10 6
3.3275177515e+03 1.5861500000e+06 1.6982377515e+03 8.0238995059e-04 10 6
3.3275257754e+03 1.5861600000e+06 1.6982457754e+03 8.0238995063e-04 10 6
3.3275337993e+03 1.5861700000e+06 1.6982537993e+03 8.0238995064e-04 10 6
3.3275418232e+03 1.5861800000e+06 1.6982618232e+03 8.0238995066e-04 10 6
3.3275498471e+03 1.5861900000e+06 1.6982698471e+03 8.0238995062e-04 10 6
3.3275578756e+03 1.5862000000e+06 1.6982778756e+03 8.0471123299e-04 10 6
3.3275658732e+03 1.5862100000e+06 1.6982858732e+03 8.0572154212e-04 10 6
3.3275739304e+03 1.5862200000e+06 1.6982939304e+03 8.0572154208e-04 10 6
3.3275819876e+03 1.5862300000e+06 1.6983019876e+03 8.0572154206e-04 10 6
3.3275900449e+03 1.5862400000e+06 1.6983100449e+03 8.0572154206e-04 10 6
3.3275981021e+03 1.5862500000e+06 1.6983181021e+03 8.0572154206e-04 10 6
3.3276061856e+03 1.5862600000e+06 1.6983261856e+03 8.3198957987e-04 10 6
3.3276145055e+03 1.5862700000e+06 1.6983345055e+03 8.3198957987e-04 10 6
3.3276225225e+03 1.5862800000e+06 1.6983425225e+03 7.7849922799e-04 10 6
3.3276303075e+03 1.5862900000e+06 1.6983503075e+03 7.7849922796e-04 10 6
3.3276380925e+03 1.5863000000e+06 1.6983580925e+03 7.7849922790e-04 10 6
3.3276458775e+03 1.5863100000e+06 1.6983658775e+03 7.7849922786e-04 10 6
3.3276536625e+03 1.5863200000e+06 1.6983736625e+03 7.7849922786e-04 10 6
3.3276616834e+03 1.5863300000e+06 1.6983816834e+03 8.0471123301e-04 10 6
3.3276697305e+03 1.5863400000e+06 1.6983897305e+03 8.0471123305e-04 10 6
3.3276777776e+03 1.5863500000e+06 1.6983977776e+03 8.0471123305e-04 10 6
3.3276858247e+03 1.5863600000e+06 1.6984058247e+03 8.0471123307e-04 10 6
3.3276938718e+03 1.5863700000e+06 1.6984138718e+03 8.0471123304e-04 10 6
3.3277019189e+03 1.5863800000e+06 1.6984219189e+03 8.0471123313e-04 10 6
3.3277100733e+03 1.5863900000e+06 1.6984300733e+03 8.1812308687e-04 10 6
3.3277182546e+03 1.5864000000e+06 1.6984382546e+03 8.1812308686e-04 10 6
3.3277264358e+03 1.5864100000e+06 1.6984464358e+03 8.1812308685e-04 10 6
3.3277346170e+03 1.5864200000e+06 1.6984546170e+03 8.1812308682e-04 10 6
3.3277427983e+03 1.5864300000e+06 1.6984627983e+03 8.1812308676e-04 10 6
3.3277509795e+03 1.5864400000e+06 1.6984709795e+03 8.1812308675e-04 10 6
3.3277593864e+03 1.5864500000e+06 1.6984793864e+03 8.4633422779e-04 10 6
3.3277678497e+03 1.5864600000e+06 1.6984878497e+03 8.4633422778e-04 10 6
3.3277763131e+03 1.5864700000e+06 1.6984963131e+03 8.4633422776e-04 10 6
3.3277847764e+03 1.5864800000e+06 1.6985047764e+03 8.4633422771e-04 10 6
3.3277932398e+03 1.5864900000e+06 1.6985132398e+03 8.4633422760e-04 10 6
3.3278017031e+03 1.5865000000e+06 1.6985217031e+03 8.4633422784e-04 10 6
3.3278103333e+03 1.5865100000e+06 1.6985303333e+03 8.7950522215e-04 10 6
3.3278191283e+03 1.5865200000e+06 1.6985391283e+03 8.7950522214e-04 10 6
3.3278279234e+03 1.5865300000e+06 1.6985479234e+03 8.7950522212e-04 10 6
3.3278367184e+03 1.5865400000e+06 1.6985567184e+03 8.7950522207e-04 10 6
3.3278455135e+03 1.5865500000e+06 1.6985655135e+03 8.7950522194e-04 10 6
3.3278542967e+03 1.5865600000e+06 1.6985742967e+03 8.7656045022e-04 10 6
3.3278630623e+03 1.5865700000e+06 1.6985830623e+03 8.7656045021e-04 10 6
3.3278718280e+03 1.5865800000e+06 1.6985918280e+03 8.7656045020e-04 10 6
3.3278805936e+03 1.5865900000e+06 1.6986005936e+03 8.7656045017e-04 10 6
3.3278893592e+03 1.5866000000e+06 1.6986093592e+03 8.7656045011e-04 10 6
3.3278974873e+03 1.5866100000e+06 1.6986174873e+03 7.9687313632e-04 10 6
3.3279059062e+03 1.5866200000e+06 1.6986259062e+03 8.6118219670e-04 10 6
3.3279145180e+03 1.5866300000e+06 1.6986345180e+03 8.6118219668e-04 10 6
3.3279230314e+03 1.5866400000e+06 1.6986430314e+03 8.3657699105e-04 10 6
3.3279313972e+03 1.5866500000e+06 1.6986513972e+03 8.3657699111e-04 10 6
3.3279397629e+03 1.5866600000e+06 1.6986597629e+03 8.3657699111e-04 10 6
3.3279481287e+03 1.5866700000e+06 1.6986681287e+03 8.3657699111e-04 10 6
3.3279565823e+03 1.5866800000e+06 1.6986765823e+03 8.4633422779e-04 10 6
3.3279650456e+03 1.5866900000e+06 1.6986850456e+03 8.4633422778e-04 10 6
3.3279735090e+03 1.5867000000e+06 1.6986935090e+03 8.4633422775e-04 10 6
3.3279819723e+03 1.5867100000e+06 1.6987019723e+03 8.4633422771e-04 10 6
3.3279902403e+03 1.5867200000e+06 1.6987102403e+03 7.8123159470e-04 10 6
3.3279980527e+03 1.5867300000e+06 1.6987180527e+03 7.8123159483e-04 10 6
3.3280063726e+03 1.5867400000e+06 1.6987263726e+03 8.3198957986e-04 10 6
3.3280146924e+03 1.5867500000e+06 1.6987346924e+03 8.3198957986e-04 10 6
3.3280230123e+03 1.5867600000e+06 1.6987430123e+03 8.3198957986e-04 10 6
3.3280313322e+03 1.5867700000e+06 1.6987513322e+03 8.3198957986e-04 10 6
3.3280396521e+03 1.5867800000e+06 1.6987596521e+03 8.3198957986e-04 10 6
3.3280479720e+03 1.5867900000e+06 1.6987679720e+03 8.3198957987e-04 10 6
3.3280562919e+03 1.5868000000e+06 1.6987762919e+03 8.3198957987e-04 10 6
3.3280646118e+03 1.5868100000e+06 1.6987846118e+03 8.3198957986e-04 10 6
3.3280729317e+03 1.5868200000e+06 1.6987929317e+03 8.3198957987e-04 10 6
3.3280812516e+03 1.5868300000e+06 1.6988012516e+03 8.3198957985e-04 10 6
3.3280892075e+03 1.5868400000e+06 1.6988092075e+03 7.7999023119e-04 10 6
3.3280970455e+03 1.5868500000e+06 1.6988170455e+03 8.1812308687e-04 10 6
3.3281052268e+03 1.5868600000e+06 1.6988252268e+03 8.1812308686e-04 10 6
3.3281134080e+03 1.5868700000e+06 1.6988334080e+03 8.1812308686e-04 10 6
3.3281215892e+03 1.5868800000e+06 1.6988415892e+03 8.1812308684e-04 10 6
3.3281297705e+03 1.5868900000e+06 1.6988497705e+03 8.1812308681e-04 10 6
